StudyInstanceUID,category,report_hash,report_status,evidence,meets_criteria,audit_reasons,disposition,status_correct,evidence_correct,negation_correct,anatomy_correct,severity_correct,temporal_correct,criteria_correct,reviewer,notes
1.2.826.0.1.3680043.8.498.10058298717414171145622092128156266866,ACL,25ed1b3348605063d91c719a951c175cdc4db5cdc05a9748c326dba0145eccd0,ABSENT,"[""Χιαστοί και πλάγιοι σύνδεσµοι απεικονίζονται εντός του φυσιολογικού.""]",NO,[],KEEP,PASS,PASS,PASS,PASS,PASS,PASS,PASS,GPT-6.1 Sol independent text reviewer A,交叉韧带正常直接涵盖ACL，正常不是限定程度否定。
1.2.826.0.1.3680043.8.498.10058298717414171145622092128156266866,MCL,25ed1b3348605063d91c719a951c175cdc4db5cdc05a9748c326dba0145eccd0,ABSENT,"[""Χιαστοί και πλάγιοι σύνδεσµοι απεικονίζονται εντός του φυσιολογικού.""]",NO,[],KEEP,PASS,PASS,PASS,PASS,PASS,PASS,PASS,GPT-6.1 Sol independent text reviewer A,侧副韧带正常直接涵盖MCL，当前撕裂阴性充分。
1.2.826.0.1.3680043.8.498.10058298717414171145622092128156266866,Medial Meniscus,25ed1b3348605063d91c719a951c175cdc4db5cdc05a9748c326dba0145eccd0,ABSENT,"[""Οι µηνίσκοι δεν παρουσιάζουν παθολογικά ευρήµατα.""]",NO,[],KEEP,PASS,PASS,PASS,PASS,PASS,PASS,PASS,GPT-6.1 Sol independent text reviewer A,半月板均无病理发现，内侧正常及撕裂NO有支持。
1.2.826.0.1.3680043.8.498.10058298717414171145622092128156266866,Lateral Meniscus,25ed1b3348605063d91c719a951c175cdc4db5cdc05a9748c326dba0145eccd0,ABSENT,"[""Οι µηνίσκοι δεν παρουσιάζουν παθολογικά ευρήµατα.""]",NO,[],KEEP,PASS,PASS,PASS,PASS,PASS,PASS,PASS,GPT-6.1 Sol independent text reviewer A,半月板均无病理发现，外侧阴性独立正确。
1.2.826.0.1.3680043.8.498.10058298717414171145622092128156266866,Medial OA,25ed1b3348605063d91c719a951c175cdc4db5cdc05a9748c326dba0145eccd0,ABSENT,"[""Ο αρθρικός χόνδρος σε έσω και έξω διαµέρισµα είναι φυσιολογικός.""]",NO,[],KEEP,PASS,PASS,PASS,PASS,PASS,PASS,PASS,GPT-6.1 Sol independent text reviewer A,明确内侧关节软骨正常，未把髌骨供区病变混入内侧胫股。
1.2.826.0.1.3680043.8.498.10058298717414171145622092128156266866,Lateral OA,25ed1b3348605063d91c719a951c175cdc4db5cdc05a9748c326dba0145eccd0,ABSENT,"[""Ο αρθρικός χόνδρος σε έσω και έξω διαµέρισµα είναι φυσιολογικός.""]",NO,[],KEEP,PASS,PASS,PASS,PASS,PASS,PASS,PASS,GPT-6.1 Sol independent text reviewer A,明确外侧胫股软骨正常，证据全面支持NO。
1.2.826.0.1.3680043.8.498.10058298717414171145622092128156266866,PF OA,25ed1b3348605063d91c719a951c175cdc4db5cdc05a9748c326dba0145eccd0,PRESENT,"[""Ευµέγεθες περίπου 1,5cm, οστεοχόνδρινο ξένο σώµα παρατηρείται στο έσω κόλπωµα της αρθρικής κοιλότητας."",""Η βλάβη έχει αποσπαστεί από την έσω µοίρα της µεσότητας της επιγονατίδας η οποία έχει µορφολογία Wiberg II.""]",UNKNOWN,"[""criteria_anatomy_severity_extent_or_timing_insufficient"",""llm_review:Patellar osteochondral damage is described, but donor cartilage defect depth and extent are unspecified."",""llm_review:The 1.5 cm measurement describes the loose body, not the donor cartilage defect.""]",KEEP,PASS,PASS,PASS,PASS,PASS,PASS,PASS,GPT-6.1 Sol independent text reviewer A,髌骨骨软骨块脱离的供区描述已保留PRESENT；1.5cm只属于游离体，不作供区损失长度，UNKNOWN。
1.2.826.0.1.3680043.8.498.10058298717414171145622092128156266866,Effusion,25ed1b3348605063d91c719a951c175cdc4db5cdc05a9748c326dba0145eccd0,PRESENT,"[""Μικρό ύδραρθρο σηµειούται στην άρθρωση του γόνατος.""]",NO,"[""explicit_subthreshold_or_alternative""]",KEEP,PASS,PASS,PASS,PASS,PASS,PASS,PASS,GPT-6.1 Sol independent text reviewer A,仅小量膝关节液，PRESENT低阈值NO，未扩大中大量。
1.2.826.0.1.3680043.8.498.10058298717414171145622092128156266866,Synovitis,25ed1b3348605063d91c719a951c175cdc4db5cdc05a9748c326dba0145eccd0,NOT_MENTIONED,[],UNKNOWN,[],KEEP,PASS,PASS,PASS,PASS,PASS,PASS,PASS,GPT-6.1 Sol independent text reviewer A,未提滑膜炎，不从液体推断，未知。
1.2.826.0.1.3680043.8.498.10058298717414171145622092128156266866,Baker's,25ed1b3348605063d91c719a951c175cdc4db5cdc05a9748c326dba0145eccd0,NOT_MENTIONED,[],UNKNOWN,[],KEEP,PASS,PASS,PASS,PASS,PASS,PASS,PASS,GPT-6.1 Sol independent text reviewer A,未提后内侧囊肿，保持未知。
1.2.826.0.1.3680043.8.498.10058298717414171145622092128156266866,Contusion,25ed1b3348605063d91c719a951c175cdc4db5cdc05a9748c326dba0145eccd0,NOT_MENTIONED,[],UNKNOWN,[],KEEP,PASS,PASS,PASS,PASS,PASS,PASS,PASS,GPT-6.1 Sol independent text reviewer A,髂胫束旁小片水肿为软组织描述非骨髓；原文无骨髓异常候选，NOT_MENTIONED合理。
1.2.826.0.1.3680043.8.498.10058298717414171145622092128156266866,Fracture,25ed1b3348605063d91c719a951c175cdc4db5cdc05a9748c326dba0145eccd0,UNCERTAIN,"[""Η βλάβη έχει αποσπαστεί από την έσω µοίρα της µεσότητας της επιγονατίδας η οποία έχει µορφολογία Wiberg II."",""Ξένο σώµα οστεοχόνδρινης σύστασης στο έσω πλάγιο κόλπωµα της άρθρωσης, αποσπασθέν από την επιγονατίδα.""]",UNKNOWN,"[""llm_review:Detached patellar osteochondral fragment is a fracture candidate, but no current acute fracture line or cortical disruption is explicitly described."",""llm_review:Timing is unspecified."",""uncertain_report""]",KEEP,PASS,PASS,PASS,PASS,PASS,PASS,PASS,GPT-6.1 Sol independent text reviewer A,髌骨脱离骨软骨块支持骨折候选，但无急性时间或当前骨折线，UNCERTAIN/UNKNOWN。
1.2.826.0.1.3680043.8.498.10147180484860577398303524379319212586,ACL,11cb3bba6623f22527640f68aad4a63e38db100063015bf3b756597f82daee6c,PRESENT,"[""Anterior çapraz bağda mukoid dejenerasyona sekonder diffüz kalınlaşma ve sinyal artışı izlenmiştir.""]",NO,"[""explicit_subthreshold_or_alternative""]",KEEP,PASS,PASS,PASS,PASS,PASS,PASS,PASS,GPT-6.1 Sol independent text reviewer A,ACL黏液变性致增厚信号，PRESENT与亚阈值NO分开，未诊高级别撕裂。
1.2.826.0.1.3680043.8.498.10147180484860577398303524379319212586,MCL,11cb3bba6623f22527640f68aad4a63e38db100063015bf3b756597f82daee6c,PRESENT,"[""Medial kollateral ligamende periligamentöz ödem izlenmiştir."",""Medial kollateral ligamande grade I sprain.""]",NO,"[""explicit_subthreshold_or_alternative"",""llm_review:Injury timing is not specified."",""timing_or_trauma_review""]",KEEP,PASS,PASS,PASS,PASS,PASS,PASS,PASS,GPT-6.1 Sol independent text reviewer A,MCL旁水肿及明确一级扭伤，MILD/NO正确，急性时间未补造。
1.2.826.0.1.3680043.8.498.10147180484860577398303524379319212586,Medial Meniscus,11cb3bba6623f22527640f68aad4a63e38db100063015bf3b756597f82daee6c,PRESENT,"[""Medial menisküs diz ekleminde 3.5 mm mediale ekstrüdedir."",""Menisküste volüm kaybı, posterior horn ve gövde kesimde grade III dejenerasyon izlenmiştir."",""Medial menisküste volüm kaybı, medial ekstrüzyon ve grade III meniskopatiler.""]",UNKNOWN,"[""criteria_anatomy_severity_extent_or_timing_insufficient"",""history_or_postoperative_scope_review"",""llm_review:Grade III degeneration/meniscopathy is reported without an explicit tear diagnosis; clarify whether it denotes a definite tear.""]",KEEP,PASS,PASS,PASS,PASS,PASS,PASS,PASS,GPT-6.1 Sol independent text reviewer A,内侧III级退变、体积减少及3.5mm挤出，未给确诊撕裂，UNKNOWN不把等级等同诊断。
1.2.826.0.1.3680043.8.498.10147180484860577398303524379319212586,Lateral Meniscus,11cb3bba6623f22527640f68aad4a63e38db100063015bf3b756597f82daee6c,PRESENT,"[""Lateral menisküs anterior hornu ve gövde kesimde grade II dejenerasyon izlenmiştir.""]",NO,"[""explicit_subthreshold_or_alternative""]",KEEP,PASS,PASS,PASS,PASS,PASS,PASS,PASS,GPT-6.1 Sol independent text reviewer A,外侧前角及体II级退变，内部退变低于撕裂，PRESENT/NO。
1.2.826.0.1.3680043.8.498.10147180484860577398303524379319212586,Medial OA,11cb3bba6623f22527640f68aad4a63e38db100063015bf3b756597f82daee6c,PRESENT,"[""Tibiofemoral eklem medialde eklem aralığında daralma, ekleme komşu femur medial kondilde subkondral milimetrik kistler ve ödem izlenmiştir."",""Bu düzeyde femoral ve tibial kartilajda incelme ve destrüksiyon izlenmiştir."",""bulgular dejeneratif artrit lehine yorumlandı.""]",UNKNOWN,"[""criteria_anatomy_severity_extent_or_timing_insufficient"",""llm_review:Cartilage thinning and destruction are reported, but percentage thickness loss and cartilage lesion extent are unspecified.""]",KEEP,PASS,PASS,PASS,PASS,PASS,PASS,PASS,GPT-6.1 Sol independent text reviewer A,内侧关节间隙窄软骨变薄破坏，深度比例长度不足，UNKNOWN。
1.2.826.0.1.3680043.8.498.10147180484860577398303524379319212586,Lateral OA,11cb3bba6623f22527640f68aad4a63e38db100063015bf3b756597f82daee6c,PRESENT,"[""Diz eklemini oluşturan her üç kompartmanda santral-marjinal osteofit formasyonu izlenmiştir.""]",UNKNOWN,"[""criteria_anatomy_severity_extent_or_timing_insufficient"",""llm_review:Tricompartmental osteophytes are reported; lateral cartilage loss depth and extent are not specified.""]",KEEP,PASS,PASS,PASS,PASS,PASS,PASS,PASS,GPT-6.1 Sol independent text reviewer A,三间室骨赘涵盖外侧相关退变，但无软骨双阈值。
1.2.826.0.1.3680043.8.498.10147180484860577398303524379319212586,PF OA,11cb3bba6623f22527640f68aad4a63e38db100063015bf3b756597f82daee6c,PRESENT,"[""Diz eklemini oluşturan her üç kompartmanda santral-marjinal osteofit formasyonu izlenmiştir.""]",UNKNOWN,"[""criteria_anatomy_severity_extent_or_timing_insufficient"",""llm_review:Tricompartmental osteophytes are reported; patellofemoral cartilage loss depth and extent are not specified.""]",KEEP,PASS,PASS,PASS,PASS,PASS,PASS,PASS,GPT-6.1 Sol independent text reviewer A,三间室骨赘包括髌股，PRESENT相关改变/UNKNOWN不推软骨达标。
1.2.826.0.1.3680043.8.498.10147180484860577398303524379319212586,Effusion,11cb3bba6623f22527640f68aad4a63e38db100063015bf3b756597f82daee6c,PRESENT,"[""Suprapatellar bursa ve diz eklem mesafesinde sıvı artışı izlenmektedir.""]",UNKNOWN,"[""criteria_anatomy_severity_extent_or_timing_insufficient"",""llm_review:Fluid volume grade and joint distension are not specified.""]",KEEP,PASS,PASS,PASS,PASS,PASS,PASS,PASS,GPT-6.1 Sol independent text reviewer A,髌上及膝间隙液体增加，量级和扩张未说明，UNKNOWN。
1.2.826.0.1.3680043.8.498.10147180484860577398303524379319212586,Synovitis,11cb3bba6623f22527640f68aad4a63e38db100063015bf3b756597f82daee6c,PRESENT,"[""Suprapatellar bursit, diz ekleminde sinovit.""]",YES,[],KEEP,PASS,PASS,PASS,PASS,PASS,PASS,PASS,GPT-6.1 Sol independent text reviewer A,结论直接诊膝滑膜炎，YES有独立直接证据。
1.2.826.0.1.3680043.8.498.10147180484860577398303524379319212586,Baker's,11cb3bba6623f22527640f68aad4a63e38db100063015bf3b756597f82daee6c,NOT_MENTIONED,[],UNKNOWN,[],KEEP,PASS,PASS,PASS,PASS,PASS,PASS,PASS,GPT-6.1 Sol independent text reviewer A,未提典型后内侧囊肿，UNKNOWN。
1.2.826.0.1.3680043.8.498.10147180484860577398303524379319212586,Contusion,11cb3bba6623f22527640f68aad4a63e38db100063015bf3b756597f82daee6c,PRESENT,"[""Tibia interkondiler eminens anterior çapraz bağ yapışma düzeyinde medüller kemik iliğinde ödem ile uyumlu sinyal değişikliği izlenmiştir."",""Tibiofemoral eklem medialde eklem aralığında daralma, ekleme komşu femur medial kondilde subkondral milimetrik kistler ve ödem izlenmiştir.""]",UNKNOWN,"[""criteria_anatomy_severity_extent_or_timing_insufficient"",""llm_review:Edema is reported in the tibial intercondylar eminence and medial femoral condyle. Traumatic attribution and fracture-line assessment are absent; the degenerative interpretation does not explicitly account for all marrow findings."",""timing_or_trauma_review""]",KEEP,PASS,PASS,PASS,PASS,PASS,PASS,PASS,GPT-6.1 Sol independent text reviewer A,胫骨髁间及股骨内侧髁骨髓水肿均保留PRESENT候选；附近退变不足归因全部水肿，degenerative_only=null正确。
1.2.826.0.1.3680043.8.498.10147180484860577398303524379319212586,Fracture,11cb3bba6623f22527640f68aad4a63e38db100063015bf3b756597f82daee6c,NOT_MENTIONED,[],UNKNOWN,[],KEEP,PASS,PASS,PASS,PASS,PASS,PASS,PASS,GPT-6.1 Sol independent text reviewer A,未谈骨折线或骨折诊断，不凭骨髓水肿推断骨折。
1.2.826.0.1.3680043.8.498.10603952065748622499432940419853732241,ACL,2e0fc967fca966dd40866015156c6053967baf754a927f950019b6890ee2f5d1,ABSENT,"[""Kruisbanden en laterale banden intact.""]",NO,[],KEEP,PASS,PASS,PASS,PASS,PASS,PASS,PASS,GPT-6.1 Sol independent text reviewer A,交叉韧带完整直接支持ACL阴性。
1.2.826.0.1.3680043.8.498.10603952065748622499432940419853732241,MCL,2e0fc967fca966dd40866015156c6053967baf754a927f950019b6890ee2f5d1,NOT_MENTIONED,[],UNKNOWN,"[""llm_review:The statement about laterale banden does not explicitly assess the MCL.""]",KEEP,PASS,PASS,PASS,PASS,PASS,PASS,PASS,GPT-6.1 Sol independent text reviewer A,laterale banden未明确指内侧副韧带，保守不赋MCL阴性。
1.2.826.0.1.3680043.8.498.10603952065748622499432940419853732241,Medial Meniscus,2e0fc967fca966dd40866015156c6053967baf754a927f950019b6890ee2f5d1,ABSENT,"[""Normaal voorkomen menisci.""]",NO,[],KEEP,PASS,PASS,PASS,PASS,PASS,PASS,PASS,GPT-6.1 Sol independent text reviewer A,半月板正常外观涵盖内侧，未推异常。
1.2.826.0.1.3680043.8.498.10603952065748622499432940419853732241,Lateral Meniscus,2e0fc967fca966dd40866015156c6053967baf754a927f950019b6890ee2f5d1,ABSENT,"[""Normaal voorkomen menisci.""]",NO,[],KEEP,PASS,PASS,PASS,PASS,PASS,PASS,PASS,GPT-6.1 Sol independent text reviewer A,半月板正常外观涵盖外侧，阴性充分。
1.2.826.0.1.3680043.8.498.10603952065748622499432940419853732241,Medial OA,2e0fc967fca966dd40866015156c6053967baf754a927f950019b6890ee2f5d1,NOT_MENTIONED,[],UNKNOWN,[],KEEP,PASS,PASS,PASS,PASS,PASS,PASS,PASS,GPT-6.1 Sol independent text reviewer A,髌骨软骨病未误放到内侧胫股，原文未谈该间室。
1.2.826.0.1.3680043.8.498.10603952065748622499432940419853732241,Lateral OA,2e0fc967fca966dd40866015156c6053967baf754a927f950019b6890ee2f5d1,NOT_MENTIONED,[],UNKNOWN,[],KEEP,PASS,PASS,PASS,PASS,PASS,PASS,PASS,GPT-6.1 Sol independent text reviewer A,髌骨外侧facet属髌股，非外侧胫股软骨病，未知合理。
1.2.826.0.1.3680043.8.498.10603952065748622499432940419853732241,PF OA,2e0fc967fca966dd40866015156c6053967baf754a927f950019b6890ee2f5d1,PRESENT,"[""Meerdere diepe kraakbeen fissuren centraal op de crista patellaris en laterale facet van de patella"",""Matig femoropatellair kraakbeenlijden graad 3.""]",UNKNOWN,"[""criteria_anatomy_severity_extent_or_timing_insufficient"",""llm_review:Deep fissures and grade 3 are reported, but the grading convention and percentage depth are unspecified; cartilage lesion extent is not quantified.""]",KEEP,PASS,PASS,PASS,PASS,PASS,PASS,PASS,GPT-6.1 Sol independent text reviewer A,髌股中度三级深裂隙保留PRESENT，无明确深度比例及长度，UNKNOWN。
1.2.826.0.1.3680043.8.498.10603952065748622499432940419853732241,Effusion,2e0fc967fca966dd40866015156c6053967baf754a927f950019b6890ee2f5d1,PRESENT,"[""Matige opzetting van suprapatellaire recessus."",""Matige hydrops.""]",YES,[],KEEP,PASS,PASS,PASS,PASS,PASS,PASS,PASS,GPT-6.1 Sol independent text reviewer A,中量hydrops与髌上隐窝中度扩张均明确，YES满足量与扩张。
1.2.826.0.1.3680043.8.498.10603952065748622499432940419853732241,Synovitis,2e0fc967fca966dd40866015156c6053967baf754a927f950019b6890ee2f5d1,NOT_MENTIONED,[],UNKNOWN,[],KEEP,PASS,PASS,PASS,PASS,PASS,PASS,PASS,GPT-6.1 Sol independent text reviewer A,未描述滑膜炎或增厚，未从hydrops推断。
1.2.826.0.1.3680043.8.498.10603952065748622499432940419853732241,Baker's,2e0fc967fca966dd40866015156c6053967baf754a927f950019b6890ee2f5d1,PRESENT,"[""Volumineuze Bakerse cyste, met recente ruptuur en vochtinfiltratie langsheen de oppervlakte van de musculus gastrocnemius medialis"",""Volumineuze bakercyste, met recente ruptuur.""]",YES,[],KEEP,PASS,PASS,PASS,PASS,PASS,PASS,PASS,GPT-6.1 Sol independent text reviewer A,大体积Baker直接量级而非数字推断，近期破裂时效正确，YES。
1.2.826.0.1.3680043.8.498.10603952065748622499432940419853732241,Contusion,2e0fc967fca966dd40866015156c6053967baf754a927f950019b6890ee2f5d1,PRESENT,"[""beperkt botoedeem op de onderpool van de patella""]",UNKNOWN,"[""criteria_anatomy_severity_extent_or_timing_insufficient"",""llm_review:Patellar marrow edema accompanies cartilage fissures, but its cause and timing are not explicitly established; absence of a fracture line is not stated."",""timing_or_trauma_review""]",KEEP,PASS,PASS,PASS,PASS,PASS,PASS,PASS,GPT-6.1 Sol independent text reviewer A,髌骨下极有限骨水肿已保留PRESENT候选，伴软骨裂隙不推退变因果，UNKNOWN。
1.2.826.0.1.3680043.8.498.10603952065748622499432940419853732241,Fracture,2e0fc967fca966dd40866015156c6053967baf754a927f950019b6890ee2f5d1,NOT_MENTIONED,[],UNKNOWN,[],KEEP,PASS,PASS,PASS,PASS,PASS,PASS,PASS,GPT-6.1 Sol independent text reviewer A,未描述骨折，Baker rupture不等于骨折，未知。
1.2.826.0.1.3680043.8.498.11282706861378379965012380644125662529,ACL,9b84079cdb32c3038678a3b76fe0ec88bf4b77fbfe1ce319a56234cd3c725926,UNCERTAIN,"[""There is thickening hyperintense strands in the proximal to distal ACL."",""Probably intrasubstance partial tear ACL""]",UNKNOWN,"[""llm_review:Probable partial tear; tear grade and timing are unspecified."",""uncertain_report""]",KEEP,PASS,PASS,PASS,PASS,PASS,PASS,PASS,GPT-6.1 Sol independent text reviewer A,可能ACL实质内部分撕裂，grade未给，UNCERTAIN/UNKNOWN正确。
1.2.826.0.1.3680043.8.498.11282706861378379965012380644125662529,MCL,9b84079cdb32c3038678a3b76fe0ec88bf4b77fbfe1ce319a56234cd3c725926,ABSENT,"[""MCL is intact.""]",NO,[],KEEP,PASS,PASS,PASS,PASS,PASS,PASS,PASS,GPT-6.1 Sol independent text reviewer A,MCL完整，全面阴性直接支持。
1.2.826.0.1.3680043.8.498.11282706861378379965012380644125662529,Medial Meniscus,9b84079cdb32c3038678a3b76fe0ec88bf4b77fbfe1ce319a56234cd3c725926,UNCERTAIN,"[""Hyperintense along posterior meniscocapsular region is noted."",""Probably posterior meniscocapsular injury of the medial meniscus""]",UNKNOWN,"[""history_or_postoperative_scope_review"",""llm_review:Probable meniscocapsular injury without a definite meniscal tear diagnosis; timing unspecified."",""uncertain_report""]",KEEP,PASS,PASS,PASS,PASS,PASS,PASS,PASS,GPT-6.1 Sol independent text reviewer A,可能内侧后方半月板囊连接损伤，未误变确定撕裂。
1.2.826.0.1.3680043.8.498.11282706861378379965012380644125662529,Lateral Meniscus,9b84079cdb32c3038678a3b76fe0ec88bf4b77fbfe1ce319a56234cd3c725926,ABSENT,"[""Lateral meniscus is not torn.""]",NO,[],KEEP,PASS,PASS,PASS,PASS,PASS,PASS,PASS,GPT-6.1 Sol independent text reviewer A,外侧半月板明确未撕裂，阴性充分。
1.2.826.0.1.3680043.8.498.11282706861378379965012380644125662529,Medial OA,9b84079cdb32c3038678a3b76fe0ec88bf4b77fbfe1ce319a56234cd3c725926,NOT_MENTIONED,[],UNKNOWN,[],KEEP,PASS,PASS,PASS,PASS,PASS,PASS,PASS,GPT-6.1 Sol independent text reviewer A,未描述内侧胫股软骨，未把无骨软骨病灶推成软骨损失全面阴性。
1.2.826.0.1.3680043.8.498.11282706861378379965012380644125662529,Lateral OA,9b84079cdb32c3038678a3b76fe0ec88bf4b77fbfe1ce319a56234cd3c725926,NOT_MENTIONED,[],UNKNOWN,[],KEEP,PASS,PASS,PASS,PASS,PASS,PASS,PASS,GPT-6.1 Sol independent text reviewer A,未描述外侧胫股软骨，无骨软骨病变不代替该间室全面厚度评估。
1.2.826.0.1.3680043.8.498.11282706861378379965012380644125662529,PF OA,9b84079cdb32c3038678a3b76fe0ec88bf4b77fbfe1ce319a56234cd3c725926,ABSENT,"[""The PF joint and joint surface are preserved.""]",NO,[],KEEP,PASS,PASS,PASS,PASS,PASS,PASS,PASS,GPT-6.1 Sol independent text reviewer A,髌股关节及表面保持正常，直接支持NO。
1.2.826.0.1.3680043.8.498.11282706861378379965012380644125662529,Effusion,9b84079cdb32c3038678a3b76fe0ec88bf4b77fbfe1ce319a56234cd3c725926,PRESENT,"[""Minimal joint effusion is seen.""]",NO,"[""explicit_subthreshold_or_alternative""]",KEEP,PASS,PASS,PASS,PASS,PASS,PASS,PASS,GPT-6.1 Sol independent text reviewer A,极少量关节液，MILD低于标准，PRESENT/NO。
1.2.826.0.1.3680043.8.498.11282706861378379965012380644125662529,Synovitis,9b84079cdb32c3038678a3b76fe0ec88bf4b77fbfe1ce319a56234cd3c725926,NOT_MENTIONED,[],UNKNOWN,[],KEEP,PASS,PASS,PASS,PASS,PASS,PASS,PASS,GPT-6.1 Sol independent text reviewer A,未直接谈滑膜炎，未知。
1.2.826.0.1.3680043.8.498.11282706861378379965012380644125662529,Baker's,9b84079cdb32c3038678a3b76fe0ec88bf4b77fbfe1ce319a56234cd3c725926,NOT_MENTIONED,[],UNKNOWN,[],KEEP,PASS,PASS,PASS,PASS,PASS,PASS,PASS,GPT-6.1 Sol independent text reviewer A,未谈后内侧腘窝囊肿，未知。
1.2.826.0.1.3680043.8.498.11282706861378379965012380644125662529,Contusion,9b84079cdb32c3038678a3b76fe0ec88bf4b77fbfe1ce319a56234cd3c725926,PRESENT,"[""Mild focal bone contusion at posterior lateral proximal tibia and mid lateral femoral condyle is noted.""]",UNKNOWN,"[""criteria_anatomy_severity_extent_or_timing_insufficient"",""history_or_postoperative_scope_review"",""llm_mapper_disagreement"",""llm_review:Explicit bone contusion diagnosis; fracture-line negative is qualified as no definite line, and timing is unspecified."",""timing_or_trauma_review""]",KEEP,PASS,PASS,PASS,PASS,PASS,PASS,PASS,GPT-6.1 Sol independent text reviewer A,明确局灶轻度骨挫伤支持创伤候选；no definite fracture line被保守当未确证排除，最终UNKNOWN正确。0.9仅低权重模型提案，未补造fracture_line=false或硬YES。
1.2.826.0.1.3680043.8.498.11282706861378379965012380644125662529,Fracture,9b84079cdb32c3038678a3b76fe0ec88bf4b77fbfe1ce319a56234cd3c725926,ABSENT,"[""no definite fracture line noted.""]",UNKNOWN,"[""llm_review:Qualified negative: no definite fracture line does not establish complete fracture absence."",""negative_scope_insufficient""]",KEEP,PASS,PASS,PASS,PASS,PASS,PASS,PASS,GPT-6.1 Sol independent text reviewer A,no definite骨折线是否定有确定性限定，absence=null及程度UNSPECIFIED，UNKNOWN保守。
1.2.826.0.1.3680043.8.498.11440217845998767853986099058965644463,ACL,1e86d4b01c6376b7af3e6b10d2156080d496e8026da1da1e18dd48e628bd53f2,ABSENT,"[""Prednji križni ligament se prati u kontinuitetu, bez znakova rupture, održane napetosti.""]",NO,[],KEEP,PASS,PASS,PASS,PASS,PASS,PASS,PASS,GPT-6.1 Sol independent text reviewer A,ACL连续张力保持且无撕裂征，全面阴性充分。
1.2.826.0.1.3680043.8.498.11440217845998767853986099058965644463,MCL,1e86d4b01c6376b7af3e6b10d2156080d496e8026da1da1e18dd48e628bd53f2,PRESENT,"[""Medijalni kolateralni ligament je smanjene napetosti i izmjenjenog intenziteta signala pri\nfemoralnom hvatištu u smislu parcijalne rupture uz vidjiv formirani manji kalcifikat.""]",UNKNOWN,"[""criteria_anatomy_severity_extent_or_timing_insufficient"",""llm_review:Partial tear reported without high-grade designation or acute timing; accompanying calcification does not establish injury age."",""timing_or_trauma_review""]",KEEP,PASS,PASS,PASS,PASS,PASS,PASS,PASS,GPT-6.1 Sol independent text reviewer A,MCL股骨附着部分撕裂伴小钙化，等级及急性未明，不凭钙化推旧或凭水肿推急。
1.2.826.0.1.3680043.8.498.11440217845998767853986099058965644463,Medial Meniscus,1e86d4b01c6376b7af3e6b10d2156080d496e8026da1da1e18dd48e628bd53f2,PRESENT,"[""Kompleksna ruptura medijalnog mensika na prijelazu prednjeg roga u korupus, seže do obje\nartikulacijske povrišne uz vidljiv veći radijalni defekt meniska."",""Ekstruzija meniska van zglobne\npovršine za do 3mm.""]",YES,[],KEEP,PASS,PASS,PASS,PASS,PASS,PASS,PASS,GPT-6.1 Sol independent text reviewer A,内侧前角体交界复杂裂达双面并大径向缺损，确定YES。
1.2.826.0.1.3680043.8.498.11440217845998767853986099058965644463,Lateral Meniscus,1e86d4b01c6376b7af3e6b10d2156080d496e8026da1da1e18dd48e628bd53f2,PRESENT,"[""Kompleksna ruptura prijelaza korupusa u stražnji rog lateralnog meniska koja seže u obje\nartikualcijske površine."",""Degenerativne promjene meniska.""]",YES,[],KEEP,PASS,PASS,PASS,PASS,PASS,PASS,PASS,GPT-6.1 Sol independent text reviewer A,外侧体后角交界复杂裂达双面，退变合并不抹确定撕裂。
1.2.826.0.1.3680043.8.498.11440217845998767853986099058965644463,Medial OA,1e86d4b01c6376b7af3e6b10d2156080d496e8026da1da1e18dd48e628bd53f2,PRESENT,"[""Obostrano hondromalacija IV. femoralnih kondila\nuz manje zone priležećeg koštanog edema."",""Obostrano OA promjene FT te početne OA promjene FP zgloba.""]",UNKNOWN,"[""criteria_anatomy_severity_extent_or_timing_insufficient"",""llm_review:Grade IV chondromalacia of both femoral condyles is reported, but the grading convention and cartilage-defect extent are not specified."",""llm_review:The 7 x5mm measurement concerns an intercondylar subchondral cyst, not a medial cartilage-defect extent.""]",KEEP,PASS,PASS,PASS,PASS,PASS,PASS,PASS,GPT-6.1 Sol independent text reviewer A,双股骨髁IV级软化支持重度描述，但厚度比例及长度未可靠量化，最终UNKNOWN，7x5mm非内侧供区长度。
1.2.826.0.1.3680043.8.498.11440217845998767853986099058965644463,Lateral OA,1e86d4b01c6376b7af3e6b10d2156080d496e8026da1da1e18dd48e628bd53f2,PRESENT,"[""Hondromalacija III° lateralnog tibijalnog platoa."",""Obostrano hondromalacija IV. femoralnih kondila\nuz manje zone priležećeg koštanog edema."",""Obostrano OA promjene FT te početne OA promjene FP zgloba.""]",UNKNOWN,"[""criteria_anatomy_severity_extent_or_timing_insufficient"",""llm_review:Grade III/IV chondromalacia is reported, but the grading convention and cartilage-defect extent are not specified.""]",KEEP,PASS,PASS,PASS,PASS,PASS,PASS,PASS,GPT-6.1 Sol independent text reviewer A,外侧胫骨平台III级及股骨髁IV级高等级病变，严重程度有等级支持但双阈值仍UNKNOWN。
1.2.826.0.1.3680043.8.498.11440217845998767853986099058965644463,PF OA,1e86d4b01c6376b7af3e6b10d2156080d496e8026da1da1e18dd48e628bd53f2,PRESENT,"[""Stanjenje patelarne i trohlearne hrskavice uz vidljivu hondromalaciju II° trohlearne hrskavice."",""početne OA promjene FP zgloba.""]",UNKNOWN,"[""criteria_anatomy_severity_extent_or_timing_insufficient"",""llm_review:Intercondylar grade IV cartilage damage is not explicitly localized to the patellofemoral compartment."",""llm_review:Patellar cartilage thinning has no quantified depth or extent; trochlear grade II does not quantify all patellofemoral cartilage loss.""]",KEEP,PASS,PASS,PASS,PASS,PASS,PASS,PASS,GPT-6.1 Sol independent text reviewer A,髌滑车变薄II级且早期髌股OA，深度及长度未说明，未将髁间IV级强定位髌股。
1.2.826.0.1.3680043.8.498.11440217845998767853986099058965644463,Effusion,1e86d4b01c6376b7af3e6b10d2156080d496e8026da1da1e18dd48e628bd53f2,PRESENT,"[""Umjereni Izljev u koljenu.""]",UNKNOWN,"[""criteria_anatomy_severity_extent_or_timing_insufficient"",""llm_review:Moderate intra-articular effusion is stated; joint distension is not explicitly described.""]",KEEP,PASS,PASS,PASS,PASS,PASS,PASS,PASS,GPT-6.1 Sol independent text reviewer A,中量膝积液明确无扩张文字，UNKNOWN。
1.2.826.0.1.3680043.8.498.11440217845998767853986099058965644463,Synovitis,1e86d4b01c6376b7af3e6b10d2156080d496e8026da1da1e18dd48e628bd53f2,PRESENT,"[""Sinovitis medijalnog kompartmenta FT zgloba.""]",YES,[],KEEP,PASS,PASS,PASS,PASS,PASS,PASS,PASS,GPT-6.1 Sol independent text reviewer A,内侧FT滑膜炎直接诊断，YES。
1.2.826.0.1.3680043.8.498.11440217845998767853986099058965644463,Baker's,1e86d4b01c6376b7af3e6b10d2156080d496e8026da1da1e18dd48e628bd53f2,PRESENT,"[""Kolabirana poplitealna cista veličine 21x9mm.""]",UNKNOWN,"[""criteria_anatomy_severity_extent_or_timing_insufficient"",""llm_review:Collapsed popliteal cyst has numerical dimensions but no moderate/large designation or stated size-grade convention.""]",KEEP,PASS,PASS,PASS,PASS,PASS,PASS,PASS,GPT-6.1 Sol independent text reviewer A,塌陷腘窝囊肿21x9mm无给定量级规则，UNSPECIFIED/UNKNOWN正确。
1.2.826.0.1.3680043.8.498.11440217845998767853986099058965644463,Contusion,1e86d4b01c6376b7af3e6b10d2156080d496e8026da1da1e18dd48e628bd53f2,PRESENT,"[""Vide se mrljaste hiperintenzivne zone na PD u metafizi femura u smislu crvene rekonverzije\nkoštane srži."",""Obostrano hondromalacija IV. femoralnih kondila\nuz manje zone priležećeg koštanog edema."",""Koštani edem medijalnog tibijalnog platoa s medijalne strane.""]",UNKNOWN,"[""criteria_anatomy_severity_extent_or_timing_insufficient"",""llm_review:Adjacent chondromalacia does not establish the cause of all marrow edema, including medial tibial plateau edema."",""llm_review:Marrow reconversion and edema are reported; trauma and fracture-line exclusion are not established."",""timing_or_trauma_review""]",KEEP,PASS,PASS,PASS,PASS,PASS,PASS,PASS,GPT-6.1 Sol independent text reviewer A,股骨红骨髓再转化、双髁水肿及胫骨内侧平台水肿均记录候选，未凭旁侧软化推全部退变因果。
1.2.826.0.1.3680043.8.498.11440217845998767853986099058965644463,Fracture,1e86d4b01c6376b7af3e6b10d2156080d496e8026da1da1e18dd48e628bd53f2,NOT_MENTIONED,[],UNKNOWN,[],KEEP,PASS,PASS,PASS,PASS,PASS,PASS,PASS,GPT-6.1 Sol independent text reviewer A,骨软骨病变未等于明确骨折；没有骨折描述，未知。
1.2.826.0.1.3680043.8.498.11574480940878399452466699512074769686,ACL,e4c4ab91517fb9ba26f4a57afad055a4d465081cf789e17777cd59e15a665c97,PRESENT,"[""Vidi se kompletna ruptura prednjeg križnog ligamenta pri femoralnom hvatištu uz vidljivu\ngraničnu prednju tibijalnu translaciju (7.3mm).""]",YES,"[""llm_review:Tear timing is not specified.""]",KEEP,PASS,PASS,PASS,PASS,PASS,PASS,PASS,GPT-6.1 Sol independent text reviewer A,ACL股骨附着完全断裂，YES有直接诊断，不凭7.3mm前移补高级别。
1.2.826.0.1.3680043.8.498.11574480940878399452466699512074769686,MCL,e4c4ab91517fb9ba26f4a57afad055a4d465081cf789e17777cd59e15a665c97,NOT_MENTIONED,[],UNKNOWN,[],KEEP,PASS,PASS,PASS,PASS,PASS,PASS,PASS,GPT-6.1 Sol independent text reviewer A,MCL仅作半月板囊连接参照未评估其病变，未知合理。
1.2.826.0.1.3680043.8.498.11574480940878399452466699512074769686,Medial Meniscus,e4c4ab91517fb9ba26f4a57afad055a4d465081cf789e17777cd59e15a665c97,PRESENT,"[""Kompleksna \""parrot beak\"" ruptura trupa medijanog meniska sa širenjem u stražnji rog te manjim\nflapom interkondilarno."",""Tanka hiperintenzivna linija između trupa medijalnog meniska i medijalnog\nkolateralnog ligamenta, vjerojatno u sklopu meniskokapsularne separacije.""]",YES,"[""llm_review:Associated meniscocapsular separation is probable, not definite.""]",KEEP,PASS,PASS,PASS,PASS,PASS,PASS,PASS,GPT-6.1 Sol independent text reviewer A,内侧鹦鹉嘴复杂撕裂带后角瓣明确；可能囊分离不削弱已确诊撕裂。
1.2.826.0.1.3680043.8.498.11574480940878399452466699512074769686,Lateral Meniscus,e4c4ab91517fb9ba26f4a57afad055a4d465081cf789e17777cd59e15a665c97,PRESENT,"[""Longitudinalna ruptura prednjeg roga i anteriornog dijela trupa lateralnog meniska koja se širi u\nobje zglobne površine.""]",YES,[],KEEP,PASS,PASS,PASS,PASS,PASS,PASS,PASS,GPT-6.1 Sol independent text reviewer A,外侧前角和体前段纵裂达双面，直接YES。
1.2.826.0.1.3680043.8.498.11574480940878399452466699512074769686,Medial OA,e4c4ab91517fb9ba26f4a57afad055a4d465081cf789e17777cd59e15a665c97,ABSENT,"[""Zglobne hrskavice su primjerenog intenziteta signala, primjerene debljine.""]",NO,[],KEEP,PASS,PASS,PASS,PASS,PASS,PASS,PASS,GPT-6.1 Sol independent text reviewer A,关节软骨全称信号及厚度正常无局部限定，可涵盖内侧阴性，没有捏造阳性定位。
1.2.826.0.1.3680043.8.498.11574480940878399452466699512074769686,Lateral OA,e4c4ab91517fb9ba26f4a57afad055a4d465081cf789e17777cd59e15a665c97,ABSENT,"[""Zglobne hrskavice su primjerenog intenziteta signala, primjerene debljine.""]",NO,[],KEEP,PASS,PASS,PASS,PASS,PASS,PASS,PASS,GPT-6.1 Sol independent text reviewer A,软骨全称正常厚度信号涵盖外侧，不仅否定全层缺损，NO合理。
1.2.826.0.1.3680043.8.498.11574480940878399452466699512074769686,PF OA,e4c4ab91517fb9ba26f4a57afad055a4d465081cf789e17777cd59e15a665c97,ABSENT,"[""Zglobne hrskavice su primjerenog intenziteta signala, primjerene debljine.""]",NO,[],KEEP,PASS,PASS,PASS,PASS,PASS,PASS,PASS,GPT-6.1 Sol independent text reviewer A,软骨全称正常涵盖髌股厚度，虽未单列但完整阴性无错配。
1.2.826.0.1.3680043.8.498.11574480940878399452466699512074769686,Effusion,e4c4ab91517fb9ba26f4a57afad055a4d465081cf789e17777cd59e15a665c97,PRESENT,"[""Izljev u suprapatelarnom recessusu s lateralne strane.""]",UNKNOWN,"[""criteria_anatomy_severity_extent_or_timing_insufficient"",""llm_review:Effusion size and joint distension are not specified.""]",KEEP,PASS,PASS,PASS,PASS,PASS,PASS,PASS,GPT-6.1 Sol independent text reviewer A,髌上外侧隐窝积液未量级扩张，UNKNOWN。
1.2.826.0.1.3680043.8.498.11574480940878399452466699512074769686,Synovitis,e4c4ab91517fb9ba26f4a57afad055a4d465081cf789e17777cd59e15a665c97,NOT_MENTIONED,[],UNKNOWN,[],KEEP,PASS,PASS,PASS,PASS,PASS,PASS,PASS,GPT-6.1 Sol independent text reviewer A,未谈滑膜炎，未从隐窝积液推断。
1.2.826.0.1.3680043.8.498.11574480940878399452466699512074769686,Baker's,e4c4ab91517fb9ba26f4a57afad055a4d465081cf789e17777cd59e15a665c97,NOT_MENTIONED,[],UNKNOWN,[],KEEP,PASS,PASS,PASS,PASS,PASS,PASS,PASS,GPT-6.1 Sol independent text reviewer A,未谈Baker囊肿，未知。
1.2.826.0.1.3680043.8.498.11574480940878399452466699512074769686,Contusion,e4c4ab91517fb9ba26f4a57afad055a4d465081cf789e17777cd59e15a665c97,PRESENT,"[""Koštani edem posteriornog aspekta medijalnog femoralnog kondila te manji koštani edem\nposteromedijalnog apsekta lateralnog tibijalnog platoa.""]",UNKNOWN,"[""criteria_anatomy_severity_extent_or_timing_insufficient"",""history_or_postoperative_scope_review"",""llm_review:Marrow edema is explicit, but traumatic cause and timing are not stated."",""llm_review:No explicit assessment of a fracture line at either edema site."",""timing_or_trauma_review""]",KEEP,PASS,PASS,PASS,PASS,PASS,PASS,PASS,GPT-6.1 Sol independent text reviewer A,内侧股骨髁和外侧胫骨平台水肿保留PRESENT候选，无创伤原因或局部排骨折线，UNKNOWN。
1.2.826.0.1.3680043.8.498.11574480940878399452466699512074769686,Fracture,e4c4ab91517fb9ba26f4a57afad055a4d465081cf789e17777cd59e15a665c97,NOT_MENTIONED,[],UNKNOWN,[],KEEP,PASS,PASS,PASS,PASS,PASS,PASS,PASS,GPT-6.1 Sol independent text reviewer A,未报告骨折，不由骨髓水肿推断。
1.2.826.0.1.3680043.8.498.11905397531490569218559534495408776672,ACL,25538a9d8ad25d21d8d012249688c4fe30f5c8aa8071859430f6b1390ef1b826,ABSENT,"[""Kreuzbänder intakt.""]",NO,[],KEEP,PASS,PASS,PASS,PASS,PASS,PASS,PASS,GPT-6.1 Sol independent text reviewer A,交叉韧带完整明确覆盖ACL，保留阴性。
1.2.826.0.1.3680043.8.498.11905397531490569218559534495408776672,MCL,25538a9d8ad25d21d8d012249688c4fe30f5c8aa8071859430f6b1390ef1b826,ABSENT,"[""Kollateralbänder intakt.""]",NO,[],KEEP,PASS,PASS,PASS,PASS,PASS,PASS,PASS,GPT-6.1 Sol independent text reviewer A,侧副韧带完整明确覆盖MCL，保留阴性。
1.2.826.0.1.3680043.8.498.11905397531490569218559534495408776672,Medial Meniscus,25538a9d8ad25d21d8d012249688c4fe30f5c8aa8071859430f6b1390ef1b826,ABSENT,"[""Menisci intakt.""]",NO,[],KEEP,PASS,PASS,PASS,PASS,PASS,PASS,PASS,GPT-6.1 Sol independent text reviewer A,半月板完整的总体描述覆盖内侧，无撕裂。
1.2.826.0.1.3680043.8.498.11905397531490569218559534495408776672,Lateral Meniscus,25538a9d8ad25d21d8d012249688c4fe30f5c8aa8071859430f6b1390ef1b826,ABSENT,"[""Menisci intakt.""]",NO,[],KEEP,PASS,PASS,PASS,PASS,PASS,PASS,PASS,GPT-6.1 Sol independent text reviewer A,半月板完整的总体描述覆盖外侧，无撕裂。
1.2.826.0.1.3680043.8.498.11905397531490569218559534495408776672,Medial OA,25538a9d8ad25d21d8d012249688c4fe30f5c8aa8071859430f6b1390ef1b826,ABSENT,"[""Keine höhergradige Chondropathie, keine osteochondrales Fragment.""]",UNKNOWN,"[""llm_review:Global qualified cartilage negative; no compartment-specific assessment or defined depth threshold. It does not establish complete absence of qualifying cartilage loss."",""negative_scope_insufficient""]",KEEP,PASS,PASS,PASS,PASS,PASS,PASS,PASS,GPT-6.1 Sol independent text reviewer A,仅否定较高级软骨病，未提供内侧损失深度范围；保留未知，未扩成全面阴性。
1.2.826.0.1.3680043.8.498.11905397531490569218559534495408776672,Lateral OA,25538a9d8ad25d21d8d012249688c4fe30f5c8aa8071859430f6b1390ef1b826,ABSENT,"[""Keine höhergradige Chondropathie, keine osteochondrales Fragment.""]",UNKNOWN,"[""llm_review:Global qualified cartilage negative; no compartment-specific assessment or defined depth threshold. It does not establish complete absence of qualifying cartilage loss."",""negative_scope_insufficient""]",KEEP,PASS,PASS,PASS,PASS,PASS,PASS,PASS,GPT-6.1 Sol independent text reviewer A,仅否定较高级软骨病，未给外侧损失深度范围；absence为空与未知符合限定语。
1.2.826.0.1.3680043.8.498.11905397531490569218559534495408776672,PF OA,25538a9d8ad25d21d8d012249688c4fe30f5c8aa8071859430f6b1390ef1b826,ABSENT,"[""Keine höhergradige Chondropathie, keine osteochondrales Fragment.""]",UNKNOWN,"[""llm_review:Global qualified cartilage negative; no compartment-specific assessment or defined depth threshold. It does not establish complete absence of qualifying cartilage loss."",""negative_scope_insufficient""]",KEEP,PASS,PASS,PASS,PASS,PASS,PASS,PASS,GPT-6.1 Sol independent text reviewer A,泛称无较高级软骨病不足排除本方案髌股阈值，程度未置NONE，标准保留未知。
1.2.826.0.1.3680043.8.498.11905397531490569218559534495408776672,Effusion,25538a9d8ad25d21d8d012249688c4fe30f5c8aa8071859430f6b1390ef1b826,ABSENT,"[""Kein Gelenkerguss.""]",NO,[],KEEP,PASS,PASS,PASS,PASS,PASS,PASS,PASS,GPT-6.1 Sol independent text reviewer A,明确无关节积液，可保留阴性。
1.2.826.0.1.3680043.8.498.11905397531490569218559534495408776672,Synovitis,25538a9d8ad25d21d8d012249688c4fe30f5c8aa8071859430f6b1390ef1b826,NOT_MENTIONED,[],UNKNOWN,[],KEEP,PASS,PASS,PASS,PASS,PASS,PASS,PASS,GPT-6.1 Sol independent text reviewer A,未描述滑膜增厚或炎症，保留未提及与未知。
1.2.826.0.1.3680043.8.498.11905397531490569218559534495408776672,Baker's,25538a9d8ad25d21d8d012249688c4fe30f5c8aa8071859430f6b1390ef1b826,NOT_MENTIONED,[],UNKNOWN,[],KEEP,PASS,PASS,PASS,PASS,PASS,PASS,PASS,GPT-6.1 Sol independent text reviewer A,未描述腘窝囊肿，保留未提及与未知。
1.2.826.0.1.3680043.8.498.11905397531490569218559534495408776672,Contusion,25538a9d8ad25d21d8d012249688c4fe30f5c8aa8071859430f6b1390ef1b826,PRESENT,"[""2 Skleroseinseln im Schienbein (4/19+16).""]",UNKNOWN,"[""criteria_anatomy_severity_extent_or_timing_insufficient"",""llm_review:Tibial sclerotic islands are described, not traumatic marrow edema. No explicit marrow-edema assessment or cause is provided."",""timing_or_trauma_review""]",KEEP,PASS,PASS,PASS,PASS,PASS,PASS,PASS,GPT-6.1 Sol independent text reviewer A,胫骨两处骨岛作为骨内异常候选保留；未推断创伤水肿或退变因果，最终标准未知。
1.2.826.0.1.3680043.8.498.11905397531490569218559534495408776672,Fracture,25538a9d8ad25d21d8d012249688c4fe30f5c8aa8071859430f6b1390ef1b826,ABSENT,"[""Kein frischer Frakturnachweis.""]",NO,[],KEEP,PASS,PASS,PASS,PASS,PASS,PASS,PASS,GPT-6.1 Sol independent text reviewer A,明确无新鲜骨折，适用于急性骨折阴性；未将骨岛当骨折。
1.2.826.0.1.3680043.8.498.12015406188790105426257083591807220760,ACL,a8bc92dcde1c6372904fa714e84413ce68cf6f83635eca077f4061f0fd97a579,ABSENT,"[""Ön çapraz bağ ve arka çapraz bağ, lateral ve medial kollateral ligaman normaldir.""]",NO,[],KEEP,PASS,PASS,PASS,PASS,PASS,PASS,PASS,GPT-6.1 Sol independent text reviewer A,前交叉韧带明确正常，阴性有直接支持。
1.2.826.0.1.3680043.8.498.12015406188790105426257083591807220760,MCL,a8bc92dcde1c6372904fa714e84413ce68cf6f83635eca077f4061f0fd97a579,ABSENT,"[""Ön çapraz bağ ve arka çapraz bağ, lateral ve medial kollateral ligaman normaldir.""]",NO,[],KEEP,PASS,PASS,PASS,PASS,PASS,PASS,PASS,GPT-6.1 Sol independent text reviewer A,内侧副韧带明确正常，未推断存在急性损伤。
1.2.826.0.1.3680043.8.498.12015406188790105426257083591807220760,Medial Meniscus,a8bc92dcde1c6372904fa714e84413ce68cf6f83635eca077f4061f0fd97a579,PRESENT,"[""Medial menisküste grade II dejenerasyon izlendi.""]",NO,"[""explicit_subthreshold_or_alternative""]",KEEP,PASS,PASS,PASS,PASS,PASS,PASS,PASS,GPT-6.1 Sol independent text reviewer A,内侧II级内部退变保留PRESENT，未升成明确撕裂，标准NO。
1.2.826.0.1.3680043.8.498.12015406188790105426257083591807220760,Lateral Meniscus,a8bc92dcde1c6372904fa714e84413ce68cf6f83635eca077f4061f0fd97a579,PRESENT,"[""Lateral menisküste grade I dejenerasyon izlendi.""]",NO,"[""explicit_subthreshold_or_alternative""]",KEEP,PASS,PASS,PASS,PASS,PASS,PASS,PASS,GPT-6.1 Sol independent text reviewer A,外侧I级内部退变保留PRESENT，仅内部退变不满足撕裂标准。
1.2.826.0.1.3680043.8.498.12015406188790105426257083591807220760,Medial OA,a8bc92dcde1c6372904fa714e84413ce68cf6f83635eca077f4061f0fd97a579,NOT_MENTIONED,[],UNKNOWN,[],KEEP,PASS,PASS,PASS,PASS,PASS,PASS,PASS,GPT-6.1 Sol independent text reviewer A,未描述内侧胫股软骨损失，保留未知；半月板退变未替代OA。
1.2.826.0.1.3680043.8.498.12015406188790105426257083591807220760,Lateral OA,a8bc92dcde1c6372904fa714e84413ce68cf6f83635eca077f4061f0fd97a579,NOT_MENTIONED,[],UNKNOWN,[],KEEP,PASS,PASS,PASS,PASS,PASS,PASS,PASS,GPT-6.1 Sol independent text reviewer A,未描述外侧胫股软骨损失，保留未提及。
1.2.826.0.1.3680043.8.498.12015406188790105426257083591807220760,PF OA,a8bc92dcde1c6372904fa714e84413ce68cf6f83635eca077f4061f0fd97a579,PRESENT,"[""Patellofemoral eklem medial faset düzeyinde patellar düzeyde kıkırdakta bütünlük kaybı ve komşu kemikte subkondral kemik iliği ödemi izlenmektedir.""]",UNKNOWN,"[""criteria_anatomy_severity_extent_or_timing_insufficient"",""llm_review:Cartilage damage is localized, but thickness loss and defect extent are unspecified.""]",KEEP,PASS,PASS,PASS,PASS,PASS,PASS,PASS,GPT-6.1 Sol independent text reviewer A,髌股内侧面软骨完整性丧失已保留，未给深度与长度，标准未知。
1.2.826.0.1.3680043.8.498.12015406188790105426257083591807220760,Effusion,a8bc92dcde1c6372904fa714e84413ce68cf6f83635eca077f4061f0fd97a579,PRESENT,"[""Suprapatellar bursada sıvı artışı izlenmektedir.""]",UNKNOWN,"[""criteria_anatomy_severity_extent_or_timing_insufficient"",""llm_review:Fluid severity and joint distension are unspecified.""]",KEEP,PASS,PASS,PASS,PASS,PASS,PASS,PASS,GPT-6.1 Sol independent text reviewer A,髌上囊液体增多已记录，未给中大量或关节扩张，标准未知。
1.2.826.0.1.3680043.8.498.12015406188790105426257083591807220760,Synovitis,a8bc92dcde1c6372904fa714e84413ce68cf6f83635eca077f4061f0fd97a579,NOT_MENTIONED,[],UNKNOWN,[],KEEP,PASS,PASS,PASS,PASS,PASS,PASS,PASS,GPT-6.1 Sol independent text reviewer A,液体增多不等于滑膜炎，原文无直接滑膜描述。
1.2.826.0.1.3680043.8.498.12015406188790105426257083591807220760,Baker's,a8bc92dcde1c6372904fa714e84413ce68cf6f83635eca077f4061f0fd97a579,PRESENT,"[""Popliteal fossada 40x14 mm boyutlarında Baker kisti izlendi.""]",UNKNOWN,"[""criteria_anatomy_severity_extent_or_timing_insufficient"",""llm_review:Dimensions alone do not establish moderate or large severity without a size-grade convention.""]",KEEP,PASS,PASS,PASS,PASS,PASS,PASS,PASS,GPT-6.1 Sol independent text reviewer A,40×14毫米Baker囊肿存在且位置合理，数字未换算中大量，标准未知。
1.2.826.0.1.3680043.8.498.12015406188790105426257083591807220760,Contusion,a8bc92dcde1c6372904fa714e84413ce68cf6f83635eca077f4061f0fd97a579,PRESENT,"[""Patellofemoral eklem medial faset düzeyinde patellar düzeyde kıkırdakta bütünlük kaybı ve komşu kemikte subkondral kemik iliği ödemi izlenmektedir."",""Diz eklemini oluşturan kemik yapıların sinyal intensiteleri doğaldır.""]",UNKNOWN,"[""llm_review:Edema cause, timing and fracture-line status are unspecified; adjacent cartilage damage does not establish causation."",""llm_review:Explicit subchondral marrow edema conflicts with the general statement of normal bone signal."",""timing_or_trauma_review"",""unresolved_contradiction""]",MASK,PASS,PASS,PASS,PASS,PASS,PASS,PASS,GPT-6.1 Sol independent text reviewer A,髌股邻近骨髓水肿与总体骨信号正常并存，矛盾已忠实保留；邻近软骨损害不自动判退变因果，critical合同排除。
1.2.826.0.1.3680043.8.498.12015406188790105426257083591807220760,Fracture,a8bc92dcde1c6372904fa714e84413ce68cf6f83635eca077f4061f0fd97a579,NOT_MENTIONED,[],UNKNOWN,[],KEEP,PASS,PASS,PASS,PASS,PASS,PASS,PASS,GPT-6.1 Sol independent text reviewer A,原文无骨折评估，未将骨髓水肿自动诊断为骨折。
1.2.826.0.1.3680043.8.498.12257484608743859456600273083454447341,ACL,d7743f3a099e7486d317c3691e4209eafd4040ffe50592c0db9477f9253a47b6,ABSENT,"[""the anterior and posterior cruciate ligaments are intact.""]",NO,"[""history_or_postoperative_scope_review""]",KEEP,PASS,PASS,PASS,PASS,PASS,PASS,PASS,GPT-6.1 Sol independent text reviewer A,前交叉韧带完整，阴性明确。
1.2.826.0.1.3680043.8.498.12257484608743859456600273083454447341,MCL,d7743f3a099e7486d317c3691e4209eafd4040ffe50592c0db9477f9253a47b6,PRESENT,"[""There is grade II ligamentous sprain (partial tear) of the medial collateral ligament, at mid substance (deep and superficial fibers).""]",UNKNOWN,"[""criteria_anatomy_severity_extent_or_timing_insufficient"",""llm_review:Grade II partial tear does not establish high-grade tearing; acute timing is unspecified."",""timing_or_trauma_review""]",KEEP,PASS,PASS,PASS,PASS,PASS,PASS,PASS,GPT-6.1 Sol independent text reviewer A,MCL II级部分撕裂已记录，未自动视为高级或急性，标准未知。
1.2.826.0.1.3680043.8.498.12257484608743859456600273083454447341,Medial Meniscus,d7743f3a099e7486d317c3691e4209eafd4040ffe50592c0db9477f9253a47b6,ABSENT,"[""In the medial compartment, the meniscus is not torn""]",NO,[],KEEP,PASS,PASS,PASS,PASS,PASS,PASS,PASS,GPT-6.1 Sol independent text reviewer A,内侧半月板明确无撕裂，保留阴性。
1.2.826.0.1.3680043.8.498.12257484608743859456600273083454447341,Lateral Meniscus,d7743f3a099e7486d317c3691e4209eafd4040ffe50592c0db9477f9253a47b6,UNCERTAIN,"[""there is suspected small radial free edge tear at the body of the lateral meniscus.""]",UNKNOWN,"[""llm_review:Tear is suspected rather than definite."",""uncertain_report""]",KEEP,PASS,PASS,PASS,PASS,PASS,PASS,PASS,GPT-6.1 Sol independent text reviewer A,外侧体部疑似小径向撕裂保留UNCERTAIN，未升为确定撕裂。
1.2.826.0.1.3680043.8.498.12257484608743859456600273083454447341,Medial OA,d7743f3a099e7486d317c3691e4209eafd4040ffe50592c0db9477f9253a47b6,ABSENT,"[""In the medial compartment, the meniscus is not torn and there is no focal chondrosis or chondral injury.""]",UNKNOWN,"[""llm_review:Negative statement is limited to focal chondrosis or chondral injury; diffuse cartilage loss is not explicitly excluded."",""negative_scope_insufficient""]",KEEP,PASS,PASS,PASS,PASS,PASS,PASS,PASS,GPT-6.1 Sol independent text reviewer A,仅无局灶软骨病或损伤，模型保留absence未知，未扩为所有软骨损失阴性。
1.2.826.0.1.3680043.8.498.12257484608743859456600273083454447341,Lateral OA,d7743f3a099e7486d317c3691e4209eafd4040ffe50592c0db9477f9253a47b6,PRESENT,"[""There is focal osteochondral fracture at mid weight-baring lateral femoral condyle (about intact6* intact7 cm).""]",UNKNOWN,"[""criteria_anatomy_severity_extent_or_timing_insufficient"",""llm_review:Dimension text is malformed and describes the osteochondral fracture, not an established cartilage defect extent."",""llm_review:Localized osteochondral injury is reported, but cartilage loss depth and donor cartilage defect extent are unspecified.""]",KEEP,PASS,PASS,PASS,PASS,PASS,PASS,PASS,GPT-6.1 Sol independent text reviewer A,外侧股骨髁负重区骨软骨骨折已作为软骨相关病变记录；乱码尺寸不修复，不换算OA深度或长度。
1.2.826.0.1.3680043.8.498.12257484608743859456600273083454447341,PF OA,d7743f3a099e7486d317c3691e4209eafd4040ffe50592c0db9477f9253a47b6,ABSENT,"[""The patellofemoral joint, the patellar and trochlear cartilage appears congruent without chondral lesion.""]",NO,[],KEEP,PASS,PASS,PASS,PASS,PASS,PASS,PASS,GPT-6.1 Sol independent text reviewer A,髌骨及滑车软骨无病变，覆盖髌股部位，明确阴性。
1.2.826.0.1.3680043.8.498.12257484608743859456600273083454447341,Effusion,d7743f3a099e7486d317c3691e4209eafd4040ffe50592c0db9477f9253a47b6,PRESENT,"[""Some amount of right knee effusion with synovitis is present.""]",UNKNOWN,"[""criteria_anatomy_severity_extent_or_timing_insufficient"",""llm_review:Effusion amount is not graded; joint distension is not described.""]",KEEP,PASS,PASS,PASS,PASS,PASS,PASS,PASS,GPT-6.1 Sol independent text reviewer A,some amount仅说明存在积液，未换算中大量或关节扩张。
1.2.826.0.1.3680043.8.498.12257484608743859456600273083454447341,Synovitis,d7743f3a099e7486d317c3691e4209eafd4040ffe50592c0db9477f9253a47b6,PRESENT,"[""Some amount of right knee effusion with synovitis is present.""]",YES,[],KEEP,PASS,PASS,PASS,PASS,PASS,PASS,PASS,GPT-6.1 Sol independent text reviewer A,原文直接诊断synovitis，支持滑膜炎阳性。
1.2.826.0.1.3680043.8.498.12257484608743859456600273083454447341,Baker's,d7743f3a099e7486d317c3691e4209eafd4040ffe50592c0db9477f9253a47b6,NOT_MENTIONED,[],UNKNOWN,[],KEEP,PASS,PASS,PASS,PASS,PASS,PASS,PASS,GPT-6.1 Sol independent text reviewer A,未谈Baker囊肿，保留未提及。
1.2.826.0.1.3680043.8.498.12257484608743859456600273083454447341,Contusion,d7743f3a099e7486d317c3691e4209eafd4040ffe50592c0db9477f9253a47b6,NOT_MENTIONED,[],UNKNOWN,[],KEEP,PASS,PASS,PASS,PASS,PASS,PASS,PASS,GPT-6.1 Sol independent text reviewer A,原文未描述骨髓水肿或骨挫伤；骨软骨骨折本身不自动补成骨挫伤。
1.2.826.0.1.3680043.8.498.12257484608743859456600273083454447341,Fracture,d7743f3a099e7486d317c3691e4209eafd4040ffe50592c0db9477f9253a47b6,PRESENT,"[""There is focal osteochondral fracture at mid weight-baring lateral femoral condyle (about intact6* intact7 cm).""]",UNKNOWN,"[""criteria_anatomy_severity_extent_or_timing_insufficient"",""llm_review:Fracture is diagnosed, but acute timing and a fracture line or cortical disruption are not explicitly described."",""llm_review:Reported dimensions are malformed."",""timing_or_trauma_review""]",KEEP,PASS,PASS,PASS,PASS,PASS,PASS,PASS,GPT-6.1 Sol independent text reviewer A,骨软骨骨折明确存在，急性时效及线状征象未说明，标准未知与原文一致。
1.2.826.0.1.3680043.8.498.12331841096593105748526634055968654914,ACL,42ced12e453c3835d8e2e376e17a1e46834e102b3043e584f3a0a35a8921e3bc,PRESENT,"[""Rotura completa del LCA con contusiones óseas en cóndilo femoral lateral y platillo tibial lateral,\nsugerentes de evento de inestabilidad reciente.""]",YES,[],KEEP,PASS,PASS,PASS,PASS,PASS,PASS,PASS,GPT-6.1 Sol independent text reviewer A,ACL完全断裂和近期不稳定事件明确，满足高级撕裂。
1.2.826.0.1.3680043.8.498.12331841096593105748526634055968654914,MCL,42ced12e453c3835d8e2e376e17a1e46834e102b3043e584f3a0a35a8921e3bc,PRESENT,"[""Engrosamiento con leve alteración de señal\ndel componente superficial del ligamento colateral medial."",""Esguince grado I del componente superficial del LCM.""]",NO,"[""explicit_subthreshold_or_alternative"",""llm_review:MCL injury timing is not explicitly stated."",""timing_or_trauma_review""]",KEEP,PASS,PASS,PASS,PASS,PASS,PASS,PASS,GPT-6.1 Sol independent text reviewer A,MCL I级扭伤已保留，属低级损伤，不因ACL急性自动补其时效。
1.2.826.0.1.3680043.8.498.12331841096593105748526634055968654914,Medial Meniscus,42ced12e453c3835d8e2e376e17a1e46834e102b3043e584f3a0a35a8921e3bc,PRESENT,"[""Menisco medial de morfología conservada con alteración de señal del cuerno posterior que no\ncumple criterios de rotura."",""Edema la interfase meniscocapsular del cuerno posterior del menisco medial, pudiera traducir\nlesión a este nivel.""]",UNKNOWN,"[""criteria_anatomy_severity_extent_or_timing_insufficient"",""history_or_postoperative_scope_review"",""llm_review:Intrasubstance signal does not meet tear criteria, but a separate meniscocapsular injury is suspected."",""negation_scope_review""]",KEEP,PASS,PASS,PASS,PASS,PASS,PASS,PASS,GPT-6.1 Sol independent text reviewer A,内侧信号异常及疑似半月板囊交界损伤均记录；内部信号未达撕裂标准不能覆盖交界疑似损伤，最终未知。
1.2.826.0.1.3680043.8.498.12331841096593105748526634055968654914,Lateral Meniscus,42ced12e453c3835d8e2e376e17a1e46834e102b3043e584f3a0a35a8921e3bc,PRESENT,"[""Rotura vertical periférica del cuerno posterior del menisco lateral en sitio de inserción del\nligamento menisco femoral posterior (de Wrisberg).""]",YES,"[""history_or_postoperative_scope_review""]",KEEP,PASS,PASS,PASS,PASS,PASS,PASS,PASS,GPT-6.1 Sol independent text reviewer A,外侧后角周边纵向撕裂直接诊断，满足标准。
1.2.826.0.1.3680043.8.498.12331841096593105748526634055968654914,Medial OA,42ced12e453c3835d8e2e376e17a1e46834e102b3043e584f3a0a35a8921e3bc,UNCERTAIN,"[""Alteración de señal e irregularidad superficial del cartílago femorotibial, sin defectos condrales\nprofundos."",""Condropatía femorotibial superficial.""]",UNKNOWN,"[""anatomy_missing_or_wrong"",""llm_review:Generic tibiofemoral chondropathy cannot be assigned to the medial compartment; quantitative depth and extent are not stated."",""uncertain_report""]",MASK,PASS,PASS,PASS,PASS,PASS,PASS,PASS,GPT-6.1 Sol independent text reviewer A,仅泛称胫股浅表软骨病，未明确内侧；保守解剖UNKNOWN忠实，critical合同排除，不计语义错。
1.2.826.0.1.3680043.8.498.12331841096593105748526634055968654914,Lateral OA,42ced12e453c3835d8e2e376e17a1e46834e102b3043e584f3a0a35a8921e3bc,UNCERTAIN,"[""Alteración de señal e irregularidad superficial del cartílago femorotibial, sin defectos condrales\nprofundos."",""Condropatía femorotibial superficial.""]",UNKNOWN,"[""anatomy_missing_or_wrong"",""llm_review:Generic tibiofemoral chondropathy cannot be assigned to the lateral compartment; quantitative depth and extent are not stated."",""uncertain_report""]",MASK,PASS,PASS,PASS,PASS,PASS,PASS,PASS,GPT-6.1 Sol independent text reviewer A,泛称胫股浅表软骨病不能分配外侧，保守UNKNOWN正确，critical合同排除。
1.2.826.0.1.3680043.8.498.12331841096593105748526634055968654914,PF OA,42ced12e453c3835d8e2e376e17a1e46834e102b3043e584f3a0a35a8921e3bc,PRESENT,"[""Cartílago rotuliano con alteración de señal e irregularidad superficial en faceta lateral y medial."",""Úlcera condral de espesor subtotal con componente delaminativo, sin cambios óseos reactivos en\nvertiente medial, región central y vertiente lateral de la tróclea, se extiende 13 mm medio lateral y\n10 mm craneocaudal.""]",YES,"[""llm_review:The grade 2-3 convention is unspecified; qualifying depth is supported by the separate subtotal-thickness description."",""negation_scope_review""]",KEEP,PASS,PASS,PASS,PASS,PASS,PASS,PASS,GPT-6.1 Sol independent text reviewer A,滑车subtotal厚度损失独立支持超过50%，13×10毫米明确达到范围；未单靠未定义2-3级判深度。
1.2.826.0.1.3680043.8.498.12331841096593105748526634055968654914,Effusion,42ced12e453c3835d8e2e376e17a1e46834e102b3043e584f3a0a35a8921e3bc,PRESENT,"[""Acentuado derrame articular.""]",UNKNOWN,"[""criteria_anatomy_severity_extent_or_timing_insufficient"",""llm_mapper_disagreement"",""llm_review:Marked effusion is reported; joint distension is not explicitly described.""]",KEEP,PASS,PASS,PASS,PASS,PASS,PASS,PASS,GPT-6.1 Sol independent text reviewer A,明确显著积液支持高级程度，但未述扩张，最终UNKNOWN正确；0.9仅为低权重未校准假设，提案不等于硬标准。
1.2.826.0.1.3680043.8.498.12331841096593105748526634055968654914,Synovitis,42ced12e453c3835d8e2e376e17a1e46834e102b3043e584f3a0a35a8921e3bc,NOT_MENTIONED,[],UNKNOWN,[],KEEP,PASS,PASS,PASS,PASS,PASS,PASS,PASS,GPT-6.1 Sol independent text reviewer A,未直接描述滑膜，积液不自动推断滑膜炎。
1.2.826.0.1.3680043.8.498.12331841096593105748526634055968654914,Baker's,42ced12e453c3835d8e2e376e17a1e46834e102b3043e584f3a0a35a8921e3bc,ABSENT,"[""No se observa quiste de Baker.""]",NO,[],KEEP,PASS,PASS,PASS,PASS,PASS,PASS,PASS,GPT-6.1 Sol independent text reviewer A,明确未见Baker囊肿，阴性有直接支持。
1.2.826.0.1.3680043.8.498.12331841096593105748526634055968654914,Contusion,42ced12e453c3835d8e2e376e17a1e46834e102b3043e584f3a0a35a8921e3bc,PRESENT,"[""Focos de edema óseo post contusionales en tercio medio de carga del cóndilo femoral lateral y\naspecto posterior del platillo tibial lateral."",""Rotura completa del LCA con contusiones óseas en cóndilo femoral lateral y platillo tibial lateral,\nsugerentes de evento de inestabilidad reciente.""]",UNKNOWN,"[""criteria_anatomy_severity_extent_or_timing_insufficient"",""history_or_postoperative_scope_review"",""llm_mapper_disagreement"",""llm_review:Fracture-line exclusion is not explicitly stated. The negative diffuse marrow assessment does not negate the focal contusions.""]",KEEP,PASS,PASS,PASS,PASS,PASS,PASS,PASS,GPT-6.1 Sol independent text reviewer A,两处明确创伤后骨挫伤并近期事件，支持创伤事实；无弥漫骨髓异常未覆盖局灶，骨折线仍未知，软提案不作硬标准。
1.2.826.0.1.3680043.8.498.12331841096593105748526634055968654914,Fracture,42ced12e453c3835d8e2e376e17a1e46834e102b3043e584f3a0a35a8921e3bc,NOT_MENTIONED,[],UNKNOWN,[],KEEP,PASS,PASS,PASS,PASS,PASS,PASS,PASS,GPT-6.1 Sol independent text reviewer A,未明确骨折评估，未因创伤或骨挫伤自动填阴性。
1.2.826.0.1.3680043.8.498.12525752631743097782762806859112218620,ACL,a0575c3a509f40a16ed88508d7713c0883caed1d5100a380b229c76ed3d216b0,ABSENT,"[""The contour of ACL & PCL appear to be within normal, no abnormal signal intensity is noted.""]",NO,[],KEEP,PASS,PASS,PASS,PASS,PASS,PASS,PASS,GPT-6.1 Sol independent text reviewer A,ACL轮廓和信号正常，完整阴性评估支持NO。
1.2.826.0.1.3680043.8.498.12525752631743097782762806859112218620,MCL,a0575c3a509f40a16ed88508d7713c0883caed1d5100a380b229c76ed3d216b0,ABSENT,"[""Both medial & lateral collateral ligaments appear to be within normal.""]",NO,[],KEEP,PASS,PASS,PASS,PASS,PASS,PASS,PASS,GPT-6.1 Sol independent text reviewer A,两侧副韧带正常明确覆盖MCL，保留NO。
1.2.826.0.1.3680043.8.498.12525752631743097782762806859112218620,Medial Meniscus,a0575c3a509f40a16ed88508d7713c0883caed1d5100a380b229c76ed3d216b0,PRESENT,"[""Linear signal intensity in posterior horn of medial meniscus, without significant extending into the surface, in favor of  grade 2 intrasubstance signal of posterior horn of medial meniscus, maybe due to degeneration."",""R/O grade 2 intrasubstance signal of posterior horn of medial meniscus, maybe due to contusion or degeneration.""]",UNKNOWN,"[""criteria_anatomy_severity_extent_or_timing_insufficient"",""history_or_postoperative_scope_review"",""llm_mapper_disagreement"",""llm_review:Degeneration versus meniscal contusion is uncertain."",""llm_review:Reported grade 2 intrasubstance signal is subthreshold; no definite tear diagnosis."",""llm_review:The qualified surface-extension statement does not establish complete absence of a tear."",""negation_scope_review""]",KEEP,PASS,PASS,PASS,PASS,PASS,PASS,PASS,GPT-6.1 Sol independent text reviewer A,内侧后角II级内部信号存在，退变或半月板挫伤不确定；限定表面延伸未扩为全面阴性，最终UNKNOWN；低软分数可作未校准假设。
1.2.826.0.1.3680043.8.498.12525752631743097782762806859112218620,Lateral Meniscus,a0575c3a509f40a16ed88508d7713c0883caed1d5100a380b229c76ed3d216b0,ABSENT,"[""Lateral meniscus appears to be normal.""]",NO,[],KEEP,PASS,PASS,PASS,PASS,PASS,PASS,PASS,GPT-6.1 Sol independent text reviewer A,外侧半月板正常，明确阴性。
1.2.826.0.1.3680043.8.498.12525752631743097782762806859112218620,Medial OA,a0575c3a509f40a16ed88508d7713c0883caed1d5100a380b229c76ed3d216b0,NOT_MENTIONED,[],UNKNOWN,[],KEEP,PASS,PASS,PASS,PASS,PASS,PASS,PASS,GPT-6.1 Sol independent text reviewer A,未描述内侧间室软骨，保留未提及与未知。
1.2.826.0.1.3680043.8.498.12525752631743097782762806859112218620,Lateral OA,a0575c3a509f40a16ed88508d7713c0883caed1d5100a380b229c76ed3d216b0,NOT_MENTIONED,[],UNKNOWN,[],KEEP,PASS,PASS,PASS,PASS,PASS,PASS,PASS,GPT-6.1 Sol independent text reviewer A,未描述外侧间室软骨，未从半月板信号代推OA。
1.2.826.0.1.3680043.8.498.12525752631743097782762806859112218620,PF OA,a0575c3a509f40a16ed88508d7713c0883caed1d5100a380b229c76ed3d216b0,NOT_MENTIONED,[],UNKNOWN,[],KEEP,PASS,PASS,PASS,PASS,PASS,PASS,PASS,GPT-6.1 Sol independent text reviewer A,髌骨及滑车骨性轮廓偏小未描述软骨损失，未自动作为髌股OA。
1.2.826.0.1.3680043.8.498.12525752631743097782762806859112218620,Effusion,a0575c3a509f40a16ed88508d7713c0883caed1d5100a380b229c76ed3d216b0,NOT_MENTIONED,[],UNKNOWN,[],KEEP,PASS,PASS,PASS,PASS,PASS,PASS,PASS,GPT-6.1 Sol independent text reviewer A,未谈关节积液，保留未知。
1.2.826.0.1.3680043.8.498.12525752631743097782762806859112218620,Synovitis,a0575c3a509f40a16ed88508d7713c0883caed1d5100a380b229c76ed3d216b0,NOT_MENTIONED,[],UNKNOWN,[],KEEP,PASS,PASS,PASS,PASS,PASS,PASS,PASS,GPT-6.1 Sol independent text reviewer A,未谈滑膜炎症，保留未提及。
1.2.826.0.1.3680043.8.498.12525752631743097782762806859112218620,Baker's,a0575c3a509f40a16ed88508d7713c0883caed1d5100a380b229c76ed3d216b0,NOT_MENTIONED,[],UNKNOWN,[],KEEP,PASS,PASS,PASS,PASS,PASS,PASS,PASS,GPT-6.1 Sol independent text reviewer A,未谈腘窝囊肿，保留未提及。
1.2.826.0.1.3680043.8.498.12525752631743097782762806859112218620,Contusion,a0575c3a509f40a16ed88508d7713c0883caed1d5100a380b229c76ed3d216b0,ABSENT,"[""No significant bone marrow edema of distal femur and patella.""]",UNKNOWN,"[""llm_review:Qualified negative excludes only significant edema in the distal femur and patella, not mild contusion or abnormalities elsewhere."",""negative_scope_insufficient""]",KEEP,PASS,PASS,PASS,PASS,PASS,PASS,PASS,GPT-6.1 Sol independent text reviewer A,仅远端股骨及髌骨无显著水肿，不能排除轻度或其他部位；absence为空、程度未填NONE，标准未知正确。
1.2.826.0.1.3680043.8.498.12525752631743097782762806859112218620,Fracture,a0575c3a509f40a16ed88508d7713c0883caed1d5100a380b229c76ed3d216b0,NOT_MENTIONED,[],UNKNOWN,[],KEEP,PASS,PASS,PASS,PASS,PASS,PASS,PASS,GPT-6.1 Sol independent text reviewer A,复位后髌骨脱位史及轮廓异常不等于骨折诊断，未提及骨折标准。
1.2.826.0.1.3680043.8.498.12568337973304376222940287737691898395,ACL,05636226bf4634775fc77f364ed2b878a59be82aecb68f25bfc801c3f2ea831f,ABSENT,"[""uredna morfologija i intenziteti signala kolateralnih\nligamenata, prednjeg i stražnjeg križnog ligamenta""]",NO,[],KEEP,PASS,PASS,PASS,PASS,PASS,PASS,PASS,GPT-6.1 Sol independent text reviewer A,ACL形态及信号正常；附着处退变小囊性骨改变不等于韧带撕裂。
1.2.826.0.1.3680043.8.498.12568337973304376222940287737691898395,MCL,05636226bf4634775fc77f364ed2b878a59be82aecb68f25bfc801c3f2ea831f,ABSENT,"[""uredna morfologija i intenziteti signala kolateralnih\nligamenata""]",NO,[],KEEP,PASS,PASS,PASS,PASS,PASS,PASS,PASS,GPT-6.1 Sol independent text reviewer A,侧副韧带形态信号正常，覆盖MCL阴性。
1.2.826.0.1.3680043.8.498.12568337973304376222940287737691898395,Medial Meniscus,05636226bf4634775fc77f364ed2b878a59be82aecb68f25bfc801c3f2ea831f,ABSENT,"[""Medijalni i lateralni menisk uredne su morfologije i intenziteta signala.""]",NO,[],KEEP,PASS,PASS,PASS,PASS,PASS,PASS,PASS,GPT-6.1 Sol independent text reviewer A,内侧半月板形态及信号正常，保留阴性。
1.2.826.0.1.3680043.8.498.12568337973304376222940287737691898395,Lateral Meniscus,05636226bf4634775fc77f364ed2b878a59be82aecb68f25bfc801c3f2ea831f,ABSENT,"[""Medijalni i lateralni menisk uredne su morfologije i intenziteta signala.""]",NO,[],KEEP,PASS,PASS,PASS,PASS,PASS,PASS,PASS,GPT-6.1 Sol independent text reviewer A,外侧半月板形态及信号正常，保留阴性。
1.2.826.0.1.3680043.8.498.12568337973304376222940287737691898395,Medial OA,05636226bf4634775fc77f364ed2b878a59be82aecb68f25bfc801c3f2ea831f,PRESENT,"[""Blago je reducirana debljina artikulacijske hrskavice medijalnog i lateralnog kompartmenta\nfemorotibijalnog zgloba uz hondromalaciju II. stupnja.""]",NO,"[""explicit_subthreshold_or_alternative"",""llm_review:Cartilage extent is not reported.""]",KEEP,PASS,PASS,PASS,PASS,PASS,PASS,PASS,GPT-6.1 Sol independent text reviewer A,内侧明确轻度软骨变薄，低级病变支持未达比赛阈值；未仅凭II级填量化程度。
1.2.826.0.1.3680043.8.498.12568337973304376222940287737691898395,Lateral OA,05636226bf4634775fc77f364ed2b878a59be82aecb68f25bfc801c3f2ea831f,PRESENT,"[""Blago je reducirana debljina artikulacijske hrskavice medijalnog i lateralnog kompartmenta\nfemorotibijalnog zgloba uz hondromalaciju II. stupnja.""]",NO,"[""explicit_subthreshold_or_alternative"",""llm_review:Cartilage extent is not reported.""]",KEEP,PASS,PASS,PASS,PASS,PASS,PASS,PASS,GPT-6.1 Sol independent text reviewer A,外侧明确轻度软骨变薄，低级病变支持NO，范围未虚构。
1.2.826.0.1.3680043.8.498.12568337973304376222940287737691898395,PF OA,05636226bf4634775fc77f364ed2b878a59be82aecb68f25bfc801c3f2ea831f,NOT_MENTIONED,[],UNKNOWN,[],KEEP,PASS,PASS,PASS,PASS,PASS,PASS,PASS,GPT-6.1 Sol independent text reviewer A,髌骨半脱位及滑车发育不良不等于已描述软骨损失，髌股OA保持未提及。
1.2.826.0.1.3680043.8.498.12568337973304376222940287737691898395,Effusion,05636226bf4634775fc77f364ed2b878a59be82aecb68f25bfc801c3f2ea831f,NOT_MENTIONED,[],UNKNOWN,[],KEEP,PASS,PASS,PASS,PASS,PASS,PASS,PASS,GPT-6.1 Sol independent text reviewer A,未描述积液，保留未知。
1.2.826.0.1.3680043.8.498.12568337973304376222940287737691898395,Synovitis,05636226bf4634775fc77f364ed2b878a59be82aecb68f25bfc801c3f2ea831f,NOT_MENTIONED,[],UNKNOWN,[],KEEP,PASS,PASS,PASS,PASS,PASS,PASS,PASS,GPT-6.1 Sol independent text reviewer A,髌前皮下水肿不是滑膜炎，未擅自推断。
1.2.826.0.1.3680043.8.498.12568337973304376222940287737691898395,Baker's,05636226bf4634775fc77f364ed2b878a59be82aecb68f25bfc801c3f2ea831f,ABSENT,"[""Ne nalazi se poplitealne (Bakerove) ciste.""]",NO,[],KEEP,PASS,PASS,PASS,PASS,PASS,PASS,PASS,GPT-6.1 Sol independent text reviewer A,明确未见腘窝Baker囊肿，阴性成立。
1.2.826.0.1.3680043.8.498.12568337973304376222940287737691898395,Contusion,05636226bf4634775fc77f364ed2b878a59be82aecb68f25bfc801c3f2ea831f,PRESENT,"[""Sitne cistične degenerativne promjene na tibijalnom hvatištu prednjeg križnog ligamenta.""]",NO,"[""explicit_subthreshold_or_alternative"",""llm_review:Degenerative cystic bone changes are described, not traumatic marrow edema."",""timing_or_trauma_review""]",KEEP,PASS,PASS,PASS,PASS,PASS,PASS,PASS,GPT-6.1 Sol independent text reviewer A,ACL胫骨附着处小囊性变化直接标为退变，候选已记录且因果有原文支持；未当作创伤水肿。
1.2.826.0.1.3680043.8.498.12568337973304376222940287737691898395,Fracture,05636226bf4634775fc77f364ed2b878a59be82aecb68f25bfc801c3f2ea831f,ABSENT,"[""Ostale prikazane koštane, mekotkivne i neurovaskularne strukture uredne su morfologije i\nintenziteta signala.""]",UNKNOWN,"[""llm_review:Normal morphology applies to remaining structures; no explicit comprehensive fracture exclusion is stated."",""negative_scope_insufficient""]",KEEP,PASS,PASS,PASS,PASS,PASS,PASS,PASS,GPT-6.1 Sol independent text reviewer A,仅其他骨结构形态信号正常，未作全面骨折排除；absence未知与标准UNKNOWN合理。
1.2.826.0.1.3680043.8.498.12957252711278416684461267069498115130,ACL,3af3a1cc168b15113aba7c7ecb26d4f068e0baaf61d6e21e0f7ecaee904c155f,ABSENT,"[""Vorderes und hinteres Kreuzband intakt.""]",NO,[],KEEP,PASS,PASS,PASS,PASS,PASS,PASS,PASS,GPT-6.1 Sol independent text reviewer A,前交叉韧带完整，支持阴性。
1.2.826.0.1.3680043.8.498.12957252711278416684461267069498115130,MCL,3af3a1cc168b15113aba7c7ecb26d4f068e0baaf61d6e21e0f7ecaee904c155f,PRESENT,"[""Kollateralbänder intakt, geringer Reizzustand des MCL.""]",NO,"[""explicit_subthreshold_or_alternative"",""llm_review:Mild irritation with intact collateral ligaments; injury timing is unspecified."",""timing_or_trauma_review""]",KEEP,PASS,PASS,PASS,PASS,PASS,PASS,PASS,GPT-6.1 Sol independent text reviewer A,MCL轻度刺激但侧副韧带完整，保留低级候选NO，未补急性时效。
1.2.826.0.1.3680043.8.498.12957252711278416684461267069498115130,Medial Meniscus,3af3a1cc168b15113aba7c7ecb26d4f068e0baaf61d6e21e0f7ecaee904c155f,PRESENT,"[""Der Innenmeniskus ab Pars intermedia bis ins Hinterhorn deutlich signalalteriert und aufgetrieben mit schräger Risskomponente (z. B. 5/9) und kleiner meniscealer Zyste (4/19).""]",YES,[],KEEP,PASS,PASS,PASS,PASS,PASS,PASS,PASS,GPT-6.1 Sol independent text reviewer A,内侧半月板中部至后角明确斜裂成分，支持撕裂阳性；半月板囊肿未混入Baker。
1.2.826.0.1.3680043.8.498.12957252711278416684461267069498115130,Lateral Meniscus,3af3a1cc168b15113aba7c7ecb26d4f068e0baaf61d6e21e0f7ecaee904c155f,ABSENT,"[""Der Außenmeniskus ist intakt.""]",NO,[],KEEP,PASS,PASS,PASS,PASS,PASS,PASS,PASS,GPT-6.1 Sol independent text reviewer A,外侧半月板完整，明确阴性。
1.2.826.0.1.3680043.8.498.12957252711278416684461267069498115130,Medial OA,3af3a1cc168b15113aba7c7ecb26d4f068e0baaf61d6e21e0f7ecaee904c155f,PRESENT,"[""Medialseitig teils fokal tief greifende Chondropathie (z. B. 6/10 oder 4/23) in der Hauptbelastungszone der Femurkondyle."",""Ansonsten vorwiegend oberflächliche Chondropathie."",""Diskrete osteophytäre Anbauten (1005/73).""]",UNKNOWN,"[""criteria_anatomy_severity_extent_or_timing_insufficient"",""llm_review:Deep focal chondropathy is reported, but precise cartilage-loss depth and lesion dimensions are unspecified.""]",KEEP,PASS,PASS,PASS,PASS,PASS,PASS,PASS,GPT-6.1 Sol independent text reviewer A,内侧负重股骨髁局灶深层软骨病已记录，未给量化深度或范围，标准未知。
1.2.826.0.1.3680043.8.498.12957252711278416684461267069498115130,Lateral OA,3af3a1cc168b15113aba7c7ecb26d4f068e0baaf61d6e21e0f7ecaee904c155f,ABSENT,"[""Femorotibial lateralseitig erhaltener Knorpelbelag ohne tief greifende Chondropathie jedoch mit auffallender chondraler Calcinosis (z. B. 4/25).""]",NO,"[""llm_review:Isolated chondral calcification does not establish OA or cartilage loss.""]",KEEP,PASS,PASS,PASS,PASS,PASS,PASS,PASS,GPT-6.1 Sol independent text reviewer A,外侧软骨覆盖保持且无深层软骨病，支持损失阴性；单独软骨钙化不自动等同OA。
1.2.826.0.1.3680043.8.498.12957252711278416684461267069498115130,PF OA,3af3a1cc168b15113aba7c7ecb26d4f068e0baaf61d6e21e0f7ecaee904c155f,PRESENT,"[""Mehrere oberflächliche, teils bis zur Hälfte der Knorpelschicht erreichenden chondralen Läsionen (siehe z. B. 7/9)."",""Chondrale Calcinosis femoropatellar, führend retropatellar (z. B. 3/46 und 3/57)."",""Ansonsten erhaltene Knorpelbelag.""]",NO,"[""explicit_subthreshold_or_alternative"",""llm_review:Reported cartilage lesions reach at most half the cartilage thickness; dimensions are unspecified.""]",KEEP,PASS,PASS,PASS,PASS,PASS,PASS,PASS,GPT-6.1 Sol independent text reviewer A,髌股多处浅表病灶最深达半层而未超过50%，支持低级NO；钙化不额外放大深度。
1.2.826.0.1.3680043.8.498.12957252711278416684461267069498115130,Effusion,3af3a1cc168b15113aba7c7ecb26d4f068e0baaf61d6e21e0f7ecaee904c155f,PRESENT,"[""Geringer Gelenkerguss.""]",NO,"[""explicit_subthreshold_or_alternative""]",KEEP,PASS,PASS,PASS,PASS,PASS,PASS,PASS,GPT-6.1 Sol independent text reviewer A,明确少量关节积液，未扩大为中大量。
1.2.826.0.1.3680043.8.498.12957252711278416684461267069498115130,Synovitis,3af3a1cc168b15113aba7c7ecb26d4f068e0baaf61d6e21e0f7ecaee904c155f,ABSENT,"[""Synovialis nicht verdickt.""]",UNKNOWN,"[""llm_review:The negative statement excludes synovial thickening only, not all forms of synovial inflammation."",""negative_scope_insufficient""]",KEEP,PASS,PASS,PASS,PASS,PASS,PASS,PASS,GPT-6.1 Sol independent text reviewer A,仅滑膜不增厚，不代表所有炎症形式阴性；absence为空、标准未知。
1.2.826.0.1.3680043.8.498.12957252711278416684461267069498115130,Baker's,3af3a1cc168b15113aba7c7ecb26d4f068e0baaf61d6e21e0f7ecaee904c155f,NOT_MENTIONED,[],UNKNOWN,[],KEEP,PASS,PASS,PASS,PASS,PASS,PASS,PASS,GPT-6.1 Sol independent text reviewer A,髌前滑囊增大不等于腘窝Baker囊肿，保留未提及。
1.2.826.0.1.3680043.8.498.12957252711278416684461267069498115130,Contusion,3af3a1cc168b15113aba7c7ecb26d4f068e0baaf61d6e21e0f7ecaee904c155f,PRESENT,"[""Als anatomische Normvariante Patella tripartita am superolateralen Pol (4/7) mit geringem Knochenmarködem in dem kleinerem akzessorischen Fragment (4/7)."",""Ansonsten altersentsprechendes Knochenmarkssignal.""]",UNKNOWN,"[""criteria_anatomy_severity_extent_or_timing_insufficient"",""llm_review:Marrow edema is present in an accessory patellar fragment; traumatic cause, fracture-line status and timing are unspecified."",""timing_or_trauma_review""]",KEEP,PASS,PASS,PASS,PASS,PASS,PASS,PASS,GPT-6.1 Sol independent text reviewer A,三分髌骨附属骨片内轻度骨髓水肿已记录，其他骨髓正常不否定局灶；创伤原因、骨折线与时效未知。
1.2.826.0.1.3680043.8.498.12957252711278416684461267069498115130,Fracture,3af3a1cc168b15113aba7c7ecb26d4f068e0baaf61d6e21e0f7ecaee904c155f,NOT_MENTIONED,[],UNKNOWN,[],KEEP,PASS,PASS,PASS,PASS,PASS,PASS,PASS,GPT-6.1 Sol independent text reviewer A,明确解剖变异不能当急性骨折；未描述骨折评估，保留未提及。
1.2.826.0.1.3680043.8.498.14061227335828384505403558788548348446,ACL,9fd9343722563f757d0cf2e63bd654fecdff4b3d658d169662e9928fa15cf589,ABSENT,"[""Autrement le ligament croisé antérieur, le ligament croisé postérieur, le mécanisme des extenseurs, le ligament collatéral interne, le semi-membraneux, le muscle et tendon du poplité, le biceps femoris distal, le ligament collatéral externe et la bandelette ilio-tibiale sont sans particularité.""]",NO,"[""history_or_postoperative_scope_review""]",KEEP,PASS,PASS,PASS,PASS,PASS,PASS,PASS,GPT-6.1 Sol independent text reviewer A,前交叉韧带明确无异常，支持阴性，未误把列表正常描述当历史。
1.2.826.0.1.3680043.8.498.14061227335828384505403558788548348446,MCL,9fd9343722563f757d0cf2e63bd654fecdff4b3d658d169662e9928fa15cf589,ABSENT,"[""Autrement le ligament croisé antérieur, le ligament croisé postérieur, le mécanisme des extenseurs, le ligament collatéral interne, le semi-membraneux, le muscle et tendon du poplité, le biceps femoris distal, le ligament collatéral externe et la bandelette ilio-tibiale sont sans particularité.""]",NO,"[""history_or_postoperative_scope_review""]",KEEP,PASS,PASS,PASS,PASS,PASS,PASS,PASS,GPT-6.1 Sol independent text reviewer A,内侧副韧带明确无异常，支持阴性。
1.2.826.0.1.3680043.8.498.14061227335828384505403558788548348446,Medial Meniscus,9fd9343722563f757d0cf2e63bd654fecdff4b3d658d169662e9928fa15cf589,PRESENT,"[""Il y a des changements dégénératifs intrasubstance impliquant le corps et la corne postérieure du ménisque interne."",""Il y a une déchirure radiale complète de la racine postérieure avec extrusion du ménisque.""]",YES,"[""history_or_postoperative_scope_review"",""llm_review:Tear timing is unspecified.""]",KEEP,PASS,PASS,PASS,PASS,PASS,PASS,PASS,GPT-6.1 Sol independent text reviewer A,内侧后根完全径向撕裂及外突明确，内部退变不覆盖真正撕裂，YES合理。
1.2.826.0.1.3680043.8.498.14061227335828384505403558788548348446,Lateral Meniscus,9fd9343722563f757d0cf2e63bd654fecdff4b3d658d169662e9928fa15cf589,ABSENT,"[""Le ménisque externe est sans particularité.""]",NO,[],KEEP,PASS,PASS,PASS,PASS,PASS,PASS,PASS,GPT-6.1 Sol independent text reviewer A,外侧半月板无异常，阴性明确。
1.2.826.0.1.3680043.8.498.14061227335828384505403558788548348446,Medial OA,9fd9343722563f757d0cf2e63bd654fecdff4b3d658d169662e9928fa15cf589,PRESENT,"[""Il y a des changements dégénératifs modérés du compartiment interne avec amincissement modéré du cartilage à la partie centrale du condyle fémoral interne et du plafond tibial avec légers changements réactifs sous-chondraux.""]",UNKNOWN,"[""criteria_anatomy_severity_extent_or_timing_insufficient"",""llm_review:Moderate cartilage thinning does not specify percentage thickness loss or lesion dimensions.""]",KEEP,PASS,PASS,PASS,PASS,PASS,PASS,PASS,GPT-6.1 Sol independent text reviewer A,内侧中度软骨变薄伴退变已记录，但无百分比或毫米范围，标准未知。
1.2.826.0.1.3680043.8.498.14061227335828384505403558788548348446,Lateral OA,9fd9343722563f757d0cf2e63bd654fecdff4b3d658d169662e9928fa15cf589,PRESENT,"[""Il y a un léger amincissement du cartilage des compartiments externes et patello-fémoral.""]",NO,"[""explicit_subthreshold_or_alternative""]",KEEP,PASS,PASS,PASS,PASS,PASS,PASS,PASS,GPT-6.1 Sol independent text reviewer A,外侧仅轻度软骨变薄，低级NO有原文支持，未扩成ABSENT。
1.2.826.0.1.3680043.8.498.14061227335828384505403558788548348446,PF OA,9fd9343722563f757d0cf2e63bd654fecdff4b3d658d169662e9928fa15cf589,PRESENT,"[""Il y a un léger amincissement du cartilage des compartiments externes et patello-fémoral.""]",NO,"[""explicit_subthreshold_or_alternative""]",KEEP,PASS,PASS,PASS,PASS,PASS,PASS,PASS,GPT-6.1 Sol independent text reviewer A,髌股仅轻度软骨变薄，保留病变存在但不满足高级阈值。
1.2.826.0.1.3680043.8.498.14061227335828384505403558788548348446,Effusion,9fd9343722563f757d0cf2e63bd654fecdff4b3d658d169662e9928fa15cf589,PRESENT,"[""Il y a un épanchement intra-articulaire modéré sans kyste poplité.""]",UNKNOWN,"[""criteria_anatomy_severity_extent_or_timing_insufficient"",""llm_mapper_disagreement"",""llm_review:Moderate effusion is explicit; joint distension and timing are not separately described."",""negation_scope_review""]",KEEP,PASS,PASS,PASS,PASS,PASS,PASS,PASS,GPT-6.1 Sol independent text reviewer A,中量积液明确、关节扩张未明确，最终UNKNOWN正确；高软分数低权重仅为假设，未把提案当硬标准。
1.2.826.0.1.3680043.8.498.14061227335828384505403558788548348446,Synovitis,9fd9343722563f757d0cf2e63bd654fecdff4b3d658d169662e9928fa15cf589,NOT_MENTIONED,[],UNKNOWN,[],KEEP,PASS,PASS,PASS,PASS,PASS,PASS,PASS,GPT-6.1 Sol independent text reviewer A,未描述直接滑膜炎症，积液不自动成为滑膜炎。
1.2.826.0.1.3680043.8.498.14061227335828384505403558788548348446,Baker's,9fd9343722563f757d0cf2e63bd654fecdff4b3d658d169662e9928fa15cf589,ABSENT,"[""Il y a un épanchement intra-articulaire modéré sans kyste poplité.""]",NO,[],KEEP,PASS,PASS,PASS,PASS,PASS,PASS,PASS,GPT-6.1 Sol independent text reviewer A,明确无腘窝囊肿，阴性有支持。
1.2.826.0.1.3680043.8.498.14061227335828384505403558788548348446,Contusion,9fd9343722563f757d0cf2e63bd654fecdff4b3d658d169662e9928fa15cf589,PRESENT,"[""Il y a des changements dégénératifs modérés du compartiment interne avec amincissement modéré du cartilage à la partie centrale du condyle fémoral interne et du plafond tibial avec légers changements réactifs sous-chondraux.""]",NO,"[""explicit_subthreshold_or_alternative"",""llm_review:Reactive subchondral changes are described as part of degeneration; traumatic marrow edema is not reported.""]",KEEP,PASS,PASS,PASS,PASS,PASS,PASS,PASS,GPT-6.1 Sol independent text reviewer A,轻度软骨下反应改变已作为骨候选保留，原文在退变改变的组成描述中直接连述该改变，退变归属合理；未当创伤阳性。
1.2.826.0.1.3680043.8.498.14061227335828384505403558788548348446,Fracture,9fd9343722563f757d0cf2e63bd654fecdff4b3d658d169662e9928fa15cf589,NOT_MENTIONED,[],UNKNOWN,[],KEEP,PASS,PASS,PASS,PASS,PASS,PASS,PASS,GPT-6.1 Sol independent text reviewer A,未描述骨折评估，保留未提及及未知。
1.2.826.0.1.3680043.8.498.13162479706670045075896993021883562680,ACL,4113972cb871449b387563daf21956146439c29e2514aa46ad9e9579a0021ac7,ABSENT,"[""ACL normal.""]",NO,[],KEEP,PASS,PASS,PASS,PASS,PASS,PASS,PASS,GPT-6.1 Sol independent text reviewer A,ACL正常直接支持阴性。
1.2.826.0.1.3680043.8.498.13162479706670045075896993021883562680,MCL,4113972cb871449b387563daf21956146439c29e2514aa46ad9e9579a0021ac7,ABSENT,"[""MCL normal.""]",NO,[],KEEP,PASS,PASS,PASS,PASS,PASS,PASS,PASS,GPT-6.1 Sol independent text reviewer A,MCL正常直接支持阴性。
1.2.826.0.1.3680043.8.498.13162479706670045075896993021883562680,Medial Meniscus,4113972cb871449b387563daf21956146439c29e2514aa46ad9e9579a0021ac7,PRESENT,"[""Medial meniscus: incipient degeneration of posterior horn.""]",NO,"[""explicit_subthreshold_or_alternative"",""history_or_postoperative_scope_review""]",KEEP,PASS,PASS,PASS,PASS,PASS,PASS,PASS,GPT-6.1 Sol independent text reviewer A,内侧后角早期内部退变已记PRESENT，未变ABSENT或升为撕裂，标准NO。
1.2.826.0.1.3680043.8.498.13162479706670045075896993021883562680,Lateral Meniscus,4113972cb871449b387563daf21956146439c29e2514aa46ad9e9579a0021ac7,ABSENT,"[""Lateral meniscus normal.""]",NO,[],KEEP,PASS,PASS,PASS,PASS,PASS,PASS,PASS,GPT-6.1 Sol independent text reviewer A,外侧半月板正常，阴性明确。
1.2.826.0.1.3680043.8.498.13162479706670045075896993021883562680,Medial OA,4113972cb871449b387563daf21956146439c29e2514aa46ad9e9579a0021ac7,ABSENT,"[""Cartilages normal.""]",NO,[],KEEP,PASS,PASS,PASS,PASS,PASS,PASS,PASS,GPT-6.1 Sol independent text reviewer A,无范围限定的总体软骨正常可覆盖内侧；未描述与其冲突的内侧病灶，NO合理。
1.2.826.0.1.3680043.8.498.13162479706670045075896993021883562680,Lateral OA,4113972cb871449b387563daf21956146439c29e2514aa46ad9e9579a0021ac7,ABSENT,"[""Cartilages normal.""]",NO,[],KEEP,PASS,PASS,PASS,PASS,PASS,PASS,PASS,GPT-6.1 Sol independent text reviewer A,总体软骨正常覆盖外侧，无限定性深层否定或相反病变，NO合理。
1.2.826.0.1.3680043.8.498.13162479706670045075896993021883562680,PF OA,4113972cb871449b387563daf21956146439c29e2514aa46ad9e9579a0021ac7,ABSENT,"[""Cartilages normal.""]",NO,[],KEEP,PASS,PASS,PASS,PASS,PASS,PASS,PASS,GPT-6.1 Sol independent text reviewer A,总体软骨正常覆盖髌股；浅滑车及高位髌骨形态不自动变成软骨损失。
1.2.826.0.1.3680043.8.498.13162479706670045075896993021883562680,Effusion,4113972cb871449b387563daf21956146439c29e2514aa46ad9e9579a0021ac7,ABSENT,"[""No effusion.""]",NO,[],KEEP,PASS,PASS,PASS,PASS,PASS,PASS,PASS,GPT-6.1 Sol independent text reviewer A,明确无积液，支持阴性。
1.2.826.0.1.3680043.8.498.13162479706670045075896993021883562680,Synovitis,4113972cb871449b387563daf21956146439c29e2514aa46ad9e9579a0021ac7,NOT_MENTIONED,[],UNKNOWN,[],KEEP,PASS,PASS,PASS,PASS,PASS,PASS,PASS,GPT-6.1 Sol independent text reviewer A,未描述滑膜炎，保留未提及及未知。
1.2.826.0.1.3680043.8.498.13162479706670045075896993021883562680,Baker's,4113972cb871449b387563daf21956146439c29e2514aa46ad9e9579a0021ac7,ABSENT,"[""No baker's cyst.""]",NO,[],KEEP,PASS,PASS,PASS,PASS,PASS,PASS,PASS,GPT-6.1 Sol independent text reviewer A,明确无Baker囊肿，阴性成立。
1.2.826.0.1.3680043.8.498.13162479706670045075896993021883562680,Contusion,4113972cb871449b387563daf21956146439c29e2514aa46ad9e9579a0021ac7,NOT_MENTIONED,[],UNKNOWN,[],KEEP,PASS,PASS,PASS,PASS,PASS,PASS,PASS,GPT-6.1 Sol independent text reviewer A,未描述骨髓水肿或骨挫伤；髌骨旁骨片不自动补成创伤性水肿。
1.2.826.0.1.3680043.8.498.13162479706670045075896993021883562680,Fracture,4113972cb871449b387563daf21956146439c29e2514aa46ad9e9579a0021ac7,UNCERTAIN,"[""bone fragment adjacent to medial border of patella and medial retinaculum suggestive of repeated patellar luxations.""]",UNKNOWN,"[""llm_review:Bone fragment is described, but a fracture line, cortical disruption and acute timing are not established."",""uncertain_report""]",KEEP,PASS,PASS,PASS,PASS,PASS,PASS,PASS,GPT-6.1 Sol independent text reviewer A,髌骨内侧缘骨片提示反复脱位，作为骨折相关不确定候选保留；未推断急性骨折线或时效。
1.2.826.0.1.3680043.8.498.15133818248365103660456294775831248835,ACL,fb7cfddf6ddae2b5b738a5c711aff027d288e19b7c34c1dc7c5227662ab176f4,ABSENT,"[""Intact voorkomen van de voorste / achtste kruisband en de beide collaterale ligamenten.""]",NO,[],KEEP,PASS,PASS,PASS,PASS,PASS,PASS,PASS,GPT-6.1 Sol independent text reviewer A,前交叉韧带完整，明确阴性。
1.2.826.0.1.3680043.8.498.15133818248365103660456294775831248835,MCL,fb7cfddf6ddae2b5b738a5c711aff027d288e19b7c34c1dc7c5227662ab176f4,ABSENT,"[""Intact voorkomen van de voorste / achtste kruisband en de beide collaterale ligamenten.""]",NO,[],KEEP,PASS,PASS,PASS,PASS,PASS,PASS,PASS,GPT-6.1 Sol independent text reviewer A,两侧副韧带完整，覆盖MCL阴性。
1.2.826.0.1.3680043.8.498.15133818248365103660456294775831248835,Medial Meniscus,fb7cfddf6ddae2b5b738a5c711aff027d288e19b7c34c1dc7c5227662ab176f4,NOT_MENTIONED,[],UNKNOWN,[],KEEP,PASS,PASS,PASS,PASS,PASS,PASS,PASS,GPT-6.1 Sol independent text reviewer A,原文仅外侧半月板评估，内侧未提及，保持未知。
1.2.826.0.1.3680043.8.498.15133818248365103660456294775831248835,Lateral Meniscus,fb7cfddf6ddae2b5b738a5c711aff027d288e19b7c34c1dc7c5227662ab176f4,PRESENT,"[""Aberrante horizontaal verlopende lineaire signaalalteratie corpusgedeelte laterale meniscus (zone 1>3 ) deels overgrijpend op de achterhoorn en de voorhoorn: horizontale scheur met kleine aanliggende parameniscale cyste nabij het corpus"",""Horizontale scheur laterale meniscus.""]",YES,[],KEEP,PASS,PASS,PASS,PASS,PASS,PASS,PASS,GPT-6.1 Sol independent text reviewer A,外侧体部延伸前后角水平撕裂明确，支持YES；旁半月板囊肿未当Baker。
1.2.826.0.1.3680043.8.498.15133818248365103660456294775831248835,Medial OA,fb7cfddf6ddae2b5b738a5c711aff027d288e19b7c34c1dc7c5227662ab176f4,NOT_MENTIONED,[],UNKNOWN,[],KEEP,PASS,PASS,PASS,PASS,PASS,PASS,PASS,GPT-6.1 Sol independent text reviewer A,关节对位保持不是内侧软骨正常评估，内侧OA未提及合理。
1.2.826.0.1.3680043.8.498.15133818248365103660456294775831248835,Lateral OA,fb7cfddf6ddae2b5b738a5c711aff027d288e19b7c34c1dc7c5227662ab176f4,NOT_MENTIONED,[],UNKNOWN,[],KEEP,PASS,PASS,PASS,PASS,PASS,PASS,PASS,GPT-6.1 Sol independent text reviewer A,关节对位保持不能当外侧软骨正常，外侧OA保留未知。
1.2.826.0.1.3680043.8.498.15133818248365103660456294775831248835,PF OA,fb7cfddf6ddae2b5b738a5c711aff027d288e19b7c34c1dc7c5227662ab176f4,PRESENT,"[""oppervlakkige kraakbeen letseltje laterale patellaire facet alsook een graad 4 kraakbeenletsel mediale patellaire facet"",""Patellaire chondromalacie.""]",UNKNOWN,"[""criteria_anatomy_severity_extent_or_timing_insufficient"",""llm_review:Cartilage grading convention and lesion extent are unspecified; both competition thresholds cannot be established.""]",KEEP,PASS,PASS,PASS,PASS,PASS,PASS,PASS,GPT-6.1 Sol independent text reviewer A,髌骨两面软骨病变已记录，未定义4级及尺寸不自动换算深度范围，标准未知。
1.2.826.0.1.3680043.8.498.15133818248365103660456294775831248835,Effusion,fb7cfddf6ddae2b5b738a5c711aff027d288e19b7c34c1dc7c5227662ab176f4,ABSENT,"[""Geen opzetting van suprapatellaire bursa""]",UNKNOWN,"[""llm_review:Negative statement is limited to suprapatellar bursal distension, rather than an explicit assessment of all intra-articular effusion."",""negative_scope_insufficient""]",KEEP,PASS,PASS,PASS,PASS,PASS,PASS,PASS,GPT-6.1 Sol independent text reviewer A,仅无髌上囊膨胀，未扩大为全部关节无积液，absence未知且程度未设NONE。
1.2.826.0.1.3680043.8.498.15133818248365103660456294775831248835,Synovitis,fb7cfddf6ddae2b5b738a5c711aff027d288e19b7c34c1dc7c5227662ab176f4,NOT_MENTIONED,[],UNKNOWN,[],KEEP,PASS,PASS,PASS,PASS,PASS,PASS,PASS,GPT-6.1 Sol independent text reviewer A,未描述直接滑膜炎证据，保留未提及。
1.2.826.0.1.3680043.8.498.15133818248365103660456294775831248835,Baker's,fb7cfddf6ddae2b5b738a5c711aff027d288e19b7c34c1dc7c5227662ab176f4,UNCERTAIN,"[""een (niet met ruptuur verwikkelde Baker-cyste )/ multiloculaire T2-hyperintense structuur posterieur van de achterste kruisband (nabij de tibiale insertie interface posterieure capsuloligamentaire structuren) : ganglioncyste, afmetingen 1,9 x 1,2 x 0,6\\~cm.""]",UNKNOWN,"[""anatomy_missing_or_wrong"",""history_or_postoperative_scope_review"",""llm_review:Ambiguous Baker cyst versus ganglion cyst wording; described posterior cruciate location does not establish typical posteromedial Baker location. Dimensions alone do not establish a moderate or large cyst."",""uncertain_report""]",MASK,PASS,PASS,PASS,PASS,PASS,PASS,PASS,GPT-6.1 Sol independent text reviewer A,Baker与后交叉韧带后方ganglion措辞含混，典型后内侧解剖未建立；数字尺寸不换算量级，UNKNOWN忠实但critical合同排除。
1.2.826.0.1.3680043.8.498.15133818248365103660456294775831248835,Contusion,fb7cfddf6ddae2b5b738a5c711aff027d288e19b7c34c1dc7c5227662ab176f4,PRESENT,"[""ge ïsoleerde focus van botoedeem nabij de subchondrale beenplaat""]",UNKNOWN,"[""criteria_anatomy_severity_extent_or_timing_insufficient"",""llm_review:Subchondral marrow edema is reported, but its cause, timing, and absence of a fracture line are not explicitly established."",""timing_or_trauma_review""]",KEEP,PASS,PASS,PASS,PASS,PASS,PASS,PASS,GPT-6.1 Sol independent text reviewer A,髌骨软骨下局灶骨水肿已保留，邻近软骨病不自动证明退变因果，创伤和骨折线未知。
1.2.826.0.1.3680043.8.498.15133818248365103660456294775831248835,Fracture,fb7cfddf6ddae2b5b738a5c711aff027d288e19b7c34c1dc7c5227662ab176f4,NOT_MENTIONED,[],UNKNOWN,[],KEEP,PASS,PASS,PASS,PASS,PASS,PASS,PASS,GPT-6.1 Sol independent text reviewer A,未描述骨折，未从局灶水肿补骨折或阴性。
1.2.826.0.1.3680043.8.498.17070139245390396445395414066427036835,ACL,117a84a6ad3dab626e29c1a352c8dcc4fa83e26a40380a93c4a1d7fc1314264b,ABSENT,"[""Χωρίς παθολογικά ευρήµατα από τον έλεγχο των χιαστών""]",NO,[],KEEP,PASS,PASS,PASS,PASS,PASS,PASS,PASS,GPT-6.1 Sol independent text reviewer A,交叉韧带检查无病理所见，明确覆盖ACL阴性。
1.2.826.0.1.3680043.8.498.17070139245390396445395414066427036835,MCL,117a84a6ad3dab626e29c1a352c8dcc4fa83e26a40380a93c4a1d7fc1314264b,ABSENT,"[""Χωρίς παθολογικά ευρήµατα από τον έλεγχο των χιαστών και του έσω πλαγίου συνδέσµου""]",NO,[],KEEP,PASS,PASS,PASS,PASS,PASS,PASS,PASS,GPT-6.1 Sol independent text reviewer A,内侧副韧带无病理所见，阴性有直接支持。
1.2.826.0.1.3680043.8.498.17070139245390396445395414066427036835,Medial Meniscus,117a84a6ad3dab626e29c1a352c8dcc4fa83e26a40380a93c4a1d7fc1314264b,PRESENT,"[""Παθολογικό σήµα αναγνωρίζεται στο οπίσθιο κέρας του έσω µηνίσκου ο οποίος παρουσιάζει ήπιο υπεξάρθρηµα."",""Χωρίς παθολογικά ευρήµατα από τον έλεγχο των χιαστών και του έσω πλαγίου συνδέσµου, του εσω µηνίσκου."",""Απλή εκφύλιση χωρίς ρήξη, έσω µηνίσκου.""]",UNKNOWN,"[""llm_mapper_disagreement"",""llm_review:The normal medial-meniscus statement conflicts with reported abnormal signal, degeneration and subluxation. The conclusion explicitly excludes a tear."",""negation_scope_review"",""unresolved_contradiction""]",MASK,PASS,PASS,PASS,PASS,PASS,PASS,PASS,GPT-6.1 Sol independent text reviewer A,内侧后角异常信号、轻度外突与正常描述冲突，结论退变无撕裂已保留；矛盾未擅自消解，critical合同排除。
1.2.826.0.1.3680043.8.498.17070139245390396445395414066427036835,Lateral Meniscus,117a84a6ad3dab626e29c1a352c8dcc4fa83e26a40380a93c4a1d7fc1314264b,PRESENT,"[""Σηµειώνεται παθολογικό σήµα κατά το σώµα και οπίσθιο κέρας ευµεγέθους έξω µηνίσκου."",""Συνυπάρχει παθολογικό σήµα και στο πρόσθιο κέρας."",""Σύµπλοκη ρήξη, κάθετη σώµατος και ακτινωτή οπισθίου κέρατος δισκοειδούς έξω µηνίσκου µε ύδραρθρο.""]",YES,[],KEEP,PASS,PASS,PASS,PASS,PASS,PASS,PASS,GPT-6.1 Sol independent text reviewer A,盘状外侧半月板体部纵裂及后角径向复杂撕裂明确，支持YES。
1.2.826.0.1.3680043.8.498.17070139245390396445395414066427036835,Medial OA,117a84a6ad3dab626e29c1a352c8dcc4fa83e26a40380a93c4a1d7fc1314264b,ABSENT,"[""Από τον έλεγχο του εκτατικού µηχανισµού, του αρθρικού χόνδρου και του οστικού µυελού δεν σηµειώθηκε αξιοσηµείωτη παθολογία.""]",UNKNOWN,"[""anatomy_missing_or_wrong"",""llm_review:Qualified global cartilage negative: no notable pathology, not complete absence. No compartment-specific depth or extent assessment."",""negative_scope_insufficient""]",MASK,PASS,PASS,PASS,PASS,PASS,PASS,PASS,GPT-6.1 Sol independent text reviewer A,仅泛称软骨无值得注意病理，未分内侧且非完整阴性；UNKNOWN忠实，critical合同排除。
1.2.826.0.1.3680043.8.498.17070139245390396445395414066427036835,Lateral OA,117a84a6ad3dab626e29c1a352c8dcc4fa83e26a40380a93c4a1d7fc1314264b,ABSENT,"[""Από τον έλεγχο του εκτατικού µηχανισµού, του αρθρικού χόνδρου και του οστικού µυελού δεν σηµειώθηκε αξιοσηµείωτη παθολογία.""]",UNKNOWN,"[""anatomy_missing_or_wrong"",""llm_review:Qualified global cartilage negative: no notable pathology, not complete absence. No compartment-specific depth or extent assessment."",""negative_scope_insufficient""]",MASK,PASS,PASS,PASS,PASS,PASS,PASS,PASS,GPT-6.1 Sol independent text reviewer A,泛称软骨无值得注意病理未分外侧，程度未置NONE，保守UNKNOWN正确，critical合同排除。
1.2.826.0.1.3680043.8.498.17070139245390396445395414066427036835,PF OA,117a84a6ad3dab626e29c1a352c8dcc4fa83e26a40380a93c4a1d7fc1314264b,ABSENT,"[""Από τον έλεγχο του εκτατικού µηχανισµού, του αρθρικού χόνδρου και του οστικού µυελού δεν σηµειώθηκε αξιοσηµείωτη παθολογία.""]",UNKNOWN,"[""anatomy_missing_or_wrong"",""llm_review:Qualified global cartilage negative: no notable pathology, not complete absence. No compartment-specific depth or extent assessment."",""negative_scope_insufficient""]",MASK,PASS,PASS,PASS,PASS,PASS,PASS,PASS,GPT-6.1 Sol independent text reviewer A,泛称软骨限定阴性未单列髌股，未推断完整absence，UNKNOWN合理，critical合同排除。
1.2.826.0.1.3680043.8.498.17070139245390396445395414066427036835,Effusion,117a84a6ad3dab626e29c1a352c8dcc4fa83e26a40380a93c4a1d7fc1314264b,PRESENT,"[""Αναγνωρίζεται µέτρια ποσότητα υγρού ενδαρθρικά."",""µε ύδραρθρο""]",UNKNOWN,"[""criteria_anatomy_severity_extent_or_timing_insufficient"",""llm_review:Moderate intra-articular fluid is explicit, but joint distension is not described.""]",KEEP,PASS,PASS,PASS,PASS,PASS,PASS,PASS,GPT-6.1 Sol independent text reviewer A,中量关节液明确，但无关节扩张描述，标准未知。
1.2.826.0.1.3680043.8.498.17070139245390396445395414066427036835,Synovitis,117a84a6ad3dab626e29c1a352c8dcc4fa83e26a40380a93c4a1d7fc1314264b,NOT_MENTIONED,[],UNKNOWN,[],KEEP,PASS,PASS,PASS,PASS,PASS,PASS,PASS,GPT-6.1 Sol independent text reviewer A,未直接提及滑膜炎，积液未自动转为滑膜炎。
1.2.826.0.1.3680043.8.498.17070139245390396445395414066427036835,Baker's,117a84a6ad3dab626e29c1a352c8dcc4fa83e26a40380a93c4a1d7fc1314264b,NOT_MENTIONED,[],UNKNOWN,[],KEEP,PASS,PASS,PASS,PASS,PASS,PASS,PASS,GPT-6.1 Sol independent text reviewer A,未描述Baker囊肿，保留未提及。
1.2.826.0.1.3680043.8.498.17070139245390396445395414066427036835,Contusion,117a84a6ad3dab626e29c1a352c8dcc4fa83e26a40380a93c4a1d7fc1314264b,ABSENT,"[""Από τον έλεγχο του εκτατικού µηχανισµού, του αρθρικού χόνδρου και του οστικού µυελού δεν σηµειώθηκε αξιοσηµείωτη παθολογία.""]",UNKNOWN,"[""llm_review:No notable marrow pathology is a qualified negative and does not exclude a mild contusion."",""negative_scope_insufficient""]",KEEP,PASS,PASS,PASS,PASS,PASS,PASS,PASS,GPT-6.1 Sol independent text reviewer A,骨髓无值得注意病理属于限定阴性，不排除轻度骨挫伤；absence为空、标准UNKNOWN正确。
1.2.826.0.1.3680043.8.498.17070139245390396445395414066427036835,Fracture,117a84a6ad3dab626e29c1a352c8dcc4fa83e26a40380a93c4a1d7fc1314264b,NOT_MENTIONED,[],UNKNOWN,[],KEEP,PASS,PASS,PASS,PASS,PASS,PASS,PASS,GPT-6.1 Sol independent text reviewer A,未明确骨折评估，未将限定骨髓正常转成骨折阴性。
1.2.826.0.1.3680043.8.498.18114567737638963627123562895002602285,ACL,586ab04319352e2252f4c7953070eb09ca2d49e7015b9ec32f68841401bf9205,ABSENT,"[""Ligamentos cruzados y colateral lateral sin alteraciones.""]",NO,[],KEEP,PASS,PASS,PASS,PASS,PASS,PASS,PASS,GPT-6.1 Sol independent text reviewer A,交叉韧带无异常，明确覆盖ACL阴性。
1.2.826.0.1.3680043.8.498.18114567737638963627123562895002602285,MCL,586ab04319352e2252f4c7953070eb09ca2d49e7015b9ec32f68841401bf9205,PRESENT,"[""Engrosamiento y aumento de señal del componente superficial y profundo del complejo\nligamentario medial con pérdida parcial de la continuidad ambos componentes en su tercio\nproximal, con edema las partes blandas regionales."",""Esguince grado II del componente superficial y profundo del complejo ligamentario medial en su\naspecto proximal, con edema las partes blandas adyacentes.""]",UNKNOWN,"[""criteria_anatomy_severity_extent_or_timing_insufficient"",""llm_review:Acute timing is not explicitly stated in the findings or impression."",""llm_review:Grade II sprain with partial discontinuity is reported, but high-grade partial tearing is not explicitly established."",""timing_or_trauma_review""]",KEEP,PASS,PASS,PASS,PASS,PASS,PASS,PASS,GPT-6.1 Sol independent text reviewer A,MCL浅深层近段II级部分连续性中断已记录；未自动判高级部分撕裂或急性，标准未知。
1.2.826.0.1.3680043.8.498.18114567737638963627123562895002602285,Medial Meniscus,586ab04319352e2252f4c7953070eb09ca2d49e7015b9ec32f68841401bf9205,ABSENT,"[""Meniscos impresionan de morfología y señal conservada, sin signos de rotura.""]",NO,[],KEEP,PASS,PASS,PASS,PASS,PASS,PASS,PASS,GPT-6.1 Sol independent text reviewer A,两半月板形态信号保持且无撕裂征象，覆盖内侧阴性。
1.2.826.0.1.3680043.8.498.18114567737638963627123562895002602285,Lateral Meniscus,586ab04319352e2252f4c7953070eb09ca2d49e7015b9ec32f68841401bf9205,ABSENT,"[""Meniscos impresionan de morfología y señal conservada, sin signos de rotura.""]",NO,[],KEEP,PASS,PASS,PASS,PASS,PASS,PASS,PASS,GPT-6.1 Sol independent text reviewer A,两半月板正常与无撕裂覆盖外侧，阴性有支持。
1.2.826.0.1.3680043.8.498.18114567737638963627123562895002602285,Medial OA,586ab04319352e2252f4c7953070eb09ca2d49e7015b9ec32f68841401bf9205,ABSENT,"[""Cartílagos de los compartimentos femorotibiales y patelofemoral sin alteraciones.""]",NO,[],KEEP,PASS,PASS,PASS,PASS,PASS,PASS,PASS,GPT-6.1 Sol independent text reviewer A,胫股各间室软骨无异常无范围限定，覆盖内侧阴性。
1.2.826.0.1.3680043.8.498.18114567737638963627123562895002602285,Lateral OA,586ab04319352e2252f4c7953070eb09ca2d49e7015b9ec32f68841401bf9205,ABSENT,"[""Cartílagos de los compartimentos femorotibiales y patelofemoral sin alteraciones.""]",NO,[],KEEP,PASS,PASS,PASS,PASS,PASS,PASS,PASS,GPT-6.1 Sol independent text reviewer A,胫股各间室软骨无异常，覆盖外侧阴性。
1.2.826.0.1.3680043.8.498.18114567737638963627123562895002602285,PF OA,586ab04319352e2252f4c7953070eb09ca2d49e7015b9ec32f68841401bf9205,ABSENT,"[""Cartílagos de los compartimentos femorotibiales y patelofemoral sin alteraciones.""]",NO,[],KEEP,PASS,PASS,PASS,PASS,PASS,PASS,PASS,GPT-6.1 Sol independent text reviewer A,髌股软骨明确无异常，阴性成立。
1.2.826.0.1.3680043.8.498.18114567737638963627123562895002602285,Effusion,586ab04319352e2252f4c7953070eb09ca2d49e7015b9ec32f68841401bf9205,ABSENT,"[""No hay significativo derrame articular.""]",UNKNOWN,"[""llm_review:The qualified negative does not explicitly exclude all moderate or large distending effusions."",""negative_scope_insufficient""]",KEEP,PASS,PASS,PASS,PASS,PASS,PASS,PASS,GPT-6.1 Sol independent text reviewer A,无显著积液属限定否定，程度未置NONE、absence为空，按V5保守标准未知。
1.2.826.0.1.3680043.8.498.18114567737638963627123562895002602285,Synovitis,586ab04319352e2252f4c7953070eb09ca2d49e7015b9ec32f68841401bf9205,NOT_MENTIONED,[],UNKNOWN,[],KEEP,PASS,PASS,PASS,PASS,PASS,PASS,PASS,GPT-6.1 Sol independent text reviewer A,MCL邻近软组织水肿不是直接滑膜炎，保留未提及。
1.2.826.0.1.3680043.8.498.18114567737638963627123562895002602285,Baker's,586ab04319352e2252f4c7953070eb09ca2d49e7015b9ec32f68841401bf9205,PRESENT,"[""Pequeño quiste poplíteo no complicado""]",NO,"[""explicit_subthreshold_or_alternative"",""negation_scope_review""]",KEEP,PASS,PASS,PASS,PASS,PASS,PASS,PASS,GPT-6.1 Sol independent text reviewer A,小腘窝囊肿存在且不复杂，支持低级NO，未因未破裂就否定其存在。
1.2.826.0.1.3680043.8.498.18114567737638963627123562895002602285,Contusion,586ab04319352e2252f4c7953070eb09ca2d49e7015b9ec32f68841401bf9205,ABSENT,"[""No hay alteraciones de señal significativas de la médula ósea.""]",UNKNOWN,"[""llm_review:No significant marrow signal abnormality is a qualified negative and does not exclude a mild contusion."",""negative_scope_insufficient""]",KEEP,PASS,PASS,PASS,PASS,PASS,PASS,PASS,GPT-6.1 Sol independent text reviewer A,无显著骨髓信号异常不能排除轻度骨挫伤；absence为空、程度未知与原文范围一致。
1.2.826.0.1.3680043.8.498.18114567737638963627123562895002602285,Fracture,586ab04319352e2252f4c7953070eb09ca2d49e7015b9ec32f68841401bf9205,NOT_MENTIONED,[],UNKNOWN,[],KEEP,PASS,PASS,PASS,PASS,PASS,PASS,PASS,GPT-6.1 Sol independent text reviewer A,未明确骨折评估，保留未提及。
1.2.826.0.1.3680043.8.498.17107696939614797679012793547913769707,ACL,39ec626ccdd8c52cc01fd056193306ae75952291097314da38dd8275b7373bf2,PRESENT,"[""Ruptura prednjeg križnog ligamenta.""]",UNKNOWN,"[""criteria_anatomy_severity_extent_or_timing_insufficient"",""llm_review:ACL rupture is reported without specifying complete versus partial rupture or tear grade.""]",KEEP,PASS,PASS,PASS,PASS,PASS,PASS,PASS,GPT-6.1 Sol independent text reviewer A,ACL撕裂存在，原文未说明完全或高级部分，保守标准UNKNOWN。
1.2.826.0.1.3680043.8.498.17107696939614797679012793547913769707,MCL,39ec626ccdd8c52cc01fd056193306ae75952291097314da38dd8275b7373bf2,ABSENT,"[""Uredna je morfologija i intenziteti signala kolateralnih ligamenata""]",NO,[],KEEP,PASS,PASS,PASS,PASS,PASS,PASS,PASS,GPT-6.1 Sol independent text reviewer A,侧副韧带形态信号正常，覆盖MCL明确阴性。
1.2.826.0.1.3680043.8.498.17107696939614797679012793547913769707,Medial Meniscus,39ec626ccdd8c52cc01fd056193306ae75952291097314da38dd8275b7373bf2,PRESENT,"[""Vidi se vertikalna ruptura stražnjeg roga medijalnog meniska.""]",YES,[],KEEP,PASS,PASS,PASS,PASS,PASS,PASS,PASS,GPT-6.1 Sol independent text reviewer A,内侧后角纵向撕裂明确，满足撕裂标准。
1.2.826.0.1.3680043.8.498.17107696939614797679012793547913769707,Lateral Meniscus,39ec626ccdd8c52cc01fd056193306ae75952291097314da38dd8275b7373bf2,PRESENT,"[""Radijalna ruptura stražnjeg roga lateralnog meniska.""]",YES,[],KEEP,PASS,PASS,PASS,PASS,PASS,PASS,PASS,GPT-6.1 Sol independent text reviewer A,外侧后角径向撕裂明确，满足撕裂标准。
1.2.826.0.1.3680043.8.498.17107696939614797679012793547913769707,Medial OA,39ec626ccdd8c52cc01fd056193306ae75952291097314da38dd8275b7373bf2,ABSENT,"[""Prikazane artikulacijske hrskavice urednih su intenziteta signala.""]",UNKNOWN,"[""anatomy_missing_or_wrong"",""llm_review:Normal cartilage signal is reported without compartment localization or assessment of cartilage thickness; this limited negative does not exclude qualifying cartilage loss."",""negative_scope_insufficient""]",MASK,PASS,PASS,PASS,PASS,PASS,PASS,PASS,GPT-6.1 Sol independent text reviewer A,仅泛称所示软骨信号正常，未谈内侧厚度且未单列间室；保守UNKNOWN忠实，critical合同排除。
1.2.826.0.1.3680043.8.498.17107696939614797679012793547913769707,Lateral OA,39ec626ccdd8c52cc01fd056193306ae75952291097314da38dd8275b7373bf2,ABSENT,"[""Prikazane artikulacijske hrskavice urednih su intenziteta signala.""]",UNKNOWN,"[""anatomy_missing_or_wrong"",""llm_review:Normal cartilage signal is reported without compartment localization or assessment of cartilage thickness; this limited negative does not exclude qualifying cartilage loss."",""negative_scope_insufficient""]",MASK,PASS,PASS,PASS,PASS,PASS,PASS,PASS,GPT-6.1 Sol independent text reviewer A,泛称软骨信号正常不足全面排除外侧软骨损失，absence为空且解剖UNKNOWN合理，critical合同排除。
1.2.826.0.1.3680043.8.498.17107696939614797679012793547913769707,PF OA,39ec626ccdd8c52cc01fd056193306ae75952291097314da38dd8275b7373bf2,ABSENT,"[""Prikazane artikulacijske hrskavice urednih su intenziteta signala.""]",UNKNOWN,"[""anatomy_missing_or_wrong"",""llm_review:Normal cartilage signal is reported without compartment localization or assessment of cartilage thickness; this limited negative does not exclude qualifying cartilage loss."",""negative_scope_insufficient""]",MASK,PASS,PASS,PASS,PASS,PASS,PASS,PASS,GPT-6.1 Sol independent text reviewer A,泛称软骨信号正常没有髌股定位或厚度评估，未知合理，critical合同排除。
1.2.826.0.1.3680043.8.498.17107696939614797679012793547913769707,Effusion,39ec626ccdd8c52cc01fd056193306ae75952291097314da38dd8275b7373bf2,PRESENT,"[""Manja količina slobodne tekućine u zglobnom prostoru.""]",NO,"[""explicit_subthreshold_or_alternative""]",KEEP,PASS,PASS,PASS,PASS,PASS,PASS,PASS,GPT-6.1 Sol independent text reviewer A,少量关节游离液体已记录，低级NO正确。
1.2.826.0.1.3680043.8.498.17107696939614797679012793547913769707,Synovitis,39ec626ccdd8c52cc01fd056193306ae75952291097314da38dd8275b7373bf2,NOT_MENTIONED,[],UNKNOWN,[],KEEP,PASS,PASS,PASS,PASS,PASS,PASS,PASS,GPT-6.1 Sol independent text reviewer A,原文无滑膜炎直接评估，保留未提及。
1.2.826.0.1.3680043.8.498.17107696939614797679012793547913769707,Baker's,39ec626ccdd8c52cc01fd056193306ae75952291097314da38dd8275b7373bf2,NOT_MENTIONED,[],UNKNOWN,[],KEEP,PASS,PASS,PASS,PASS,PASS,PASS,PASS,GPT-6.1 Sol independent text reviewer A,原文无Baker囊肿评估，保留未提及。
1.2.826.0.1.3680043.8.498.17107696939614797679012793547913769707,Contusion,39ec626ccdd8c52cc01fd056193306ae75952291097314da38dd8275b7373bf2,NOT_MENTIONED,[],UNKNOWN,[],KEEP,PASS,PASS,PASS,PASS,PASS,PASS,PASS,GPT-6.1 Sol independent text reviewer A,未描述骨髓水肿或骨挫伤，未因韧带撕裂自动补挫伤。
1.2.826.0.1.3680043.8.498.17107696939614797679012793547913769707,Fracture,39ec626ccdd8c52cc01fd056193306ae75952291097314da38dd8275b7373bf2,NOT_MENTIONED,[],UNKNOWN,[],KEEP,PASS,PASS,PASS,PASS,PASS,PASS,PASS,GPT-6.1 Sol independent text reviewer A,未谈骨折，保留未知，未将正常软骨信号转成骨折阴性。
1.2.826.0.1.3680043.8.498.19124879088354547836118593585646705198,ACL,5f3a45d54f2cee7d1d0c583d4f12852990efa707313cc3d34aa7202cd2ea1418,ABSENT,"[""Intact voorkomen van de anterieur en posterieure kruisband.""]",NO,"[""history_or_postoperative_scope_review""]",KEEP,PASS,PASS,PASS,PASS,PASS,PASS,PASS,GPT-6.1 Sol independent text reviewer A,前交叉韧带完整，明确阴性。
1.2.826.0.1.3680043.8.498.19124879088354547836118593585646705198,MCL,5f3a45d54f2cee7d1d0c583d4f12852990efa707313cc3d34aa7202cd2ea1418,ABSENT,"[""Intact voorkomen van het mediale collaterale ligament.""]",NO,[],KEEP,PASS,PASS,PASS,PASS,PASS,PASS,PASS,GPT-6.1 Sol independent text reviewer A,内侧副韧带完整，明确阴性。
1.2.826.0.1.3680043.8.498.19124879088354547836118593585646705198,Medial Meniscus,5f3a45d54f2cee7d1d0c583d4f12852990efa707313cc3d34aa7202cd2ea1418,PRESENT,"[""Muco ïde degeneratie op de overgang van corpus naar de posterieure hoorn van de mediale meniscus (zone 4).""]",NO,"[""explicit_subthreshold_or_alternative"",""history_or_postoperative_scope_review""]",KEEP,PASS,PASS,PASS,PASS,PASS,PASS,PASS,GPT-6.1 Sol independent text reviewer A,内侧半月板体部后角交界早期黏液退变保留PRESENT，仅内部退变支持NO。
1.2.826.0.1.3680043.8.498.19124879088354547836118593585646705198,Lateral Meniscus,5f3a45d54f2cee7d1d0c583d4f12852990efa707313cc3d34aa7202cd2ea1418,ABSENT,"[""Intact voorkomen van de laterale meniscus.""]",NO,[],KEEP,PASS,PASS,PASS,PASS,PASS,PASS,PASS,GPT-6.1 Sol independent text reviewer A,外侧半月板完整，支持阴性。
1.2.826.0.1.3680043.8.498.19124879088354547836118593585646705198,Medial OA,5f3a45d54f2cee7d1d0c583d4f12852990efa707313cc3d34aa7202cd2ea1418,ABSENT,"[""Intact voorkomen van het mediaal femorotibiaal kraakbeen.""]",NO,[],KEEP,PASS,PASS,PASS,PASS,PASS,PASS,PASS,GPT-6.1 Sol independent text reviewer A,内侧胫股软骨完整，全面阴性有直接支持。
1.2.826.0.1.3680043.8.498.19124879088354547836118593585646705198,Lateral OA,5f3a45d54f2cee7d1d0c583d4f12852990efa707313cc3d34aa7202cd2ea1418,ABSENT,"[""Intact voorkomen van het lateraal femorotibiaal kraakbeen.""]",NO,[],KEEP,PASS,PASS,PASS,PASS,PASS,PASS,PASS,GPT-6.1 Sol independent text reviewer A,外侧胫股软骨完整，全面阴性有直接支持。
1.2.826.0.1.3680043.8.498.19124879088354547836118593585646705198,PF OA,5f3a45d54f2cee7d1d0c583d4f12852990efa707313cc3d34aa7202cd2ea1418,PRESENT,"[""Sterk onregelmatige aflijning van het patellair kraakbeen met focaal kraakbeendefect aan de mediale zijde."",""Schuine fissurale doorloop van het kraakbeendefect naar laterocraniaal tot meer dan 50\\~% van de kraakbeendikte (graad 3).""]",UNKNOWN,"[""criteria_anatomy_severity_extent_or_timing_insufficient"",""llm_review:Cartilage defect extent is not measured; the approximately 10 mm threshold cannot be established.""]",KEEP,PASS,PASS,PASS,PASS,PASS,PASS,PASS,GPT-6.1 Sol independent text reviewer A,髌骨软骨裂隙明确超过50%厚度已记录，未给长度，UNKNOWN标准正确，未仅凭3级推断尺寸。
1.2.826.0.1.3680043.8.498.19124879088354547836118593585646705198,Effusion,5f3a45d54f2cee7d1d0c583d4f12852990efa707313cc3d34aa7202cd2ea1418,ABSENT,"[""Geen significante hydrops van het kniegewricht.""]",UNKNOWN,"[""llm_review:Qualified negative does not explicitly exclude all moderate or large distending effusions."",""negative_scope_insufficient""]",KEEP,PASS,PASS,PASS,PASS,PASS,PASS,PASS,GPT-6.1 Sol independent text reviewer A,无显著hydrops属于限定性否定，未填NONE或完整absence，标准UNKNOWN符合V5。
1.2.826.0.1.3680043.8.498.19124879088354547836118593585646705198,Synovitis,5f3a45d54f2cee7d1d0c583d4f12852990efa707313cc3d34aa7202cd2ea1418,NOT_MENTIONED,[],UNKNOWN,[],KEEP,PASS,PASS,PASS,PASS,PASS,PASS,PASS,GPT-6.1 Sol independent text reviewer A,髌下脂肪垫浸润与撞击不等于滑膜炎，保留未提及。
1.2.826.0.1.3680043.8.498.19124879088354547836118593585646705198,Baker's,5f3a45d54f2cee7d1d0c583d4f12852990efa707313cc3d34aa7202cd2ea1418,PRESENT,"[""Beperkte hoeveelheid vocht in de bursa semimembranosus gastrocnemius.""]",NO,"[""explicit_subthreshold_or_alternative""]",KEEP,PASS,PASS,PASS,PASS,PASS,PASS,PASS,GPT-6.1 Sol independent text reviewer A,半膜肌腓肠肌滑囊少量液体位置典型，保留小量候选NO，未扩大为中大量。
1.2.826.0.1.3680043.8.498.19124879088354547836118593585646705198,Contusion,5f3a45d54f2cee7d1d0c583d4f12852990efa707313cc3d34aa7202cd2ea1418,ABSENT,"[""Geen zones van botoedeem.""]",NO,[],KEEP,PASS,PASS,PASS,PASS,PASS,PASS,PASS,GPT-6.1 Sol independent text reviewer A,明确无骨水肿区域，无程度限定，支持骨挫伤阴性。
1.2.826.0.1.3680043.8.498.19124879088354547836118593585646705198,Fracture,5f3a45d54f2cee7d1d0c583d4f12852990efa707313cc3d34aa7202cd2ea1418,NOT_MENTIONED,[],UNKNOWN,[],KEEP,PASS,PASS,PASS,PASS,PASS,PASS,PASS,GPT-6.1 Sol independent text reviewer A,未明确骨折评估；无骨水肿没有扩成骨折阴性。
1.2.826.0.1.3680043.8.498.21584859831565112159503971937497384030,ACL,a1482c9453ac29877754a0011e893a73be54aae5e687ea6de57a7c0b368d0e7e,ABSENT,"[""Από τον έλεγχο, των µηνίσκων των χιαστών και πλαγίων συνδέσµων, του αρθρικού χόνδρου και του εκτατικού µηχανισµού δεν παρατηρούνται αξιόλογα ευρήµατα.""]",UNKNOWN,"[""llm_review:Qualified negative for the cruciate ligaments does not explicitly exclude all qualifying ACL tears."",""negative_scope_insufficient""]",KEEP,PASS,PASS,PASS,PASS,PASS,PASS,PASS,GPT-6.1 Sol independent text reviewer A,交叉韧带无值得注意所见属限定阴性，未补完整absence或NONE，标准UNKNOWN符合V5。
1.2.826.0.1.3680043.8.498.21584859831565112159503971937497384030,MCL,a1482c9453ac29877754a0011e893a73be54aae5e687ea6de57a7c0b368d0e7e,ABSENT,"[""Από τον έλεγχο, των µηνίσκων των χιαστών και πλαγίων συνδέσµων, του αρθρικού χόνδρου και του εκτατικού µηχανισµού δεν παρατηρούνται αξιόλογα ευρήµατα.""]",UNKNOWN,"[""llm_review:Qualified negative for the collateral ligaments does not explicitly exclude all qualifying MCL injuries."",""negative_scope_insufficient""]",KEEP,PASS,PASS,PASS,PASS,PASS,PASS,PASS,GPT-6.1 Sol independent text reviewer A,侧副韧带无值得注意所见保留限定范围，标准未知，未推断急性或全面阴性。
1.2.826.0.1.3680043.8.498.21584859831565112159503971937497384030,Medial Meniscus,a1482c9453ac29877754a0011e893a73be54aae5e687ea6de57a7c0b368d0e7e,ABSENT,"[""Από τον έλεγχο, των µηνίσκων των χιαστών και πλαγίων συνδέσµων, του αρθρικού χόνδρου και του εκτατικού µηχανισµού δεν παρατηρούνται αξιόλογα ευρήµατα.""]",UNKNOWN,"[""llm_review:Qualified negative for the menisci does not explicitly exclude every definite tear."",""negative_scope_insufficient""]",KEEP,PASS,PASS,PASS,PASS,PASS,PASS,PASS,GPT-6.1 Sol independent text reviewer A,半月板无值得注意所见未明确排除所有撕裂，内侧保留未知。
1.2.826.0.1.3680043.8.498.21584859831565112159503971937497384030,Lateral Meniscus,a1482c9453ac29877754a0011e893a73be54aae5e687ea6de57a7c0b368d0e7e,ABSENT,"[""Από τον έλεγχο, των µηνίσκων των χιαστών και πλαγίων συνδέσµων, του αρθρικού χόνδρου και του εκτατικού µηχανισµού δεν παρατηρούνται αξιόλογα ευρήµατα.""]",UNKNOWN,"[""llm_review:Qualified negative for the menisci does not explicitly exclude every definite tear."",""negative_scope_insufficient""]",KEEP,PASS,PASS,PASS,PASS,PASS,PASS,PASS,GPT-6.1 Sol independent text reviewer A,半月板限定阴性覆盖外侧评估，但未扩为完整absence，标准未知。
1.2.826.0.1.3680043.8.498.21584859831565112159503971937497384030,Medial OA,a1482c9453ac29877754a0011e893a73be54aae5e687ea6de57a7c0b368d0e7e,ABSENT,"[""Από τον έλεγχο, των µηνίσκων των χιαστών και πλαγίων συνδέσµων, του αρθρικού χόνδρου και του εκτατικού µηχανισµού δεν παρατηρούνται αξιόλογα ευρήµατα.""]",UNKNOWN,"[""anatomy_missing_or_wrong"",""llm_review:General qualified cartilage negative; compartment, depth and extent are not specified, and qualifying disease is not explicitly excluded."",""negative_scope_insufficient""]",MASK,PASS,PASS,PASS,PASS,PASS,PASS,PASS,GPT-6.1 Sol independent text reviewer A,软骨无值得注意所见泛称且限定，内侧定位未知合理，critical合同排除。
1.2.826.0.1.3680043.8.498.21584859831565112159503971937497384030,Lateral OA,a1482c9453ac29877754a0011e893a73be54aae5e687ea6de57a7c0b368d0e7e,ABSENT,"[""Από τον έλεγχο, των µηνίσκων των χιαστών και πλαγίων συνδέσµων, του αρθρικού χόνδρου και του εκτατικού µηχανισµού δεν παρατηρούνται αξιόλογα ευρήµατα.""]",UNKNOWN,"[""anatomy_missing_or_wrong"",""llm_review:General qualified cartilage negative; compartment, depth and extent are not specified, and qualifying disease is not explicitly excluded."",""negative_scope_insufficient""]",MASK,PASS,PASS,PASS,PASS,PASS,PASS,PASS,GPT-6.1 Sol independent text reviewer A,软骨泛称限定阴性未单列外侧，UNKNOWN忠实，critical合同排除。
1.2.826.0.1.3680043.8.498.21584859831565112159503971937497384030,PF OA,a1482c9453ac29877754a0011e893a73be54aae5e687ea6de57a7c0b368d0e7e,ABSENT,"[""Από τον έλεγχο, των µηνίσκων των χιαστών και πλαγίων συνδέσµων, του αρθρικού χόνδρου και του εκτατικού µηχανισµού δεν παρατηρούνται αξιόλογα ευρήµατα.""]",UNKNOWN,"[""anatomy_missing_or_wrong"",""llm_review:General qualified cartilage negative; compartment, depth and extent are not specified, and qualifying disease is not explicitly excluded."",""negative_scope_insufficient""]",MASK,PASS,PASS,PASS,PASS,PASS,PASS,PASS,GPT-6.1 Sol independent text reviewer A,泛称软骨无值得注意所见未单列髌股，未判全面阴性，critical合同排除。
1.2.826.0.1.3680043.8.498.21584859831565112159503971937497384030,Effusion,a1482c9453ac29877754a0011e893a73be54aae5e687ea6de57a7c0b368d0e7e,PRESENT,"[""Μικρή συλλογή υγρού παρατηρείται ενδαρθρικά""]",NO,"[""explicit_subthreshold_or_alternative""]",KEEP,PASS,PASS,PASS,PASS,PASS,PASS,PASS,GPT-6.1 Sol independent text reviewer A,小量关节液明确，低级NO合理。
1.2.826.0.1.3680043.8.498.21584859831565112159503971937497384030,Synovitis,a1482c9453ac29877754a0011e893a73be54aae5e687ea6de57a7c0b368d0e7e,NOT_MENTIONED,[],UNKNOWN,[],KEEP,PASS,PASS,PASS,PASS,PASS,PASS,PASS,GPT-6.1 Sol independent text reviewer A,两处滑膜皱襞显示不等于滑膜炎或病理增厚，保留未提及。
1.2.826.0.1.3680043.8.498.21584859831565112159503971937497384030,Baker's,a1482c9453ac29877754a0011e893a73be54aae5e687ea6de57a7c0b368d0e7e,NOT_MENTIONED,[],UNKNOWN,[],KEEP,PASS,PASS,PASS,PASS,PASS,PASS,PASS,GPT-6.1 Sol independent text reviewer A,未描述Baker囊肿，保留未提及。
1.2.826.0.1.3680043.8.498.21584859831565112159503971937497384030,Contusion,a1482c9453ac29877754a0011e893a73be54aae5e687ea6de57a7c0b368d0e7e,PRESENT,"[""Από τον έλεγχο του οστικού µυελού παρατηρείται καλοήθης υπερτροφία ιδίως εµφανής στην άπω µεταδιάφυση του µηριαίου και λιγότερο στην εγγύς µεταδιάφυση της κνήµης.""]",UNKNOWN,"[""criteria_anatomy_severity_extent_or_timing_insufficient"",""llm_review:Benign marrow hypertrophy is reported, not traumatic marrow edema; contusion criteria and timing are not established."",""timing_or_trauma_review""]",KEEP,PASS,PASS,PASS,PASS,PASS,PASS,PASS,GPT-6.1 Sol independent text reviewer A,股骨远端与胫骨近端良性骨髓增生已记录为候选；未推断创伤水肿、退变因果或骨折线，标准未知。
1.2.826.0.1.3680043.8.498.21584859831565112159503971937497384030,Fracture,a1482c9453ac29877754a0011e893a73be54aae5e687ea6de57a7c0b368d0e7e,NOT_MENTIONED,[],UNKNOWN,[],KEEP,PASS,PASS,PASS,PASS,PASS,PASS,PASS,GPT-6.1 Sol independent text reviewer A,未描述骨折评估，骨髓增生未补成骨折或阴性。
1.2.826.0.1.3680043.8.498.28628472249424790112957421215774036156,ACL,8297a3a495383056477c656b83d4c2cf2e809a9ffdba81f5dd66527d5049634f,ABSENT,"[""Ligamentos cruzados y colaterales dentro de límites normales.""]",NO,[],KEEP,PASS,PASS,PASS,PASS,PASS,PASS,PASS,GPT-6.1 Sol independent text reviewer A,交叉韧带正常，覆盖ACL阴性。
1.2.826.0.1.3680043.8.498.28628472249424790112957421215774036156,MCL,8297a3a495383056477c656b83d4c2cf2e809a9ffdba81f5dd66527d5049634f,ABSENT,"[""Ligamentos cruzados y colaterales dentro de límites normales.""]",NO,[],KEEP,PASS,PASS,PASS,PASS,PASS,PASS,PASS,GPT-6.1 Sol independent text reviewer A,侧副韧带正常，覆盖MCL阴性。
1.2.826.0.1.3680043.8.498.28628472249424790112957421215774036156,Medial Meniscus,8297a3a495383056477c656b83d4c2cf2e809a9ffdba81f5dd66527d5049634f,PRESENT,"[""Rotura horizontal oblicuo del cuerno posterior y cuerpo del menisco medial, sin desplazamiento\ncategóricos de segmentos."",""Rotura del menisco medial, no desplazado.""]",YES,"[""history_or_postoperative_scope_review"",""negation_scope_review""]",KEEP,PASS,PASS,PASS,PASS,PASS,PASS,PASS,GPT-6.1 Sol independent text reviewer A,内侧体部后角水平斜裂明确，无移位未否定撕裂，YES合理。
1.2.826.0.1.3680043.8.498.28628472249424790112957421215774036156,Lateral Meniscus,8297a3a495383056477c656b83d4c2cf2e809a9ffdba81f5dd66527d5049634f,PRESENT,"[""Aumento de señal central del cuerno posterior, cuerpo y parte del cuerno anterior del menisco\nlateral que contacta la superficie articular a nivel del cuerpo superan una rotura degenerativa\nmarginal."",""Rotura marginal del menisco lateral.""]",YES,"[""history_or_postoperative_scope_review""]",KEEP,PASS,PASS,PASS,PASS,PASS,PASS,PASS,GPT-6.1 Sol independent text reviewer A,外侧边缘退变性撕裂明确接触表面，未作为仅内部退变，YES合理。
1.2.826.0.1.3680043.8.498.28628472249424790112957421215774036156,Medial OA,8297a3a495383056477c656b83d4c2cf2e809a9ffdba81f5dd66527d5049634f,ABSENT,"[""Úlceras condrales superficiales de platillo tibial lateral. El resto de los cartílagos femorotibiales y\nde la tróclea femoral sin alteraciones.""]",NO,"[""side_or_compartment_scope_review""]",KEEP,PASS,PASS,PASS,PASS,PASS,PASS,PASS,GPT-6.1 Sol independent text reviewer A,除外侧胫骨平台浅病灶外其余胫股软骨正常，明确覆盖内侧阴性；病史gonartrosis未覆盖当前定位评估。
1.2.826.0.1.3680043.8.498.28628472249424790112957421215774036156,Lateral OA,8297a3a495383056477c656b83d4c2cf2e809a9ffdba81f5dd66527d5049634f,PRESENT,"[""Úlceras condrales superficiales de platillo tibial lateral."",""Condropatía lesiones grado 2 del platillo tibial lateral.""]",NO,"[""explicit_subthreshold_or_alternative"",""llm_review:Cartilage lesion dimensions are not reported.""]",KEEP,PASS,PASS,PASS,PASS,PASS,PASS,PASS,GPT-6.1 Sol independent text reviewer A,外侧胫骨平台浅表软骨溃疡已记录，低级NO不依赖未定义2级单独推断。
1.2.826.0.1.3680043.8.498.28628472249424790112957421215774036156,PF OA,8297a3a495383056477c656b83d4c2cf2e809a9ffdba81f5dd66527d5049634f,PRESENT,"[""Úlceras condrales focales de espesor total de la faceta\nlateral de la rótula con pequeña formación quística subcortical regional."",""Condropatía con lesión focal grado 4 de la faceta lateral de la rótula.""]",UNKNOWN,"[""criteria_anatomy_severity_extent_or_timing_insufficient"",""llm_review:Full-thickness cartilage loss is reported, but focal lesion dimensions are missing.""]",KEEP,PASS,PASS,PASS,PASS,PASS,PASS,PASS,GPT-6.1 Sol independent text reviewer A,髌骨外侧面全层损失明确支持深度，未提供范围长度，标准UNKNOWN。
1.2.826.0.1.3680043.8.498.28628472249424790112957421215774036156,Effusion,8297a3a495383056477c656b83d4c2cf2e809a9ffdba81f5dd66527d5049634f,PRESENT,"[""Mínimo derrame articular.""]",NO,"[""explicit_subthreshold_or_alternative""]",KEEP,PASS,PASS,PASS,PASS,PASS,PASS,PASS,GPT-6.1 Sol independent text reviewer A,仅极少量积液，低级NO正确。
1.2.826.0.1.3680043.8.498.28628472249424790112957421215774036156,Synovitis,8297a3a495383056477c656b83d4c2cf2e809a9ffdba81f5dd66527d5049634f,NOT_MENTIONED,[],UNKNOWN,[],KEEP,PASS,PASS,PASS,PASS,PASS,PASS,PASS,GPT-6.1 Sol independent text reviewer A,髂胫束与股骨髁间软组织水肿不等于滑膜炎，保留未提及。
1.2.826.0.1.3680043.8.498.28628472249424790112957421215774036156,Baker's,8297a3a495383056477c656b83d4c2cf2e809a9ffdba81f5dd66527d5049634f,ABSENT,"[""No hay quistes poplíteos.""]",NO,[],KEEP,PASS,PASS,PASS,PASS,PASS,PASS,PASS,GPT-6.1 Sol independent text reviewer A,明确无腘窝囊肿，支持阴性。
1.2.826.0.1.3680043.8.498.28628472249424790112957421215774036156,Contusion,8297a3a495383056477c656b83d4c2cf2e809a9ffdba81f5dd66527d5049634f,PRESENT,"[""No hay alteraciones en significativas de la médula ósea."",""Úlceras condrales focales de espesor total de la faceta\nlateral de la rótula con pequeña formación quística subcortical regional.""]",UNKNOWN,"[""criteria_anatomy_severity_extent_or_timing_insufficient"",""llm_review:A small subcortical cystic abnormality is reported, without explicit marrow edema or traumatic attribution."",""llm_review:The qualified marrow-negative statement does not exclude mild contusion; adjacent chondropathy does not establish the cause of the bone finding."",""negation_scope_review"",""timing_or_trauma_review""]",KEEP,PASS,PASS,PASS,PASS,PASS,PASS,PASS,GPT-6.1 Sol independent text reviewer A,髌骨局部皮质下小囊性异常及限定骨髓阴性均保留；未把邻近软骨病当退变因果或忽略骨候选，标准未知。
1.2.826.0.1.3680043.8.498.28628472249424790112957421215774036156,Fracture,8297a3a495383056477c656b83d4c2cf2e809a9ffdba81f5dd66527d5049634f,NOT_MENTIONED,[],UNKNOWN,[],KEEP,PASS,PASS,PASS,PASS,PASS,PASS,PASS,GPT-6.1 Sol independent text reviewer A,未明确骨折评估，囊性改变未自动当骨折。
1.2.826.0.1.3680043.8.498.32265622493980668732317541941196894795,ACL,5f23df9a99beff1eb3afb863153cd478b002c5eebc4f0fea243e2e0f18392e21,ABSENT,"[""Двете кръстни връзки се проследяват до залавните си места с правилна форма и сингален интензитет.""]",NO,[],KEEP,PASS,PASS,PASS,PASS,PASS,PASS,PASS,GPT-6.1 Sol independent text reviewer A,两交叉韧带至附着处形态信号正常，支持ACL阴性。
1.2.826.0.1.3680043.8.498.32265622493980668732317541941196894795,MCL,5f23df9a99beff1eb3afb863153cd478b002c5eebc4f0fea243e2e0f18392e21,PRESENT,"[""Едемни промени по хода на медиалния колатерален лигамент, като последният е със запазена цялост."",""Увреда на медиален колатерален лигамент - grade I.""]",NO,"[""explicit_subthreshold_or_alternative"",""llm_review:Injury timing is not explicitly stated; the reported grade I injury is subthreshold."",""timing_or_trauma_review""]",KEEP,PASS,PASS,PASS,PASS,PASS,PASS,PASS,GPT-6.1 Sol independent text reviewer A,MCL沿线水肿但完整且I级损伤明确，低级NO合理；皮下创伤未自动补韧带急性时效。
1.2.826.0.1.3680043.8.498.32265622493980668732317541941196894795,Medial Meniscus,5f23df9a99beff1eb3afb863153cd478b002c5eebc4f0fea243e2e0f18392e21,PRESENT,"[""Начални дегенеративни промени в задния рог на медиалния мениск, като последния е с нискостепенно повишен сигнален интензитет.""]",NO,"[""explicit_subthreshold_or_alternative"",""llm_review:Reported degeneration and low-grade signal alteration, without a definite tear diagnosis.""]",KEEP,PASS,PASS,PASS,PASS,PASS,PASS,PASS,GPT-6.1 Sol independent text reviewer A,内侧后角初期退变和低级信号已记录，前角正常未扩大到整个半月板，标准NO。
1.2.826.0.1.3680043.8.498.32265622493980668732317541941196894795,Lateral Meniscus,5f23df9a99beff1eb3afb863153cd478b002c5eebc4f0fea243e2e0f18392e21,ABSENT,"[""Нормално изобразяване на преден рог на медиален менискус и на латерален менискус.""]",NO,[],KEEP,PASS,PASS,PASS,PASS,PASS,PASS,PASS,GPT-6.1 Sol independent text reviewer A,外侧半月板明确正常，支持阴性。
1.2.826.0.1.3680043.8.498.32265622493980668732317541941196894795,Medial OA,5f23df9a99beff1eb3afb863153cd478b002c5eebc4f0fea243e2e0f18392e21,ABSENT,"[""Хрущялът покриващ ставните повърхности на костите и пателата е със запазена цялост.""]",NO,[],KEEP,PASS,PASS,PASS,PASS,PASS,PASS,PASS,GPT-6.1 Sol independent text reviewer A,覆盖各骨关节面的软骨完整，无局部限制，覆盖内侧损失阴性。
1.2.826.0.1.3680043.8.498.32265622493980668732317541941196894795,Lateral OA,5f23df9a99beff1eb3afb863153cd478b002c5eebc4f0fea243e2e0f18392e21,ABSENT,"[""Хрущялът покриващ ставните повърхности на костите и пателата е със запазена цялост.""]",NO,[],KEEP,PASS,PASS,PASS,PASS,PASS,PASS,PASS,GPT-6.1 Sol independent text reviewer A,全体关节面软骨完整覆盖外侧，未把髁间骨囊肿自动当软骨损失。
1.2.826.0.1.3680043.8.498.32265622493980668732317541941196894795,PF OA,5f23df9a99beff1eb3afb863153cd478b002c5eebc4f0fea243e2e0f18392e21,ABSENT,"[""Хрущялът покриващ ставните повърхности на костите и пателата е със запазена цялост.""]",NO,[],KEEP,PASS,PASS,PASS,PASS,PASS,PASS,PASS,GPT-6.1 Sol independent text reviewer A,原文明确包含髌骨软骨完整，髌股阴性有支持。
1.2.826.0.1.3680043.8.498.32265622493980668732317541941196894795,Effusion,5f23df9a99beff1eb3afb863153cd478b002c5eebc4f0fea243e2e0f18392e21,PRESENT,"[""МР данни за минимален ставен излив.""]",NO,"[""explicit_subthreshold_or_alternative""]",KEEP,PASS,PASS,PASS,PASS,PASS,PASS,PASS,GPT-6.1 Sol independent text reviewer A,极少量积液明确，低级NO正确。
1.2.826.0.1.3680043.8.498.32265622493980668732317541941196894795,Synovitis,5f23df9a99beff1eb3afb863153cd478b002c5eebc4f0fea243e2e0f18392e21,NOT_MENTIONED,[],UNKNOWN,[],KEEP,PASS,PASS,PASS,PASS,PASS,PASS,PASS,GPT-6.1 Sol independent text reviewer A,内侧皮下脂肪水肿不等于滑膜炎，未提及合理。
1.2.826.0.1.3680043.8.498.32265622493980668732317541941196894795,Baker's,5f23df9a99beff1eb3afb863153cd478b002c5eebc4f0fea243e2e0f18392e21,NOT_MENTIONED,[],UNKNOWN,[],KEEP,PASS,PASS,PASS,PASS,PASS,PASS,PASS,GPT-6.1 Sol independent text reviewer A,未描述Baker囊肿，保留未提及。
1.2.826.0.1.3680043.8.498.32265622493980668732317541941196894795,Contusion,5f23df9a99beff1eb3afb863153cd478b002c5eebc4f0fea243e2e0f18392e21,PRESENT,"[""Костите, формиращи лявата колянна става се изобразяват с хомогенна структура и сигнален интензитет."",""Единични малокалибрени субхондрални кисти под медиалната интеркондиларна еминенция.""]",UNKNOWN,"[""criteria_anatomy_severity_extent_or_timing_insufficient"",""llm_review:Focal subchondral cysts are reported despite otherwise homogeneous bone signal. No traumatic marrow edema or explicit cause of the cysts is stated; subcutaneous edema is not marrow edema."",""timing_or_trauma_review""]",KEEP,PASS,PASS,PASS,PASS,PASS,PASS,PASS,GPT-6.1 Sol independent text reviewer A,髁间隆起下小软骨下囊肿已保留骨候选，骨信号均匀未覆盖局灶；皮下创伤水肿不是骨髓水肿，原因与标准未知。
1.2.826.0.1.3680043.8.498.32265622493980668732317541941196894795,Fracture,5f23df9a99beff1eb3afb863153cd478b002c5eebc4f0fea243e2e0f18392e21,NOT_MENTIONED,[],UNKNOWN,[],KEEP,PASS,PASS,PASS,PASS,PASS,PASS,PASS,GPT-6.1 Sol independent text reviewer A,未明确骨折评估，骨信号均匀未强行填骨折陰性。
1.2.826.0.1.3680043.8.498.33957165685646407808982253731894148028,ACL,aad819103e1b558fba5c6fe68c2ab58cd5903017e3e2ae9dcdf29cc9fc94f43a,ABSENT,"[""Двете кръстни връзки се проследяват до залавните си места с правилна форма и сигнален интензитет.""]",NO,[],KEEP,PASS,PASS,PASS,PASS,PASS,PASS,PASS,GPT-6.1 Sol independent text reviewer A,两交叉韧带至附着处形态信号正常，支持ACL阴性。
1.2.826.0.1.3680043.8.498.33957165685646407808982253731894148028,MCL,aad819103e1b558fba5c6fe68c2ab58cd5903017e3e2ae9dcdf29cc9fc94f43a,ABSENT,"[""Двата колатерални лигамента са с правилна форма, хомогенна структура и сигнален интензитет до залавните им места.""]",NO,[],KEEP,PASS,PASS,PASS,PASS,PASS,PASS,PASS,GPT-6.1 Sol independent text reviewer A,两侧副韧带形态结构信号正常，覆盖MCL阴性。
1.2.826.0.1.3680043.8.498.33957165685646407808982253731894148028,Medial Meniscus,aad819103e1b558fba5c6fe68c2ab58cd5903017e3e2ae9dcdf29cc9fc94f43a,PRESENT,"[""МР данни за руптура на задния рог на медиалния мениск с наличие на коса хиперинтезна лезия достигаща ставната повърхност, както при руптура grade III."",""МР данни за увреда на заден рог на медиален менискус grade III.""]",YES,[],KEEP,PASS,PASS,PASS,PASS,PASS,PASS,PASS,GPT-6.1 Sol independent text reviewer A,内侧后角斜行高信号达关节面且明确撕裂，前角正常未覆盖后角病灶，YES合理。
1.2.826.0.1.3680043.8.498.33957165685646407808982253731894148028,Lateral Meniscus,aad819103e1b558fba5c6fe68c2ab58cd5903017e3e2ae9dcdf29cc9fc94f43a,ABSENT,"[""Нормално изобразяване на преден рог на медиален менискус и на латерален менискус.""]",NO,[],KEEP,PASS,PASS,PASS,PASS,PASS,PASS,PASS,GPT-6.1 Sol independent text reviewer A,外侧半月板明确正常，阴性成立。
1.2.826.0.1.3680043.8.498.33957165685646407808982253731894148028,Medial OA,aad819103e1b558fba5c6fe68c2ab58cd5903017e3e2ae9dcdf29cc9fc94f43a,ABSENT,"[""Ставният хрущял е съхранен, с хомогенна структура и сигнален интензитет, включително и хрущялът покриващ ставните повърхности на пателата.""]",NO,[],KEEP,PASS,PASS,PASS,PASS,PASS,PASS,PASS,GPT-6.1 Sol independent text reviewer A,全体关节软骨保持且结构信号均匀，覆盖内侧；半月板囊肿不是软骨病。
1.2.826.0.1.3680043.8.498.33957165685646407808982253731894148028,Lateral OA,aad819103e1b558fba5c6fe68c2ab58cd5903017e3e2ae9dcdf29cc9fc94f43a,ABSENT,"[""Ставният хрущял е съхранен, с хомогенна структура и сигнален интензитет, включително и хрущялът покриващ ставните повърхности на пателата.""]",NO,[],KEEP,PASS,PASS,PASS,PASS,PASS,PASS,PASS,GPT-6.1 Sol independent text reviewer A,总体软骨保持覆盖外侧，阴性支持完整。
1.2.826.0.1.3680043.8.498.33957165685646407808982253731894148028,PF OA,aad819103e1b558fba5c6fe68c2ab58cd5903017e3e2ae9dcdf29cc9fc94f43a,ABSENT,"[""Ставният хрущял е съхранен, с хомогенна структура и сигнален интензитет, включително и хрущялът покриващ ставните повърхности на пателата.""]",NO,[],KEEP,PASS,PASS,PASS,PASS,PASS,PASS,PASS,GPT-6.1 Sol independent text reviewer A,总体正常软骨描述明确包含髌骨关节面，髌股阴性成立。
1.2.826.0.1.3680043.8.498.33957165685646407808982253731894148028,Effusion,aad819103e1b558fba5c6fe68c2ab58cd5903017e3e2ae9dcdf29cc9fc94f43a,ABSENT,"[""Няма данни за ставен излив.""]",NO,[],KEEP,PASS,PASS,PASS,PASS,PASS,PASS,PASS,GPT-6.1 Sol independent text reviewer A,明确无关节积液，支持阴性。
1.2.826.0.1.3680043.8.498.33957165685646407808982253731894148028,Synovitis,aad819103e1b558fba5c6fe68c2ab58cd5903017e3e2ae9dcdf29cc9fc94f43a,NOT_MENTIONED,[],UNKNOWN,[],KEEP,PASS,PASS,PASS,PASS,PASS,PASS,PASS,GPT-6.1 Sol independent text reviewer A,未描述滑膜炎，保留未提及。
1.2.826.0.1.3680043.8.498.33957165685646407808982253731894148028,Baker's,aad819103e1b558fba5c6fe68c2ab58cd5903017e3e2ae9dcdf29cc9fc94f43a,NOT_MENTIONED,[],UNKNOWN,[],KEEP,PASS,PASS,PASS,PASS,PASS,PASS,PASS,GPT-6.1 Sol independent text reviewer A,14×22毫米囊肿明确与受损半月板相关、位于髁间窝邻后交叉韧带，不是已诊断Baker囊肿。
1.2.826.0.1.3680043.8.498.33957165685646407808982253731894148028,Contusion,aad819103e1b558fba5c6fe68c2ab58cd5903017e3e2ae9dcdf29cc9fc94f43a,ABSENT,"[""Костите формиращи лява колянна става се изобразяват с хомогенна структура и сигнален интензитет.""]",NO,[],KEEP,PASS,PASS,PASS,PASS,PASS,PASS,PASS,GPT-6.1 Sol independent text reviewer A,所有膝部骨结构及信号均匀且无局灶骨髓候选，支持骨挫伤阴性。
1.2.826.0.1.3680043.8.498.33957165685646407808982253731894148028,Fracture,aad819103e1b558fba5c6fe68c2ab58cd5903017e3e2ae9dcdf29cc9fc94f43a,ABSENT,"[""Костите формиращи лява колянна става се изобразяват с хомогенна структура и сигнален интензитет.""]",NO,[],KEEP,PASS,PASS,PASS,PASS,PASS,PASS,PASS,GPT-6.1 Sol independent text reviewer A,全部膝骨结构和信号均匀属于全面正常骨评估，无相反骨折候选，支持骨折阴性。
1.2.826.0.1.3680043.8.498.38717329577625255474350472405748992219,ACL,d1b3da4af876c01624208c18f4a9c4f89717a6abfa6f4576aaae4f1736f1797e,ABSENT,"[""ACL normal.""]",NO,[],KEEP,PASS,PASS,PASS,PASS,PASS,PASS,PASS,GPT-6.1 Sol independent text reviewer A,ACL正常明确阴性。
1.2.826.0.1.3680043.8.498.38717329577625255474350472405748992219,MCL,d1b3da4af876c01624208c18f4a9c4f89717a6abfa6f4576aaae4f1736f1797e,ABSENT,"[""MCL normal.""]",NO,[],KEEP,PASS,PASS,PASS,PASS,PASS,PASS,PASS,GPT-6.1 Sol independent text reviewer A,MCL正常明确阴性。
1.2.826.0.1.3680043.8.498.38717329577625255474350472405748992219,Medial Meniscus,d1b3da4af876c01624208c18f4a9c4f89717a6abfa6f4576aaae4f1736f1797e,PRESENT,"[""Degenerative rupture of both menisci.""]",YES,[],KEEP,PASS,PASS,PASS,PASS,PASS,PASS,PASS,GPT-6.1 Sol independent text reviewer A,两半月板退变性撕裂明确覆盖内侧，非仅内部退变，YES。
1.2.826.0.1.3680043.8.498.38717329577625255474350472405748992219,Lateral Meniscus,d1b3da4af876c01624208c18f4a9c4f89717a6abfa6f4576aaae4f1736f1797e,PRESENT,"[""Degenerative rupture of both menisci.""]",YES,[],KEEP,PASS,PASS,PASS,PASS,PASS,PASS,PASS,GPT-6.1 Sol independent text reviewer A,两半月板退变性撕裂覆盖外侧，YES。
1.2.826.0.1.3680043.8.498.38717329577625255474350472405748992219,Medial OA,d1b3da4af876c01624208c18f4a9c4f89717a6abfa6f4576aaae4f1736f1797e,PRESENT,"[""Incipient OA changes of all three compartments.""]",UNKNOWN,"[""criteria_anatomy_severity_extent_or_timing_insufficient"",""llm_review:Cartilage loss depth and extent are not specified.""]",KEEP,PASS,PASS,PASS,PASS,PASS,PASS,PASS,GPT-6.1 Sol independent text reviewer A,三间室早期OA覆盖内侧，未量化软骨损失深度范围，UNKNOWN合理。
1.2.826.0.1.3680043.8.498.38717329577625255474350472405748992219,Lateral OA,d1b3da4af876c01624208c18f4a9c4f89717a6abfa6f4576aaae4f1736f1797e,PRESENT,"[""Incipient OA changes of all three compartments.""]",UNKNOWN,"[""criteria_anatomy_severity_extent_or_timing_insufficient"",""llm_review:Cartilage loss depth and extent are not specified.""]",KEEP,PASS,PASS,PASS,PASS,PASS,PASS,PASS,GPT-6.1 Sol independent text reviewer A,三间室早期OA覆盖外侧，程度轻但无量化损失，保守UNKNOWN。
1.2.826.0.1.3680043.8.498.38717329577625255474350472405748992219,PF OA,d1b3da4af876c01624208c18f4a9c4f89717a6abfa6f4576aaae4f1736f1797e,PRESENT,"[""Incipient OA changes of all three compartments.""]",UNKNOWN,"[""criteria_anatomy_severity_extent_or_timing_insufficient"",""llm_review:Cartilage loss depth and extent are not specified.""]",KEEP,PASS,PASS,PASS,PASS,PASS,PASS,PASS,GPT-6.1 Sol independent text reviewer A,三间室OA涵盖髌股，未将早期诊断换算深度长度，UNKNOWN。
1.2.826.0.1.3680043.8.498.38717329577625255474350472405748992219,Effusion,d1b3da4af876c01624208c18f4a9c4f89717a6abfa6f4576aaae4f1736f1797e,ABSENT,"[""No effusion.""]",NO,[],KEEP,PASS,PASS,PASS,PASS,PASS,PASS,PASS,GPT-6.1 Sol independent text reviewer A,明确无积液，阴性成立。
1.2.826.0.1.3680043.8.498.38717329577625255474350472405748992219,Synovitis,d1b3da4af876c01624208c18f4a9c4f89717a6abfa6f4576aaae4f1736f1797e,NOT_MENTIONED,[],UNKNOWN,[],KEEP,PASS,PASS,PASS,PASS,PASS,PASS,PASS,GPT-6.1 Sol independent text reviewer A,未描述滑膜，保留未提及。
1.2.826.0.1.3680043.8.498.38717329577625255474350472405748992219,Baker's,d1b3da4af876c01624208c18f4a9c4f89717a6abfa6f4576aaae4f1736f1797e,ABSENT,"[""No baker's cyst.""]",NO,[],KEEP,PASS,PASS,PASS,PASS,PASS,PASS,PASS,GPT-6.1 Sol independent text reviewer A,明确无Baker囊肿，阴性成立。
1.2.826.0.1.3680043.8.498.38717329577625255474350472405748992219,Contusion,d1b3da4af876c01624208c18f4a9c4f89717a6abfa6f4576aaae4f1736f1797e,NOT_MENTIONED,[],UNKNOWN,[],KEEP,PASS,PASS,PASS,PASS,PASS,PASS,PASS,GPT-6.1 Sol independent text reviewer A,未描述骨髓异常，保留未提及，不从OA自动推断骨变化。
1.2.826.0.1.3680043.8.498.38717329577625255474350472405748992219,Fracture,d1b3da4af876c01624208c18f4a9c4f89717a6abfa6f4576aaae4f1736f1797e,NOT_MENTIONED,[],UNKNOWN,[],KEEP,PASS,PASS,PASS,PASS,PASS,PASS,PASS,GPT-6.1 Sol independent text reviewer A,未评估骨折，保留未知。
1.2.826.0.1.3680043.8.498.41990779875873214154237496750949660480,ACL,26c751946f2f839078c6fd72ff22ce9d8341640c7b5fef498d111eb408e5148d,NOT_MENTIONED,[],UNKNOWN,[],KEEP,PASS,PASS,PASS,PASS,PASS,PASS,PASS,GPT-6.1 Sol independent text reviewer A,未描述ACL，保留未知。
1.2.826.0.1.3680043.8.498.41990779875873214154237496750949660480,MCL,26c751946f2f839078c6fd72ff22ce9d8341640c7b5fef498d111eb408e5148d,NOT_MENTIONED,[],UNKNOWN,[],KEEP,PASS,PASS,PASS,PASS,PASS,PASS,PASS,GPT-6.1 Sol independent text reviewer A,未描述MCL，保留未知。
1.2.826.0.1.3680043.8.498.41990779875873214154237496750949660480,Medial Meniscus,26c751946f2f839078c6fd72ff22ce9d8341640c7b5fef498d111eb408e5148d,PRESENT,"[""Degeneración hialina del menisco interno sin signos claros de desgarro.""]",NO,"[""explicit_subthreshold_or_alternative"",""llm_review:Internal degeneration is reported without a definite tear; the qualified negative does not conclusively exclude a tear."",""negation_scope_review""]",KEEP,PASS,PASS,PASS,PASS,PASS,PASS,PASS,GPT-6.1 Sol independent text reviewer A,内侧仅诊断透明样内部退变，无明确撕裂候选；限定无清晰撕裂未填完整absence，内部退变标准NO合理。
1.2.826.0.1.3680043.8.498.41990779875873214154237496750949660480,Lateral Meniscus,26c751946f2f839078c6fd72ff22ce9d8341640c7b5fef498d111eb408e5148d,NOT_MENTIONED,[],UNKNOWN,[],KEEP,PASS,PASS,PASS,PASS,PASS,PASS,PASS,GPT-6.1 Sol independent text reviewer A,未描述外侧半月板，保留未知。
1.2.826.0.1.3680043.8.498.41990779875873214154237496750949660480,Medial OA,26c751946f2f839078c6fd72ff22ce9d8341640c7b5fef498d111eb408e5148d,NOT_MENTIONED,[],UNKNOWN,[],KEEP,PASS,PASS,PASS,PASS,PASS,PASS,PASS,GPT-6.1 Sol independent text reviewer A,未描述内侧胫股软骨，保留未提及。
1.2.826.0.1.3680043.8.498.41990779875873214154237496750949660480,Lateral OA,26c751946f2f839078c6fd72ff22ce9d8341640c7b5fef498d111eb408e5148d,NOT_MENTIONED,[],UNKNOWN,[],KEEP,PASS,PASS,PASS,PASS,PASS,PASS,PASS,GPT-6.1 Sol independent text reviewer A,髂胫束摩擦不等于外侧软骨损失，外侧OA未提及。
1.2.826.0.1.3680043.8.498.41990779875873214154237496750949660480,PF OA,26c751946f2f839078c6fd72ff22ce9d8341640c7b5fef498d111eb408e5148d,PRESENT,"[""Condropatía rotuliana.""]",UNKNOWN,"[""criteria_anatomy_severity_extent_or_timing_insufficient"",""llm_review:Patellar chondropathy is reported without cartilage loss depth, severity grade, or lesion extent.""]",KEEP,PASS,PASS,PASS,PASS,PASS,PASS,PASS,GPT-6.1 Sol independent text reviewer A,髌骨软骨病存在，无深度范围，标准未知。
1.2.826.0.1.3680043.8.498.41990779875873214154237496750949660480,Effusion,26c751946f2f839078c6fd72ff22ce9d8341640c7b5fef498d111eb408e5148d,NOT_MENTIONED,[],UNKNOWN,[],KEEP,PASS,PASS,PASS,PASS,PASS,PASS,PASS,GPT-6.1 Sol independent text reviewer A,未描述关节积液，保留未知。
1.2.826.0.1.3680043.8.498.41990779875873214154237496750949660480,Synovitis,26c751946f2f839078c6fd72ff22ce9d8341640c7b5fef498d111eb408e5148d,NOT_MENTIONED,[],UNKNOWN,[],KEEP,PASS,PASS,PASS,PASS,PASS,PASS,PASS,GPT-6.1 Sol independent text reviewer A,髂胫束摩擦不是直接滑膜炎，未提及合理。
1.2.826.0.1.3680043.8.498.41990779875873214154237496750949660480,Baker's,26c751946f2f839078c6fd72ff22ce9d8341640c7b5fef498d111eb408e5148d,NOT_MENTIONED,[],UNKNOWN,[],KEEP,PASS,PASS,PASS,PASS,PASS,PASS,PASS,GPT-6.1 Sol independent text reviewer A,未描述Baker，保留未知。
1.2.826.0.1.3680043.8.498.41990779875873214154237496750949660480,Contusion,26c751946f2f839078c6fd72ff22ce9d8341640c7b5fef498d111eb408e5148d,NOT_MENTIONED,[],UNKNOWN,[],KEEP,PASS,PASS,PASS,PASS,PASS,PASS,PASS,GPT-6.1 Sol independent text reviewer A,未描述骨髓异常，摩擦综合征未当骨挫伤。
1.2.826.0.1.3680043.8.498.41990779875873214154237496750949660480,Fracture,26c751946f2f839078c6fd72ff22ce9d8341640c7b5fef498d111eb408e5148d,NOT_MENTIONED,[],UNKNOWN,[],KEEP,PASS,PASS,PASS,PASS,PASS,PASS,PASS,GPT-6.1 Sol independent text reviewer A,未描述骨折，保留未知。
