StudyInstanceUID,category,report_hash,report_status,evidence,meets_criteria,audit_reasons,disposition,status_correct,evidence_correct,negation_correct,anatomy_correct,severity_correct,temporal_correct,criteria_correct,reviewer,notes
1.2.826.0.1.3680043.8.498.10459901081962705567398560859229437818,ACL,8eb4a7b364d4565c864d9db4c92fd9cb7314b6e7c527bb2e90af0dfb87a8f40a,PRESENT,"[""Complete loss of normal ACL with deformed residual distal ACL part is detected."",""Complete tear of ACL""]",YES,"[""llm_review:Injury timing is unspecified.""]",KEEP,PASS,PASS,PASS,PASS,PASS,PASS,PASS,GPT-6.1 Sol independent text reviewer B,新响应ACL完全裂与残留远端变形证据完整，SEVERE据complete tear，未补急性，YES合理。
1.2.826.0.1.3680043.8.498.10459901081962705567398560859229437818,MCL,8eb4a7b364d4565c864d9db4c92fd9cb7314b6e7c527bb2e90af0dfb87a8f40a,PRESENT,"[""Mild thickened hyperintense deep proximal MCL attached site"",""Old avulsion injury of  deep proximal MCL""]",UNKNOWN,"[""criteria_anatomy_severity_extent_or_timing_insufficient"",""history_or_postoperative_scope_review"",""llm_mapper_disagreement"",""llm_review:Old avulsion injury with current residual changes; tear grade is unspecified.""]",KEEP,PASS,PASS,PASS,PASS,PASS,PASS,PASS,GPT-6.1 Sol independent text reviewer B,MCL轻度增厚和旧撕脱明确当前残留慢性改变；急性事实false有Old证据，最终UNKNOWN及低权重0假设安全。
1.2.826.0.1.3680043.8.498.10459901081962705567398560859229437818,Medial Meniscus,8eb4a7b364d4565c864d9db4c92fd9cb7314b6e7c527bb2e90af0dfb87a8f40a,PRESENT,"[""Oblique vertical tear at posterior horn of the medial meniscus with small extension to the posterior root is noted.""]",YES,"[""history_or_postoperative_scope_review""]",KEEP,PASS,PASS,PASS,PASS,PASS,PASS,PASS,GPT-6.1 Sol independent text reviewer B,内侧后角斜垂直裂延至后根原文清楚，直接裂诊断支持YES，时效未写未造。
1.2.826.0.1.3680043.8.498.10459901081962705567398560859229437818,Lateral Meniscus,8eb4a7b364d4565c864d9db4c92fd9cb7314b6e7c527bb2e90af0dfb87a8f40a,PRESENT,"[""Oblique vertical tear at posterior horn of the lateral meniscus extended to posterior root is detected."",""Horizontal tear at posterior meniscal body is observed.""]",YES,"[""history_or_postoperative_scope_review"",""llm_review:The horizontal posterior-body tear is not explicitly assigned a meniscal side.""]",KEEP,PASS,PASS,PASS,PASS,PASS,PASS,PASS,GPT-6.1 Sol independent text reviewer B,外侧后角后根裂明确，后体水平裂未写侧别已注明；阳性来自明确外侧句而非无侧别句。
1.2.826.0.1.3680043.8.498.10459901081962705567398560859229437818,Medial OA,8eb4a7b364d4565c864d9db4c92fd9cb7314b6e7c527bb2e90af0dfb87a8f40a,NOT_MENTIONED,[],UNKNOWN,[],KEEP,PASS,PASS,PASS,PASS,PASS,PASS,PASS,GPT-6.1 Sol independent text reviewer B,没有内侧间室软骨描述；MCL旧撕脱及内侧半月板裂不能补OA，NMENT正确。
1.2.826.0.1.3680043.8.498.10459901081962705567398560859229437818,Lateral OA,8eb4a7b364d4565c864d9db4c92fd9cb7314b6e7c527bb2e90af0dfb87a8f40a,NOT_MENTIONED,[],UNKNOWN,[],KEEP,PASS,PASS,PASS,PASS,PASS,PASS,PASS,GPT-6.1 Sol independent text reviewer B,外侧骨挫伤及半月板裂不提供外侧OA证据，该间室软骨未评价，保留未知。
1.2.826.0.1.3680043.8.498.10459901081962705567398560859229437818,PF OA,8eb4a7b364d4565c864d9db4c92fd9cb7314b6e7c527bb2e90af0dfb87a8f40a,ABSENT,"[""PF joint and joint surface are preserved.""]",NO,[],KEEP,PASS,PASS,PASS,PASS,PASS,PASS,PASS,GPT-6.1 Sol independent text reviewer B,PF joint and joint surface preserved全面髌股关节面正常，完整absence事实及NO成立。
1.2.826.0.1.3680043.8.498.10459901081962705567398560859229437818,Effusion,8eb4a7b364d4565c864d9db4c92fd9cb7314b6e7c527bb2e90af0dfb87a8f40a,PRESENT,"[""Minimal joint effusion with fluid distended suprapatellar bursa is observed."",""Reactive joint effusion.""]",NO,"[""explicit_subthreshold_or_alternative""]",KEEP,PASS,PASS,PASS,PASS,PASS,PASS,PASS,GPT-6.1 Sol independent text reviewer B,Minimal积液明确微量，髌上囊扩张仍不足中大量阈值；PRESENT和NO分开准确。
1.2.826.0.1.3680043.8.498.10459901081962705567398560859229437818,Synovitis,8eb4a7b364d4565c864d9db4c92fd9cb7314b6e7c527bb2e90af0dfb87a8f40a,NOT_MENTIONED,[],UNKNOWN,[],KEEP,PASS,PASS,PASS,PASS,PASS,PASS,PASS,GPT-6.1 Sol independent text reviewer B,Reactive joint effusion不是滑膜炎直接诊断，没有滑膜炎症或增厚，未提及正确。
1.2.826.0.1.3680043.8.498.10459901081962705567398560859229437818,Baker's,8eb4a7b364d4565c864d9db4c92fd9cb7314b6e7c527bb2e90af0dfb87a8f40a,NOT_MENTIONED,[],UNKNOWN,[],KEEP,PASS,PASS,PASS,PASS,PASS,PASS,PASS,GPT-6.1 Sol independent text reviewer B,未描述Baker或腘窝囊肿，不能由髌上囊液体推断此类。
1.2.826.0.1.3680043.8.498.10459901081962705567398560859229437818,Contusion,8eb4a7b364d4565c864d9db4c92fd9cb7314b6e7c527bb2e90af0dfb87a8f40a,PRESENT,"[""Mild bone contusion at mid lateral femoral condyle and lateral proximal tibia is observed.""]",YES,"[""llm_review:Contusion timing is unspecified."",""timing_or_trauma_review""]",KEEP,PASS,PASS,PASS,PASS,PASS,PASS,PASS,GPT-6.1 Sol independent text reviewer B,明确mild bone contusion并No fracture，骨挫伤可阳性不受轻度量阈值限制，部位及事实支持YES。
1.2.826.0.1.3680043.8.498.10459901081962705567398560859229437818,Fracture,8eb4a7b364d4565c864d9db4c92fd9cb7314b6e7c527bb2e90af0dfb87a8f40a,ABSENT,"[""No fracture is detected."",""Old avulsion injury of  deep proximal MCL""]",NO,"[""history_or_postoperative_scope_review"",""llm_review:A medial femoral condyle fragment is attributed to an old MCL avulsion, not a current acute fracture.""]",KEEP,PASS,PASS,PASS,PASS,PASS,PASS,PASS,GPT-6.1 Sol independent text reviewer B,No fracture为当前全面否定，碎片归于旧MCL撕脱单独说明，没有将既往损伤升级急性，NO合理。
1.2.826.0.1.3680043.8.498.10207134048598925821261298801127950516,ACL,12c52bf5b530341daf9b99c3ee7e8b80b12d148a91ee14c6c8fc8925cb3f6af1,ABSENT,"[""Autrement le ligament croisé antérieur, le ligament croisé postérieur, le ménisque interne, le ménisque externe, le mécanisme des extenseurs, le ligament collatéral interne, le semi-membraneux, le muscle et tendon du poplité, le biceps femoris distal, le ligament collatéral externe et la bandelette ilio-tibiale sont sans particularité.""]",NO,"[""history_or_postoperative_scope_review""]",KEEP,PASS,PASS,PASS,PASS,PASS,PASS,PASS,GPT-6.1 Sol independent text reviewer B,新响应引述正常结构完整清单，ACL sans particularité受共同谓语覆盖，NO准确；后交叉词非病史。
1.2.826.0.1.3680043.8.498.10207134048598925821261298801127950516,MCL,12c52bf5b530341daf9b99c3ee7e8b80b12d148a91ee14c6c8fc8925cb3f6af1,ABSENT,"[""Autrement le ligament croisé antérieur, le ligament croisé postérieur, le ménisque interne, le ménisque externe, le mécanisme des extenseurs, le ligament collatéral interne, le semi-membraneux, le muscle et tendon du poplité, le biceps femoris distal, le ligament collatéral externe et la bandelette ilio-tibiale sont sans particularité.""]",NO,"[""history_or_postoperative_scope_review""]",KEEP,PASS,PASS,PASS,PASS,PASS,PASS,PASS,GPT-6.1 Sol independent text reviewer B,内侧副韧带明确包含于无异常清单，正常程度和全面否定符合原文。
1.2.826.0.1.3680043.8.498.10207134048598925821261298801127950516,Medial Meniscus,12c52bf5b530341daf9b99c3ee7e8b80b12d148a91ee14c6c8fc8925cb3f6af1,ABSENT,"[""Autrement le ligament croisé antérieur, le ligament croisé postérieur, le ménisque interne, le ménisque externe, le mécanisme des extenseurs, le ligament collatéral interne, le semi-membraneux, le muscle et tendon du poplité, le biceps femoris distal, le ligament collatéral externe et la bandelette ilio-tibiale sont sans particularité.""]",NO,"[""history_or_postoperative_scope_review"",""side_or_compartment_scope_review""]",KEEP,PASS,PASS,PASS,PASS,PASS,PASS,PASS,GPT-6.1 Sol independent text reviewer B,ménisque interne正常列举，虽然长句含外側词，但内侧受正常共同谓语覆盖，不是侧别冲突。
1.2.826.0.1.3680043.8.498.10207134048598925821261298801127950516,Lateral Meniscus,12c52bf5b530341daf9b99c3ee7e8b80b12d148a91ee14c6c8fc8925cb3f6af1,ABSENT,"[""Autrement le ligament croisé antérieur, le ligament croisé postérieur, le ménisque interne, le ménisque externe, le mécanisme des extenseurs, le ligament collatéral interne, le semi-membraneux, le muscle et tendon du poplité, le biceps femoris distal, le ligament collatéral externe et la bandelette ilio-tibiale sont sans particularité.""]",NO,"[""history_or_postoperative_scope_review"",""side_or_compartment_scope_review""]",KEEP,PASS,PASS,PASS,PASS,PASS,PASS,PASS,GPT-6.1 Sol independent text reviewer B,ménisque externe也单独列举正常，未从内侧否定跨推外侧；NO直接受原文支持。
1.2.826.0.1.3680043.8.498.10207134048598925821261298801127950516,Medial OA,12c52bf5b530341daf9b99c3ee7e8b80b12d148a91ee14c6c8fc8925cb3f6af1,ABSENT,"[""Le cartilage articulaire est préservé.""]",NO,[],KEEP,PASS,PASS,PASS,PASS,PASS,PASS,PASS,GPT-6.1 Sol independent text reviewer B,关节软骨préservé为全局无局部深度限定的正常描述，内侧正常NO合理。
1.2.826.0.1.3680043.8.498.10207134048598925821261298801127950516,Lateral OA,12c52bf5b530341daf9b99c3ee7e8b80b12d148a91ee14c6c8fc8925cb3f6af1,ABSENT,"[""Le cartilage articulaire est préservé.""]",NO,[],KEEP,PASS,PASS,PASS,PASS,PASS,PASS,PASS,GPT-6.1 Sol independent text reviewer B,同一全局软骨正常覆盖外侧，无泛称OA被扩为阳性的问题，NO合理。
1.2.826.0.1.3680043.8.498.10207134048598925821261298801127950516,PF OA,12c52bf5b530341daf9b99c3ee7e8b80b12d148a91ee14c6c8fc8925cb3f6af1,ABSENT,"[""Le cartilage articulaire est préservé.""]",NO,[],KEEP,PASS,PASS,PASS,PASS,PASS,PASS,PASS,GPT-6.1 Sol independent text reviewer B,软骨全局完整且无相反髌股发现，髌股全面否定成立，canonical结构不虚构局部病变。
1.2.826.0.1.3680043.8.498.10207134048598925821261298801127950516,Effusion,12c52bf5b530341daf9b99c3ee7e8b80b12d148a91ee14c6c8fc8925cb3f6af1,ABSENT,"[""Il n'y a pas d'épanchement significatif ou de kyste poplité.""]",UNKNOWN,"[""llm_review:Qualified negative 'épanchement significatif' does not explicitly exclude all qualifying effusion grades."",""negative_scope_insufficient""]",KEEP,PASS,PASS,PASS,PASS,PASS,PASS,PASS,GPT-6.1 Sol independent text reviewer B,新响应对无significatif积液保留限定文字、UNSPECIFIED和null absence，最终UNKNOWN/mask0属允许的保守排除。
1.2.826.0.1.3680043.8.498.10207134048598925821261298801127950516,Synovitis,12c52bf5b530341daf9b99c3ee7e8b80b12d148a91ee14c6c8fc8925cb3f6af1,NOT_MENTIONED,[],UNKNOWN,[],KEEP,PASS,PASS,PASS,PASS,PASS,PASS,PASS,GPT-6.1 Sol independent text reviewer B,未直接描述滑膜炎症或增厚，结论无异常不被泛扩到所有类别，NMENT正确。
1.2.826.0.1.3680043.8.498.10207134048598925821261298801127950516,Baker's,12c52bf5b530341daf9b99c3ee7e8b80b12d148a91ee14c6c8fc8925cb3f6af1,ABSENT,"[""Il n'y a pas d'épanchement significatif ou de kyste poplité.""]",NO,[],KEEP,PASS,PASS,PASS,PASS,PASS,PASS,PASS,GPT-6.1 Sol independent text reviewer B,否定句kyste poplité无significatif限定，明确无腘窝囊肿支持Baker完整absence与NO。
1.2.826.0.1.3680043.8.498.10207134048598925821261298801127950516,Contusion,12c52bf5b530341daf9b99c3ee7e8b80b12d148a91ee14c6c8fc8925cb3f6af1,ABSENT,"[""Le signal de la moelle osseuse est normal.""]",NO,[],KEEP,PASS,PASS,PASS,PASS,PASS,PASS,PASS,GPT-6.1 Sol independent text reviewer B,Le signal de moelle osseuse est normal为完整骨髓正常，不含significant限定，Contusion NO有支持。
1.2.826.0.1.3680043.8.498.10207134048598925821261298801127950516,Fracture,12c52bf5b530341daf9b99c3ee7e8b80b12d148a91ee14c6c8fc8925cb3f6af1,NOT_MENTIONED,[],UNKNOWN,[],KEEP,PASS,PASS,PASS,PASS,PASS,PASS,PASS,GPT-6.1 Sol independent text reviewer B,未直接骨折或皮质描述，骨髓正常未硬推无所有骨折，保持未提及未知。
1.2.826.0.1.3680043.8.498.11040296449332764126530525726037541310,ACL,884f5518830d1c33d13bbd66d13fa5e4a6105936bfdea087e156c1817a407ddd,PRESENT,"[""VKB distal ausgeprägt mukoid mit deutlicher Elongation ventral in die Notch sowie mit begleitenden Zysten und Knochenödem in der ventralen und mittleren Eminentia interkondylaris.""]",NO,"[""explicit_subthreshold_or_alternative"",""llm_review:Mucoid alteration and elongation are described, not a high-grade tear.""]",KEEP,PASS,PASS,PASS,PASS,PASS,PASS,PASS,GPT-6.1 Sol independent text reviewer B,新响应VKB显著黏液变及延长无高级别裂诊断，PRESENT保存退变、NO映亚阈值正确。
1.2.826.0.1.3680043.8.498.11040296449332764126530525726037541310,MCL,884f5518830d1c33d13bbd66d13fa5e4a6105936bfdea087e156c1817a407ddd,ABSENT,"[""HKB und Kollateralbänder intakt.""]",NO,[],KEEP,PASS,PASS,PASS,PASS,PASS,PASS,PASS,GPT-6.1 Sol independent text reviewer B,Kollateralbänder intakt覆盖MCL完整，全面absence与NO有直接证据。
1.2.826.0.1.3680043.8.498.11040296449332764126530525726037541310,Medial Meniscus,884f5518830d1c33d13bbd66d13fa5e4a6105936bfdea087e156c1817a407ddd,PRESENT,"[""Innenmeniskus deutlich mukoide mit horizontaler Rissbildung Pars intermedia und Hinterhorn links bzw. nach ventral umgeschlagenem Lappenriss aus der Pars intermedia (3/86).""]",YES,[],KEEP,PASS,PASS,PASS,PASS,PASS,PASS,PASS,GPT-6.1 Sol independent text reviewer B,Innenmeniskus体部后角水平裂及前翻瓣状裂确诊，侧别准确，YES成立。
1.2.826.0.1.3680043.8.498.11040296449332764126530525726037541310,Lateral Meniscus,884f5518830d1c33d13bbd66d13fa5e4a6105936bfdea087e156c1817a407ddd,PRESENT,"[""Außenmeniskus gering extrudiert und mukoid signalalteriert bei aufgefaserter Hinterhornwurzel.""]",UNKNOWN,"[""criteria_anatomy_severity_extent_or_timing_insufficient"",""llm_review:Root fraying is described without a definite tear diagnosis; degeneration-only status is uncertain.""]",KEEP,PASS,PASS,PASS,PASS,PASS,PASS,PASS,GPT-6.1 Sol independent text reviewer B,外側半月板外突黏液信号及后根毛糙被保存PRESENT，缺确诊裂保守UNKNOWN/mask0正确。
1.2.826.0.1.3680043.8.498.11040296449332764126530525726037541310,Medial OA,884f5518830d1c33d13bbd66d13fa5e4a6105936bfdea087e156c1817a407ddd,PRESENT,"[""Oberflächliche, zum Rand hin progrediente Chondropathie auch im medialen Gelenkkompartiment.""]",NO,"[""explicit_subthreshold_or_alternative"",""llm_review:Superficial cartilage disease; no measured extent.""]",KEEP,PASS,PASS,PASS,PASS,PASS,PASS,PASS,GPT-6.1 Sol independent text reviewer B,内侧Oberflächliche表浅软骨病直接亚阈值，原文范围非毫米不虚构，NO合理。
1.2.826.0.1.3680043.8.498.11040296449332764126530525726037541310,Lateral OA,884f5518830d1c33d13bbd66d13fa5e4a6105936bfdea087e156c1817a407ddd,PRESENT,"[""Teils vollschichtige Chondropathie femorotibial lateral, führend in der dorsalen Belastungszone, mit fokal subchondraler Stressreaktion tibial.""]",UNKNOWN,"[""criteria_anatomy_severity_extent_or_timing_insufficient"",""llm_review:Full-thickness cartilage disease is reported, but qualifying extent is unspecified.""]",KEEP,PASS,PASS,PASS,PASS,PASS,PASS,PASS,GPT-6.1 Sol independent text reviewer B,外侧股胫部分全层软骨病满足深度，但负重后区不是定量长度，UNKNOWN合理。
1.2.826.0.1.3680043.8.498.11040296449332764126530525726037541310,PF OA,884f5518830d1c33d13bbd66d13fa5e4a6105936bfdea087e156c1817a407ddd,PRESENT,"[""Fokal vollschichtige Chondropathie mit subchondraler Zysten- und Ödembildung am Patellafirst.""]",UNKNOWN,"[""criteria_anatomy_severity_extent_or_timing_insufficient"",""llm_review:Full-thickness cartilage disease is reported, but qualifying extent is unspecified.""]",KEEP,PASS,PASS,PASS,PASS,PASS,PASS,PASS,GPT-6.1 Sol independent text reviewer B,髌骨嵴局灶全层软骨病及囊肿水肿保存，focal不是10mm证据，UNKNOWN正确。
1.2.826.0.1.3680043.8.498.11040296449332764126530525726037541310,Effusion,884f5518830d1c33d13bbd66d13fa5e4a6105936bfdea087e156c1817a407ddd,PRESENT,"[""Geringer Gelenkerguss""]",NO,"[""explicit_subthreshold_or_alternative""]",KEEP,PASS,PASS,PASS,PASS,PASS,PASS,PASS,GPT-6.1 Sol independent text reviewer B,Geringer小量积液明确，MILD且标准NO不等于无积液。
1.2.826.0.1.3680043.8.498.11040296449332764126530525726037541310,Synovitis,884f5518830d1c33d13bbd66d13fa5e4a6105936bfdea087e156c1817a407ddd,PRESENT,"[""Reizsynovialitis""]",YES,[],KEEP,PASS,PASS,PASS,PASS,PASS,PASS,PASS,GPT-6.1 Sol independent text reviewer B,Reizsynovialitis直接滑膜炎证据，YES非从积液补全。
1.2.826.0.1.3680043.8.498.11040296449332764126530525726037541310,Baker's,884f5518830d1c33d13bbd66d13fa5e4a6105936bfdea087e156c1817a407ddd,PRESENT,"[""deutlich Flüssigkeit gefüllte Baker-Zyste mit CC knapp 5 cm""]",UNKNOWN,"[""criteria_anatomy_severity_extent_or_timing_insufficient"",""llm_review:Numerical dimensions and fluid filling do not establish a moderate/large size grade without a stated convention.""]",KEEP,PASS,PASS,PASS,PASS,PASS,PASS,PASS,GPT-6.1 Sol independent text reviewer B,Baker近5cm头尾尺寸及充液程度保存，未按数值推中大量，UNKNOWN/mask0符合新约束。
1.2.826.0.1.3680043.8.498.11040296449332764126530525726037541310,Contusion,884f5518830d1c33d13bbd66d13fa5e4a6105936bfdea087e156c1817a407ddd,PRESENT,"[""Knochenödem in der ventralen und mittleren Eminentia interkondylaris"",""mit fokal subchondraler Stressreaktion tibial"",""Fokal vollschichtige Chondropathie mit subchondraler Zysten- und Ödembildung am Patellafirst.""]",UNKNOWN,"[""criteria_anatomy_severity_extent_or_timing_insufficient"",""llm_review:Multiple marrow abnormalities are described; traumatic etiology and absence of a fracture line are not established. Not all marrow findings are explicitly attributed to degeneration."",""timing_or_trauma_review""]",KEEP,PASS,PASS,PASS,PASS,PASS,PASS,PASS,GPT-6.1 Sol independent text reviewer B,新响应将髁间骨水肿、胫骨软骨下stress及髌嵴水肿全部保存PRESENT；创伤与全部退变因果未确证，UNKNOWN屏蔽正确。
1.2.826.0.1.3680043.8.498.11040296449332764126530525726037541310,Fracture,884f5518830d1c33d13bbd66d13fa5e4a6105936bfdea087e156c1817a407ddd,NOT_MENTIONED,[],UNKNOWN,[],KEEP,PASS,PASS,PASS,PASS,PASS,PASS,PASS,GPT-6.1 Sol independent text reviewer B,没有骨折诊断或明确否定，未把stress反应直接作骨折，NMENT未知正确。
1.2.826.0.1.3680043.8.498.11079556243110299049578981210837702995,ACL,be06c1283646e6bdbc04220ffcc238fbd7758c9b870cc68c6fb89294eb8f5361,PRESENT,"[""Uznapredovale degenerativne promjene prednjeg križnog ligamenta."",""U području distalne insercije je vidljiv fokalni hiperintenzitet koji može odgovarati manjoj intrasupstancijskoj rupturi.""]",UNKNOWN,"[""criteria_anatomy_severity_extent_or_timing_insufficient"",""llm_mapper_disagreement"",""llm_review:Advanced degeneration with a possible small intrasubstance tear; no definite high-grade tear is described.""]",KEEP,PASS,PASS,PASS,PASS,PASS,PASS,PASS,GPT-6.1 Sol independent text reviewer B,ACL退变明确且远端可能小型束内裂保留，未硬置高级别或急性；UNKNOWN低权重0.05是假设可接受。
1.2.826.0.1.3680043.8.498.11079556243110299049578981210837702995,MCL,be06c1283646e6bdbc04220ffcc238fbd7758c9b870cc68c6fb89294eb8f5361,ABSENT,"[""Lateralni i medijalni kolateralni ligamenti su primjerenih intenziteta signala, održanog kontinuiteta.""]",NO,[],KEEP,PASS,PASS,PASS,PASS,PASS,PASS,PASS,GPT-6.1 Sol independent text reviewer B,副韧带正常信号及连续性保持直接全面排除MCL损伤，NO合理。
1.2.826.0.1.3680043.8.498.11079556243110299049578981210837702995,Medial Meniscus,be06c1283646e6bdbc04220ffcc238fbd7758c9b870cc68c6fb89294eb8f5361,PRESENT,"[""U području stražnjeg dijela tijela te stražnjeg roga i korijena medijalnog meniska vidljivo je stanje po kompleksnoj rupturi na podlozi degenerativnih promjena.""]",UNKNOWN,"[""history_only_no_current_assessment"",""llm_review:The wording 'stanje po kompleksnoj rupturi' describes a state after a complex tear; whether a current residual tear is intended requires review. Surgery is not stated.""]",KEEP,PASS,PASS,PASS,PASS,PASS,PASS,PASS,GPT-6.1 Sol independent text reviewer B,内侧体后部后角根复杂裂后状态stanje po，当前残余裂有歧义，新响应HISTORY_ONLY及UNKNOWN屏蔽属保守允许。
1.2.826.0.1.3680043.8.498.11079556243110299049578981210837702995,Lateral Meniscus,be06c1283646e6bdbc04220ffcc238fbd7758c9b870cc68c6fb89294eb8f5361,ABSENT,"[""Lateralni menisk bez znakova rupture ili degeneracije.""]",NO,[],KEEP,PASS,PASS,PASS,PASS,PASS,PASS,PASS,GPT-6.1 Sol independent text reviewer B,外侧无裂或退变直接完整否定，ABSENT与NO符合原文。
1.2.826.0.1.3680043.8.498.11079556243110299049578981210837702995,Medial OA,be06c1283646e6bdbc04220ffcc238fbd7758c9b870cc68c6fb89294eb8f5361,PRESENT,"[""Reducirana je debljina hrskavice u medijalnom kompartmentu FT zgloba uz hondromalaciji I-II. stupnja.""]",NO,"[""explicit_subthreshold_or_alternative"",""llm_review:Low-grade chondromalacia is reported; cartilage-loss percentage and lesion extent are not supplied.""]",KEEP,PASS,PASS,PASS,PASS,PASS,PASS,PASS,GPT-6.1 Sol independent text reviewer B,内侧股胫软骨变薄I-II级低等级软化，MILD有文字，亚阈值NO合理。
1.2.826.0.1.3680043.8.498.11079556243110299049578981210837702995,Lateral OA,be06c1283646e6bdbc04220ffcc238fbd7758c9b870cc68c6fb89294eb8f5361,NOT_MENTIONED,[],UNKNOWN,[],KEEP,PASS,PASS,PASS,PASS,PASS,PASS,PASS,GPT-6.1 Sol independent text reviewer B,无外側软骨评价，内侧改变不跨推，NMENT保留UNKNOWN。
1.2.826.0.1.3680043.8.498.11079556243110299049578981210837702995,PF OA,be06c1283646e6bdbc04220ffcc238fbd7758c9b870cc68c6fb89294eb8f5361,NOT_MENTIONED,[],UNKNOWN,[],KEEP,PASS,PASS,PASS,PASS,PASS,PASS,PASS,GPT-6.1 Sol independent text reviewer B,髌支持带及腱连续性正常未评价髌股软骨，未提及PF OA正确。
1.2.826.0.1.3680043.8.498.11079556243110299049578981210837702995,Effusion,be06c1283646e6bdbc04220ffcc238fbd7758c9b870cc68c6fb89294eb8f5361,PRESENT,"[""Umjerena količina izljeva u suprapatelarnoj burzi, izraženije u lateralnom dijelu.""]",UNKNOWN,"[""criteria_anatomy_severity_extent_or_timing_insufficient"",""llm_review:Moderate suprapatellar effusion is reported, but joint distension is not explicitly described.""]",KEEP,PASS,PASS,PASS,PASS,PASS,PASS,PASS,GPT-6.1 Sol independent text reviewer B,Umjerena中量髌上积液被保留，未明扩张，不补joint_distension，UNKNOWN低权重合理。
1.2.826.0.1.3680043.8.498.11079556243110299049578981210837702995,Synovitis,be06c1283646e6bdbc04220ffcc238fbd7758c9b870cc68c6fb89294eb8f5361,NOT_MENTIONED,[],UNKNOWN,[],KEEP,PASS,PASS,PASS,PASS,PASS,PASS,PASS,GPT-6.1 Sol independent text reviewer B,未直接滑膜炎、增厚或炎症，中量积液不替代证据，未提及正确。
1.2.826.0.1.3680043.8.498.11079556243110299049578981210837702995,Baker's,be06c1283646e6bdbc04220ffcc238fbd7758c9b870cc68c6fb89294eb8f5361,ABSENT,"[""Manji izljev u burzi tetive m. semimembranosus, bez formirane poplitealne ciste.""]",NO,[],KEEP,PASS,PASS,PASS,PASS,PASS,PASS,PASS,GPT-6.1 Sol independent text reviewer B,半膜肌腱滑囊少液体且明确无形成腘窝囊肿，完整否定Baker符合当前量级标准。
1.2.826.0.1.3680043.8.498.11079556243110299049578981210837702995,Contusion,be06c1283646e6bdbc04220ffcc238fbd7758c9b870cc68c6fb89294eb8f5361,PRESENT,"[""Prikazane koštane strukture primjerene su morfologije, uz manje mrljaste zone reknverrzije koštane srži u distalnom femuru i proksimalnoj tibiji.""]",UNKNOWN,"[""criteria_anatomy_severity_extent_or_timing_insufficient"",""llm_mapper_disagreement"",""llm_review:The marrow candidate is described as reconversion, not traumatic marrow edema."",""timing_or_trauma_review""]",KEEP,PASS,PASS,PASS,PASS,PASS,PASS,PASS,GPT-6.1 Sol independent text reviewer B,新响应保存斑片骨髓再转化PRESENT并注明非创伤诊断，不误称水肿；无创伤因果事实，UNKNOWN低权重近零合理。
1.2.826.0.1.3680043.8.498.11079556243110299049578981210837702995,Fracture,be06c1283646e6bdbc04220ffcc238fbd7758c9b870cc68c6fb89294eb8f5361,NOT_MENTIONED,[],UNKNOWN,[],KEEP,PASS,PASS,PASS,PASS,PASS,PASS,PASS,GPT-6.1 Sol independent text reviewer B,骨形态正常无直接骨折评价，不将再转化或ACL信号当骨折，NMENT未知合理。
1.2.826.0.1.3680043.8.498.11498239309891927151456629915927889165,ACL,831f069954868964dc2aab96042dc6d940ff8bf3ce13ccfb85c4a3d96121aed0,ABSENT,"[""Intacte voorste kruisband.""]",NO,[],KEEP,PASS,PASS,PASS,PASS,PASS,PASS,PASS,GPT-6.1 Sol independent text reviewer B,前交叉Intacte完整，独立正常评价支持NO，11mm后交叉旁囊肿不影响ACL。
1.2.826.0.1.3680043.8.498.11498239309891927151456629915927889165,MCL,831f069954868964dc2aab96042dc6d940ff8bf3ce13ccfb85c4a3d96121aed0,ABSENT,"[""Intact mediaal collateraal ligament.""]",NO,[],KEEP,PASS,PASS,PASS,PASS,PASS,PASS,PASS,GPT-6.1 Sol independent text reviewer B,内侧副韧带Intact直接完整正常，外侧髂胫束周围水肿未跨归MCL。
1.2.826.0.1.3680043.8.498.11498239309891927151456629915927889165,Medial Meniscus,831f069954868964dc2aab96042dc6d940ff8bf3ce13ccfb85c4a3d96121aed0,ABSENT,"[""Intacte mediale meniscus.""]",NO,[],KEEP,PASS,PASS,PASS,PASS,PASS,PASS,PASS,GPT-6.1 Sol independent text reviewer B,内侧半月板完整有单句证据，非由外侧正常推断，NO正确。
1.2.826.0.1.3680043.8.498.11498239309891927151456629915927889165,Lateral Meniscus,831f069954868964dc2aab96042dc6d940ff8bf3ce13ccfb85c4a3d96121aed0,ABSENT,"[""Intacte laterale meniscus.""]",NO,[],KEEP,PASS,PASS,PASS,PASS,PASS,PASS,PASS,GPT-6.1 Sol independent text reviewer B,外侧半月板完整单独评价，notear否定范围充分。
1.2.826.0.1.3680043.8.498.11498239309891927151456629915927889165,Medial OA,831f069954868964dc2aab96042dc6d940ff8bf3ce13ccfb85c4a3d96121aed0,ABSENT,"[""Geen majeure kraakbeendefecten mediaal en lateraal femorotibiaal.""]",UNKNOWN,"[""llm_review:Qualified negative 'Geen majeure kraakbeendefecten' does not explicitly exclude all qualifying cartilage loss; depth and extent are unspecified."",""negative_scope_insufficient""]",KEEP,PASS,PASS,PASS,PASS,PASS,PASS,PASS,GPT-6.1 Sol independent text reviewer B,内侧Geen majeure缺损仅限定主要病变，新响应UNSPECIFIED及UNKNOWN/mask0正确。
1.2.826.0.1.3680043.8.498.11498239309891927151456629915927889165,Lateral OA,831f069954868964dc2aab96042dc6d940ff8bf3ce13ccfb85c4a3d96121aed0,ABSENT,"[""Geen majeure kraakbeendefecten mediaal en lateraal femorotibiaal.""]",UNKNOWN,"[""llm_review:Qualified negative 'Geen majeure kraakbeendefecten' does not explicitly exclude all qualifying cartilage loss; depth and extent are unspecified."",""negative_scope_insufficient""]",KEEP,PASS,PASS,PASS,PASS,PASS,PASS,PASS,GPT-6.1 Sol independent text reviewer B,外侧与内侧同时有限否定，但未补全面absence，保守UNKNOWN准确。
1.2.826.0.1.3680043.8.498.11498239309891927151456629915927889165,PF OA,831f069954868964dc2aab96042dc6d940ff8bf3ce13ccfb85c4a3d96121aed0,ABSENT,"[""Geen majeure kraakbeendefecten patellofemoraal.""]",UNKNOWN,"[""llm_review:Qualified negative 'Geen majeure kraakbeendefecten' does not explicitly exclude all qualifying cartilage loss; depth and extent are unspecified."",""negative_scope_insufficient""]",KEEP,PASS,PASS,PASS,PASS,PASS,PASS,PASS,GPT-6.1 Sol independent text reviewer B,髌股Geen majeure同样未定深度范围，未推全部软骨正常或程度NONE，UNKNOWN合理。
1.2.826.0.1.3680043.8.498.11498239309891927151456629915927889165,Effusion,831f069954868964dc2aab96042dc6d940ff8bf3ce13ccfb85c4a3d96121aed0,ABSENT,"[""Geen significante hydrops.""]",UNKNOWN,"[""llm_review:Qualified negative 'Geen significante hydrops' does not explicitly exclude moderate/large effusion or establish complete absence."",""negative_scope_insufficient""]",KEEP,PASS,PASS,PASS,PASS,PASS,PASS,PASS,GPT-6.1 Sol independent text reviewer B,无显著hydrops限定保留，不补NONE或完整absence，UNKNOWN/mask0安全。
1.2.826.0.1.3680043.8.498.11498239309891927151456629915927889165,Synovitis,831f069954868964dc2aab96042dc6d940ff8bf3ce13ccfb85c4a3d96121aed0,NOT_MENTIONED,[],UNKNOWN,[],KEEP,PASS,PASS,PASS,PASS,PASS,PASS,PASS,GPT-6.1 Sol independent text reviewer B,Hoffa正常及软组织水肿不直接评价滑膜炎，NMENT保留未知。
1.2.826.0.1.3680043.8.498.11498239309891927151456629915927889165,Baker's,831f069954868964dc2aab96042dc6d940ff8bf3ce13ccfb85c4a3d96121aed0,NOT_MENTIONED,[],UNKNOWN,[],KEEP,PASS,PASS,PASS,PASS,PASS,PASS,PASS,GPT-6.1 Sol independent text reviewer B,后交叉旁ganglion不是典型Baker部位，未误纳Baker，未知合理。
1.2.826.0.1.3680043.8.498.11498239309891927151456629915927889165,Contusion,831f069954868964dc2aab96042dc6d940ff8bf3ce13ccfb85c4a3d96121aed0,ABSENT,"[""Geen botoedeem.""]",NO,[],KEEP,PASS,PASS,PASS,PASS,PASS,PASS,PASS,GPT-6.1 Sol independent text reviewer B,Geen botoedeem无任何骨水肿非qualified否定，可完整排除挫伤性水肿，NO成立。
1.2.826.0.1.3680043.8.498.11498239309891927151456629915927889165,Fracture,831f069954868964dc2aab96042dc6d940ff8bf3ce13ccfb85c4a3d96121aed0,NOT_MENTIONED,[],UNKNOWN,[],KEEP,PASS,PASS,PASS,PASS,PASS,PASS,PASS,GPT-6.1 Sol independent text reviewer B,未描述骨折，骨水肿否定不扩展成无所有骨折，NMENT未知正确。
1.2.826.0.1.3680043.8.498.11569601172991867969672947467467392425,ACL,1c90d60254eb53fd47f5fd9e9604313b0008a14fdc0d02c6f2ce1c95af826ba8,ABSENT,"[""Anterior cruciate ligament (ACL): Normal with both bundles intact.""]",NO,[],KEEP,PASS,PASS,PASS,PASS,PASS,PASS,PASS,GPT-6.1 Sol independent text reviewer B,新响应ACL两束正常完整为全面否定，证据充分支持NO。
1.2.826.0.1.3680043.8.498.11569601172991867969672947467467392425,MCL,1c90d60254eb53fd47f5fd9e9604313b0008a14fdc0d02c6f2ce1c95af826ba8,PRESENT,"[""Mild to moderate sprain of the medial collateral ligament with focal thickening and heterogeneous signal intensity at the proximal fibers, and edema surrounding the mid to distal fibers.""]",NO,"[""explicit_subthreshold_or_alternative"",""llm_review:Sprain rather than a documented high-grade tear; acute timing is not explicitly stated."",""timing_or_trauma_review""]",KEEP,PASS,PASS,PASS,PASS,PASS,PASS,PASS,GPT-6.1 Sol independent text reviewer B,MCL轻中度sprain伴增厚周围水肿，PRESENT程度MODERATE与范围原文一致，缺高级别裂亚阈值NO合理。
1.2.826.0.1.3680043.8.498.11569601172991867969672947467467392425,Medial Meniscus,1c90d60254eb53fd47f5fd9e9604313b0008a14fdc0d02c6f2ce1c95af826ba8,PRESENT,"[""Complex medial meniscal tears including an oblique component at the posterior horn extending to the free edge."",""Tears at the undersurface of the body, with subluxation of the body into the medial gutter measuring 2 mm.""]",YES,"[""history_or_postoperative_scope_review""]",KEEP,PASS,PASS,PASS,PASS,PASS,PASS,PASS,GPT-6.1 Sol independent text reviewer B,内侧后角体部复杂裂及2mm半脱位原文完整，直接诊断支持YES。
1.2.826.0.1.3680043.8.498.11569601172991867969672947467467392425,Lateral Meniscus,1c90d60254eb53fd47f5fd9e9604313b0008a14fdc0d02c6f2ce1c95af826ba8,PRESENT,"[""Lateral meniscus: Mild intrasubstance heterogeneous signal intensity in the body without definite tear.""]",NO,"[""explicit_subthreshold_or_alternative"",""negation_scope_review""]",KEEP,PASS,PASS,PASS,PASS,PASS,PASS,PASS,GPT-6.1 Sol independent text reviewer B,新响应外侧束内轻微信号改变保存PRESENT，without definite tear及内部退变支持标准NO，状态分离正确。
1.2.826.0.1.3680043.8.498.11569601172991867969672947467467392425,Medial OA,1c90d60254eb53fd47f5fd9e9604313b0008a14fdc0d02c6f2ce1c95af826ba8,PRESENT,"[""Broad-based area of grade 4 chondrosis along the central the anterior weightbearing surface of the medial femoral condyle extending over 1.0 cm mediolateral dimension, and up to 1.9 cm anterior posterior dimension."",""Moderate to advanced medial compartment osteoarthritis with areas of to grade 4 chondrosis in the medial femoral condyle.""]",YES,"[""history_or_postoperative_scope_review""]",MASK,PASS,PASS,PASS,PASS,PASS,PASS,FAIL,GPT-6.1 Sol independent text reviewer B,内侧grade4 chondrosis及1.0×1.9cm病灶范围准确保存；常用明确分级体系可支持高等级深度，但该报告未明示体系或全层缺失，冻结prompt要求分级约定明确。不将grade4自动补成已确证>50%事实并高权重YES，criteria FAIL，MASK。
1.2.826.0.1.3680043.8.498.11569601172991867969672947467467392425,Lateral OA,1c90d60254eb53fd47f5fd9e9604313b0008a14fdc0d02c6f2ce1c95af826ba8,ABSENT,"[""Lateral compartment cartilage: No focal cartilage defects.""]",UNKNOWN,"[""llm_review:No focal cartilage defects is a limited negative and does not explicitly exclude diffuse qualifying cartilage loss."",""negative_scope_insufficient""]",KEEP,PASS,PASS,PASS,PASS,PASS,PASS,PASS,GPT-6.1 Sol independent text reviewer B,外侧No focal缺损只局灶否定，未扩成全部正常，UNSPECIFIED及UNKNOWN/mask0正确。
1.2.826.0.1.3680043.8.498.11569601172991867969672947467467392425,PF OA,1c90d60254eb53fd47f5fd9e9604313b0008a14fdc0d02c6f2ce1c95af826ba8,PRESENT,"[""Scattered areas of up to grade 2/3 chondrosis at the medial patellar facet measuring up to 0.5 cm mediolateral dimension."",""Grade 2/3 chondrosis in the medial trochlea."",""Moderate patellofemoral osteoarthritis with areas of grade 2/3 chondrosis.""]",UNKNOWN,"[""criteria_anatomy_severity_extent_or_timing_insufficient"",""llm_review:Grade 2/3 does not unambiguously establish greater than 50% thickness loss."",""llm_review:Reported patellar extent is 5 mm; trochlear extent is unspecified.""]",KEEP,PASS,PASS,PASS,PASS,PASS,PASS,PASS,GPT-6.1 Sol independent text reviewer B,髌股2/3级软骨病、髌侧5mm与滑车范围未知保存，未虚构深度范围，UNKNOWN正确。
1.2.826.0.1.3680043.8.498.11569601172991867969672947467467392425,Effusion,1c90d60254eb53fd47f5fd9e9604313b0008a14fdc0d02c6f2ce1c95af826ba8,PRESENT,"[""Moderate-to-large joint effusion.""]",YES,[],MASK,PASS,PASS,PASS,PASS,PASS,PASS,FAIL,GPT-6.1 Sol independent text reviewer B,中大量积液PRESENT及程度有直接原文；但joint_distension=true仅引用Moderate-to-large joint effusion，报告未写关节腔扩张。冻结标准同时要求扩张，不能凭程度补事实再高权重YES，应UNKNOWN，criteria FAIL、MASK。
1.2.826.0.1.3680043.8.498.11569601172991867969672947467467392425,Synovitis,1c90d60254eb53fd47f5fd9e9604313b0008a14fdc0d02c6f2ce1c95af826ba8,NOT_MENTIONED,[],UNKNOWN,[],KEEP,PASS,PASS,PASS,PASS,PASS,PASS,PASS,GPT-6.1 Sol independent text reviewer B,Hoffa与肌肉水肿非滑膜炎直接证据，NMENT保留UNKNOWN准确。
1.2.826.0.1.3680043.8.498.11569601172991867969672947467467392425,Baker's,1c90d60254eb53fd47f5fd9e9604313b0008a14fdc0d02c6f2ce1c95af826ba8,PRESENT,"[""Minute Baker's cyst.""]",NO,"[""explicit_subthreshold_or_alternative""]",KEEP,PASS,PASS,PASS,PASS,PASS,PASS,PASS,GPT-6.1 Sol independent text reviewer B,Minute Baker囊肿明确微小、部位命名充分，PRESENT与NO正确分离。
1.2.826.0.1.3680043.8.498.11569601172991867969672947467467392425,Contusion,1c90d60254eb53fd47f5fd9e9604313b0008a14fdc0d02c6f2ce1c95af826ba8,PRESENT,"[""Stress fracture of the medial tibial plateau measuring approximately 0.9 x 1.0 cm with surrounding marrow edema.""]",UNKNOWN,"[""criteria_anatomy_severity_extent_or_timing_insufficient"",""llm_mapper_disagreement"",""llm_review:Marrow edema is associated with the stress fracture at the same lesion, not a separately described traumatic contusion."",""timing_or_trauma_review""]",KEEP,PASS,PASS,PASS,PASS,PASS,PASS,PASS,GPT-6.1 Sol independent text reviewer B,新响应骨折周围骨髓水肿保存PRESENT、同病灶fracture_line事实直接有弧线低信号证据；不制造独立创伤骨挫伤，UNKNOWN低权重近零合理。
1.2.826.0.1.3680043.8.498.11569601172991867969672947467467392425,Fracture,1c90d60254eb53fd47f5fd9e9604313b0008a14fdc0d02c6f2ce1c95af826ba8,PRESENT,"[""There is a stress fracture of the medial tibial plateau with curvilinear low signal intensity in the subcortical bone measuring up to 1.0 cm anterior posterior by 0.9 cm mediolateral dimension with surrounding marrow edema.""]",UNKNOWN,"[""criteria_anatomy_severity_extent_or_timing_insufficient"",""history_or_postoperative_scope_review"",""llm_review:Current stress fracture is documented, but acute age is not explicitly established."",""timing_or_trauma_review""]",KEEP,PASS,PASS,PASS,PASS,PASS,PASS,PASS,GPT-6.1 Sol independent text reviewer B,应力骨折弧线及尺寸原文支持当前存在，急性年龄未明，不自行补acute，UNKNOWN/mask0正确。
1.2.826.0.1.3680043.8.498.11964826300307458382604479841253457304,ACL,5013a241c560fefcf72ac210e763c8124cad50d3bd6e4c458fdf13283ee56f45,PRESENT,"[""Предната кръстна връзка е със запазена цялост и се изобразява с повишен сигнален интензитет и лекостепенно задебелена, както при разтежение."",""Дегенеративни промени в задния рог на медиалния менискус и предната кръстна връзка.""]",NO,"[""explicit_subthreshold_or_alternative"",""llm_review:Strain and degeneration described; injury timing unspecified.""]",KEEP,PASS,PASS,PASS,PASS,PASS,PASS,PASS,GPT-6.1 Sol independent text reviewer B,ACL完整但轻增厚拉伤样及退变PRESENT，低等级NO未误作正常无异常。
1.2.826.0.1.3680043.8.498.11964826300307458382604479841253457304,MCL,5013a241c560fefcf72ac210e763c8124cad50d3bd6e4c458fdf13283ee56f45,ABSENT,"[""Задната кръстна връзка и двата колатерални лигамента се проследяват до залавните си места с правилна форма, хомогенна структура и сигнален интензитет.""]",NO,[],KEEP,PASS,PASS,PASS,PASS,PASS,PASS,PASS,GPT-6.1 Sol independent text reviewer B,两个侧副韧带正常形态结构信号至附着处，MCL完整否定合理。
1.2.826.0.1.3680043.8.498.11964826300307458382604479841253457304,Medial Meniscus,5013a241c560fefcf72ac210e763c8124cad50d3bd6e4c458fdf13283ee56f45,PRESENT,"[""Установяват се дегенеративни изменения в задния рог на медиалния менискус под формата на тънка хиперинтензна линия с хоризонтален ход.""]",NO,"[""explicit_subthreshold_or_alternative"",""llm_review:Degenerative intrameniscal signal described without a definite tear diagnosis.""]",KEEP,PASS,PASS,PASS,PASS,PASS,PASS,PASS,GPT-6.1 Sol independent text reviewer B,内侧后角细水平高信号明确退变，PRESENT及内部退变亚阈值NO正确。
1.2.826.0.1.3680043.8.498.11964826300307458382604479841253457304,Lateral Meniscus,5013a241c560fefcf72ac210e763c8124cad50d3bd6e4c458fdf13283ee56f45,ABSENT,"[""Латерален мениск - нормално изобразяване.""]",NO,[],KEEP,PASS,PASS,PASS,PASS,PASS,PASS,PASS,GPT-6.1 Sol independent text reviewer B,外侧半月板正常显像，独立部位与NO对应。
1.2.826.0.1.3680043.8.498.11964826300307458382604479841253457304,Medial OA,5013a241c560fefcf72ac210e763c8124cad50d3bd6e4c458fdf13283ee56f45,ABSENT,"[""Хрущялът, покриващ ставните повърхности на тибията и фемура е с нормална дебелина, хомогенна структура и сигнален интензитет.""]",NO,[],KEEP,PASS,PASS,PASS,PASS,PASS,PASS,PASS,GPT-6.1 Sol independent text reviewer B,股胫软骨正常厚度结构覆盖内侧，未受髌骨缺损误污染。
1.2.826.0.1.3680043.8.498.11964826300307458382604479841253457304,Lateral OA,5013a241c560fefcf72ac210e763c8124cad50d3bd6e4c458fdf13283ee56f45,ABSENT,"[""Хрущялът, покриващ ставните повърхности на тибията и фемура е с нормална дебелина, хомогенна структура и сигнален интензитет.""]",NO,[],KEEP,PASS,PASS,PASS,PASS,PASS,PASS,PASS,GPT-6.1 Sol independent text reviewer B,股胫全局正常也覆盖外侧，NO无局部否定扩张问题。
1.2.826.0.1.3680043.8.498.11964826300307458382604479841253457304,PF OA,5013a241c560fefcf72ac210e763c8124cad50d3bd6e4c458fdf13283ee56f45,PRESENT,"[""Вижда се малък дефект в хрущяла на пателата с микрокистична преустройка на нивото на дефекта по горния полюс на пателата на медиалната страна.""]",UNKNOWN,"[""criteria_anatomy_severity_extent_or_timing_insufficient"",""llm_review:Localized patellar cartilage defect; thickness loss and numerical extent unspecified.""]",KEEP,PASS,PASS,PASS,PASS,PASS,PASS,PASS,GPT-6.1 Sol independent text reviewer B,髌骨上内侧小软骨缺损及微囊改变保存，未给深度范围，UNKNOWN屏蔽合理。
1.2.826.0.1.3680043.8.498.11964826300307458382604479841253457304,Effusion,5013a241c560fefcf72ac210e763c8124cad50d3bd6e4c458fdf13283ee56f45,PRESENT,"[""МР данни за ставен излив."",""МР данни за малък ставен излив.""]",NO,"[""explicit_subthreshold_or_alternative""]",KEEP,PASS,PASS,PASS,PASS,PASS,PASS,PASS,GPT-6.1 Sol independent text reviewer B,结论少量积液补发现段，PRESENT/MILD与NO准确分离。
1.2.826.0.1.3680043.8.498.11964826300307458382604479841253457304,Synovitis,5013a241c560fefcf72ac210e763c8124cad50d3bd6e4c458fdf13283ee56f45,NOT_MENTIONED,[],UNKNOWN,[],KEEP,PASS,PASS,PASS,PASS,PASS,PASS,PASS,GPT-6.1 Sol independent text reviewer B,无滑膜直接炎症或增厚，软组织轻水肿不能补滑膜炎。
1.2.826.0.1.3680043.8.498.11964826300307458382604479841253457304,Baker's,5013a241c560fefcf72ac210e763c8124cad50d3bd6e4c458fdf13283ee56f45,ABSENT,"[""Фоса поплитеа – б.о.""]",UNKNOWN,"[""llm_review:Abbreviated unremarkable popliteal-fossa assessment; no explicit cyst-specific exclusion."",""negative_scope_insufficient""]",KEEP,PASS,PASS,PASS,PASS,PASS,PASS,PASS,GPT-6.1 Sol independent text reviewer B,腘窝б.о.简称正常但新响应不硬确证完整无Baker，UNKNOWN/mask0保守允许。
1.2.826.0.1.3680043.8.498.11964826300307458382604479841253457304,Contusion,5013a241c560fefcf72ac210e763c8124cad50d3bd6e4c458fdf13283ee56f45,PRESENT,"[""Костите, формиращи дясната колянна става се изобразяват с правилна форма, структура и сигнална характеристика."",""МР данни за костномозъчен едем в долната медиална половина на пателата."",""Дефект в хрущяла на пателата в горния полюс, с наличие на костномозъчен едем в долния медиален ръб.""]",UNKNOWN,"[""llm_review:Edema etiology and fracture-line exclusion unspecified; nearby cartilage damage does not establish causation."",""llm_review:General normal bone-signal statement conflicts with explicit patellar marrow edema."",""timing_or_trauma_review"",""unresolved_contradiction""]",MASK,PASS,PASS,PASS,PASS,PASS,PASS,PASS,GPT-6.1 Sol independent text reviewer B,明确髌骨下内侧骨髓水肿保存PRESENT；一般骨信号正常句也保留并标矛盾，旁侧软骨缺损不补全部退变因果。critical安全屏蔽，MASK无FAIL。
1.2.826.0.1.3680043.8.498.11964826300307458382604479841253457304,Fracture,5013a241c560fefcf72ac210e763c8124cad50d3bd6e4c458fdf13283ee56f45,ABSENT,"[""Костите, формиращи дясната колянна става се изобразяват с правилна форма, структура и сигнална характеристика.""]",UNKNOWN,"[""llm_review:General normal bone assessment, without explicit fracture-line or cortical-disruption exclusion; separately reported patellar edema warrants review."",""negative_scope_insufficient""]",KEEP,PASS,PASS,PASS,PASS,PASS,PASS,PASS,GPT-6.1 Sol independent text reviewer B,一般骨正常句与另述髌骨水肿不支持完整骨折排除，新响应UNSPECIFIED及UNKNOWN屏蔽合理。
1.2.826.0.1.3680043.8.498.11909779134152823550896593167929611759,ACL,190129b6834424d0cf456bedea657e45471c65a9c61cf66a623a91f75162ed2d,ABSENT,"[""∆εν αναγνωρίστηκαν παθολογικά ευρήµατα από τον έλεγχο των µηνίσκων, των χιαστών, των πλάγιων συνδέσµων.""]",NO,[],KEEP,PASS,PASS,PASS,PASS,PASS,PASS,PASS,GPT-6.1 Sol independent text reviewer B,希腊文交叉韧带组无病理发现覆盖ACL，全面否定而非局部级别限定，NO成立。
1.2.826.0.1.3680043.8.498.11909779134152823550896593167929611759,MCL,190129b6834424d0cf456bedea657e45471c65a9c61cf66a623a91f75162ed2d,ABSENT,"[""∆εν αναγνωρίστηκαν παθολογικά ευρήµατα από τον έλεγχο των µηνίσκων, των χιαστών, των πλάγιων συνδέσµων.""]",NO,[],KEEP,PASS,PASS,PASS,PASS,PASS,PASS,PASS,GPT-6.1 Sol independent text reviewer B,侧副韧带复数组无病理覆盖MCL，正常解剖和NONE程度有证据。
1.2.826.0.1.3680043.8.498.11909779134152823550896593167929611759,Medial Meniscus,190129b6834424d0cf456bedea657e45471c65a9c61cf66a623a91f75162ed2d,ABSENT,"[""∆εν αναγνωρίστηκαν παθολογικά ευρήµατα από τον έλεγχο των µηνίσκων, των χιαστών, των πλάγιων συνδέσµων.""]",NO,[],KEEP,PASS,PASS,PASS,PASS,PASS,PASS,PASS,GPT-6.1 Sol independent text reviewer B,半月板复数全部无病理含内侧，NO来自整体正常而非其他类推断。
1.2.826.0.1.3680043.8.498.11909779134152823550896593167929611759,Lateral Meniscus,190129b6834424d0cf456bedea657e45471c65a9c61cf66a623a91f75162ed2d,ABSENT,"[""∆εν αναγνωρίστηκαν παθολογικά ευρήµατα από τον έλεγχο των µηνίσκων, των χιαστών, των πλάγιων συνδέσµων.""]",NO,[],KEEP,PASS,PASS,PASS,PASS,PASS,PASS,PASS,GPT-6.1 Sol independent text reviewer B,同一复数评价包含外侧半月板，没有侧别病变跨映，NO正确。
1.2.826.0.1.3680043.8.498.11909779134152823550896593167929611759,Medial OA,190129b6834424d0cf456bedea657e45471c65a9c61cf66a623a91f75162ed2d,ABSENT,"[""Φυσιολογικός απεικονίζεται ο αρθρικός χόνδρος.""]",NO,[],KEEP,PASS,PASS,PASS,PASS,PASS,PASS,PASS,GPT-6.1 Sol independent text reviewer B,全局关节软骨Φυσιολογικός正常覆盖内侧，无局部损伤深度限定，NO合理。
1.2.826.0.1.3680043.8.498.11909779134152823550896593167929611759,Lateral OA,190129b6834424d0cf456bedea657e45471c65a9c61cf66a623a91f75162ed2d,ABSENT,"[""Φυσιολογικός απεικονίζεται ο αρθρικός χόνδρος.""]",NO,[],KEEP,PASS,PASS,PASS,PASS,PASS,PASS,PASS,GPT-6.1 Sol independent text reviewer B,外侧包含于全局关节软骨正常，不是由内側阳性或阴性共现补全，NO有支持。
1.2.826.0.1.3680043.8.498.11909779134152823550896593167929611759,PF OA,190129b6834424d0cf456bedea657e45471c65a9c61cf66a623a91f75162ed2d,ABSENT,"[""Φυσιολογικός απεικονίζεται ο αρθρικός χόνδρος.""]",NO,[],KEEP,PASS,PASS,PASS,PASS,PASS,PASS,PASS,GPT-6.1 Sol independent text reviewer B,髌股亦覆盖于全局正常软骨原文，无相反证据，完整absence合理。
1.2.826.0.1.3680043.8.498.11909779134152823550896593167929611759,Effusion,190129b6834424d0cf456bedea657e45471c65a9c61cf66a623a91f75162ed2d,ABSENT,"[""Χωρίς ενδαρθρική συλλογή υγρού.""]",NO,[],KEEP,PASS,PASS,PASS,PASS,PASS,PASS,PASS,GPT-6.1 Sol independent text reviewer B,明确无关节内液体，非无显著限定，NONE及NO均有直接支持。
1.2.826.0.1.3680043.8.498.11909779134152823550896593167929611759,Synovitis,190129b6834424d0cf456bedea657e45471c65a9c61cf66a623a91f75162ed2d,NOT_MENTIONED,[],UNKNOWN,[],KEEP,PASS,PASS,PASS,PASS,PASS,PASS,PASS,GPT-6.1 Sol independent text reviewer B,没有滑膜描述，不以无积液等同无滑膜炎，未提及正确。
1.2.826.0.1.3680043.8.498.11909779134152823550896593167929611759,Baker's,190129b6834424d0cf456bedea657e45471c65a9c61cf66a623a91f75162ed2d,NOT_MENTIONED,[],UNKNOWN,[],KEEP,PASS,PASS,PASS,PASS,PASS,PASS,PASS,GPT-6.1 Sol independent text reviewer B,未评价腘窝囊肿，未将所有其他结构正常扩成Baker否定。
1.2.826.0.1.3680043.8.498.11909779134152823550896593167929611759,Contusion,190129b6834424d0cf456bedea657e45471c65a9c61cf66a623a91f75162ed2d,ABSENT,"[""Με σήµα εντός του φυσιολογικού ελέγχεται ο οστικός µυελός.""]",NO,[],KEEP,PASS,PASS,PASS,PASS,PASS,PASS,PASS,GPT-6.1 Sol independent text reviewer B,骨髓信号正常范围完全正常否定水肿，Contusion NO充分。
1.2.826.0.1.3680043.8.498.11909779134152823550896593167929611759,Fracture,190129b6834424d0cf456bedea657e45471c65a9c61cf66a623a91f75162ed2d,NOT_MENTIONED,[],UNKNOWN,[],KEEP,PASS,PASS,PASS,PASS,PASS,PASS,PASS,GPT-6.1 Sol independent text reviewer B,未独立写骨折/皮质，不将正常骨髓当所有骨折阴性，未知保守。
1.2.826.0.1.3680043.8.498.12185615973620890770158935333033805789,ACL,8085cd6f10c012951efea38ca936860876215f07e6ac365db3e27e17ab9855f4,ABSENT,"[""Intercondylar compartment (anterior and posterior cruciate ligaments):\nNormal.""]",NO,"[""history_or_postoperative_scope_review""]",KEEP,PASS,PASS,PASS,PASS,PASS,PASS,PASS,GPT-6.1 Sol independent text reviewer B,髁间标题列前后交叉且Normal，ACL完整否定NO直接支持。
1.2.826.0.1.3680043.8.498.12185615973620890770158935333033805789,MCL,8085cd6f10c012951efea38ca936860876215f07e6ac365db3e27e17ab9855f4,ABSENT,"[""Medial compartment (meniscus, collateral ligament, cartilage):\nNormal.""]",NO,[],KEEP,PASS,PASS,PASS,PASS,PASS,PASS,PASS,GPT-6.1 Sol independent text reviewer B,内侧间室标题含副韧带且Normal，MCL完整正常有明确定位。
1.2.826.0.1.3680043.8.498.12185615973620890770158935333033805789,Medial Meniscus,8085cd6f10c012951efea38ca936860876215f07e6ac365db3e27e17ab9855f4,ABSENT,"[""Medial compartment (meniscus, collateral ligament, cartilage):\nNormal.""]",NO,[],KEEP,PASS,PASS,PASS,PASS,PASS,PASS,PASS,GPT-6.1 Sol independent text reviewer B,内侧标题含meniscus并正常，半月板NO并非来自结论疑似拼写句。
1.2.826.0.1.3680043.8.498.12185615973620890770158935333033805789,Lateral Meniscus,8085cd6f10c012951efea38ca936860876215f07e6ac365db3e27e17ab9855f4,ABSENT,"[""Lateral compartment (meniscus, collateral ligament complex, cartilage):\nNormal.""]",NO,[],KEEP,PASS,PASS,PASS,PASS,PASS,PASS,PASS,GPT-6.1 Sol independent text reviewer B,外侧标题含半月板并正常，侧别无跨推，NO成立。
1.2.826.0.1.3680043.8.498.12185615973620890770158935333033805789,Medial OA,8085cd6f10c012951efea38ca936860876215f07e6ac365db3e27e17ab9855f4,ABSENT,"[""Medial compartment (meniscus, collateral ligament, cartilage):\nNormal.""]",NO,[],KEEP,PASS,PASS,PASS,PASS,PASS,PASS,PASS,GPT-6.1 Sol independent text reviewer B,内侧间室软骨Normal无局部深度限定，NO有全范围正常支持。
1.2.826.0.1.3680043.8.498.12185615973620890770158935333033805789,Lateral OA,8085cd6f10c012951efea38ca936860876215f07e6ac365db3e27e17ab9855f4,ABSENT,"[""Lateral compartment (meniscus, collateral ligament complex, cartilage):\nNormal.""]",NO,[],KEEP,PASS,PASS,PASS,PASS,PASS,PASS,PASS,GPT-6.1 Sol independent text reviewer B,外侧软骨Normal同样完整否定，NO合理。
1.2.826.0.1.3680043.8.498.12185615973620890770158935333033805789,PF OA,8085cd6f10c012951efea38ca936860876215f07e6ac365db3e27e17ab9855f4,ABSENT,"[""Anterior compartment (extensor mechanism, cartilage, Hoffa's fat pad):\nNormal.""]",NO,[],KEEP,PASS,PASS,PASS,PASS,PASS,PASS,PASS,GPT-6.1 Sol independent text reviewer B,前间室软骨与伸膝结构Normal对应髌股正常，NO支持充分。
1.2.826.0.1.3680043.8.498.12185615973620890770158935333033805789,Effusion,8085cd6f10c012951efea38ca936860876215f07e6ac365db3e27e17ab9855f4,ABSENT,"[""No significant joint effusion.""]",UNKNOWN,"[""llm_review:Qualified negative 'No significant joint effusion' does not explicitly exclude all qualifying effusion."",""negative_scope_insufficient""]",KEEP,PASS,PASS,PASS,PASS,PASS,PASS,PASS,GPT-6.1 Sol independent text reviewer B,限定No significant积液新响应不补NONE或完整absence，UNKNOWN/mask0保守正确。
1.2.826.0.1.3680043.8.498.12185615973620890770158935333033805789,Synovitis,8085cd6f10c012951efea38ca936860876215f07e6ac365db3e27e17ab9855f4,NOT_MENTIONED,[],UNKNOWN,[],KEEP,PASS,PASS,PASS,PASS,PASS,PASS,PASS,GPT-6.1 Sol independent text reviewer B,没有滑膜直接炎症评价，其他正常不扩到滑膜类别，NMENT合理。
1.2.826.0.1.3680043.8.498.12185615973620890770158935333033805789,Baker's,8085cd6f10c012951efea38ca936860876215f07e6ac365db3e27e17ab9855f4,ABSENT,"[""No popliteal cyst.""]",NO,[],KEEP,PASS,PASS,PASS,PASS,PASS,PASS,PASS,GPT-6.1 Sol independent text reviewer B,No popliteal cyst直接完整否定腘窝囊肿，Baker NONE与NO成立。
1.2.826.0.1.3680043.8.498.12185615973620890770158935333033805789,Contusion,8085cd6f10c012951efea38ca936860876215f07e6ac365db3e27e17ab9855f4,ABSENT,"[""Bones:\nNormal.""]",NO,[],KEEP,PASS,PASS,PASS,PASS,PASS,PASS,PASS,GPT-6.1 Sol independent text reviewer B,Bones整体Normal未限定仅骨折或某程度，全面骨正常可排除创伤挫伤。
1.2.826.0.1.3680043.8.498.12185615973620890770158935333033805789,Fracture,8085cd6f10c012951efea38ca936860876215f07e6ac365db3e27e17ab9855f4,ABSENT,"[""Bones:\nNormal.""]",NO,[],KEEP,PASS,PASS,PASS,PASS,PASS,PASS,PASS,GPT-6.1 Sol independent text reviewer B,Bones整体Normal也包括骨折全结构正常，非只骨髓阴性，完整absence及NO合理。
1.2.826.0.1.3680043.8.498.15399233309269178192583032682669258885,ACL,fb2752505d04fafb7ea621ea7c1a98cd533d763ba784ec2b8a2807dca39faf7d,ABSENT,"[""Нормално изобразяване на предната кръстна и задната кръстна връзка.""]",NO,[],KEEP,PASS,PASS,PASS,PASS,PASS,PASS,PASS,GPT-6.1 Sol independent text reviewer B,前后交叉正常显像直接包括ACL，完整absence与NO合理。
1.2.826.0.1.3680043.8.498.15399233309269178192583032682669258885,MCL,fb2752505d04fafb7ea621ea7c1a98cd533d763ba784ec2b8a2807dca39faf7d,ABSENT,"[""Медиален и латерален колатерален лигамент – б.о.""]",NO,[],KEEP,PASS,PASS,PASS,PASS,PASS,PASS,PASS,GPT-6.1 Sol independent text reviewer B,内外侧副韧带б.о.无异常，MCL全面正常及未见急性损伤支持NO。
1.2.826.0.1.3680043.8.498.15399233309269178192583032682669258885,Medial Meniscus,fb2752505d04fafb7ea621ea7c1a98cd533d763ba784ec2b8a2807dca39faf7d,PRESENT,"[""Вижда се увреда в заден рог на медиален менискус под формата на хиперинтензна лезия с кос ход, достигаща в близост до хрущяла и продължаваща под формата на дегенеративни промени в предния му рог."",""МР данни за лезия 2b стадий в заден рог на медиален менискус и дегенеративни промени в преддния му рог""]",UNKNOWN,"[""criteria_anatomy_severity_extent_or_timing_insufficient"",""llm_review:Posterior-horn lesion is described near, not explicitly reaching, an articular surface; no definite tear diagnosis."",""llm_review:The grading convention for stage 2b is not stated.""]",KEEP,PASS,PASS,PASS,PASS,PASS,PASS,PASS,GPT-6.1 Sol independent text reviewer B,内侧后角2b斜行信号接近软骨但未明确达关节面，PRESENT保存退变且分级未明，UNKNOWN/mask0正确。
1.2.826.0.1.3680043.8.498.15399233309269178192583032682669258885,Lateral Meniscus,fb2752505d04fafb7ea621ea7c1a98cd533d763ba784ec2b8a2807dca39faf7d,PRESENT,"[""Дегенеративни промени в латералния менискус.""]",NO,"[""explicit_subthreshold_or_alternative""]",KEEP,PASS,PASS,PASS,PASS,PASS,PASS,PASS,GPT-6.1 Sol independent text reviewer B,外侧半月板明确退变，PRESENT与内部退变亚阈值NO分开，侧别准确。
1.2.826.0.1.3680043.8.498.15399233309269178192583032682669258885,Medial OA,fb2752505d04fafb7ea621ea7c1a98cd533d763ba784ec2b8a2807dca39faf7d,ABSENT,"[""Артикулиращият ставен хрущял на фемура и тибията е със запазена дебелина и конгурентност по цялото си протежение.""]",NO,[],KEEP,PASS,PASS,PASS,PASS,PASS,PASS,PASS,GPT-6.1 Sol independent text reviewer B,股胫全长软骨厚度及协调性保持，内側全面正常NO受原文支持。
1.2.826.0.1.3680043.8.498.15399233309269178192583032682669258885,Lateral OA,fb2752505d04fafb7ea621ea7c1a98cd533d763ba784ec2b8a2807dca39faf7d,ABSENT,"[""Артикулиращият ставен хрущял на фемура и тибията е със запазена дебелина и конгурентност по цялото си протежение.""]",NO,[],KEEP,PASS,PASS,PASS,PASS,PASS,PASS,PASS,GPT-6.1 Sol independent text reviewer B,同一股胫全长正常也覆盖外侧，没有用内側病变推外侧，NO合理。
1.2.826.0.1.3680043.8.498.15399233309269178192583032682669258885,PF OA,fb2752505d04fafb7ea621ea7c1a98cd533d763ba784ec2b8a2807dca39faf7d,ABSENT,"[""Патела, хрущял на пателата и  ретинакулуми на пателата – със запазена цялост.""]",UNKNOWN,"[""llm_review:Preserved patellar cartilage integrity does not explicitly assess thickness or exclude qualifying trochlear cartilage loss."",""negative_scope_insufficient""]",KEEP,PASS,PASS,PASS,PASS,PASS,PASS,PASS,GPT-6.1 Sol independent text reviewer B,仅髌软骨完整未覆盖滑车及厚度，未补完整absence，UNKNOWN/mask0保守正确。
1.2.826.0.1.3680043.8.498.15399233309269178192583032682669258885,Effusion,fb2752505d04fafb7ea621ea7c1a98cd533d763ba784ec2b8a2807dca39faf7d,ABSENT,"[""Няма МР данни за ставен излив.""]",NO,[],KEEP,PASS,PASS,PASS,PASS,PASS,PASS,PASS,GPT-6.1 Sol independent text reviewer B,明确无关节积液，没有significant限定，完整absence与NO合理。
1.2.826.0.1.3680043.8.498.15399233309269178192583032682669258885,Synovitis,fb2752505d04fafb7ea621ea7c1a98cd533d763ba784ec2b8a2807dca39faf7d,NOT_MENTIONED,[],UNKNOWN,[],KEEP,PASS,PASS,PASS,PASS,PASS,PASS,PASS,GPT-6.1 Sol independent text reviewer B,胫腓旁囊肿perisynovial不等于滑膜炎，未提及保留UNKNOWN。
1.2.826.0.1.3680043.8.498.15399233309269178192583032682669258885,Baker's,fb2752505d04fafb7ea621ea7c1a98cd533d763ba784ec2b8a2807dca39faf7d,NOT_MENTIONED,[],UNKNOWN,[],KEEP,PASS,PASS,PASS,PASS,PASS,PASS,PASS,GPT-6.1 Sol independent text reviewer B,胫腓关节旁ganglion非典型Baker部位，不误纳Baker类别。
1.2.826.0.1.3680043.8.498.15399233309269178192583032682669258885,Contusion,fb2752505d04fafb7ea621ea7c1a98cd533d763ba784ec2b8a2807dca39faf7d,PRESENT,"[""Виждат се дифузни зони на повишен сигнален интензитет в епифизата на тибията, предимно в областта на медиалния кондил, съответстващи на костномозъчен едем."",""Посттравматичен костномозъчене едем.""]",UNKNOWN,"[""criteria_anatomy_severity_extent_or_timing_insufficient"",""llm_review:Traumatic marrow edema is explicit, but absence of a fracture line at the lesion and injury timing are not explicitly documented."",""timing_or_trauma_review""]",KEEP,PASS,PASS,PASS,PASS,PASS,PASS,PASS,GPT-6.1 Sol independent text reviewer B,创伤后胫骨骨髓水肿保存PRESENT，但未明确同病灶无骨折线，UNKNOWN/mask0正确且不补时效。
1.2.826.0.1.3680043.8.498.15399233309269178192583032682669258885,Fracture,fb2752505d04fafb7ea621ea7c1a98cd533d763ba784ec2b8a2807dca39faf7d,ABSENT,"[""Костите, формиращи лявата колянна става са с нормална форма и структура.""]",NO,[],MASK,PASS,PASS,PASS,PASS,PASS,PASS,FAIL,GPT-6.1 Sol independent text reviewer B,唯一否定支持为骨正常形态结构，但同时有弥漫创伤后胫骨骨髓水肿；未直接排除骨折线或皮质中断。不能把有限形态评价补为全部可阳性骨折排除，class_absence=true及高权重NO证据不足；criteria FAIL，MASK，水肿并非自动骨折阳性。
1.2.826.0.1.3680043.8.498.17427902052389033416295416299697276519,ACL,ed3d4f3dcb8edbc2f1c270d5d2f3bce9920b36f0fc958a15a990208a0afd16af,ABSENT,"[""Χιαστοί και πλάγιοι σύνδεσµοι, αρθρικός χόνδρος και εκτατικός µηχανισµός δεν παρουσιάζουν παθολογικά ευρήµατα.""]",NO,"[""llm_review:Two reports are combined; their laterality and temporal relationship are not fully specified.""]",KEEP,PASS,PASS,PASS,PASS,PASS,PASS,PASS,GPT-6.1 Sol independent text reviewer B,两份报告交叉韧带均无异常，第一份完整否定支持ACL NO，保留报告时效/侧别不清说明。
1.2.826.0.1.3680043.8.498.17427902052389033416295416299697276519,MCL,ed3d4f3dcb8edbc2f1c270d5d2f3bce9920b36f0fc958a15a990208a0afd16af,ABSENT,"[""Χιαστοί και πλάγιοι σύνδεσµοι, αρθρικός χόνδρος και εκτατικός µηχανισµός δεν παρουσιάζουν παθολογικά ευρήµατα.""]",NO,"[""llm_review:Two reports are combined; their laterality and temporal relationship are not fully specified.""]",KEEP,PASS,PASS,PASS,PASS,PASS,PASS,PASS,GPT-6.1 Sol independent text reviewer B,副韧带两份均正常，第一份全结构否定足以MCL NO，无病变范围冲突。
1.2.826.0.1.3680043.8.498.17427902052389033416295416299697276519,Medial Meniscus,ed3d4f3dcb8edbc2f1c270d5d2f3bce9920b36f0fc958a15a990208a0afd16af,PRESENT,"[""εκφυλιστική ρήξη του έσω µηνίσκου µε υπεξάρθρηµα αυτού"",""εκφυλιστική ρήξη και υπεξάρθρηµα του έσω µηνίσκου""]",YES,"[""llm_review:Two reports are combined; tear segment and laterality of the second report are unspecified.""]",KEEP,PASS,PASS,PASS,PASS,PASS,PASS,PASS,GPT-6.1 Sol independent text reviewer B,两份均内侧退变性裂及半脱位，PRESENT当前慢性有直接确诊，YES合理。
1.2.826.0.1.3680043.8.498.17427902052389033416295416299697276519,Lateral Meniscus,ed3d4f3dcb8edbc2f1c270d5d2f3bce9920b36f0fc958a15a990208a0afd16af,ABSENT,"[""Στο έξω µεσάρθριο διάστηµα δεν παρατηρούνται αξιόλογα ευρήµατα."",""Χωρίς άξια λόγου ευρήµατα στο έξω µεσάρθριο διάστηµα.""]",UNKNOWN,"[""llm_review:Only qualified compartment-level negatives are provided; these do not explicitly exclude every qualifying lateral meniscal tear."",""negative_scope_insufficient""]",KEEP,PASS,PASS,PASS,PASS,PASS,PASS,PASS,GPT-6.1 Sol independent text reviewer B,外侧间室只有qualified无重要异常，未补完整absence或NONE，UNKNOWN/mask0正确。
1.2.826.0.1.3680043.8.498.17427902052389033416295416299697276519,Medial OA,ed3d4f3dcb8edbc2f1c270d5d2f3bce9920b36f0fc958a15a990208a0afd16af,PRESENT,"[""Χιαστοί και πλάγιοι σύνδεσµοι, αρθρικός χόνδρος και εκτατικός µηχανισµός δεν παρουσιάζουν παθολογικά ευρήµατα."",""Αντίστοιχα µε το έσω µεσάρθριο διάστηµα σηµειώνονται υφολικού πάχους διαβρώσεις του αρθρικού χόνδρου, επιχείλιοι οστεοφυτικοί σχηµατισµοί""]",UNKNOWN,"[""llm_review:Cartilage defect extent is not reported."",""llm_review:One report describes normal cartilage and the other subtotal-thickness medial cartilage erosions. Preserve this discrepancy because the reports' laterality and temporal relationship are unclear."",""negation_scope_review"",""unresolved_contradiction""]",MASK,PASS,PASS,PASS,PASS,PASS,PASS,PASS,GPT-6.1 Sol independent text reviewer B,第一份软骨正常与第二份内侧近全层侵蚀矛盾同时保存，双报告归属不清不靠先后消除；critical屏蔽须MASK，无FAIL。
1.2.826.0.1.3680043.8.498.17427902052389033416295416299697276519,Lateral OA,ed3d4f3dcb8edbc2f1c270d5d2f3bce9920b36f0fc958a15a990208a0afd16af,ABSENT,"[""Χιαστοί και πλάγιοι σύνδεσµοι, αρθρικός χόνδρος και εκτατικός µηχανισµός δεν παρουσιάζουν παθολογικά ευρήµατα."",""Χωρίς άξια λόγου ευρήµατα στο έξω µεσάρθριο διάστηµα.""]",NO,"[""llm_review:The complete cartilage-negative statement is in the first report; the second report supplies only a qualified lateral-compartment negative. Report-level laterality requires review.""]",KEEP,PASS,PASS,PASS,PASS,PASS,PASS,PASS,GPT-6.1 Sol independent text reviewer B,外侧第一份全局软骨无病理支持NO，第二份只有外侧有限否定未述反向异常；原文未被扩大阳性。
1.2.826.0.1.3680043.8.498.17427902052389033416295416299697276519,PF OA,ed3d4f3dcb8edbc2f1c270d5d2f3bce9920b36f0fc958a15a990208a0afd16af,ABSENT,"[""Χιαστοί και πλάγιοι σύνδεσµοι, αρθρικός χόνδρος και εκτατικός µηχανισµός δεν παρουσιάζουν παθολογικά ευρήµατα.""]",NO,"[""llm_review:The global cartilage-negative statement is confined to the first report; the second report does not assess patellofemoral cartilage explicitly.""]",KEEP,PASS,PASS,PASS,PASS,PASS,PASS,PASS,GPT-6.1 Sol independent text reviewer B,第一份全局软骨无病理覆盖髌股；第二份未述髌股，PRESENT缺失不造病变，保留报告级说明，NO合理。
1.2.826.0.1.3680043.8.498.17427902052389033416295416299697276519,Effusion,ed3d4f3dcb8edbc2f1c270d5d2f3bce9920b36f0fc958a15a990208a0afd16af,PRESENT,"[""Παρατηρειται ικανή ενδοαρθρική συλλογή"",""Ικανή ενδοαρθρική συλλογή υγρού σε επικοινωνία µε Baker""]",UNKNOWN,"[""criteria_anatomy_severity_extent_or_timing_insufficient"",""llm_review:Considerable intra-articular fluid is described, but joint distension is not explicitly documented.""]",KEEP,PASS,PASS,PASS,PASS,PASS,PASS,PASS,GPT-6.1 Sol independent text reviewer B,两份显著关节内积液PRESENT，髌前滑囊液体未混入；无明示扩张，UNKNOWN/mask0正确。
1.2.826.0.1.3680043.8.498.17427902052389033416295416299697276519,Synovitis,ed3d4f3dcb8edbc2f1c270d5d2f3bce9920b36f0fc958a15a990208a0afd16af,PRESENT,"[""µε στοιχεία αντιδραστικής υµενίτιδας που προϋπήρχαν""]",YES,"[""llm_review:Synovitis is documented in the second report, whose laterality is not specified.""]",KEEP,PASS,PASS,PASS,PASS,PASS,PASS,PASS,GPT-6.1 Sol independent text reviewer B,第二份仍有反应性滑膜炎且曾有，CURRENT_CHRONIC而非HISTORY_ONLY，直接证据YES合理。
1.2.826.0.1.3680043.8.498.17427902052389033416295416299697276519,Baker's,ed3d4f3dcb8edbc2f1c270d5d2f3bce9920b36f0fc958a15a990208a0afd16af,PRESENT,"[""σε επικοινωνία µε ευµεγέθη κύστη Baker 4,5cm κεφαλουραίας διαµέτρου"",""Ικανή ενδοαρθρική συλλογή υγρού σε επικοινωνία µε Baker""]",YES,"[""llm_review:Large size is supported by the descriptive word, not by applying a numerical cutoff to the cyst dimension.""]",KEEP,PASS,PASS,PASS,PASS,PASS,PASS,PASS,GPT-6.1 Sol independent text reviewer B,ευµεγέθη词直接大囊肿支持SEVERE，并非凭4.5cm补等级；命名Baker支持部位，YES合理。
1.2.826.0.1.3680043.8.498.17427902052389033416295416299697276519,Contusion,ed3d4f3dcb8edbc2f1c270d5d2f3bce9920b36f0fc958a15a990208a0afd16af,PRESENT,"[""παρουσία οστεοµυελικού οιδήµατος στην οφρύ του έσω κνηµιαίου κονδύλου. Το εύρηµα παριστά µικρής έκτασης µικροδοκιδώδες κάταγµα ανεπάρκειας."",""οστεοµυελικό οίδηµα υπαρθρικά στον έσω κνηµιαίο κόνδυλο, σε µόλις ήπια µικρότερη έκταση συγκριτικά µε τον προηγούµενο έλεγχο, ευρήµατα στο πλαίσιο εκφυλιστικών αλλοιώσεων.""]",UNKNOWN,"[""criteria_anatomy_severity_extent_or_timing_insufficient"",""llm_mapper_disagreement"",""llm_review:Do not treat the combined marrow findings as exclusively degenerative; report relationship and laterality require review."",""llm_review:Marrow edema is attributed to an insufficiency fracture in the first report and degenerative changes in the second, not a traumatic contusion."",""timing_or_trauma_review""]",KEEP,PASS,PASS,PASS,PASS,PASS,PASS,PASS,GPT-6.1 Sol independent text reviewer B,两份内侧骨髓水肿分别不全骨折与退变语境都保留PRESENT；不判全部仅退变，UNKNOWN低权重0假设合理。
1.2.826.0.1.3680043.8.498.17427902052389033416295416299697276519,Fracture,ed3d4f3dcb8edbc2f1c270d5d2f3bce9920b36f0fc958a15a990208a0afd16af,PRESENT,"[""Το εύρηµα παριστά µικρής έκτασης µικροδοκιδώδες κάταγµα ανεπάρκειας."",""Η αρθρική επιφάνεια δεν παρουσιάζει καθίζηση.""]",UNKNOWN,"[""criteria_anatomy_severity_extent_or_timing_insufficient"",""llm_review:Absence of articular collapse does not exclude fracture."",""llm_review:An insufficiency microtrabecular fracture is diagnosed, but an acute fracture line or cortical disruption and fracture age are not explicitly described."",""llm_review:The second report does not explicitly reassess the fracture diagnosis."",""negation_scope_review"",""timing_or_trauma_review""]",KEEP,PASS,PASS,PASS,PASS,PASS,PASS,PASS,GPT-6.1 Sol independent text reviewer B,小范围不全微骨小梁骨折明确PRESENT，无关节面塌陷不等于无骨折，缺急性线/年龄保守UNKNOWN正确。
1.2.826.0.1.3680043.8.498.20301796413163444642416918108994411350,ACL,724552fae3118c7a0cc15f9fab2a621190a165c59086126cd1694bd98ef8e589,ABSENT,"[""Ön çapraz bağ ve arka çapraz bağ, lateral ve medial kollateral ligaman normaldir.""]",NO,[],KEEP,PASS,PASS,PASS,PASS,PASS,PASS,PASS,GPT-6.1 Sol independent text reviewer B,前交叉韧带在正常韧带组中明确列出；正常支持完整阴性，未补损伤等级或病程，NO成立。
1.2.826.0.1.3680043.8.498.20301796413163444642416918108994411350,MCL,724552fae3118c7a0cc15f9fab2a621190a165c59086126cd1694bd98ef8e589,ABSENT,"[""Ön çapraz bağ ve arka çapraz bağ, lateral ve medial kollateral ligaman normaldir.""]",NO,[],KEEP,PASS,PASS,PASS,PASS,PASS,PASS,PASS,GPT-6.1 Sol independent text reviewer B,内侧副韧带明确正常；共同证据指向MCL，无急性高等级损伤，完整否定与NO一致。
1.2.826.0.1.3680043.8.498.20301796413163444642416918108994411350,Medial Meniscus,724552fae3118c7a0cc15f9fab2a621190a165c59086126cd1694bd98ef8e589,PRESENT,"[""Medial menisküs posterior hornu ve gövde düzeyinde grade III dejenerasyon izlendi.""]",UNKNOWN,"[""criteria_anatomy_severity_extent_or_timing_insufficient"",""history_or_postoperative_scope_review"",""llm_review:Grade III degeneration is reported without an explicit tear diagnosis or defined grading convention; review whether this denotes a definite tear.""]",KEEP,PASS,PASS,PASS,PASS,PASS,PASS,PASS,GPT-6.1 Sol independent text reviewer B,内侧半月板后角及体部grade III退变确有记载；未明确分级体系或撕裂诊断，保留相关异常PRESENT和标准UNKNOWN合理。
1.2.826.0.1.3680043.8.498.20301796413163444642416918108994411350,Lateral Meniscus,724552fae3118c7a0cc15f9fab2a621190a165c59086126cd1694bd98ef8e589,ABSENT,"[""Lateral menisküs  normaldir.""]",NO,[],KEEP,PASS,PASS,PASS,PASS,PASS,PASS,PASS,GPT-6.1 Sol independent text reviewer B,外侧半月板独立明确正常，解剖定位准确；否定撕裂并给NO有直接支持。
1.2.826.0.1.3680043.8.498.20301796413163444642416918108994411350,Medial OA,724552fae3118c7a0cc15f9fab2a621190a165c59086126cd1694bd98ef8e589,NOT_MENTIONED,[],UNKNOWN,[],KEEP,PASS,PASS,PASS,PASS,PASS,PASS,PASS,GPT-6.1 Sol independent text reviewer B,未描述内侧股胫软骨缺损或OA；胫骨ACL附着处囊肿不能自行补为内侧软骨深度事实，未提及与UNKNOWN合适。
1.2.826.0.1.3680043.8.498.20301796413163444642416918108994411350,Lateral OA,724552fae3118c7a0cc15f9fab2a621190a165c59086126cd1694bd98ef8e589,NOT_MENTIONED,[],UNKNOWN,[],KEEP,PASS,PASS,PASS,PASS,PASS,PASS,PASS,GPT-6.1 Sol independent text reviewer B,全文无外侧股胫软骨损失；外侧半月板正常不替代软骨评估，相关事实留空合理。
1.2.826.0.1.3680043.8.498.20301796413163444642416918108994411350,PF OA,724552fae3118c7a0cc15f9fab2a621190a165c59086126cd1694bd98ef8e589,NOT_MENTIONED,[],UNKNOWN,[],KEEP,PASS,PASS,PASS,PASS,PASS,PASS,PASS,GPT-6.1 Sol independent text reviewer B,髌骨位置正常及支持带连续不等于髌股软骨正常；PF OA未提及且不产生阴性监督正确。
1.2.826.0.1.3680043.8.498.20301796413163444642416918108994411350,Effusion,724552fae3118c7a0cc15f9fab2a621190a165c59086126cd1694bd98ef8e589,ABSENT,"[""Eklemde sıvı artışı saptanmamıştır.""]",NO,[],KEEP,PASS,PASS,PASS,PASS,PASS,PASS,PASS,GPT-6.1 Sol independent text reviewer B,原文明确未检出关节液增多，未附显著等限定；完整无增液支持NONE及NO，时序未臆测。
1.2.826.0.1.3680043.8.498.20301796413163444642416918108994411350,Synovitis,724552fae3118c7a0cc15f9fab2a621190a165c59086126cd1694bd98ef8e589,NOT_MENTIONED,[],UNKNOWN,[],KEEP,PASS,PASS,PASS,PASS,PASS,PASS,PASS,GPT-6.1 Sol independent text reviewer B,全文没有滑膜增厚或滑膜炎评估；无积液不能推定滑膜炎阴性，维持未知正确。
1.2.826.0.1.3680043.8.498.20301796413163444642416918108994411350,Baker's,724552fae3118c7a0cc15f9fab2a621190a165c59086126cd1694bd98ef8e589,UNCERTAIN,"[""Gastroknemius kası medial kurus tendonu düzeyi komşuluğunda büyüğü 10x6 mm boyutlarında lobule konturlu septalı ganglion kisti ile uyumşu iki adet lezyon izlendi.""]",UNKNOWN,"[""llm_review:Numerical dimensions alone do not establish moderate or large cyst severity."",""llm_review:Two ganglion-type lesions near the medial gastrocnemius tendon are described, not a definite Baker cyst; exact bursal location requires review."",""uncertain_report""]",KEEP,PASS,PASS,PASS,PASS,PASS,PASS,PASS,GPT-6.1 Sol independent text reviewer B,腓肠肌内侧头腱附近两个分叶分隔节囊肿可列后内侧候选；并非明确Baker诊断或确证典型滑囊，UNCERTAIN和数值不定量级符合保守标准。
1.2.826.0.1.3680043.8.498.20301796413163444642416918108994411350,Contusion,724552fae3118c7a0cc15f9fab2a621190a165c59086126cd1694bd98ef8e589,PRESENT,"[""Tibia ACL yapışma yeri düzeyinde subkondral  kist uyumlu görünüm mevcuttur"",""Femur distal metafiz düzeyinde medulla yerleşimli 5 mm çapta kist izlendi.""]",UNKNOWN,"[""criteria_anatomy_severity_extent_or_timing_insufficient"",""llm_review:Osseous cystic abnormalities are described; traumatic marrow edema, cause, and fracture-line assessment are not stated."",""timing_or_trauma_review""]",KEEP,PASS,PASS,PASS,PASS,PASS,PASS,PASS,GPT-6.1 Sol independent text reviewer B,胫骨ACL附着处软骨下囊肿及股骨远端骨髓5mm囊肿均被记录；没有外伤水肿或原因断言，候选PRESENT但挫伤标准未知正确。
1.2.826.0.1.3680043.8.498.20301796413163444642416918108994411350,Fracture,724552fae3118c7a0cc15f9fab2a621190a165c59086126cd1694bd98ef8e589,NOT_MENTIONED,[],UNKNOWN,[],KEEP,PASS,PASS,PASS,PASS,PASS,PASS,PASS,GPT-6.1 Sol independent text reviewer B,原文未明示骨折或骨折线评估；囊肿不等于骨折，未提及及UNKNOWN未补确证否定。
1.2.826.0.1.3680043.8.498.22803020644232321685575897661362804423,ACL,db0521bc8f48910b1e26de5c42aec66eba2f3536c983d09adfcce80f10fb2965,PRESENT,"[""Ön çapraz bağ sinyali özellikle proksimalde sinyal artışı vardır (grade I sprain).""]",NO,"[""explicit_subthreshold_or_alternative""]",KEEP,PASS,PASS,PASS,PASS,PASS,PASS,PASS,GPT-6.1 Sol independent text reviewer B,ACL近端信号升高明确标注grade I sprain；PRESENT及MILD保留异常，低级损伤不足高等级标准，NO合理。
1.2.826.0.1.3680043.8.498.22803020644232321685575897661362804423,MCL,db0521bc8f48910b1e26de5c42aec66eba2f3536c983d09adfcce80f10fb2965,ABSENT,"[""Lateral ve medial kollateral ligaman normaldir.""]",NO,[],KEEP,PASS,PASS,PASS,PASS,PASS,PASS,PASS,GPT-6.1 Sol independent text reviewer B,内外侧副韧带明确正常，MCL定位和完整否定有原文，未补急性病变。
1.2.826.0.1.3680043.8.498.22803020644232321685575897661362804423,Medial Meniscus,db0521bc8f48910b1e26de5c42aec66eba2f3536c983d09adfcce80f10fb2965,PRESENT,"[""Medial menisküs posterior horn düzeyinde nonartiküler yüze açılan horizontal yırtık izlendi.""]",YES,"[""history_or_postoperative_scope_review""]",KEEP,PASS,PASS,PASS,PASS,PASS,PASS,PASS,GPT-6.1 Sol independent text reviewer B,内侧半月板后角明确horizontal yırtık即水平撕裂，虽开向非关节面仍是直接撕裂诊断；PRESENT及YES符合事实，时序未指定。
1.2.826.0.1.3680043.8.498.22803020644232321685575897661362804423,Lateral Meniscus,db0521bc8f48910b1e26de5c42aec66eba2f3536c983d09adfcce80f10fb2965,ABSENT,"[""Lateral menisküs  normaldir.""]",NO,[],KEEP,PASS,PASS,PASS,PASS,PASS,PASS,PASS,GPT-6.1 Sol independent text reviewer B,外侧半月板明确正常；无撕裂的完整否定正确，NO有独立证据。
1.2.826.0.1.3680043.8.498.22803020644232321685575897661362804423,Medial OA,db0521bc8f48910b1e26de5c42aec66eba2f3536c983d09adfcce80f10fb2965,NOT_MENTIONED,[],UNKNOWN,[],KEEP,PASS,PASS,PASS,PASS,PASS,PASS,PASS,GPT-6.1 Sol independent text reviewer B,报告没有内侧股胫软骨评估；内侧半月板撕裂不能换算OA，未提及及UNKNOWN正确。
1.2.826.0.1.3680043.8.498.22803020644232321685575897661362804423,Lateral OA,db0521bc8f48910b1e26de5c42aec66eba2f3536c983d09adfcce80f10fb2965,NOT_MENTIONED,[],UNKNOWN,[],KEEP,PASS,PASS,PASS,PASS,PASS,PASS,PASS,GPT-6.1 Sol independent text reviewer B,全文没有外侧股胫软骨缺损；外侧半月板正常不能推出该区软骨阴性，事实留空合适。
1.2.826.0.1.3680043.8.498.22803020644232321685575897661362804423,PF OA,db0521bc8f48910b1e26de5c42aec66eba2f3536c983d09adfcce80f10fb2965,NOT_MENTIONED,[],UNKNOWN,[],KEEP,PASS,PASS,PASS,PASS,PASS,PASS,PASS,GPT-6.1 Sol independent text reviewer B,髌骨位置及支持带正常不构成髌股软骨评估；PF OA保持未提及不补阴性。
1.2.826.0.1.3680043.8.498.22803020644232321685575897661362804423,Effusion,db0521bc8f48910b1e26de5c42aec66eba2f3536c983d09adfcce80f10fb2965,PRESENT,"[""Diz eklemi içerisinde hafif sıvı artışı izlenmiştir.""]",NO,"[""explicit_subthreshold_or_alternative""]",KEEP,PASS,PASS,PASS,PASS,PASS,PASS,PASS,GPT-6.1 Sol independent text reviewer B,膝内轻微液体增多明确hafif；PRESENT/MILD与低于中大量门槛的NO一致，未虚构扩张。
1.2.826.0.1.3680043.8.498.22803020644232321685575897661362804423,Synovitis,db0521bc8f48910b1e26de5c42aec66eba2f3536c983d09adfcce80f10fb2965,NOT_MENTIONED,[],UNKNOWN,[],KEEP,PASS,PASS,PASS,PASS,PASS,PASS,PASS,GPT-6.1 Sol independent text reviewer B,原文没有滑膜增厚或炎症描述；轻微积液未被替代为滑膜炎，UNKNOWN合理。
1.2.826.0.1.3680043.8.498.22803020644232321685575897661362804423,Baker's,db0521bc8f48910b1e26de5c42aec66eba2f3536c983d09adfcce80f10fb2965,PRESENT,"[""Popliteal fossada yaklaşık 22x10 mm boyutlarında baker kisti izlendi.""]",UNKNOWN,"[""criteria_anatomy_severity_extent_or_timing_insufficient"",""llm_review:Dimensions alone do not establish moderate or large cyst severity without a stated size-grade convention.""]",KEEP,PASS,PASS,PASS,PASS,PASS,PASS,PASS,GPT-6.1 Sol independent text reviewer B,腘窝明确Baker囊肿支持病变及典型诊断定位；仅22×10mm数值未给中大量量级，保守UNKNOWN符合冻结规则。
1.2.826.0.1.3680043.8.498.22803020644232321685575897661362804423,Contusion,db0521bc8f48910b1e26de5c42aec66eba2f3536c983d09adfcce80f10fb2965,NOT_MENTIONED,[],UNKNOWN,[],KEEP,PASS,PASS,PASS,PASS,PASS,PASS,PASS,GPT-6.1 Sol independent text reviewer B,全文没有骨髓异常或挫伤相关表述；韧带扭伤未被扩展为骨挫伤，未提及及UNKNOWN正确。
1.2.826.0.1.3680043.8.498.22803020644232321685575897661362804423,Fracture,db0521bc8f48910b1e26de5c42aec66eba2f3536c983d09adfcce80f10fb2965,NOT_MENTIONED,[],UNKNOWN,[],KEEP,PASS,PASS,PASS,PASS,PASS,PASS,PASS,GPT-6.1 Sol independent text reviewer B,报告未描述骨折线或骨折评估；不从其他软组织异常补骨折事实，维持未知合理。
1.2.826.0.1.3680043.8.498.18389676218363070462526838642303976332,ACL,35e6632ac317f5b2e821f22e18e25a2863a017c5d79a975b08d7d4b6effec94e,ABSENT,"[""Ligament croisé antérieur : Normal."",""Pas de signe de déchirures méniscales ou ligamentaires.""]",NO,[],KEEP,PASS,PASS,PASS,PASS,PASS,PASS,PASS,GPT-6.1 Sol independent text reviewer B,ACL明确Normal且结论无韧带撕裂，完整否定与NO支持充分，未引用PCL的限定否定替代。
1.2.826.0.1.3680043.8.498.18389676218363070462526838642303976332,MCL,35e6632ac317f5b2e821f22e18e25a2863a017c5d79a975b08d7d4b6effec94e,ABSENT,"[""Ligament médial collatéral : Normal."",""Pas de signe de déchirures méniscales ou ligamentaires.""]",NO,[],KEEP,PASS,PASS,PASS,PASS,PASS,PASS,PASS,GPT-6.1 Sol independent text reviewer B,内侧副韧带独立正常，位置及无高等级损伤事实正确；时序未指定未造成虚构病史。
1.2.826.0.1.3680043.8.498.18389676218363070462526838642303976332,Medial Meniscus,35e6632ac317f5b2e821f22e18e25a2863a017c5d79a975b08d7d4b6effec94e,PRESENT,"[""Ménisque médial : Légers changements dégénératifs signalétiques du corps et de la corne postérieure sans signe de déchirure."",""Pas de signe de déchirures méniscales ou ligamentaires.""]",NO,"[""explicit_subthreshold_or_alternative"",""history_or_postoperative_scope_review"",""negation_scope_review""]",KEEP,PASS,PASS,PASS,PASS,PASS,PASS,PASS,GPT-6.1 Sol independent text reviewer B,内侧半月板体部后角轻微退变信号并明确无撕裂，保留PRESENT而非ABSENT；内部退变与NO标准相符。
1.2.826.0.1.3680043.8.498.18389676218363070462526838642303976332,Lateral Meniscus,35e6632ac317f5b2e821f22e18e25a2863a017c5d79a975b08d7d4b6effec94e,ABSENT,"[""Ménisque latéral : Normal."",""Pas de signe de déchirures méniscales ou ligamentaires.""]",NO,[],KEEP,PASS,PASS,PASS,PASS,PASS,PASS,PASS,GPT-6.1 Sol independent text reviewer B,外侧半月板正常有独立证据；结论亦否定半月板撕裂，完整阴性合理。
1.2.826.0.1.3680043.8.498.18389676218363070462526838642303976332,Medial OA,35e6632ac317f5b2e821f22e18e25a2863a017c5d79a975b08d7d4b6effec94e,PRESENT,"[""Chondropatie des compartiments médial et fémoropatellaire. Il y a un léger amincissement diffus du cartilage."",""Dans le compartiment médial, il y a une scissure profonde de délamination focale dans le condyle fémoral portant avec une petite zone d'œdème osseux réactionnel sous-chondral.""]",UNKNOWN,"[""criteria_anatomy_severity_extent_or_timing_insufficient"",""llm_review:Deep focal delamination is reported, but percentage thickness loss and lesion extent are not specified.""]",KEEP,PASS,PASS,PASS,PASS,PASS,PASS,PASS,GPT-6.1 Sol independent text reviewer B,内侧负重股骨髁局灶深层分层裂隙确实存在；轻微弥漫变薄不否定局灶病变，未明确深度比例及面积，UNKNOWN保守正确。
1.2.826.0.1.3680043.8.498.18389676218363070462526838642303976332,Lateral OA,35e6632ac317f5b2e821f22e18e25a2863a017c5d79a975b08d7d4b6effec94e,NOT_MENTIONED,[],UNKNOWN,[],KEEP,PASS,PASS,PASS,PASS,PASS,PASS,PASS,GPT-6.1 Sol independent text reviewer B,退变描述只指内侧及髌股，未给外侧软骨评估；不把其他间室正常扩大到外侧，未提及正确。
1.2.826.0.1.3680043.8.498.18389676218363070462526838642303976332,PF OA,35e6632ac317f5b2e821f22e18e25a2863a017c5d79a975b08d7d4b6effec94e,PRESENT,"[""Dans le compartiment fémoropatellaire, il y a des zones focales de chondropatie modérée à sévère impliquant la gorge trochléaire et la jonction entre la trochlée médiale et le condyle fémoral médial, avec de petits foyers de kystes et d'œdème sous-chondraux réactionnels."",""Chondropatie des compartiments médial et fémoropatellaire telle que décrite avec des zones focales de fissuration profonde.""]",UNKNOWN,"[""criteria_anatomy_severity_extent_or_timing_insufficient"",""llm_review:Moderate-to-severe chondropathy and deep fissuring are reported, but percentage thickness loss and lesion extent are not specified.""]",KEEP,PASS,PASS,PASS,PASS,PASS,PASS,PASS,GPT-6.1 Sol independent text reviewer B,髌股滑车沟及内侧滑车交界中至重度软骨病变有原文；SEVERE保留上限描述而未补百分比深度和足够面积，UNKNOWN合理。
1.2.826.0.1.3680043.8.498.18389676218363070462526838642303976332,Effusion,35e6632ac317f5b2e821f22e18e25a2863a017c5d79a975b08d7d4b6effec94e,PRESENT,"[""Épanchement articulaire : Minuscule épanchement articulaire."",""Petit épanchement articulaire et petit kyste de Baker non compliqué.""]",NO,"[""explicit_subthreshold_or_alternative""]",KEEP,PASS,PASS,PASS,PASS,PASS,PASS,PASS,GPT-6.1 Sol independent text reviewer B,微量及结论少量积液均直接支持MILD，病变PRESENT而标准低于中大量，NO适当。
1.2.826.0.1.3680043.8.498.18389676218363070462526838642303976332,Synovitis,35e6632ac317f5b2e821f22e18e25a2863a017c5d79a975b08d7d4b6effec94e,NOT_MENTIONED,[],UNKNOWN,[],KEEP,PASS,PASS,PASS,PASS,PASS,PASS,PASS,GPT-6.1 Sol independent text reviewer B,报告没有滑膜增厚或炎症评估；反应性骨水肿不能替代滑膜炎，维持未知。
1.2.826.0.1.3680043.8.498.18389676218363070462526838642303976332,Baker's,35e6632ac317f5b2e821f22e18e25a2863a017c5d79a975b08d7d4b6effec94e,PRESENT,"[""Kyste de Baker : Petit kyste de Baker non compliqué.""]",NO,"[""explicit_subthreshold_or_alternative""]",KEEP,PASS,PASS,PASS,PASS,PASS,PASS,PASS,GPT-6.1 Sol independent text reviewer B,小型无并发症Baker囊肿明确；另一个疑似节囊肿未混为Baker量级，小型低于门槛NO正确。
1.2.826.0.1.3680043.8.498.18389676218363070462526838642303976332,Contusion,35e6632ac317f5b2e821f22e18e25a2863a017c5d79a975b08d7d4b6effec94e,PRESENT,"[""Dans le compartiment médial, il y a une scissure profonde de délamination focale dans le condyle fémoral portant avec une petite zone d'œdème osseux réactionnel sous-chondral."",""Dans le compartiment fémoropatellaire, il y a des zones focales de chondropatie modérée à sévère impliquant la gorge trochléaire et la jonction entre la trochlée médiale et le condyle fémoral médial, avec de petits foyers de kystes et d'œdème sous-chondraux réactionnels."",""Signal de la moelle osseuse :\nPar ailleurs normal.""]",NO,"[""explicit_subthreshold_or_alternative"",""timing_or_trauma_review""]",KEEP,PASS,PASS,PASS,PASS,PASS,PASS,PASS,GPT-6.1 Sol independent text reviewer B,全部两处髓水肿和囊肿明确在退变段与软骨病变相联并称反应性，其余髓信号正常；候选PRESENT保留，明确反应性退变支持替代原因NO，未只凭附近OA推因果。
1.2.826.0.1.3680043.8.498.18389676218363070462526838642303976332,Fracture,35e6632ac317f5b2e821f22e18e25a2863a017c5d79a975b08d7d4b6effec94e,ABSENT,"[""Fractures :\nAucune.""]",NO,[],KEEP,PASS,PASS,PASS,PASS,PASS,PASS,PASS,GPT-6.1 Sol independent text reviewer B,骨折条目明确Aucune即无，完整否定覆盖类别；NO及骨折线false有直接排除支持，不依赖形态正常猜测。
1.2.826.0.1.3680043.8.498.25206096958520407302630747466352252249,ACL,d00b626e5aa358a14a1f41bad11b7870b008c1371859ceb2db8a1df9097c5452,PRESENT,"[""Αναγνωρίζεται παθολογικό σήμα, ασυνέχεια και διαταραχή του προσανατολισμού των ινών του προσθίου χιαστού συνδέσμου στα πλαίσια πλήρους χρονίας ρήξης του.""]",YES,[],KEEP,PASS,PASS,PASS,PASS,PASS,PASS,PASS,GPT-6.1 Sol independent text reviewer B,ACL纤维中断及方向紊乱明确为完全慢性撕裂；SEVERE/CURRENT_CHRONIC与高等级事实均受支持，YES不要求补急性。
1.2.826.0.1.3680043.8.498.25206096958520407302630747466352252249,MCL,d00b626e5aa358a14a1f41bad11b7870b008c1371859ceb2db8a1df9097c5452,ABSENT,"[""Ο οπίσθιος χιαστός και οι πλάγιοι σύνδεσμοι έχουν φυσιολογική απεικόνιση.""]",NO,[],KEEP,PASS,PASS,PASS,PASS,PASS,PASS,PASS,GPT-6.1 Sol independent text reviewer B,后交叉及侧副韧带正常涵盖MCL；未把ACL慢性撕裂扩大到MCL，完整阴性NO合适。
1.2.826.0.1.3680043.8.498.25206096958520407302630747466352252249,Medial Meniscus,d00b626e5aa358a14a1f41bad11b7870b008c1371859ceb2db8a1df9097c5452,PRESENT,"[""Παρατηρείται κάθετη ρήξη στο σώμα και οπίσθιο κέρας του έσω μηνίσκου.""]",YES,[],KEEP,PASS,PASS,PASS,PASS,PASS,PASS,PASS,GPT-6.1 Sol independent text reviewer B,内侧半月板体部及后角明确垂直撕裂，非纯退变信号；PRESENT和YES有诊断证据，未补损伤时序。
1.2.826.0.1.3680043.8.498.25206096958520407302630747466352252249,Lateral Meniscus,d00b626e5aa358a14a1f41bad11b7870b008c1371859ceb2db8a1df9097c5452,NOT_MENTIONED,[],UNKNOWN,[],KEEP,PASS,PASS,PASS,PASS,PASS,PASS,PASS,GPT-6.1 Sol independent text reviewer B,仅内侧半月板被评估，外侧未提及；保持UNKNOWN而非跟随其他正常结构映射阴性。
1.2.826.0.1.3680043.8.498.25206096958520407302630747466352252249,Medial OA,d00b626e5aa358a14a1f41bad11b7870b008c1371859ceb2db8a1df9097c5452,ABSENT,"[""Ο οστικός μυελός και ο αρθρικός χόνδρος δεν παρουσιάζουν παθολογικά ευρήματα.""]",NO,[],KEEP,PASS,PASS,PASS,PASS,PASS,PASS,PASS,GPT-6.1 Sol independent text reviewer B,全文关节软骨无病理发现是完整全关节软骨正常表述，支持内侧无损失；未将局部否定扩范围，NO合理。
1.2.826.0.1.3680043.8.498.25206096958520407302630747466352252249,Lateral OA,d00b626e5aa358a14a1f41bad11b7870b008c1371859ceb2db8a1df9097c5452,ABSENT,"[""Ο οστικός μυελός και ο αρθρικός χόνδρος δεν παρουσιάζουν παθολογικά ευρήματα.""]",NO,[],KEEP,PASS,PASS,PASS,PASS,PASS,PASS,PASS,GPT-6.1 Sol independent text reviewer B,无病理软骨发现未作内侧限定，也无外侧异常；全关节正常支持外侧阴性，程度NONE一致。
1.2.826.0.1.3680043.8.498.25206096958520407302630747466352252249,PF OA,d00b626e5aa358a14a1f41bad11b7870b008c1371859ceb2db8a1df9097c5452,ABSENT,"[""Ο οστικός μυελός και ο αρθρικός χόνδρος δεν παρουσιάζουν παθολογικά ευρήματα.""]",NO,[],KEEP,PASS,PASS,PASS,PASS,PASS,PASS,PASS,GPT-6.1 Sol independent text reviewer B,关节软骨整体无病理发现且全文无髌股软骨病变；正常范围支持PF阴性，未把髌前软组织水肿当软骨病变。
1.2.826.0.1.3680043.8.498.25206096958520407302630747466352252249,Effusion,d00b626e5aa358a14a1f41bad11b7870b008c1371859ceb2db8a1df9097c5452,PRESENT,"[""Αναγνωρίζεται ελάχιστη συλλογή υγρού ενδαρθικά.""]",NO,"[""explicit_subthreshold_or_alternative""]",KEEP,PASS,PASS,PASS,PASS,PASS,PASS,PASS,GPT-6.1 Sol independent text reviewer B,极少量关节内液体明确，MILD及PRESENT准确；不足中大量标准NO成立。
1.2.826.0.1.3680043.8.498.25206096958520407302630747466352252249,Synovitis,d00b626e5aa358a14a1f41bad11b7870b008c1371859ceb2db8a1df9097c5452,NOT_MENTIONED,[],UNKNOWN,[],KEEP,PASS,PASS,PASS,PASS,PASS,PASS,PASS,GPT-6.1 Sol independent text reviewer B,原文未写滑膜炎或滑膜增厚；髌前软组织水肿位于关节外，未推滑膜阳性或阴性。
1.2.826.0.1.3680043.8.498.25206096958520407302630747466352252249,Baker's,d00b626e5aa358a14a1f41bad11b7870b008c1371859ceb2db8a1df9097c5452,NOT_MENTIONED,[],UNKNOWN,[],KEEP,PASS,PASS,PASS,PASS,PASS,PASS,PASS,GPT-6.1 Sol independent text reviewer B,全文未评估腘窝囊肿；保留未提及与UNKNOWN，无无依据的Baker阴性。
1.2.826.0.1.3680043.8.498.25206096958520407302630747466352252249,Contusion,d00b626e5aa358a14a1f41bad11b7870b008c1371859ceb2db8a1df9097c5452,ABSENT,"[""Ο οστικός μυελός και ο αρθρικός χόνδρος δεν παρουσιάζουν παθολογικά ευρήματα.""]",NO,[],KEEP,PASS,PASS,PASS,PASS,PASS,PASS,PASS,GPT-6.1 Sol independent text reviewer B,骨髓明确无病理发现；髌骨前软组织水肿未混成骨髓水肿，完整髓信号阴性NO适当。
1.2.826.0.1.3680043.8.498.25206096958520407302630747466352252249,Fracture,d00b626e5aa358a14a1f41bad11b7870b008c1371859ceb2db8a1df9097c5452,NOT_MENTIONED,[],UNKNOWN,[],KEEP,PASS,PASS,PASS,PASS,PASS,PASS,PASS,GPT-6.1 Sol independent text reviewer B,骨髓正常并未直接评估骨折线或皮质；模型未补骨折阴性，NOT_MENTIONED及UNKNOWN保守正确。
1.2.826.0.1.3680043.8.498.15444316810805746453392291780593934328,ACL,190d27ebe033a57e144f87664a1dd880372474e6624e327817b6c73b2135a524,PRESENT,"[""The contour of ACL is in a straight line but increase interstitial signal intensity inside, in favor of grade 1 injury."",""Grade 1 injury of ACL.""]",NO,"[""explicit_subthreshold_or_alternative"",""llm_review:Injury timing is unspecified.""]",KEEP,PASS,PASS,PASS,PASS,PASS,PASS,PASS,GPT-6.1 Sol independent text reviewer B,ACL明确一级损伤，保留PRESENT/MILD；低等级事实支持NO，不把直线轮廓误认完全正常。
1.2.826.0.1.3680043.8.498.15444316810805746453392291780593934328,MCL,190d27ebe033a57e144f87664a1dd880372474e6624e327817b6c73b2135a524,ABSENT,"[""Both medial & lateral collateral ligaments appear to be within normal.""]",NO,[],KEEP,PASS,PASS,PASS,PASS,PASS,PASS,PASS,GPT-6.1 Sol independent text reviewer B,双侧副韧带在正常范围直接覆盖MCL；完整阴性与NO受支持，ACL损伤未扩大。
1.2.826.0.1.3680043.8.498.15444316810805746453392291780593934328,Medial Meniscus,190d27ebe033a57e144f87664a1dd880372474e6624e327817b6c73b2135a524,PRESENT,"[""Linear signla intensity area in posterior horn of medial menisus without significant extending to articular surface, R/O degeneration.""]",UNKNOWN,"[""criteria_anatomy_severity_extent_or_timing_insufficient"",""history_or_postoperative_scope_review"",""llm_review:Abnormal signal is described, but degeneration is qualified as R/O."",""llm_review:Without significant surface extension is not an unequivocal exclusion of a tear."",""negation_scope_review""]",KEEP,PASS,PASS,PASS,PASS,PASS,PASS,PASS,GPT-6.1 Sol independent text reviewer B,内侧后角异常线状信号确实存在；无显著达关节面及R/O退变均有限定，模型未补撕裂排除或纯退变确证，UNKNOWN正确。
1.2.826.0.1.3680043.8.498.15444316810805746453392291780593934328,Lateral Meniscus,190d27ebe033a57e144f87664a1dd880372474e6624e327817b6c73b2135a524,PRESENT,"[""Linear signal intensity in posterior horn of lateral meniscus and suspicious of extends into the surface; obliteration of anterior horn of lateral meniscus, R/O tear."",""C/W tear of lateral meniscus.""]",YES,"[""history_or_postoperative_scope_review"",""llm_review:Findings are initially tentative; the impression diagnoses a tear."",""llm_review:Tear severity and timing are unspecified.""]",KEEP,PASS,PASS,PASS,PASS,PASS,PASS,PASS,GPT-6.1 Sol independent text reviewer B,检查段疑似撕裂，结论C/W外侧半月板撕裂构成支持诊断；保留异常及前后角范围，无等级时序臆造，YES有结论支持。
1.2.826.0.1.3680043.8.498.15444316810805746453392291780593934328,Medial OA,190d27ebe033a57e144f87664a1dd880372474e6624e327817b6c73b2135a524,UNCERTAIN,"[""Osteoarthritis of knee joint with synovitis; more prominent at lateral compartment.""]",UNKNOWN,"[""anatomy_missing_or_wrong"",""llm_review:Cartilage loss depth and extent are unspecified."",""llm_review:Generic knee osteoarthritis does not establish medial compartment involvement."",""side_or_compartment_scope_review"",""uncertain_report""]",MASK,PASS,PASS,PASS,PASS,PASS,PASS,PASS,GPT-6.1 Sol independent text reviewer B,泛称膝OA并外侧更明显，内侧是否累及未明确；UNCERTAIN与UNKNOWN准确，未知解剖触发critical属合法排除，MASK但七维无语义错误。
1.2.826.0.1.3680043.8.498.15444316810805746453392291780593934328,Lateral OA,190d27ebe033a57e144f87664a1dd880372474e6624e327817b6c73b2135a524,PRESENT,"[""Osteoarthritis of knee joint with synovitis; more prominent at lateral compartment.""]",UNKNOWN,"[""criteria_anatomy_severity_extent_or_timing_insufficient"",""llm_review:Lateral compartment osteoarthritis is reported without cartilage loss depth or extent.""]",KEEP,PASS,PASS,PASS,PASS,PASS,PASS,PASS,GPT-6.1 Sol independent text reviewer B,结论明确外侧间室OA；有病变但未定软骨损失比例及范围，PRESENT与UNKNOWN合理。
1.2.826.0.1.3680043.8.498.15444316810805746453392291780593934328,PF OA,190d27ebe033a57e144f87664a1dd880372474e6624e327817b6c73b2135a524,PRESENT,"[""grade 2-3 chondromalacia at lateral facet of patella.""]",UNKNOWN,"[""criteria_anatomy_severity_extent_or_timing_insufficient"",""llm_review:Cartilage defect extent is not reported."",""llm_review:Grade 2-3 spans grades and the grading convention is unspecified.""]",KEEP,PASS,PASS,PASS,PASS,PASS,PASS,PASS,GPT-6.1 Sol independent text reviewer B,髌骨外侧面2至3级软化有直接证据；未说明分级约定且跨级，UNSPECIFIED保留原文，不补超过50%或面积。
1.2.826.0.1.3680043.8.498.15444316810805746453392291780593934328,Effusion,190d27ebe033a57e144f87664a1dd880372474e6624e327817b6c73b2135a524,PRESENT,"[""Joint effusion and suprapatellar bursitis with suprapatellar and medial plicae; hypertrophy of the synovium, indicative of synovitis.""]",UNKNOWN,"[""criteria_anatomy_severity_extent_or_timing_insufficient"",""llm_review:Effusion size and joint distension are not specified.""]",KEEP,PASS,PASS,PASS,PASS,PASS,PASS,PASS,GPT-6.1 Sol independent text reviewer B,积液及髌上滑囊炎明确但未量级或扩张；仅PRESENT及UNKNOWN，不从滑膜肥厚推中大量积液。
1.2.826.0.1.3680043.8.498.15444316810805746453392291780593934328,Synovitis,190d27ebe033a57e144f87664a1dd880372474e6624e327817b6c73b2135a524,PRESENT,"[""hypertrophy of the synovium, indicative of synovitis."",""Osteoarthritis of knee joint with synovitis; more prominent at lateral compartment.""]",YES,[],KEEP,PASS,PASS,PASS,PASS,PASS,PASS,PASS,GPT-6.1 Sol independent text reviewer B,滑膜肥厚并提示滑膜炎为直接证据，结论亦支持；PRESENT及YES正确，未仅凭积液推断。
1.2.826.0.1.3680043.8.498.15444316810805746453392291780593934328,Baker's,190d27ebe033a57e144f87664a1dd880372474e6624e327817b6c73b2135a524,NOT_MENTIONED,[],UNKNOWN,[],KEEP,PASS,PASS,PASS,PASS,PASS,PASS,PASS,GPT-6.1 Sol independent text reviewer B,髌上滑囊炎不是Baker囊肿；报告没有腘窝囊肿，保持未提及及UNKNOWN。
1.2.826.0.1.3680043.8.498.15444316810805746453392291780593934328,Contusion,190d27ebe033a57e144f87664a1dd880372474e6624e327817b6c73b2135a524,PRESENT,"[""Degeneration of knee joint with spur formation and subchondral edema; grade 2-3 chondromalacia at lateral facet of patella.""]",NO,"[""explicit_subthreshold_or_alternative"",""llm_review:Subchondral edema is described as part of degeneration, not as traumatic contusion."",""llm_review:The affected bone and edema extent are unspecified."",""timing_or_trauma_review""]",KEEP,PASS,PASS,PASS,PASS,PASS,PASS,PASS,GPT-6.1 Sol independent text reviewer B,唯一软骨下水肿被明确写为膝退变伴骨赘的组成表现；PRESENT保留候选，退变性替代支持NO，未将仅邻近OA关系补因果，具体骨与范围仍留未知。
1.2.826.0.1.3680043.8.498.15444316810805746453392291780593934328,Fracture,190d27ebe033a57e144f87664a1dd880372474e6624e327817b6c73b2135a524,NOT_MENTIONED,[],UNKNOWN,[],KEEP,PASS,PASS,PASS,PASS,PASS,PASS,PASS,GPT-6.1 Sol independent text reviewer B,原文未写骨折评估或骨折线；软骨下水肿不自动意味着骨折，保持UNKNOWN正确。
1.2.826.0.1.3680043.8.498.17618734998753079190687719289815512319,ACL,42381e8bd771197242e45424629a8da476bf4328edb399d2bba25104d4171637,ABSENT,"[""Ligamentos cruzados y colaterales dentro de límites normales.""]",NO,[],KEEP,PASS,PASS,PASS,PASS,PASS,PASS,PASS,GPT-6.1 Sol independent text reviewer B,交叉及副韧带明确正常覆盖ACL，完整否定并NONE/NO有原文；无半月板撕裂传播到韧带。
1.2.826.0.1.3680043.8.498.17618734998753079190687719289815512319,MCL,42381e8bd771197242e45424629a8da476bf4328edb399d2bba25104d4171637,ABSENT,"[""Ligamentos cruzados y colaterales dentro de límites normales.""]",NO,[],KEEP,PASS,PASS,PASS,PASS,PASS,PASS,PASS,GPT-6.1 Sol independent text reviewer B,副韧带均在正常限内，MCL定位及NO合理，未臆造急性损伤。
1.2.826.0.1.3680043.8.498.17618734998753079190687719289815512319,Medial Meniscus,42381e8bd771197242e45424629a8da476bf4328edb399d2bba25104d4171637,PRESENT,"[""Aumento de señal central del cuerno posterior del menisco medial que no contacta la superficie articular."",""Fibrilación marginal del cuerpo del menisco medial.""]",UNKNOWN,"[""criteria_anatomy_severity_extent_or_timing_insufficient"",""history_or_postoperative_scope_review"",""llm_review:Internal signal does not reach the articular surface; marginal fibrillation is also reported, without a definite medial meniscal tear diagnosis."",""negation_scope_review""]",KEEP,PASS,PASS,PASS,PASS,PASS,PASS,PASS,GPT-6.1 Sol independent text reviewer B,内侧后角中央信号未达表面，同时体部边缘纤维化已记录；不能只凭第一句断言仅内部退变，PRESENT和UNKNOWN正确。
1.2.826.0.1.3680043.8.498.17618734998753079190687719289815512319,Lateral Meniscus,42381e8bd771197242e45424629a8da476bf4328edb399d2bba25104d4171637,PRESENT,"[""Extensa rotura degenerativa con maceración y extrusión de la totalidad del menisco lateral.""]",YES,[],KEEP,PASS,PASS,PASS,PASS,PASS,PASS,PASS,GPT-6.1 Sol independent text reviewer B,外侧整个半月板广泛退变性撕裂伴碎裂挤出是明确撕裂；CURRENT_CHRONIC与退变相符，YES有直接诊断。
1.2.826.0.1.3680043.8.498.17618734998753079190687719289815512319,Medial OA,42381e8bd771197242e45424629a8da476bf4328edb399d2bba25104d4171637,PRESENT,"[""Úlceras condrales de espesor parcial de la zona de carga del compartimento femorotibial medial sin cambios óseos secundarios."",""Condropatía con lesiones grado dos y tres del compartimento femorotibial medial y patelofemoral.""]",UNKNOWN,"[""criteria_anatomy_severity_extent_or_timing_insufficient"",""llm_review:Partial-thickness loss lacks a percentage and measured extent; the grade convention is unspecified."",""negation_scope_review""]",KEEP,PASS,PASS,PASS,PASS,PASS,PASS,PASS,GPT-6.1 Sol independent text reviewer B,内侧负重区部分厚度溃疡及2/3级损伤保留；分级约定和百分比范围不足，UNKNOWN合理，未把无继发骨改变当无软骨病变。
1.2.826.0.1.3680043.8.498.17618734998753079190687719289815512319,Lateral OA,42381e8bd771197242e45424629a8da476bf4328edb399d2bba25104d4171637,PRESENT,"[""Úlceras condrales de espesor parcial y total del compartimento femorotibial lateral con cambios óseos secundarios y proliferaciones óseas periféricas."",""Avanzados cambios degenerativos del compartimento femorotibial lateral.""]",UNKNOWN,"[""criteria_anatomy_severity_extent_or_timing_insufficient"",""llm_review:Full-thickness cartilage loss is reported, but its extent is not established.""]",KEEP,PASS,PASS,PASS,PASS,PASS,PASS,PASS,GPT-6.1 Sol independent text reviewer B,外侧明确部分及全层软骨溃疡，深度超过50%受支持；advanced程度正确，但全层部分范围未定，UNKNOWN保守符合标准。
1.2.826.0.1.3680043.8.498.17618734998753079190687719289815512319,PF OA,42381e8bd771197242e45424629a8da476bf4328edb399d2bba25104d4171637,PRESENT,"[""Úlceras condrales de espesor parcial y total de distribución difusa de la tróclea femoral sin cambios óseos secundarios."",""Finas úlceras condrales de espesor parcial de distribución difusa de la rótula."",""Condropatía con lesiones grado dos y tres del compartimento femorotibial medial y patelofemoral.""]",UNKNOWN,"[""criteria_anatomy_severity_extent_or_timing_insufficient"",""llm_review:Diffuse distribution does not establish the extent of the full-thickness component; the grading convention is unspecified."",""negation_scope_review""]",KEEP,PASS,PASS,PASS,PASS,PASS,PASS,PASS,GPT-6.1 Sol independent text reviewer B,滑车弥漫分布部分/全层损伤及髌骨细小部分损伤均提取；全层深度true有直接词语，但弥漫混合分布不直接给全层面积，UNKNOWN合理。
1.2.826.0.1.3680043.8.498.17618734998753079190687719289815512319,Effusion,42381e8bd771197242e45424629a8da476bf4328edb399d2bba25104d4171637,PRESENT,"[""Derrame articular con sinovitis difusa."",""Leve derrame articular con sinovitis difusa.""]",NO,"[""explicit_subthreshold_or_alternative""]",KEEP,PASS,PASS,PASS,PASS,PASS,PASS,PASS,GPT-6.1 Sol independent text reviewer B,结论明确轻度积液，PRESENT/MILD及低于门槛NO正确；后外侧隐窝扩张未扩为中大量关节积液。
1.2.826.0.1.3680043.8.498.17618734998753079190687719289815512319,Synovitis,42381e8bd771197242e45424629a8da476bf4328edb399d2bba25104d4171637,PRESENT,"[""Derrame articular con sinovitis difusa.""]",YES,[],KEEP,PASS,PASS,PASS,PASS,PASS,PASS,PASS,GPT-6.1 Sol independent text reviewer B,弥漫滑膜炎直接诊断有证据，PRESENT及YES正确，未依赖积液单独推断。
1.2.826.0.1.3680043.8.498.17618734998753079190687719289815512319,Baker's,42381e8bd771197242e45424629a8da476bf4328edb399d2bba25104d4171637,NOT_MENTIONED,[],UNKNOWN,"[""llm_review:The reported fluid-distended posterolateral recess is not a named Baker cyst or a typical posteromedial collection.""]",KEEP,PASS,PASS,PASS,PASS,PASS,PASS,PASS,GPT-6.1 Sol independent text reviewer B,液体扩张后外侧隐窝并非典型后内侧Baker囊肿，未强行重定位或命名；Baker未提及和UNKNOWN合理。
1.2.826.0.1.3680043.8.498.17618734998753079190687719289815512319,Contusion,42381e8bd771197242e45424629a8da476bf4328edb399d2bba25104d4171637,ABSENT,"[""No hay alteraciones de señal significativas de la médula ósea.""]",UNKNOWN,"[""llm_review:The qualified negative excludes significant marrow signal abnormalities, not every mild contusion."",""negative_scope_insufficient""]",KEEP,PASS,PASS,PASS,PASS,PASS,PASS,PASS,GPT-6.1 Sol independent text reviewer B,无显著骨髓信号异常为限定否定，ABSENT保留否定状态但UNSPECIFIED、完整absence留空，UNKNOWN/mask0避免把轻微异常全排除，符合新提示。
1.2.826.0.1.3680043.8.498.17618734998753079190687719289815512319,Fracture,42381e8bd771197242e45424629a8da476bf4328edb399d2bba25104d4171637,NOT_MENTIONED,[],UNKNOWN,[],KEEP,PASS,PASS,PASS,PASS,PASS,PASS,PASS,GPT-6.1 Sol independent text reviewer B,报告没有直接骨折或骨折线排除；正常限定髓信号不扩为骨折阴性，未提及及UNKNOWN合理。
1.2.826.0.1.3680043.8.498.25909078145370189195643713208718315003,ACL,d5b950bbe2f3e7a06e5729784f0210f7e11c599397614269619f3cc33eaab714,ABSENT,"[""The contour of ACL & PCL appear to be within normal, no abnormal signal intensity is noted.""]",NO,[],KEEP,PASS,PASS,PASS,PASS,PASS,PASS,PASS,GPT-6.1 Sol independent text reviewer B,ACL轮廓正常且无异常信号为完整正常评估，NONE/ABSENT与NO正确，未与髓水肿混淆。
1.2.826.0.1.3680043.8.498.25909078145370189195643713208718315003,MCL,d5b950bbe2f3e7a06e5729784f0210f7e11c599397614269619f3cc33eaab714,ABSENT,"[""Both medial & lateral collateral ligaments appear to be within normal.""]",NO,[],KEEP,PASS,PASS,PASS,PASS,PASS,PASS,PASS,GPT-6.1 Sol independent text reviewer B,两侧副韧带正常明确，MCL阴性有直接支持；未臆造程度或时序。
1.2.826.0.1.3680043.8.498.25909078145370189195643713208718315003,Medial Meniscus,d5b950bbe2f3e7a06e5729784f0210f7e11c599397614269619f3cc33eaab714,ABSENT,"[""No evidence of tear is noted in either medial or lateral meniscus.""]",NO,"[""side_or_compartment_scope_review""]",KEEP,PASS,PASS,PASS,PASS,PASS,PASS,PASS,GPT-6.1 Sol independent text reviewer B,明确内外侧均无撕裂，否定范围覆盖内侧且无内部异常描述；NO成立，共同证据非侧别遗漏。
1.2.826.0.1.3680043.8.498.25909078145370189195643713208718315003,Lateral Meniscus,d5b950bbe2f3e7a06e5729784f0210f7e11c599397614269619f3cc33eaab714,ABSENT,"[""No evidence of tear is noted in either medial or lateral meniscus.""]",NO,"[""side_or_compartment_scope_review""]",KEEP,PASS,PASS,PASS,PASS,PASS,PASS,PASS,GPT-6.1 Sol independent text reviewer B,同一句明确两侧无撕裂直接覆盖外侧，ABSENT与完整absence正确，scope提示不等于实际错读。
1.2.826.0.1.3680043.8.498.25909078145370189195643713208718315003,Medial OA,d5b950bbe2f3e7a06e5729784f0210f7e11c599397614269619f3cc33eaab714,UNCERTAIN,"[""Wearing of articular cartilage with mtultifocal subchondral bone exposed  (srs: [ID]; srs:5, Img:12,13) and subchondral bone marrow edema of left  knee joint and osteophyte formation, major at patella and distal femur, reflecting osteoarthritis.""]",UNKNOWN,"[""anatomy_missing_or_wrong"",""llm_review:Distal femoral cartilage damage is not localized to the medial compartment; compartment-specific depth and extent are unavailable."",""uncertain_report""]",MASK,PASS,PASS,PASS,PASS,PASS,PASS,PASS,GPT-6.1 Sol independent text reviewer B,软骨损伤主要在髌骨和股骨远端，未指明内侧股胫位置；UNCERTAIN及解剖UNKNOWN保留局限，critical合法排除须MASK，无独立语义FAIL。
1.2.826.0.1.3680043.8.498.25909078145370189195643713208718315003,Lateral OA,d5b950bbe2f3e7a06e5729784f0210f7e11c599397614269619f3cc33eaab714,UNCERTAIN,"[""Wearing of articular cartilage with mtultifocal subchondral bone exposed  (srs: [ID]; srs:5, Img:12,13) and subchondral bone marrow edema of left  knee joint and osteophyte formation, major at patella and distal femur, reflecting osteoarthritis.""]",UNKNOWN,"[""anatomy_missing_or_wrong"",""llm_review:Distal femoral cartilage damage is not localized to the lateral compartment; compartment-specific depth and extent are unavailable."",""uncertain_report""]",MASK,PASS,PASS,PASS,PASS,PASS,PASS,PASS,GPT-6.1 Sol independent text reviewer B,远端股骨损伤未定位外侧间室；未将泛称OA变成确证外侧阳性，UNKNOWN与critical排除合理，MASK且七维PASS。
1.2.826.0.1.3680043.8.498.25909078145370189195643713208718315003,PF OA,d5b950bbe2f3e7a06e5729784f0210f7e11c599397614269619f3cc33eaab714,PRESENT,"[""Wearing of articular cartilage with mtultifocal subchondral bone exposed  (srs: [ID]; srs:5, Img:12,13) and subchondral bone marrow edema of left  knee joint and osteophyte formation, major at patella and distal femur, reflecting osteoarthritis.""]",UNKNOWN,"[""criteria_anatomy_severity_extent_or_timing_insufficient"",""llm_review:Exposed subchondral bone supports full-thickness cartilage loss, but defect extent is not measured.""]",KEEP,PASS,PASS,PASS,PASS,PASS,PASS,PASS,GPT-6.1 Sol independent text reviewer B,髌骨相关软骨磨损伴多灶骨暴露有原文，支持全层深度；未量面积且多灶不直接等于足够范围，PRESENT及UNKNOWN正确。
1.2.826.0.1.3680043.8.498.25909078145370189195643713208718315003,Effusion,d5b950bbe2f3e7a06e5729784f0210f7e11c599397614269619f3cc33eaab714,PRESENT,"[""Joint effusion and suprapatellar bursitis with suprapatellar and medial plicae""]",UNKNOWN,"[""criteria_anatomy_severity_extent_or_timing_insufficient"",""llm_review:Effusion amount and joint distension are not specified.""]",KEEP,PASS,PASS,PASS,PASS,PASS,PASS,PASS,GPT-6.1 Sol independent text reviewer B,关节积液与髌上滑囊炎有直接证据但无量级扩张；PRESENT并UNKNOWN，未由其他炎症推中大量。
1.2.826.0.1.3680043.8.498.25909078145370189195643713208718315003,Synovitis,d5b950bbe2f3e7a06e5729784f0210f7e11c599397614269619f3cc33eaab714,PRESENT,"[""hypertrophy of the synovium, indicative of synovitis."",""Synovitis of left knee and suprapatellar bursitis, maybe due to inflammation""]",YES,[],KEEP,PASS,PASS,PASS,PASS,PASS,PASS,PASS,GPT-6.1 Sol independent text reviewer B,滑膜肥厚并诊断滑膜炎，结论重复支持；病因疑炎症/痛风不否定滑膜诊断，YES合理。
1.2.826.0.1.3680043.8.498.25909078145370189195643713208718315003,Baker's,d5b950bbe2f3e7a06e5729784f0210f7e11c599397614269619f3cc33eaab714,PRESENT,"[""A lobulated cystic lesion with internal spetum in medial popliteal fossa between the tendons of the medial head of the gastrocnemius and the semimembranosus muscles, in favor of Baker's cyst, about 2*3*6 cm in size; mild perifocal edema."",""C/W Baker's cyst in poplital fossa with mild perifocal edema.""]",UNKNOWN,"[""criteria_anatomy_severity_extent_or_timing_insufficient"",""llm_review:Cyst dimensions are reported without a size-grade convention; mild perifocal edema does not grade cyst size.""]",KEEP,PASS,PASS,PASS,PASS,PASS,PASS,PASS,GPT-6.1 Sol independent text reviewer B,后内侧腓肠肌内侧头与半膜肌间囊肿及结论C/W支持Baker，定位准确；2×3×6cm无量级约定，周围轻水肿非囊肿量级，UNKNOWN正确。
1.2.826.0.1.3680043.8.498.25909078145370189195643713208718315003,Contusion,d5b950bbe2f3e7a06e5729784f0210f7e11c599397614269619f3cc33eaab714,PRESENT,"[""Wearing of articular cartilage with mtultifocal subchondral bone exposed  (srs: [ID]; srs:5, Img:12,13) and subchondral bone marrow edema of left  knee joint and osteophyte formation, major at patella and distal femur, reflecting osteoarthritis.""]",NO,"[""explicit_subthreshold_or_alternative"",""llm_review:Reported marrow edema is attributed to osteoarthritis, not traumatic contusion."",""timing_or_trauma_review""]",KEEP,PASS,PASS,PASS,PASS,PASS,PASS,PASS,GPT-6.1 Sol independent text reviewer B,软骨下骨髓水肿明确被整体表述reflecting osteoarthritis所归因，未遗漏候选PRESENT；唯一髓异常退变替代支持NO，无额外髓异常被擅自归因。
1.2.826.0.1.3680043.8.498.25909078145370189195643713208718315003,Fracture,d5b950bbe2f3e7a06e5729784f0210f7e11c599397614269619f3cc33eaab714,NOT_MENTIONED,[],UNKNOWN,[],KEEP,PASS,PASS,PASS,PASS,PASS,PASS,PASS,GPT-6.1 Sol independent text reviewer B,报告未写骨折或骨折线评估；骨暴露指软骨损失而非骨折，未提及与UNKNOWN正确。
1.2.826.0.1.3680043.8.498.29280448517432444306374036429824425668,ACL,0ac0b8a39f236cad4c192c951b897624d5c495a1a1c109ec6dd02309bb331e34,PRESENT,"[""Mucoid degeneration of the ACL.""]",NO,"[""explicit_subthreshold_or_alternative"",""llm_review:Mucoid degeneration is reported, not a qualifying tear.""]",KEEP,PASS,PASS,PASS,PASS,PASS,PASS,PASS,GPT-6.1 Sol independent text reviewer B,ACL黏液样退变明确而非撕裂；PRESENT保留相关异常，替代性低等级事实与NO合理，时序未指定。
1.2.826.0.1.3680043.8.498.29280448517432444306374036429824425668,MCL,0ac0b8a39f236cad4c192c951b897624d5c495a1a1c109ec6dd02309bb331e34,PRESENT,"[""Mild edema deep to the medial collateral ligament suggesting reactive changes."",""There is some mass effect on the superficial medial collateral ligament by the extruded medial meniscus.""]",UNKNOWN,"[""criteria_anatomy_severity_extent_or_timing_insufficient"",""llm_mapper_disagreement"",""llm_review:Reactive periligamentous edema and extrinsic mass effect are described, not an acute high-grade MCL tear."",""timing_or_trauma_review""]",KEEP,PASS,PASS,PASS,PASS,PASS,PASS,PASS,GPT-6.1 Sol independent text reviewer B,MCL深面轻度反应性水肿及被挤出半月板压迫准确提取；未补高等级急性撕裂，mapper UNKNOWN与低软监督分数可支持保守非典型损伤。
1.2.826.0.1.3680043.8.498.29280448517432444306374036429824425668,Medial Meniscus,0ac0b8a39f236cad4c192c951b897624d5c495a1a1c109ec6dd02309bb331e34,PRESENT,"[""Incomplete/moderate grade partial radial tear involving the posterior horn of the medial meniscus."",""There is meniscal extrusion of approximately 4 mm at the level of the body segment."",""Intrasubstance hyperintense signal in keeping with degenerative facet changes most pronounced at the body.""]",YES,"[""history_or_postoperative_scope_review""]",KEEP,PASS,PASS,PASS,PASS,PASS,PASS,PASS,GPT-6.1 Sol independent text reviewer B,内侧后角中等部分放射状撕裂及体部4mm挤出均有原文；明确撕裂true与YES正确，内部退变没有覆盖已确证撕裂。
1.2.826.0.1.3680043.8.498.29280448517432444306374036429824425668,Lateral Meniscus,0ac0b8a39f236cad4c192c951b897624d5c495a1a1c109ec6dd02309bb331e34,PRESENT,"[""Longitudinal horizontal tear within the anterior horn of the lateral meniscus.""]",YES,[],KEEP,PASS,PASS,PASS,PASS,PASS,PASS,PASS,GPT-6.1 Sol independent text reviewer B,外侧前角纵向水平撕裂直接诊断，PRESENT及YES受支持，无未明示的程度或时序。
1.2.826.0.1.3680043.8.498.29280448517432444306374036429824425668,Medial OA,0ac0b8a39f236cad4c192c951b897624d5c495a1a1c109ec6dd02309bb331e34,PRESENT,"[""Some areas of high-grade and full-thickness chondral loss involving the weightbearing portions of the medial femoral condyle and medial tibial plateau."",""Mild marginal osteophytosis, with subchondral cystic changes, sclerosis and reactive bone marrow signal edema in keeping with moderate osteoarthritis."",""Severe medial compartment osteoarthritis with a moderate grade partial radial tear of the posterior horn of the medial meniscus and associated extrusion of the medial meniscal body."",""Mild chondropathy at the medial and patellofemoral compartments.""]",UNKNOWN,"[""history_or_postoperative_scope_review"",""llm_review:Cartilage-loss extent is not stated; the 1 cm subchondral bone abnormality does not establish cartilage-defect extent."",""llm_review:Medial disease is described as moderate osteoarthritis, severe osteoarthritis, and mild chondropathy."",""unresolved_contradiction""]",MASK,PASS,PASS,PASS,PASS,PASS,PASS,PASS,GPT-6.1 Sol independent text reviewer B,内侧明确高等级全层损失，另有中度/重度OA及结论轻度软化的矛盾均保留；1cm骨改变不是软骨缺损面积，UNKNOWN及critical冲突排除正确，MASK无语义FAIL。
1.2.826.0.1.3680043.8.498.29280448517432444306374036429824425668,Lateral OA,0ac0b8a39f236cad4c192c951b897624d5c495a1a1c109ec6dd02309bb331e34,PRESENT,"[""Mild diffuse chondral thinning. Heterogenous signal intensity of the cartilage in keeping with mild chondropathy.""]",NO,"[""explicit_subthreshold_or_alternative"",""llm_review:Only mild cartilage changes are reported; numerical depth and extent are not provided.""]",KEEP,PASS,PASS,PASS,PASS,PASS,PASS,PASS,GPT-6.1 Sol independent text reviewer B,外侧间室轻度弥漫变薄及轻度软骨病有独立段落；低等级支持NO，未将结论内侧矛盾传播到外侧。
1.2.826.0.1.3680043.8.498.29280448517432444306374036429824425668,PF OA,0ac0b8a39f236cad4c192c951b897624d5c495a1a1c109ec6dd02309bb331e34,PRESENT,"[""Mild diffuse chondral thinning."",""Mild chondropathy at the medial and patellofemoral compartments.""]",NO,"[""explicit_subthreshold_or_alternative"",""llm_review:Only mild cartilage changes are reported; numerical depth and extent are not provided.""]",KEEP,PASS,PASS,PASS,PASS,PASS,PASS,PASS,GPT-6.1 Sol independent text reviewer B,前方间室轻度弥漫变薄及结论髌股轻度软化一致；PRESENT/MILD与低等级NO合理，滑车前游离体不当作软骨深缺损。
1.2.826.0.1.3680043.8.498.29280448517432444306374036429824425668,Effusion,0ac0b8a39f236cad4c192c951b897624d5c495a1a1c109ec6dd02309bb331e34,PRESENT,"[""Moderate joint effusion with synovitis."",""Moderate joint effusion and synovitis.""]",UNKNOWN,"[""criteria_anatomy_severity_extent_or_timing_insufficient"",""llm_mapper_disagreement"",""llm_review:Moderate effusion is explicit; joint distension is not separately described.""]",KEEP,PASS,PASS,PASS,PASS,PASS,PASS,PASS,GPT-6.1 Sol independent text reviewer B,中度积液直接证据充分但未写扩张，扩张事实保持未知且mapper UNKNOWN；低权重0.25的0.95软分数有中度支持，提案YES分歧本身不构成FAIL。
1.2.826.0.1.3680043.8.498.29280448517432444306374036429824425668,Synovitis,0ac0b8a39f236cad4c192c951b897624d5c495a1a1c109ec6dd02309bb331e34,PRESENT,"[""Moderate joint effusion with synovitis."",""Loose body versus nodular synovitis anterior to the trochlea groove (series 5, image 18), measuring 9 x 5 x 4 mm."",""Moderate joint effusion and synovitis.""]",YES,"[""llm_review:The anterior nodular structure is indeterminate between loose body and nodular synovitis; synovitis is otherwise explicitly diagnosed.""]",KEEP,PASS,PASS,PASS,PASS,PASS,PASS,PASS,GPT-6.1 Sol independent text reviewer B,积液伴滑膜炎及结论明确诊断直接支持YES；滑车前结节是游离体或结节滑膜炎的鉴别，未被补为已确证结节炎。
1.2.826.0.1.3680043.8.498.29280448517432444306374036429824425668,Baker's,0ac0b8a39f236cad4c192c951b897624d5c495a1a1c109ec6dd02309bb331e34,PRESENT,"[""Baker's cyst, with further multiloculated ganglion cyst associated with the insertional fibers of semimembranosus."",""Small popliteal cyst and multiloculated ganglion cyst about the semimembranosus tendon insertion.""]",NO,"[""explicit_subthreshold_or_alternative"",""llm_review:The popliteal cyst is small; the additional ganglion cyst is a separate collection.""]",KEEP,PASS,PASS,PASS,PASS,PASS,PASS,PASS,GPT-6.1 Sol independent text reviewer B,明确Baker囊肿与结论小型腘窝囊肿相符，半膜肌附着另有独立多房节囊肿；小型低于门槛NO，不混并尺寸。
1.2.826.0.1.3680043.8.498.29280448517432444306374036429824425668,Contusion,0ac0b8a39f236cad4c192c951b897624d5c495a1a1c109ec6dd02309bb331e34,PRESENT,"[""Mild marginal osteophytosis, with subchondral cystic changes, sclerosis and reactive bone marrow signal edema in keeping with moderate osteoarthritis."",""There is a focal approximately 1 x 1 cm area of subchondral sclerosis and cystlike changes, mild subchondral bone plate irregularity, and associated edema-like bone marrow reactive changes at the medial aspect of the medial tibial plateau, which raises the suspicion of sequela of a subchondral insufficiency fracture."",""Mild bone marrow edema like signal at the proximal tibiofibular joint, likely degenerative.""]",UNKNOWN,"[""criteria_anatomy_severity_extent_or_timing_insufficient"",""llm_review:Marrow edema is present, but traumatic causation and absence of a fracture line are not established."",""llm_review:Some marrow changes are attributed to osteoarthritis or likely degeneration; the focal medial tibial plateau changes may reflect insufficiency-fracture sequelae, preventing an all-degenerative attribution."",""timing_or_trauma_review""]",KEEP,PASS,PASS,PASS,PASS,PASS,PASS,PASS,GPT-6.1 Sol independent text reviewer B,三处骨髓异常完整记录；退变性与疑似不全骨折后遗并存，未将全部强行退变归因，创伤原因及无骨折线未知，标准UNKNOWN合理。
1.2.826.0.1.3680043.8.498.29280448517432444306374036429824425668,Fracture,0ac0b8a39f236cad4c192c951b897624d5c495a1a1c109ec6dd02309bb331e34,UNCERTAIN,"[""There is a focal approximately 1 x 1 cm area of subchondral sclerosis and cystlike changes, mild subchondral bone plate irregularity, and associated edema-like bone marrow reactive changes at the medial aspect of the medial tibial plateau, which raises the suspicion of sequela of a subchondral insufficiency fracture."",""There is a 1 cm area of subchondral sclerosis, cystlike changes, mild subchondral bone plate depression, and surrounding bone marrow edema at the medial tibial plateau, raising suspicion for sequelae of a subchondral insufficiency fracture.""]",UNKNOWN,"[""llm_review:Fracture timing is unspecified."",""llm_review:Only suspected insufficiency-fracture sequelae are reported; a current acute fracture line or cortical disruption is not established."",""uncertain_report""]",KEEP,PASS,PASS,PASS,PASS,PASS,PASS,PASS,GPT-6.1 Sol independent text reviewer B,内侧胫骨平台1cm异常仅怀疑不全骨折后遗；UNCERTAIN及UNKNOWN保留非确证与时序局限，未补急性骨折线。
1.2.826.0.1.3680043.8.498.30998941785989496591079894962766360976,ACL,f44b457c3bba0d5d1848a5c2f61b69ee577507cab5980f13fca2b3eebc5eec4e,ABSENT,"[""Çapraz ve yan bağlar normal.""]",NO,[],KEEP,PASS,PASS,PASS,PASS,PASS,PASS,PASS,GPT-6.1 Sol independent text reviewer B,交叉和侧副韧带整体正常包含ACL，完整阴性和NO有直接支持，时序不补。
1.2.826.0.1.3680043.8.498.30998941785989496591079894962766360976,MCL,f44b457c3bba0d5d1848a5c2f61b69ee577507cab5980f13fca2b3eebc5eec4e,ABSENT,"[""Çapraz ve yan bağlar normal.""]",NO,[],KEEP,PASS,PASS,PASS,PASS,PASS,PASS,PASS,GPT-6.1 Sol independent text reviewer B,侧副韧带正常包括MCL，未因其他关节异常推韧带损伤，NONE/NO合理。
1.2.826.0.1.3680043.8.498.30998941785989496591079894962766360976,Medial Meniscus,f44b457c3bba0d5d1848a5c2f61b69ee577507cab5980f13fca2b3eebc5eec4e,PRESENT,"[""Medyal menisküsün arka boynuzunda hafif dereceli dejenerasyon.""]",NO,"[""explicit_subthreshold_or_alternative""]",KEEP,PASS,PASS,PASS,PASS,PASS,PASS,PASS,GPT-6.1 Sol independent text reviewer B,内侧后角轻度退变明确，PRESENT/MILD保留病变；仅退变且无撕裂诊断的替代NO合理。
1.2.826.0.1.3680043.8.498.30998941785989496591079894962766360976,Lateral Meniscus,f44b457c3bba0d5d1848a5c2f61b69ee577507cab5980f13fca2b3eebc5eec4e,ABSENT,"[""Lateral menisküs normal.""]",NO,[],KEEP,PASS,PASS,PASS,PASS,PASS,PASS,PASS,GPT-6.1 Sol independent text reviewer B,外侧半月板独立正常有证据，ABSENT及完整排除true准确。
1.2.826.0.1.3680043.8.498.30998941785989496591079894962766360976,Medial OA,f44b457c3bba0d5d1848a5c2f61b69ee577507cab5980f13fca2b3eebc5eec4e,ABSENT,"[""Eklem kıkırdakları ve kemikler normal.""]",NO,[],KEEP,PASS,PASS,PASS,PASS,PASS,PASS,PASS,GPT-6.1 Sol independent text reviewer B,关节软骨整体正常无局部限定或相反软骨异常，覆盖内侧阴性，NO符合原文。
1.2.826.0.1.3680043.8.498.30998941785989496591079894962766360976,Lateral OA,f44b457c3bba0d5d1848a5c2f61b69ee577507cab5980f13fca2b3eebc5eec4e,ABSENT,"[""Eklem kıkırdakları ve kemikler normal.""]",NO,[],KEEP,PASS,PASS,PASS,PASS,PASS,PASS,PASS,GPT-6.1 Sol independent text reviewer B,全关节软骨正常亦覆盖外侧，未用半月板正常代替软骨正常，完整阴性成立。
1.2.826.0.1.3680043.8.498.30998941785989496591079894962766360976,PF OA,f44b457c3bba0d5d1848a5c2f61b69ee577507cab5980f13fca2b3eebc5eec4e,ABSENT,"[""Eklem kıkırdakları ve kemikler normal.""]",NO,[],KEEP,PASS,PASS,PASS,PASS,PASS,PASS,PASS,GPT-6.1 Sol independent text reviewer B,关节软骨正常覆盖髌股；髌前滑囊炎与股四头肌脂肪垫水肿未误写软骨异常，NO合理。
1.2.826.0.1.3680043.8.498.30998941785989496591079894962766360976,Effusion,f44b457c3bba0d5d1848a5c2f61b69ee577507cab5980f13fca2b3eebc5eec4e,PRESENT,"[""Diz eklemi içi sıvı miktarı hafif artmış .""]",NO,"[""explicit_subthreshold_or_alternative""]",KEEP,PASS,PASS,PASS,PASS,PASS,PASS,PASS,GPT-6.1 Sol independent text reviewer B,膝内液体轻微增多直接支持MILD，PRESENT和低于中大量的NO；3.5mm滑囊液体不混为关节积液量级。
1.2.826.0.1.3680043.8.498.30998941785989496591079894962766360976,Synovitis,f44b457c3bba0d5d1848a5c2f61b69ee577507cab5980f13fca2b3eebc5eec4e,NOT_MENTIONED,[],UNKNOWN,[],KEEP,PASS,PASS,PASS,PASS,PASS,PASS,PASS,GPT-6.1 Sol independent text reviewer B,髌前滑囊炎及脂肪垫水肿未构成直接滑膜炎证据；未提及与UNKNOWN正确，未补全阴性。
1.2.826.0.1.3680043.8.498.30998941785989496591079894962766360976,Baker's,f44b457c3bba0d5d1848a5c2f61b69ee577507cab5980f13fca2b3eebc5eec4e,NOT_MENTIONED,[],UNKNOWN,[],KEEP,PASS,PASS,PASS,PASS,PASS,PASS,PASS,GPT-6.1 Sol independent text reviewer B,没有腘窝囊肿描述，髌前滑囊积液不属于Baker；NOT_MENTIONED及UNKNOWN合理。
1.2.826.0.1.3680043.8.498.30998941785989496591079894962766360976,Contusion,f44b457c3bba0d5d1848a5c2f61b69ee577507cab5980f13fca2b3eebc5eec4e,ABSENT,"[""Eklem kıkırdakları ve kemikler normal.""]",NO,[],KEEP,PASS,PASS,PASS,PASS,PASS,PASS,PASS,GPT-6.1 Sol independent text reviewer B,骨整体正常且无髓异常；脂肪垫轻水肿定位软组织，不构成骨挫伤，完整骨正常支持NO。
1.2.826.0.1.3680043.8.498.30998941785989496591079894962766360976,Fracture,f44b457c3bba0d5d1848a5c2f61b69ee577507cab5980f13fca2b3eebc5eec4e,ABSENT,"[""Eklem kıkırdakları ve kemikler normal.""]",NO,[],KEEP,PASS,PASS,PASS,PASS,PASS,PASS,PASS,GPT-6.1 Sol independent text reviewer B,整体骨正常且全文无任何骨异常，属于完整正常骨评估而非仅局部形态评价；骨折阴性NO可支持，不与69有创伤髓水肿情况混同。
1.2.826.0.1.3680043.8.498.31080452089421812812019413302222437434,ACL,eb81c838f6f5f928b99d71beaff75820891abf78aaf9bbb5a80f1399b539f8de,ABSENT,"[""Anterior cruciate ligament (ACL): Normal with both bundles intact.""]",NO,[],KEEP,PASS,PASS,PASS,PASS,PASS,PASS,PASS,GPT-6.1 Sol independent text reviewer B,ACL正常且两束完整直接支持完整阴性；ABSENT/NONE及NO正确，无损伤时序臆测。
1.2.826.0.1.3680043.8.498.31080452089421812812019413302222437434,MCL,eb81c838f6f5f928b99d71beaff75820891abf78aaf9bbb5a80f1399b539f8de,ABSENT,"[""Medial collateral ligament (MCL): Normal.""]",NO,[],KEEP,PASS,PASS,PASS,PASS,PASS,PASS,PASS,GPT-6.1 Sol independent text reviewer B,MCL独立正常，解剖准确且全范围否定成立；NO有充分依据。
1.2.826.0.1.3680043.8.498.31080452089421812812019413302222437434,Medial Meniscus,eb81c838f6f5f928b99d71beaff75820891abf78aaf9bbb5a80f1399b539f8de,ABSENT,"[""Medial meniscus: Normal in morphology and signal.""]",NO,[],KEEP,PASS,PASS,PASS,PASS,PASS,PASS,PASS,GPT-6.1 Sol independent text reviewer B,内侧半月板形态和信号均正常，无相关异常；完整absence及无撕裂支持NO。
1.2.826.0.1.3680043.8.498.31080452089421812812019413302222437434,Lateral Meniscus,eb81c838f6f5f928b99d71beaff75820891abf78aaf9bbb5a80f1399b539f8de,PRESENT,"[""Complex tear of the anterior root, anterior horn, body, and posterior horn of the lateral meniscus with a dominant horizontal component and a para meniscal cyst abutting the meniscal body.""]",YES,"[""history_or_postoperative_scope_review""]",KEEP,PASS,PASS,PASS,PASS,PASS,PASS,PASS,GPT-6.1 Sol independent text reviewer B,外侧前根前角体部后角复杂撕裂及旁半月板囊肿明确；范围及definite tear true准确，YES成立。
1.2.826.0.1.3680043.8.498.31080452089421812812019413302222437434,Medial OA,eb81c838f6f5f928b99d71beaff75820891abf78aaf9bbb5a80f1399b539f8de,ABSENT,"[""Medial compartment cartilage: No focal cartilage defects.""]",UNKNOWN,"[""llm_review:Negative statement is limited to focal cartilage defects; diffuse qualifying cartilage loss is not explicitly excluded."",""negative_scope_insufficient""]",KEEP,PASS,PASS,PASS,PASS,PASS,PASS,PASS,GPT-6.1 Sol independent text reviewer B,内侧无局灶软骨缺损是局部范围否定，未完整排除弥漫损失；UNSPECIFIED及完整absence留空，UNKNOWN保守正确。
1.2.826.0.1.3680043.8.498.31080452089421812812019413302222437434,Lateral OA,eb81c838f6f5f928b99d71beaff75820891abf78aaf9bbb5a80f1399b539f8de,PRESENT,"[""Lateral compartment cartilage: Focal full-thickness cartilage fissuring along the posterior weightbearing lateral femoral condyle."",""mild lateral compartment chondrosis.""]",UNKNOWN,"[""criteria_anatomy_severity_extent_or_timing_insufficient"",""history_or_postoperative_scope_review"",""llm_review:Full-thickness fissuring is described, but qualifying cartilage-loss extent is not established.""]",KEEP,PASS,PASS,PASS,PASS,PASS,PASS,PASS,GPT-6.1 Sol independent text reviewer B,外侧后负重股骨髁局灶全层裂隙及结论轻度软骨病均保留；局灶深裂可与总体轻度并存，深度true但范围不足UNKNOWN合理。
1.2.826.0.1.3680043.8.498.31080452089421812812019413302222437434,PF OA,eb81c838f6f5f928b99d71beaff75820891abf78aaf9bbb5a80f1399b539f8de,PRESENT,"[""Broad areas of full-thickness cartilage loss spanning the median ridge and lateral patellar facet with subchondral cystic change."",""Full-thickness cartilage loss at the periphery of the lateral trochlea."",""grade 4 patellofemoral compartment chondrosis""]",UNKNOWN,"[""criteria_anatomy_severity_extent_or_timing_insufficient"",""llm_review:Broad cartilage loss is described without a measurement establishing approximately 10 mm extent; numerical chondrosis grading convention is unstated.""]",KEEP,PASS,PASS,PASS,PASS,PASS,PASS,PASS,GPT-6.1 Sol independent text reviewer B,髌骨中脊外侧面广泛全层损失和外侧滑车周边全层损失直接支持深度；grade4约定未明但未用其补深度，广泛无测量范围时UNKNOWN保守合理。
1.2.826.0.1.3680043.8.498.31080452089421812812019413302222437434,Effusion,eb81c838f6f5f928b99d71beaff75820891abf78aaf9bbb5a80f1399b539f8de,PRESENT,"[""Small joint effusion.""]",NO,"[""explicit_subthreshold_or_alternative""]",KEEP,PASS,PASS,PASS,PASS,PASS,PASS,PASS,GPT-6.1 Sol independent text reviewer B,少量积液明确，PRESENT/MILD及低等级NO成立；未把中度Baker囊肿当关节积液程度。
1.2.826.0.1.3680043.8.498.31080452089421812812019413302222437434,Synovitis,eb81c838f6f5f928b99d71beaff75820891abf78aaf9bbb5a80f1399b539f8de,NOT_MENTIONED,[],UNKNOWN,[],KEEP,PASS,PASS,PASS,PASS,PASS,PASS,PASS,GPT-6.1 Sol independent text reviewer B,原文无滑膜炎或滑膜增厚评估；少量积液及软组织炎症未代替滑膜事实，UNKNOWN正确。
1.2.826.0.1.3680043.8.498.31080452089421812812019413302222437434,Baker's,eb81c838f6f5f928b99d71beaff75820891abf78aaf9bbb5a80f1399b539f8de,PRESENT,"[""Moderate Baker's cyst.""]",YES,[],KEEP,PASS,PASS,PASS,PASS,PASS,PASS,PASS,GPT-6.1 Sol independent text reviewer B,中度Baker囊肿在发现和结论明确，诊断及MODERATE支持YES；不是仅凭数值尺寸推量级。
1.2.826.0.1.3680043.8.498.31080452089421812812019413302222437434,Contusion,eb81c838f6f5f928b99d71beaff75820891abf78aaf9bbb5a80f1399b539f8de,ABSENT,"[""No acute fracture or bone bruise."",""Background marrow signal is normal without infiltrative marrow process.""]",NO,[],MASK,FAIL,PASS,PASS,PASS,FAIL,PASS,PASS,GPT-6.1 Sol independent text reviewer B,无急性骨挫伤及正常背景髓信号证据真实，可支持非创伤阳性NO；但髌股段明确软骨下囊性改变，冻结提示要求全部相关骨髓/软骨下候选记录，未提取该候选而ABSENT/NONE遗漏异常，status与severity FAIL/MASK，不断言囊肿就是创伤挫伤。
1.2.826.0.1.3680043.8.498.31080452089421812812019413302222437434,Fracture,eb81c838f6f5f928b99d71beaff75820891abf78aaf9bbb5a80f1399b539f8de,ABSENT,"[""No acute fracture or bone bruise.""]",NO,[],KEEP,PASS,PASS,PASS,PASS,PASS,PASS,PASS,GPT-6.1 Sol independent text reviewer B,原文明确无急性骨折，符合需急性骨折的类别排除；ABSENT及acute false有直接证据，NO合理，未把髌股囊肿当骨折。
1.2.826.0.1.3680043.8.498.38528511947818361078957998546327084024,ACL,94d245fd021f1a70380da13e031a128ffc710a3ad68a3238176683d9ecfdcd6d,ABSENT,"[""Ön çapraz bağ ve arka çapraz bağ, lateral  kollateral ligaman normaldir.""]",NO,[],KEEP,PASS,PASS,PASS,PASS,PASS,PASS,PASS,GPT-6.1 Sol independent text reviewer B,ACL与PCL明确正常，正常证据不含损伤MCL；完整ACL否定与NO有支持。
1.2.826.0.1.3680043.8.498.38528511947818361078957998546327084024,MCL,94d245fd021f1a70380da13e031a128ffc710a3ad68a3238176683d9ecfdcd6d,PRESENT,"[""Medial kollateral ligamanda periligamentöz ödem izlenmiştir (grade I sprain).""]",NO,"[""explicit_subthreshold_or_alternative"",""llm_review:Low-grade sprain only; injury timing is unspecified."",""timing_or_trauma_review""]",KEEP,PASS,PASS,PASS,PASS,PASS,PASS,PASS,GPT-6.1 Sol independent text reviewer B,MCL一级扭伤伴周围水肿明确；PRESENT/MILD及低等级NO合理，不因时序未明补急性高等级。
1.2.826.0.1.3680043.8.498.38528511947818361078957998546327084024,Medial Meniscus,94d245fd021f1a70380da13e031a128ffc710a3ad68a3238176683d9ecfdcd6d,PRESENT,"[""Medial menisküste mediale 3,5 mm ekstrüzyon, meniskal kök yırtığı, posterior horn ve gövde kesiminde ise grade II dejenerasyon izlenmektedir.""]",YES,"[""history_or_postoperative_scope_review"",""llm_review:Grade II describes degeneration, not tear severity; tear timing is unspecified.""]",KEEP,PASS,PASS,PASS,PASS,PASS,PASS,PASS,GPT-6.1 Sol independent text reviewer B,内侧根撕裂及3.5mm挤出确证，后角体部II级退变同时保留；不将退变等级当撕裂等级，YES合理。
1.2.826.0.1.3680043.8.498.38528511947818361078957998546327084024,Lateral Meniscus,94d245fd021f1a70380da13e031a128ffc710a3ad68a3238176683d9ecfdcd6d,ABSENT,"[""Lateral menisküs normaldir.""]",NO,[],KEEP,PASS,PASS,PASS,PASS,PASS,PASS,PASS,GPT-6.1 Sol independent text reviewer B,外侧半月板独立正常，完整否定true及NO有直接依据。
1.2.826.0.1.3680043.8.498.38528511947818361078957998546327084024,Medial OA,94d245fd021f1a70380da13e031a128ffc710a3ad68a3238176683d9ecfdcd6d,PRESENT,"[""Tibiofemoral eklem medialde eklem aralığında hafif daralma, ekleme komşu femoral ve tibial kartilajlarda fokal incelme izlenmiştir."",""Tanımlanan ödem sahasında subkondral alanda 11x5 mm boyutlu, PD ve T1  imajda hipointens görünüm izlenmekte olup osteokondral defekt lehine yorumlandı."",""Tibiofemoral eklem medialinde hafif dejeneratif artrit bulguları.""]",UNKNOWN,"[""criteria_anatomy_severity_extent_or_timing_insufficient"",""llm_review:Cartilage loss depth and cartilage defect extent are unspecified. The 11x5 mm measurement describes a subchondral hypointense osteochondral abnormality, not explicitly the extent of qualifying cartilage loss.""]",KEEP,PASS,PASS,PASS,PASS,PASS,PASS,PASS,GPT-6.1 Sol independent text reviewer B,内侧轻度关节狭窄局灶软骨变薄和骨软骨缺损均记录；11×5mm指软骨下低信号区，不能自动补软骨深度及面积，UNKNOWN正确。
1.2.826.0.1.3680043.8.498.38528511947818361078957998546327084024,Lateral OA,94d245fd021f1a70380da13e031a128ffc710a3ad68a3238176683d9ecfdcd6d,NOT_MENTIONED,[],UNKNOWN,[],KEEP,PASS,PASS,PASS,PASS,PASS,PASS,PASS,GPT-6.1 Sol independent text reviewer B,报告未评估外侧股胫软骨，外侧韧带半月板正常不代替软骨，未提及及UNKNOWN正确。
1.2.826.0.1.3680043.8.498.38528511947818361078957998546327084024,PF OA,94d245fd021f1a70380da13e031a128ffc710a3ad68a3238176683d9ecfdcd6d,NOT_MENTIONED,[],UNKNOWN,[],KEEP,PASS,PASS,PASS,PASS,PASS,PASS,PASS,GPT-6.1 Sol independent text reviewer B,髌骨位置正常及支持带连续不等于髌股软骨正常，PF未提及及UNKNOWN合适。
1.2.826.0.1.3680043.8.498.38528511947818361078957998546327084024,Effusion,94d245fd021f1a70380da13e031a128ffc710a3ad68a3238176683d9ecfdcd6d,PRESENT,"[""Suprapatellar bursa ve diz eklem mesafesinde sıvı artışı izlenmiştir.""]",UNKNOWN,"[""criteria_anatomy_severity_extent_or_timing_insufficient"",""llm_review:Fluid quantity grade and joint distension are not specified.""]",KEEP,PASS,PASS,PASS,PASS,PASS,PASS,PASS,GPT-6.1 Sol independent text reviewer B,髌上滑囊和膝关节液体增多直接支持PRESENT；未给中大量或扩张，UNKNOWN不补量级事实。
1.2.826.0.1.3680043.8.498.38528511947818361078957998546327084024,Synovitis,94d245fd021f1a70380da13e031a128ffc710a3ad68a3238176683d9ecfdcd6d,NOT_MENTIONED,[],UNKNOWN,[],KEEP,PASS,PASS,PASS,PASS,PASS,PASS,PASS,GPT-6.1 Sol independent text reviewer B,髌上滑囊炎不直接等于滑膜炎，未给滑膜增厚；保持未提及及UNKNOWN正确。
1.2.826.0.1.3680043.8.498.38528511947818361078957998546327084024,Baker's,94d245fd021f1a70380da13e031a128ffc710a3ad68a3238176683d9ecfdcd6d,PRESENT,"[""Popliteal fossada 5x2 cm boyutlu Baker kisti izlenmiştir.""]",UNKNOWN,"[""criteria_anatomy_severity_extent_or_timing_insufficient"",""llm_review:Dimensions are reported without a size-grade convention or explicit moderate/large description.""]",KEEP,PASS,PASS,PASS,PASS,PASS,PASS,PASS,GPT-6.1 Sol independent text reviewer B,明确腘窝Baker囊肿及5×2cm数值，但无量级约定；另处胫腓节囊肿未合并，UNKNOWN合理。
1.2.826.0.1.3680043.8.498.38528511947818361078957998546327084024,Contusion,94d245fd021f1a70380da13e031a128ffc710a3ad68a3238176683d9ecfdcd6d,PRESENT,"[""Femur medial kondilde yaygın kemik iliği ödemi izlenmiştir.""]",UNKNOWN,"[""criteria_anatomy_severity_extent_or_timing_insufficient"",""llm_review:Marrow edema is explicit, but its cause and timing are unspecified. Nearby degenerative disease and osteochondral defect do not establish traumatic or degenerative causation; no fracture-line assessment is provided."",""timing_or_trauma_review""]",KEEP,PASS,PASS,PASS,PASS,PASS,PASS,PASS,GPT-6.1 Sol independent text reviewer B,股骨内侧髁弥漫髓水肿正确记录PRESENT，原因及无骨折线未知，未凭邻近OA补全部退变性。胫骨内侧平台另有毫米级软骨下囊肿未覆盖，但不改变已提取状态、程度、实际部位或标准判断，不据附加病灶清单不完整判FAIL；UNKNOWN保守合理。
1.2.826.0.1.3680043.8.498.38528511947818361078957998546327084024,Fracture,94d245fd021f1a70380da13e031a128ffc710a3ad68a3238176683d9ecfdcd6d,NOT_MENTIONED,[],UNKNOWN,[],KEEP,PASS,PASS,PASS,PASS,PASS,PASS,PASS,GPT-6.1 Sol independent text reviewer B,骨软骨缺损未明确骨折线或急性骨折；未把低信号缺损擅自改骨折，未提及和UNKNOWN保守合理。
1.2.826.0.1.3680043.8.498.36914870739904705183135763739850515617,ACL,19e8b614a256ab28af353f700438180b193e3eb0a8e155d9c8272ddf730449aa,ABSENT,"[""Ligamentos cruzados y colateral lateral sin alteraciones.""]",NO,[],KEEP,PASS,PASS,PASS,PASS,PASS,PASS,PASS,GPT-6.1 Sol independent text reviewer B,交叉韧带无异常覆盖ACL；正常阴性与NO支持充分，MCL异常未传播。
1.2.826.0.1.3680043.8.498.36914870739904705183135763739850515617,MCL,19e8b614a256ab28af353f700438180b193e3eb0a8e155d9c8272ddf730449aa,PRESENT,"[""Engrosamiento con alteración de señal y disrupción de algunas fibras del componente superficial\ndel ligamento colateral medial."",""Signos de un esguince grado I - II, probablemente en etapa subaguda del componente superficial\ndel ligamento colateral medial""]",NO,"[""explicit_subthreshold_or_alternative"",""llm_review:Grade I–II sprain is subthreshold; timing is described as probably subacute."",""timing_or_trauma_review""]",KEEP,PASS,PASS,PASS,PASS,PASS,PASS,PASS,GPT-6.1 Sol independent text reviewer B,MCL浅层增厚信号异常部分纤维断裂为I至II级扭伤；低等级NO正确，可能亚急性未被补确证急性，UNSPECIFIED配说明合理。
1.2.826.0.1.3680043.8.498.36914870739904705183135763739850515617,Medial Meniscus,19e8b614a256ab28af353f700438180b193e3eb0a8e155d9c8272ddf730449aa,ABSENT,"[""Ambos meniscos muestran morfología normal, sin signos de roturas.""]",NO,[],KEEP,PASS,PASS,PASS,PASS,PASS,PASS,PASS,GPT-6.1 Sol independent text reviewer B,两侧半月板形态正常且无撕裂直接覆盖内侧，完整否定及NO正确。
1.2.826.0.1.3680043.8.498.36914870739904705183135763739850515617,Lateral Meniscus,19e8b614a256ab28af353f700438180b193e3eb0a8e155d9c8272ddf730449aa,ABSENT,"[""Ambos meniscos muestran morfología normal, sin signos de roturas.""]",NO,[],KEEP,PASS,PASS,PASS,PASS,PASS,PASS,PASS,GPT-6.1 Sol independent text reviewer B,两半月板无撕裂亦覆盖外侧，无外侧异常；NO支持充分。
1.2.826.0.1.3680043.8.498.36914870739904705183135763739850515617,Medial OA,19e8b614a256ab28af353f700438180b193e3eb0a8e155d9c8272ddf730449aa,ABSENT,"[""El resto de los cartílagos femorotibiales sin alteraciones.""]",NO,[],KEEP,PASS,PASS,PASS,PASS,PASS,PASS,PASS,GPT-6.1 Sol independent text reviewer B,外侧胫骨平台病变以外其余股胫软骨无异常，明确余部正常覆盖内侧；不是把外侧局部否定扩全膝，NO成立。
1.2.826.0.1.3680043.8.498.36914870739904705183135763739850515617,Lateral OA,19e8b614a256ab28af353f700438180b193e3eb0a8e155d9c8272ddf730449aa,PRESENT,"[""Úlceras condrales de espesor parcial y prácticamente total del aspecto posterior de platillo tibial\nlateral."",""Condropatía lesiones grado 2 y 3 de platillo tibial lateral.""]",UNKNOWN,"[""criteria_anatomy_severity_extent_or_timing_insufficient"",""history_or_postoperative_scope_review"",""llm_review:Near-total cartilage loss is described, but lesion extent is not reported.""]",KEEP,PASS,PASS,PASS,PASS,PASS,PASS,PASS,GPT-6.1 Sol independent text reviewer B,外侧平台后方部分及几乎全层损失支持深度超过50%，不是仅凭未明分级；范围缺失，UNKNOWN保守合理。
1.2.826.0.1.3680043.8.498.36914870739904705183135763739850515617,PF OA,19e8b614a256ab28af353f700438180b193e3eb0a8e155d9c8272ddf730449aa,ABSENT,"[""Cartílago patelofemoral sin alteraciones significativas.""]",UNKNOWN,"[""llm_review:Qualified negative 'sin alteraciones significativas' does not explicitly exclude all qualifying cartilage loss."",""negative_scope_insufficient""]",KEEP,PASS,PASS,PASS,PASS,PASS,PASS,PASS,GPT-6.1 Sol independent text reviewer B,髌股无显著异常属限定否定，程度及完整absence未补NONE/true；UNKNOWN避免全范围阴性正确。
1.2.826.0.1.3680043.8.498.36914870739904705183135763739850515617,Effusion,19e8b614a256ab28af353f700438180b193e3eb0a8e155d9c8272ddf730449aa,ABSENT,"[""No se observa derrame articular ni quiste de Baker.""]",NO,[],KEEP,PASS,PASS,PASS,PASS,PASS,PASS,PASS,GPT-6.1 Sol independent text reviewer B,明确无关节积液，NONE及完整阴性NO受支持，不受区域软组织水肿影响。
1.2.826.0.1.3680043.8.498.36914870739904705183135763739850515617,Synovitis,19e8b614a256ab28af353f700438180b193e3eb0a8e155d9c8272ddf730449aa,NOT_MENTIONED,[],UNKNOWN,[],KEEP,PASS,PASS,PASS,PASS,PASS,PASS,PASS,GPT-6.1 Sol independent text reviewer B,滑膜炎未评估，MCL周围软组织水肿非滑膜增厚；维持未提及UNKNOWN正确。
1.2.826.0.1.3680043.8.498.36914870739904705183135763739850515617,Baker's,19e8b614a256ab28af353f700438180b193e3eb0a8e155d9c8272ddf730449aa,ABSENT,"[""No se observa derrame articular ni quiste de Baker.""]",NO,[],KEEP,PASS,PASS,PASS,PASS,PASS,PASS,PASS,GPT-6.1 Sol independent text reviewer B,原文明示未见Baker囊肿，与关节积液共同否定分别定位，完整阴性NO合理。
1.2.826.0.1.3680043.8.498.36914870739904705183135763739850515617,Contusion,19e8b614a256ab28af353f700438180b193e3eb0a8e155d9c8272ddf730449aa,ABSENT,"[""Médula ósea de intensidad de señal normal.""]",NO,[],KEEP,PASS,PASS,PASS,PASS,PASS,PASS,PASS,GPT-6.1 Sol independent text reviewer B,骨髓信号明确正常，无另处骨髓候选；MCL周围水肿不误定位骨髓，ABSENT/NONE/NO支持充分。
1.2.826.0.1.3680043.8.498.36914870739904705183135763739850515617,Fracture,19e8b614a256ab28af353f700438180b193e3eb0a8e155d9c8272ddf730449aa,NOT_MENTIONED,[],UNKNOWN,[],KEEP,PASS,PASS,PASS,PASS,PASS,PASS,PASS,GPT-6.1 Sol independent text reviewer B,全文没有直接骨折评估，骨髓正常不被补骨折线排除；未提及和UNKNOWN正确。
1.2.826.0.1.3680043.8.498.33215387283623093392227819856970670071,ACL,082ecc88ce2e698e4d63350a1254dddd39c2dc2f96c78254703830adcdbf42b9,ABSENT,"[""Normal course with preserved signal of ACL.""]",NO,[],KEEP,PASS,PASS,PASS,PASS,PASS,PASS,PASS,GPT-6.1 Sol independent text reviewer B,ACL走行正常信号保持直接支持完整正常，NO有依据，不受MCL损伤影响。
1.2.826.0.1.3680043.8.498.33215387283623093392227819856970670071,MCL,082ecc88ce2e698e4d63350a1254dddd39c2dc2f96c78254703830adcdbf42b9,PRESENT,"[""Mild thickened hyperintense deep proximal MCL is detected."",""Partial tear at deep proximal MCL""]",UNKNOWN,"[""criteria_anatomy_severity_extent_or_timing_insufficient"",""llm_review:Partial tear grade and acuity are unspecified; mild thickening does not establish tear grade."",""timing_or_trauma_review""]",KEEP,PASS,PASS,PASS,PASS,PASS,PASS,PASS,GPT-6.1 Sol independent text reviewer B,深近端MCL轻增厚高信号且部分撕裂，PRESENT正确；轻增厚不确定撕裂等级急性，UNKNOWN不补低级或高级。
1.2.826.0.1.3680043.8.498.33215387283623093392227819856970670071,Medial Meniscus,082ecc88ce2e698e4d63350a1254dddd39c2dc2f96c78254703830adcdbf42b9,ABSENT,"[""Normal shape with preserved signal of the medial meniscus is seen."",""No definite meniscal tear""]",NO,[],KEEP,PASS,PASS,PASS,PASS,PASS,PASS,PASS,GPT-6.1 Sol independent text reviewer B,内侧半月板形态信号正常独立支持阴性，结论限定无确证撕裂不替代该完整正常证据，NO合理。
1.2.826.0.1.3680043.8.498.33215387283623093392227819856970670071,Lateral Meniscus,082ecc88ce2e698e4d63350a1254dddd39c2dc2f96c78254703830adcdbf42b9,ABSENT,"[""NO tear of the lateral meniscus is observed."",""No definite meniscal tear""]",NO,[],KEEP,PASS,PASS,PASS,PASS,PASS,PASS,PASS,GPT-6.1 Sol independent text reviewer B,检查段无外侧撕裂为完整无撕裂表述，结论no definite不使原始明确否定消失；NO成立。
1.2.826.0.1.3680043.8.498.33215387283623093392227819856970670071,Medial OA,082ecc88ce2e698e4d63350a1254dddd39c2dc2f96c78254703830adcdbf42b9,NOT_MENTIONED,[],UNKNOWN,[],KEEP,PASS,PASS,PASS,PASS,PASS,PASS,PASS,GPT-6.1 Sol independent text reviewer B,仅PF软骨正常，内侧股胫软骨未提及；未扩PF否定到内侧，UNKNOWN正确。
1.2.826.0.1.3680043.8.498.33215387283623093392227819856970670071,Lateral OA,082ecc88ce2e698e4d63350a1254dddd39c2dc2f96c78254703830adcdbf42b9,NOT_MENTIONED,[],UNKNOWN,[],KEEP,PASS,PASS,PASS,PASS,PASS,PASS,PASS,GPT-6.1 Sol independent text reviewer B,外侧股胫无软骨评估，正常排列及无骨软骨骨折不等于外侧OA阴性，未提及正确。
1.2.826.0.1.3680043.8.498.33215387283623093392227819856970670071,PF OA,082ecc88ce2e698e4d63350a1254dddd39c2dc2f96c78254703830adcdbf42b9,ABSENT,"[""PF joint, articular cartilage appears unremarkable.""]",NO,[],KEEP,PASS,PASS,PASS,PASS,PASS,PASS,PASS,GPT-6.1 Sol independent text reviewer B,PF关节软骨unremarkable直接正常，完整absence及NONE/NO准确。
1.2.826.0.1.3680043.8.498.33215387283623093392227819856970670071,Effusion,082ecc88ce2e698e4d63350a1254dddd39c2dc2f96c78254703830adcdbf42b9,PRESENT,"[""Minimal joint fluid is seen.""]",NO,"[""explicit_subthreshold_or_alternative""]",KEEP,PASS,PASS,PASS,PASS,PASS,PASS,PASS,GPT-6.1 Sol independent text reviewer B,极少量关节液支持MILD且非中大量；PRESENT与低于标准NO合理。
1.2.826.0.1.3680043.8.498.33215387283623093392227819856970670071,Synovitis,082ecc88ce2e698e4d63350a1254dddd39c2dc2f96c78254703830adcdbf42b9,NOT_MENTIONED,[],UNKNOWN,[],KEEP,PASS,PASS,PASS,PASS,PASS,PASS,PASS,GPT-6.1 Sol independent text reviewer B,后内侧滑膜囊肿不是滑膜炎诊断，全文无增厚炎症，NOT_MENTIONED与UNKNOWN合理。
1.2.826.0.1.3680043.8.498.33215387283623093392227819856970670071,Baker's,082ecc88ce2e698e4d63350a1254dddd39c2dc2f96c78254703830adcdbf42b9,UNCERTAIN,"[""A lobulated, septated cystic lesion, abutting on posterior medial joint capsule, measuring about 1.5x1.9x2cm., may represent synovial cyst or ganglion cyst."",""Synovial cyst or ganglion cyst, about1.5x1.9x2cm, abutting on posterior medial joint capsule""]",UNKNOWN,"[""history_or_postoperative_scope_review"",""llm_review:Dimensions alone do not establish moderate or large cyst grade."",""llm_review:Posteromedial capsular cyst is described as synovial or ganglion cyst, not definitively a Baker cyst in its typical location."",""uncertain_report""]",KEEP,PASS,PASS,PASS,PASS,PASS,PASS,PASS,GPT-6.1 Sol independent text reviewer B,后内侧关节囊旁分叶分隔囊肿可能滑膜或节囊肿，未确证典型Baker位置；候选UNCERTAIN及数值不推量级UNKNOWN正确。
1.2.826.0.1.3680043.8.498.33215387283623093392227819856970670071,Contusion,082ecc88ce2e698e4d63350a1254dddd39c2dc2f96c78254703830adcdbf42b9,NOT_MENTIONED,[],UNKNOWN,[],KEEP,PASS,PASS,PASS,PASS,PASS,PASS,PASS,GPT-6.1 Sol independent text reviewer B,全文没有骨髓水肿或其他骨髓异常；MCL高信号属韧带，未混为骨挫伤，未提及UNKNOWN正确。
1.2.826.0.1.3680043.8.498.33215387283623093392227819856970670071,Fracture,082ecc88ce2e698e4d63350a1254dddd39c2dc2f96c78254703830adcdbf42b9,ABSENT,"[""no definite fracture line."",""NO definite osteochondral fracture is noted.""]",UNKNOWN,"[""llm_review:Qualified negatives exclude definite fracture findings but do not establish complete fracture absence."",""negative_scope_insufficient""]",KEEP,PASS,PASS,PASS,PASS,PASS,PASS,PASS,GPT-6.1 Sol independent text reviewer B,no definite fracture line及no definite osteochondral fracture为限定否定；未补完全absence或NONE，标准UNKNOWN保守符合新规则。
1.2.826.0.1.3680043.8.498.37210322466522537523056852160944888029,ACL,3665d20aa12ae9aa7bc912d6e06a71418a9107bb87f83b16dcba12f7d9cc909c,ABSENT,"[""ACL and PCL are intact.""]",NO,[],KEEP,PASS,PASS,PASS,PASS,PASS,PASS,PASS,GPT-6.1 Sol independent text reviewer B,ACL完整明确，ABSENT/NONE与无高等级损伤NO一致，既往受伤背景不替代当前韧带评估。
1.2.826.0.1.3680043.8.498.37210322466522537523056852160944888029,MCL,3665d20aa12ae9aa7bc912d6e06a71418a9107bb87f83b16dcba12f7d9cc909c,ABSENT,"[""MCL and all of the lateral collateral ligaments are intact.""]",NO,[],KEEP,PASS,PASS,PASS,PASS,PASS,PASS,PASS,GPT-6.1 Sol independent text reviewer B,MCL及侧副韧带完整，完整类别阴性受支持；未从超屈受伤机制推急性撕裂。
1.2.826.0.1.3680043.8.498.37210322466522537523056852160944888029,Medial Meniscus,3665d20aa12ae9aa7bc912d6e06a71418a9107bb87f83b16dcba12f7d9cc909c,ABSENT,"[""no medial or lateral meniscal tear""]",NO,"[""side_or_compartment_scope_review""]",KEEP,PASS,PASS,PASS,PASS,PASS,PASS,PASS,GPT-6.1 Sol independent text reviewer B,当前MRI明确无内侧或外侧半月板撕裂，临床疑问不覆盖实际否定；内侧NO有充分支持。
1.2.826.0.1.3680043.8.498.37210322466522537523056852160944888029,Lateral Meniscus,3665d20aa12ae9aa7bc912d6e06a71418a9107bb87f83b16dcba12f7d9cc909c,ABSENT,"[""no medial or lateral meniscal tear""]",NO,"[""side_or_compartment_scope_review""]",KEEP,PASS,PASS,PASS,PASS,PASS,PASS,PASS,GPT-6.1 Sol independent text reviewer B,两侧无撕裂亦覆盖外侧，正常阴性定位正确，scope提示不是错误。
1.2.826.0.1.3680043.8.498.37210322466522537523056852160944888029,Medial OA,3665d20aa12ae9aa7bc912d6e06a71418a9107bb87f83b16dcba12f7d9cc909c,NOT_MENTIONED,[],UNKNOWN,[],KEEP,PASS,PASS,PASS,PASS,PASS,PASS,PASS,GPT-6.1 Sol independent text reviewer B,内侧滑车属髌股而非内侧股胫；内侧股胫未评估，UNKNOWN避免解剖误映射。
1.2.826.0.1.3680043.8.498.37210322466522537523056852160944888029,Lateral OA,3665d20aa12ae9aa7bc912d6e06a71418a9107bb87f83b16dcba12f7d9cc909c,NOT_MENTIONED,[],UNKNOWN,[],KEEP,PASS,PASS,PASS,PASS,PASS,PASS,PASS,GPT-6.1 Sol independent text reviewer B,全文无外侧股胫软骨评估，no internal derangement不替代定量软骨事实，未提及合理。
1.2.826.0.1.3680043.8.498.37210322466522537523056852160944888029,PF OA,3665d20aa12ae9aa7bc912d6e06a71418a9107bb87f83b16dcba12f7d9cc909c,PRESENT,"[""Pinpoint cartilage defect medial trochlea involving the superficial cartilage, with no underlying bony edema.""]",NO,"[""explicit_subthreshold_or_alternative"",""llm_review:Superficial cartilage defect; numerical depth and extent are not reported."",""negation_scope_review""]",KEEP,PASS,PASS,PASS,PASS,PASS,PASS,PASS,GPT-6.1 Sol independent text reviewer B,内侧滑车针尖样表浅软骨缺损明确，PRESENT保留小病变；表浅与低等级事实支持NO，未补深部损失。
1.2.826.0.1.3680043.8.498.37210322466522537523056852160944888029,Effusion,3665d20aa12ae9aa7bc912d6e06a71418a9107bb87f83b16dcba12f7d9cc909c,ABSENT,"[""No joint effusion.""]",NO,[],KEEP,PASS,PASS,PASS,PASS,PASS,PASS,PASS,GPT-6.1 Sol independent text reviewer B,发现及结论明确无积液，完整否定NO受支持，病程背景无矛盾。
1.2.826.0.1.3680043.8.498.37210322466522537523056852160944888029,Synovitis,3665d20aa12ae9aa7bc912d6e06a71418a9107bb87f83b16dcba12f7d9cc909c,NOT_MENTIONED,[],UNKNOWN,[],KEEP,PASS,PASS,PASS,PASS,PASS,PASS,PASS,GPT-6.1 Sol independent text reviewer B,原文未评估滑膜炎；无积液不自动推出滑膜阴性，UNKNOWN正确。
1.2.826.0.1.3680043.8.498.37210322466522537523056852160944888029,Baker's,3665d20aa12ae9aa7bc912d6e06a71418a9107bb87f83b16dcba12f7d9cc909c,ABSENT,"[""No Baker's cyst.""]",NO,[],KEEP,PASS,PASS,PASS,PASS,PASS,PASS,PASS,GPT-6.1 Sol independent text reviewer B,明确无Baker囊肿，完整absence true和NO有直接证据。
1.2.826.0.1.3680043.8.498.37210322466522537523056852160944888029,Contusion,3665d20aa12ae9aa7bc912d6e06a71418a9107bb87f83b16dcba12f7d9cc909c,ABSENT,"[""Pinpoint cartilage defect medial trochlea involving the superficial cartilage, with no underlying bony edema.""]",UNKNOWN,"[""llm_review:The marrow-negative statement is limited to bone underlying the medial trochlear cartilage defect; it does not exclude contusion elsewhere."",""negative_scope_insufficient""]",KEEP,PASS,PASS,PASS,PASS,PASS,PASS,PASS,GPT-6.1 Sol independent text reviewer B,无水肿仅指内侧滑车缺损下骨质，局部NONE有支持；未补全类别absence及全膝NO，UNKNOWN准确保留否定范围。
1.2.826.0.1.3680043.8.498.37210322466522537523056852160944888029,Fracture,3665d20aa12ae9aa7bc912d6e06a71418a9107bb87f83b16dcba12f7d9cc909c,NOT_MENTIONED,[],UNKNOWN,[],KEEP,PASS,PASS,PASS,PASS,PASS,PASS,PASS,GPT-6.1 Sol independent text reviewer B,报告未描述骨折或直接排除；既往x-ray正常不代替当前骨折线评估，未提及UNKNOWN合理。
1.2.826.0.1.3680043.8.498.34126843286927697018624309801437341727,ACL,e6511df45b6db1a65137c32f4d0b9dffcb19408239610071b2fd3482ea456701,ABSENT,"[""Ligamentos cruzados y colaterales dentro de límites normales.""]",NO,[],KEEP,PASS,PASS,PASS,PASS,PASS,PASS,PASS,GPT-6.1 Sol independent text reviewer B,交叉韧带正常覆盖ACL，完整否定与NONE/NO有原文，未补时序。
1.2.826.0.1.3680043.8.498.34126843286927697018624309801437341727,MCL,e6511df45b6db1a65137c32f4d0b9dffcb19408239610071b2fd3482ea456701,ABSENT,"[""Ligamentos cruzados y colaterales dentro de límites normales.""]",NO,[],KEEP,PASS,PASS,PASS,PASS,PASS,PASS,PASS,GPT-6.1 Sol independent text reviewer B,侧副韧带在正常限内覆盖MCL，髂胫束摩擦软组织水肿未被改成MCL伤，NO正确。
1.2.826.0.1.3680043.8.498.34126843286927697018624309801437341727,Medial Meniscus,e6511df45b6db1a65137c32f4d0b9dffcb19408239610071b2fd3482ea456701,PRESENT,"[""Aumento de señal central del cuerpo y cuerno posterior del menisco medial sin signos que\nsugieran roturas.""]",NO,"[""explicit_subthreshold_or_alternative"",""history_or_postoperative_scope_review"",""negation_scope_review""]",KEEP,PASS,PASS,PASS,PASS,PASS,PASS,PASS,GPT-6.1 Sol independent text reviewer B,内侧体部后角中央信号升高无提示撕裂，PRESENT记录亚阈值异常；内部退变与NO合理，不误为ABSENT。
1.2.826.0.1.3680043.8.498.34126843286927697018624309801437341727,Lateral Meniscus,e6511df45b6db1a65137c32f4d0b9dffcb19408239610071b2fd3482ea456701,ABSENT,"[""Menisco lateral de morfología y señal conservada, sin criterios de rotura.""]",NO,[],KEEP,PASS,PASS,PASS,PASS,PASS,PASS,PASS,GPT-6.1 Sol independent text reviewer B,外侧形态信号保持且无撕裂标准，整体正常支持NO；非仅限定否定推全阴性。
1.2.826.0.1.3680043.8.498.34126843286927697018624309801437341727,Medial OA,e6511df45b6db1a65137c32f4d0b9dffcb19408239610071b2fd3482ea456701,ABSENT,"[""Cartílagos los compartimentos femorotibiales y patelofemorales sin alteraciones.""]",NO,[],KEEP,PASS,PASS,PASS,PASS,PASS,PASS,PASS,GPT-6.1 Sol independent text reviewer B,股胫及髌股软骨无异常明确整体覆盖内侧，完整absence与NO受支持。
1.2.826.0.1.3680043.8.498.34126843286927697018624309801437341727,Lateral OA,e6511df45b6db1a65137c32f4d0b9dffcb19408239610071b2fd3482ea456701,ABSENT,"[""Cartílagos los compartimentos femorotibiales y patelofemorales sin alteraciones.""]",NO,[],KEEP,PASS,PASS,PASS,PASS,PASS,PASS,PASS,GPT-6.1 Sol independent text reviewer B,股胫软骨整体无异常亦覆盖外侧，髂胫束外侧软组织水肿非软骨病变，NO合理。
1.2.826.0.1.3680043.8.498.34126843286927697018624309801437341727,PF OA,e6511df45b6db1a65137c32f4d0b9dffcb19408239610071b2fd3482ea456701,ABSENT,"[""Cartílagos los compartimentos femorotibiales y patelofemorales sin alteraciones.""]",NO,[],KEEP,PASS,PASS,PASS,PASS,PASS,PASS,PASS,GPT-6.1 Sol independent text reviewer B,髌股软骨无异常直接提及，NONE/NO有依据，肌腱轻退变未混为软骨异常。
1.2.826.0.1.3680043.8.498.34126843286927697018624309801437341727,Effusion,e6511df45b6db1a65137c32f4d0b9dffcb19408239610071b2fd3482ea456701,ABSENT,"[""No hay significativo derrame articular y quistes poplíteos.""]",UNKNOWN,"[""llm_review:Qualified negative 'No hay significativo' does not explicitly exclude every qualifying effusion grade or establish complete absence."",""negative_scope_insufficient""]",KEEP,PASS,PASS,PASS,PASS,PASS,PASS,PASS,GPT-6.1 Sol independent text reviewer B,无显著积液属限定否定，未补NONE或完整absence；UNKNOWN符合保守范围，不全排除中大量。
1.2.826.0.1.3680043.8.498.34126843286927697018624309801437341727,Synovitis,e6511df45b6db1a65137c32f4d0b9dffcb19408239610071b2fd3482ea456701,NOT_MENTIONED,[],UNKNOWN,[],KEEP,PASS,PASS,PASS,PASS,PASS,PASS,PASS,GPT-6.1 Sol independent text reviewer B,未描述滑膜炎，肌腱病及髂胫束摩擦不等于滑膜炎；未提及和UNKNOWN正确。
1.2.826.0.1.3680043.8.498.34126843286927697018624309801437341727,Baker's,e6511df45b6db1a65137c32f4d0b9dffcb19408239610071b2fd3482ea456701,ABSENT,"[""No hay significativo derrame articular y quistes poplíteos.""]",UNKNOWN,"[""llm_review:Shared qualified negative has ambiguous scope for popliteal cysts; qualifying size-grade absence is not explicit."",""negative_scope_insufficient""]",KEEP,PASS,PASS,PASS,PASS,PASS,PASS,PASS,GPT-6.1 Sol independent text reviewer B,无显著积液及腘窝囊肿的共享限定范围有歧义，模型保持程度未知与UNKNOWN，未擅自完整否定Baker。
1.2.826.0.1.3680043.8.498.34126843286927697018624309801437341727,Contusion,e6511df45b6db1a65137c32f4d0b9dffcb19408239610071b2fd3482ea456701,ABSENT,"[""No hay alteraciones en significativas de la médula ósea.""]",UNKNOWN,"[""llm_review:Qualified marrow negative does not exclude mild traumatic marrow edema."",""negative_scope_insufficient""]",KEEP,PASS,PASS,PASS,PASS,PASS,PASS,PASS,GPT-6.1 Sol independent text reviewer B,无显著髓异常为限定否定，区域软组织水肿不误定位骨髓；完整absence留空且UNKNOWN避免全排除正确。
1.2.826.0.1.3680043.8.498.34126843286927697018624309801437341727,Fracture,e6511df45b6db1a65137c32f4d0b9dffcb19408239610071b2fd3482ea456701,NOT_MENTIONED,[],UNKNOWN,[],KEEP,PASS,PASS,PASS,PASS,PASS,PASS,PASS,GPT-6.1 Sol independent text reviewer B,全文未写骨折或骨折线，未把髓限定正常扩为骨折阴性；未提及合理。
1.2.826.0.1.3680043.8.498.41587640208769641326416798167574152049,ACL,0471e070abbfda5b816b2a127594b3b1ca351c2ce58c15b7c172549b61efaea0,NOT_MENTIONED,[],UNKNOWN,[],KEEP,PASS,PASS,PASS,PASS,PASS,PASS,PASS,GPT-6.1 Sol independent text reviewer B,全文没有ACL评估，未从其他病变补正常；NOT_MENTIONED和UNKNOWN合理。
1.2.826.0.1.3680043.8.498.41587640208769641326416798167574152049,MCL,0471e070abbfda5b816b2a127594b3b1ca351c2ce58c15b7c172549b61efaea0,PRESENT,"[""Sprain patroon graad 1 MCL, secundair aan hoger beschreven bevindingen.""]",NO,"[""explicit_subthreshold_or_alternative"",""llm_review:Grade 1 sprain is subthreshold; acute timing is not stated."",""timing_or_trauma_review""]",KEEP,PASS,PASS,PASS,PASS,PASS,PASS,PASS,GPT-6.1 Sol independent text reviewer B,MCL明确一级扭伤并为继发，PRESENT/MILD及低级NO正确，未补急性高等级。
1.2.826.0.1.3680043.8.498.41587640208769641326416798167574152049,Medial Meniscus,0471e070abbfda5b816b2a127594b3b1ca351c2ce58c15b7c172549b61efaea0,PRESENT,"[""Samengestelde (parti ële tot sub)totale scheur/ maceratie posterieure hoorn mediale meniscus"",""extra-articulaire extrusie van het corpus gedeelte eveneens gekenmerkt door een ondervlaktescheur en locoregionale muco ïde degeneratie."",""een degeneratieve scheur mediale meniscus""]",YES,"[""history_or_postoperative_scope_review""]",KEEP,PASS,PASS,PASS,PASS,PASS,PASS,PASS,GPT-6.1 Sol independent text reviewer B,内侧后角近根复杂部分至次全撕裂碎裂、体部挤出下表面撕裂明确；退变性当前慢性与YES受支持。
1.2.826.0.1.3680043.8.498.41587640208769641326416798167574152049,Lateral Meniscus,0471e070abbfda5b816b2a127594b3b1ca351c2ce58c15b7c172549b61efaea0,NOT_MENTIONED,[],UNKNOWN,[],KEEP,PASS,PASS,PASS,PASS,PASS,PASS,PASS,GPT-6.1 Sol independent text reviewer B,外侧半月板未评估，内侧严重撕裂未扩大到外侧；未提及UNKNOWN正确。
1.2.826.0.1.3680043.8.498.41587640208769641326416798167574152049,Medial OA,0471e070abbfda5b816b2a127594b3b1ca351c2ce58c15b7c172549b61efaea0,PRESENT,"[""Chondromalacie mediale femorotibiale gewrichtscompartiment met globaal kraakbeenverlies alsook graag 4 kraakbeen defecten""]",UNKNOWN,"[""criteria_anatomy_severity_extent_or_timing_insufficient"",""llm_review:Apparent grade 4 wording contains a typo and no grading convention is specified; qualifying depth and extent are not explicit.""]",KEEP,PASS,PASS,PASS,PASS,PASS,PASS,PASS,GPT-6.1 Sol independent text reviewer B,内侧股胫广泛损失及疑似文字grade4已记录；约定未明且深度范围不确证，UNKNOWN合理，未补全层。
1.2.826.0.1.3680043.8.498.41587640208769641326416798167574152049,Lateral OA,0471e070abbfda5b816b2a127594b3b1ca351c2ce58c15b7c172549b61efaea0,NOT_MENTIONED,[],UNKNOWN,[],KEEP,PASS,PASS,PASS,PASS,PASS,PASS,PASS,GPT-6.1 Sol independent text reviewer B,髌骨外侧面涉及仍属PF，外侧股胫未提及；不按laterale facet误映射外侧OA。
1.2.826.0.1.3680043.8.498.41587640208769641326416798167574152049,PF OA,0471e070abbfda5b816b2a127594b3b1ca351c2ce58c15b7c172549b61efaea0,PRESENT,"[""\""F ull thickness \"" kraakbeenverlies denudatie mediale patellaire facet en crista patellae (overgrijpend op het laterale facet, deels ondermijnd)-geassocieerde aanscherping van de gewrichtsranden""]",UNKNOWN,"[""criteria_anatomy_severity_extent_or_timing_insufficient"",""llm_review:Full-thickness loss is explicit, but qualifying extent is not measured.""]",KEEP,PASS,PASS,PASS,PASS,PASS,PASS,PASS,GPT-6.1 Sol independent text reviewer B,髌骨内侧面及嵴跨外侧明确全层损失，深度true受支持；面积未测，UNKNOWN保守合理。
1.2.826.0.1.3680043.8.498.41587640208769641326416798167574152049,Effusion,0471e070abbfda5b816b2a127594b3b1ca351c2ce58c15b7c172549b61efaea0,ABSENT,"[""Geen significante opzetting van de suprapatellaire bursa""]",UNKNOWN,"[""llm_review:Qualified absence of significant suprapatellar distension does not explicitly exclude all qualifying effusion."",""negative_scope_insufficient""]",KEEP,PASS,PASS,PASS,PASS,PASS,PASS,PASS,GPT-6.1 Sol independent text reviewer B,无显著髌上滑囊扩张属限定否定；未补NONE或完整absence，UNKNOWN避免全范围无积液。
1.2.826.0.1.3680043.8.498.41587640208769641326416798167574152049,Synovitis,0471e070abbfda5b816b2a127594b3b1ca351c2ce58c15b7c172549b61efaea0,NOT_MENTIONED,[],UNKNOWN,[],KEEP,PASS,PASS,PASS,PASS,PASS,PASS,PASS,GPT-6.1 Sol independent text reviewer B,全文未写滑膜炎，骨周及骨膜软组织浸润不能替代滑膜增厚；未提及UNKNOWN合适。
1.2.826.0.1.3680043.8.498.41587640208769641326416798167574152049,Baker's,0471e070abbfda5b816b2a127594b3b1ca351c2ce58c15b7c172549b61efaea0,PRESENT,"[""mild toegenomen hoeveelheid vocht in de bursa semimembranosus/gastrocnemius-semimembranosus""]",NO,"[""explicit_subthreshold_or_alternative""]",KEEP,PASS,PASS,PASS,PASS,PASS,PASS,PASS,GPT-6.1 Sol independent text reviewer B,半膜肌及腓肠肌半膜肌滑囊轻增液定位典型Baker区域，PRESENT/MILD及亚阈值NO支持充分。
1.2.826.0.1.3680043.8.498.41587640208769641326416798167574152049,Contusion,0471e070abbfda5b816b2a127594b3b1ca351c2ce58c15b7c172549b61efaea0,PRESENT,"[""subchondrale insuffici ëntiefractuur zowel tibiaal als femoraal (met belangrijk perilaesioneel oedeem en periostale weke delen infiltratie reikend tot metafysair)""]",UNKNOWN,"[""criteria_anatomy_severity_extent_or_timing_insufficient"",""llm_mapper_disagreement"",""llm_review:Explicit edema accompanies insufficiency fractures at the same lesions; traumatic contusion without fracture is not established."",""timing_or_trauma_review""]",MASK,PASS,PASS,PASS,PASS,PASS,PASS,FAIL,GPT-6.1 Sol independent text reviewer B,胫骨股骨不全骨折周围重要水肿确有原文，PRESENT及mapper UNKNOWN正确，低权重NO提案本身不判错；但fracture_line_present=true仅引用不全骨折诊断，未写观察到骨折线或皮质破坏，超出冻结事实定义，criteria FAIL/MASK。
1.2.826.0.1.3680043.8.498.41587640208769641326416798167574152049,Fracture,0471e070abbfda5b816b2a127594b3b1ca351c2ce58c15b7c172549b61efaea0,PRESENT,"[""subchondrale insuffici ëntiefractuur zowel tibiaal als femoraal"",""subchondrale insuffici ëntiefractu ren mediale femorotibiale gewrichtscompartiment""]",UNKNOWN,"[""criteria_anatomy_severity_extent_or_timing_insufficient"",""llm_review:Current insufficiency fractures are diagnosed, but acute timing is not specified."",""timing_or_trauma_review""]",MASK,PASS,PASS,PASS,PASS,PASS,PASS,FAIL,GPT-6.1 Sol independent text reviewer B,胫骨及股骨软骨下不全骨折诊断支持PRESENT，急性时序未给所以UNKNOWN正确；fracture_line_present=true只引用诊断，原文没有骨折线或皮质破坏观察，不能补线存在，criteria FAIL/MASK，其余维度PASS。
1.2.826.0.1.3680043.8.498.45519502487291848581539950159353124045,ACL,0cb7ad04839b99d18435514661ec0cabb947ee879fd2f7a0dff75b987749186b,UNCERTAIN,"[""The contour of ACL and MCL is not all in a straight line and increase signal intensity inside, R/O grade 1-2 injury.""]",UNKNOWN,"[""llm_review:Possible grade 1-2 injury; tear severity and timing are not established."",""uncertain_report""]",KEEP,PASS,PASS,PASS,PASS,PASS,PASS,PASS,GPT-6.1 Sol independent text reviewer B,ACL非直线走行及信号增加但R/O一级至二级损伤仍疑似；UNCERTAIN/UNSPECIFIED及UNKNOWN正确，未用低级疑问作确证无高等级。
1.2.826.0.1.3680043.8.498.45519502487291848581539950159353124045,MCL,0cb7ad04839b99d18435514661ec0cabb947ee879fd2f7a0dff75b987749186b,UNCERTAIN,"[""The contour of ACL and MCL is not all in a straight line and increase signal intensity inside, R/O grade 1-2 injury.""]",UNKNOWN,"[""llm_review:Possible grade 1-2 injury; high-grade tear and acute timing are not established."",""uncertain_report""]",KEEP,PASS,PASS,PASS,PASS,PASS,PASS,PASS,GPT-6.1 Sol independent text reviewer B,MCL同样疑似1至2级损伤，定位明确但时序高等级未确证；UNKNOWN保守，不把疑似补急性撕裂。
1.2.826.0.1.3680043.8.498.45519502487291848581539950159353124045,Medial Meniscus,0cb7ad04839b99d18435514661ec0cabb947ee879fd2f7a0dff75b987749186b,ABSENT,"[""No evidence of tear is noted in either medial or lateral meniscus.""]",NO,"[""side_or_compartment_scope_review""]",KEEP,PASS,PASS,PASS,PASS,PASS,PASS,PASS,GPT-6.1 Sol independent text reviewer B,原文明示两侧无撕裂覆盖内侧，ABSENT/NONE及完整否定NO有依据。
1.2.826.0.1.3680043.8.498.45519502487291848581539950159353124045,Lateral Meniscus,0cb7ad04839b99d18435514661ec0cabb947ee879fd2f7a0dff75b987749186b,ABSENT,"[""No evidence of tear is noted in either medial or lateral meniscus.""]",NO,"[""side_or_compartment_scope_review""]",KEEP,PASS,PASS,PASS,PASS,PASS,PASS,PASS,GPT-6.1 Sol independent text reviewer B,无两侧半月板撕裂亦覆盖外侧，否定侧别准确，未将共同句误看未知侧。
1.2.826.0.1.3680043.8.498.45519502487291848581539950159353124045,Medial OA,0cb7ad04839b99d18435514661ec0cabb947ee879fd2f7a0dff75b987749186b,NOT_MENTIONED,[],UNKNOWN,[],KEEP,PASS,PASS,PASS,PASS,PASS,PASS,PASS,GPT-6.1 Sol independent text reviewer B,髌骨外侧面软化属髌股，未评估内侧股胫软骨；未提及UNKNOWN正确。
1.2.826.0.1.3680043.8.498.45519502487291848581539950159353124045,Lateral OA,0cb7ad04839b99d18435514661ec0cabb947ee879fd2f7a0dff75b987749186b,NOT_MENTIONED,[],UNKNOWN,[],KEEP,PASS,PASS,PASS,PASS,PASS,PASS,PASS,GPT-6.1 Sol independent text reviewer B,外侧髌骨面不是外侧股胫间室，未错侧映射OA；外侧股胫未提及合理。
1.2.826.0.1.3680043.8.498.45519502487291848581539950159353124045,PF OA,0cb7ad04839b99d18435514661ec0cabb947ee879fd2f7a0dff75b987749186b,PRESENT,"[""Mild increased signal intensity of the articular cartilage of lateral facet patella on F/S T2WI, R/O grade 1 chondromalacia."",""Grade 1 patellar chondromalacia.""]",NO,"[""explicit_subthreshold_or_alternative"",""llm_review:Low-grade chondromalacia; cartilage defect extent is not reported.""]",KEEP,PASS,PASS,PASS,PASS,PASS,PASS,PASS,GPT-6.1 Sol independent text reviewer B,发现段疑似一级软化但结论直接一级髌骨软化，PRESENT/MILD有诊断支持，低级NO合理。
1.2.826.0.1.3680043.8.498.45519502487291848581539950159353124045,Effusion,0cb7ad04839b99d18435514661ec0cabb947ee879fd2f7a0dff75b987749186b,PRESENT,"[""Massive Joint effusion and suprapatellar bursitis""]",YES,[],MASK,PASS,PASS,PASS,PASS,PASS,PASS,FAIL,GPT-6.1 Sol independent text reviewer B,Massive关节积液支持PRESENT/SEVERE，但未明示关节扩张；joint_distension=true仅引用量级，不能补扩张事实再启用高权重YES，criteria FAIL/MASK，程度本身PASS。
1.2.826.0.1.3680043.8.498.45519502487291848581539950159353124045,Synovitis,0cb7ad04839b99d18435514661ec0cabb947ee879fd2f7a0dff75b987749186b,PRESENT,"[""mild hypertrophy of the synovium, indicative of synovitis."",""Massive Joint effusion and mild synovitis of left knee joint""]",YES,[],KEEP,PASS,PASS,PASS,PASS,PASS,PASS,PASS,GPT-6.1 Sol independent text reviewer B,滑膜轻肥厚直接提示炎症，结论亦轻度滑膜炎；PRESENT/MILD及YES有直接证据，病因未知不否定炎症。
1.2.826.0.1.3680043.8.498.45519502487291848581539950159353124045,Baker's,0cb7ad04839b99d18435514661ec0cabb947ee879fd2f7a0dff75b987749186b,NOT_MENTIONED,[],UNKNOWN,[],KEEP,PASS,PASS,PASS,PASS,PASS,PASS,PASS,GPT-6.1 Sol independent text reviewer B,全文没有Baker或腘窝囊肿评估，髌上滑囊炎不替代Baker；未提及UNKNOWN正确。
1.2.826.0.1.3680043.8.498.45519502487291848581539950159353124045,Contusion,0cb7ad04839b99d18435514661ec0cabb947ee879fd2f7a0dff75b987749186b,ABSENT,"[""No evidence of bone contusion is noted.""]",NO,[],KEEP,PASS,PASS,PASS,PASS,PASS,PASS,PASS,GPT-6.1 Sol independent text reviewer B,明确无骨挫伤而无其他骨髓候选，ABSENT/NONE及完整类别否定NO支持充分。
1.2.826.0.1.3680043.8.498.45519502487291848581539950159353124045,Fracture,0cb7ad04839b99d18435514661ec0cabb947ee879fd2f7a0dff75b987749186b,NOT_MENTIONED,[],UNKNOWN,[],KEEP,PASS,PASS,PASS,PASS,PASS,PASS,PASS,GPT-6.1 Sol independent text reviewer B,未描述骨折或骨折线，无挫伤不直接代骨折排除；未提及和UNKNOWN正确。
1.2.826.0.1.3680043.8.498.49942556484410764813681696157580687854,ACL,1b94a03cc56e73f3a8d4f47d42b7423437ae903dd07a059a887ebc9c6fa6c273,ABSENT,"[""Intakte Kreuzbänder.""]",NO,[],KEEP,PASS,PASS,PASS,PASS,PASS,PASS,PASS,GPT-6.1 Sol independent text reviewer B,交叉韧带完整明确覆盖ACL，完整否定和NO受支持，PCL附着小囊肿不等于ACL伤。
1.2.826.0.1.3680043.8.498.49942556484410764813681696157580687854,MCL,1b94a03cc56e73f3a8d4f47d42b7423437ae903dd07a059a887ebc9c6fa6c273,PRESENT,"[""Partialläsion des MCL bei angrenzend gering Flüssigkeit (Serie 7/ Image 18).""]",UNKNOWN,"[""criteria_anatomy_severity_extent_or_timing_insufficient"",""llm_review:Partial lesion without specified tear grade or acute timing."",""timing_or_trauma_review""]",KEEP,PASS,PASS,PASS,PASS,PASS,PASS,PASS,GPT-6.1 Sol independent text reviewer B,MCL部分损伤伴邻近少量液体明确，PRESENT但等级及急性未给；UNKNOWN正确，不从少量液体补低等级。
1.2.826.0.1.3680043.8.498.49942556484410764813681696157580687854,Medial Meniscus,1b94a03cc56e73f3a8d4f47d42b7423437ae903dd07a059a887ebc9c6fa6c273,PRESENT,"[""Radiärer Riss des Innenmeniskushinterhorns mit vertikaler Rissbildung in der Pars intermedia (Serie 3/ Image 112, Serie 7/ Image 22).""]",YES,[],KEEP,PASS,PASS,PASS,PASS,PASS,PASS,PASS,GPT-6.1 Sol independent text reviewer B,内侧后角放射状撕裂及体部垂直撕裂直接确证，范围定位准确，YES有依据。
1.2.826.0.1.3680043.8.498.49942556484410764813681696157580687854,Lateral Meniscus,1b94a03cc56e73f3a8d4f47d42b7423437ae903dd07a059a887ebc9c6fa6c273,ABSENT,"[""Intakter Außenmeniskus.""]",NO,[],KEEP,PASS,PASS,PASS,PASS,PASS,PASS,PASS,GPT-6.1 Sol independent text reviewer B,外侧半月板完整独立表述，ABSENT/NONE及完整阴性NO合理。
1.2.826.0.1.3680043.8.498.49942556484410764813681696157580687854,Medial OA,1b94a03cc56e73f3a8d4f47d42b7423437ae903dd07a059a887ebc9c6fa6c273,ABSENT,"[""Mediales Kompartiment:"",""Intakter Knorpel.""]",NO,[],KEEP,PASS,PASS,PASS,PASS,PASS,PASS,PASS,GPT-6.1 Sol independent text reviewer B,内侧间室软骨完整，虽有该区骨挫伤也不推软骨损失；深度范围false及NO有正常软骨支持。
1.2.826.0.1.3680043.8.498.49942556484410764813681696157580687854,Lateral OA,1b94a03cc56e73f3a8d4f47d42b7423437ae903dd07a059a887ebc9c6fa6c273,ABSENT,"[""Laterales Kompartiment:\nRegelrechtes Knochenmarksignal. Intakter Knorpel.""]",NO,[],KEEP,PASS,PASS,PASS,PASS,PASS,PASS,PASS,GPT-6.1 Sol independent text reviewer B,外侧软骨完整有段落定位，完整否定成立，未被PF深缺损扩大。
1.2.826.0.1.3680043.8.498.49942556484410764813681696157580687854,PF OA,1b94a03cc56e73f3a8d4f47d42b7423437ae903dd07a059a887ebc9c6fa6c273,PRESENT,"[""Bis nach subchondral reichender Knorpeldefekt der medialen Patellafacette (Outerbridge Grad 4) (Serie 3/ Image 56, Serie 8/ Image 27).""]",UNKNOWN,"[""criteria_anatomy_severity_extent_or_timing_insufficient"",""llm_review:High-grade cartilage defect with no stated extent.""]",KEEP,PASS,PASS,PASS,PASS,PASS,PASS,PASS,GPT-6.1 Sol independent text reviewer B,髌骨内侧面缺损到软骨下且明确Outerbridge4，SEVERE及深度true有双重依据；范围未给UNKNOWN合理。
1.2.826.0.1.3680043.8.498.49942556484410764813681696157580687854,Effusion,1b94a03cc56e73f3a8d4f47d42b7423437ae903dd07a059a887ebc9c6fa6c273,PRESENT,"[""Geringer Gelenkerguss.""]",NO,"[""explicit_subthreshold_or_alternative""]",KEEP,PASS,PASS,PASS,PASS,PASS,PASS,PASS,GPT-6.1 Sol independent text reviewer B,少量关节积液直接支持MILD和低于门槛NO，病变PRESENT未遗漏。
1.2.826.0.1.3680043.8.498.49942556484410764813681696157580687854,Synovitis,1b94a03cc56e73f3a8d4f47d42b7423437ae903dd07a059a887ebc9c6fa6c273,NOT_MENTIONED,[],UNKNOWN,[],KEEP,PASS,PASS,PASS,PASS,PASS,PASS,PASS,GPT-6.1 Sol independent text reviewer B,未提及滑膜炎，皮下液体条带不等于关节滑膜病变，UNKNOWN正确。
1.2.826.0.1.3680043.8.498.49942556484410764813681696157580687854,Baker's,1b94a03cc56e73f3a8d4f47d42b7423437ae903dd07a059a887ebc9c6fa6c273,PRESENT,"[""Kleine Bakerzyste.""]",NO,"[""explicit_subthreshold_or_alternative""]",KEEP,PASS,PASS,PASS,PASS,PASS,PASS,PASS,GPT-6.1 Sol independent text reviewer B,小Baker囊肿明确，定位诊断支持PRESENT/MILD及低等级NO，不凭尺寸猜测。
1.2.826.0.1.3680043.8.498.49942556484410764813681696157580687854,Contusion,1b94a03cc56e73f3a8d4f47d42b7423437ae903dd07a059a887ebc9c6fa6c273,PRESENT,"[""Kleines Kontusionsödem am anteromedialen Femurcondylus (Serie 7/ Image 15)."",""Mehrere, unspezifische kleine Zysten am Ansatz des HKB im posterioren Tibiaplateau (Serie 9/ Image 17).""]",UNKNOWN,"[""criteria_anatomy_severity_extent_or_timing_insufficient"",""history_or_postoperative_scope_review"",""llm_review:Additional tibial cysts are described as nonspecific."",""llm_review:Contusion edema is explicitly diagnosed, but fracture-line exclusion is not stated."",""timing_or_trauma_review""]",KEEP,PASS,PASS,PASS,PASS,PASS,PASS,PASS,GPT-6.1 Sol independent text reviewer B,前内侧股骨髁小挫伤水肿明确支持创伤性质，PCL附着非特异小囊肿亦保留；未明确排骨折线，标准UNKNOWN合理，未补阳性。
1.2.826.0.1.3680043.8.498.49942556484410764813681696157580687854,Fracture,1b94a03cc56e73f3a8d4f47d42b7423437ae903dd07a059a887ebc9c6fa6c273,NOT_MENTIONED,[],UNKNOWN,[],KEEP,PASS,PASS,PASS,PASS,PASS,PASS,PASS,GPT-6.1 Sol independent text reviewer B,全文未写骨折或线排除，小挫伤不自行排除骨折；未提及和UNKNOWN正确。
