StudyInstanceUID,category,report_hash,report_status,evidence,meets_criteria,audit_reasons,disposition,status_correct,evidence_correct,negation_correct,anatomy_correct,severity_correct,temporal_correct,criteria_correct,reviewer,notes
1.2.826.0.1.3680043.8.498.10100718559177860518999368876392117659,ACL,e5bd2180650d1e70cb1a86a479f682f3721b0dfd532df9c779762699acc2b8ca,ABSENT,"[""Anterior cruciate ligament (ACL): Normal with both bundles intact.""]",NO,[],KEEP,PASS,PASS,PASS,PASS,PASS,PASS,PASS,GPT-6.1 Sol independent text reviewer C,新V5 ACL证据为双束完整正常，全面absence事实与NO正确。
1.2.826.0.1.3680043.8.498.10100718559177860518999368876392117659,MCL,e5bd2180650d1e70cb1a86a479f682f3721b0dfd532df9c779762699acc2b8ca,ABSENT,"[""Medial collateral ligament (MCL): Normal.""]",NO,[],KEEP,PASS,PASS,PASS,PASS,PASS,PASS,PASS,GPT-6.1 Sol independent text reviewer C,MCL直接正常支持当前全面阴性，未从检查目的推断。
1.2.826.0.1.3680043.8.498.10100718559177860518999368876392117659,Medial Meniscus,e5bd2180650d1e70cb1a86a479f682f3721b0dfd532df9c779762699acc2b8ca,ABSENT,"[""Medial meniscus: Normal in morphology and signal."",""No MR evidence for medial meniscal tear.""]",NO,[],KEEP,PASS,PASS,PASS,PASS,PASS,PASS,PASS,GPT-6.1 Sol independent text reviewer C,内侧形态信号正常且结论无撕裂，疑似检查指征未混入当前诊断。
1.2.826.0.1.3680043.8.498.10100718559177860518999368876392117659,Lateral Meniscus,e5bd2180650d1e70cb1a86a479f682f3721b0dfd532df9c779762699acc2b8ca,ABSENT,"[""Lateral meniscus: Normal in morphology and signal.""]",NO,[],KEEP,PASS,PASS,PASS,PASS,PASS,PASS,PASS,GPT-6.1 Sol independent text reviewer C,外侧形态信号正常全面支持NO，内部变性false有正常证据。
1.2.826.0.1.3680043.8.498.10100718559177860518999368876392117659,Medial OA,e5bd2180650d1e70cb1a86a479f682f3721b0dfd532df9c779762699acc2b8ca,ABSENT,"[""Medial compartment cartilage: No focal full-thickness cartilage defects.""]",UNKNOWN,"[""llm_review:The negative excludes only focal full-thickness defects, not qualifying partial-thickness cartilage loss; depth and extent are unspecified."",""negative_scope_insufficient""]",KEEP,PASS,PASS,PASS,PASS,PASS,PASS,PASS,GPT-6.1 Sol independent text reviewer C,内侧仅无局灶全层缺损，不能排除合格部分厚度损失，UNKNOWN与空absence正确。
1.2.826.0.1.3680043.8.498.10100718559177860518999368876392117659,Lateral OA,e5bd2180650d1e70cb1a86a479f682f3721b0dfd532df9c779762699acc2b8ca,ABSENT,"[""Lateral compartment cartilage: No focal full-thickness cartilage defects.""]",UNKNOWN,"[""llm_review:The negative excludes only focal full-thickness defects, not qualifying partial-thickness cartilage loss; depth and extent are unspecified."",""negative_scope_insufficient""]",KEEP,PASS,PASS,PASS,PASS,PASS,PASS,PASS,GPT-6.1 Sol independent text reviewer C,外侧有限全层局灶缺损阴性没有扩大，UNKNOWN符合标准。
1.2.826.0.1.3680043.8.498.10100718559177860518999368876392117659,PF OA,e5bd2180650d1e70cb1a86a479f682f3721b0dfd532df9c779762699acc2b8ca,ABSENT,"[""Patellofemoral compartment cartilage: No focal full-thickness cartilage defects.""]",UNKNOWN,"[""llm_review:The negative excludes only focal full-thickness defects, not qualifying partial-thickness cartilage loss; depth and extent are unspecified."",""negative_scope_insufficient""]",KEEP,PASS,PASS,PASS,PASS,PASS,PASS,PASS,GPT-6.1 Sol independent text reviewer C,髌股局灶全层缺损否定范围有限，未补全面正常，UNKNOWN正确。
1.2.826.0.1.3680043.8.498.10100718559177860518999368876392117659,Effusion,e5bd2180650d1e70cb1a86a479f682f3721b0dfd532df9c779762699acc2b8ca,ABSENT,"[""Physiologic joint fluid without large volume effusion.""]",NO,[],KEEP,PASS,PASS,PASS,PASS,PASS,PASS,PASS,GPT-6.1 Sol independent text reviewer C,生理量关节液直接支持无异常积液及NONE，NO有生理量依据而非单凭无大量限定。
1.2.826.0.1.3680043.8.498.10100718559177860518999368876392117659,Synovitis,e5bd2180650d1e70cb1a86a479f682f3721b0dfd532df9c779762699acc2b8ca,NOT_MENTIONED,[],UNKNOWN,[],KEEP,PASS,PASS,PASS,PASS,PASS,PASS,PASS,GPT-6.1 Sol independent text reviewer C,没有滑膜炎或滑膜增厚所见，NOT_MENTIONED合理。
1.2.826.0.1.3680043.8.498.10100718559177860518999368876392117659,Baker's,e5bd2180650d1e70cb1a86a479f682f3721b0dfd532df9c779762699acc2b8ca,ABSENT,"[""No Baker's cyst.""]",NO,[],KEEP,PASS,PASS,PASS,PASS,PASS,PASS,PASS,GPT-6.1 Sol independent text reviewer C,直接无Baker囊肿支持全面阴性及NO。
1.2.826.0.1.3680043.8.498.10100718559177860518999368876392117659,Contusion,e5bd2180650d1e70cb1a86a479f682f3721b0dfd532df9c779762699acc2b8ca,ABSENT,"[""No acute fracture or bone bruise."",""Background marrow signal is normal without infiltrative marrow process.""]",NO,[],KEEP,PASS,PASS,PASS,PASS,PASS,PASS,PASS,GPT-6.1 Sol independent text reviewer C,无bone bruise且背景骨髓正常，没有实际水肿候选遗漏，ABSENT与NO正确。
1.2.826.0.1.3680043.8.498.10100718559177860518999368876392117659,Fracture,e5bd2180650d1e70cb1a86a479f682f3721b0dfd532df9c779762699acc2b8ca,ABSENT,"[""No acute fracture or bone bruise.""]",NO,[],KEEP,PASS,PASS,PASS,PASS,PASS,PASS,PASS,GPT-6.1 Sol independent text reviewer C,明确无急性骨折排除竞争目标，NO正确，未推断其他病史。
1.2.826.0.1.3680043.8.498.10135587809070718435691939321937314104,ACL,b4c9a24299709da16ef9205bb296bcaea08528d8e69ee9e8e20cebb11cbe977f,ABSENT,"[""Ligamentos conservados y colaterales de grosor y señal conservados.""]",NO,[],KEEP,PASS,PASS,PASS,PASS,PASS,PASS,PASS,GPT-6.1 Sol independent text reviewer C,正常保留韧带的所见泛称覆盖ACL，没有从内侧退变病史取证，NO正确。
1.2.826.0.1.3680043.8.498.10135587809070718435691939321937314104,MCL,b4c9a24299709da16ef9205bb296bcaea08528d8e69ee9e8e20cebb11cbe977f,ABSENT,"[""Ligamentos conservados y colaterales de grosor y señal conservados.""]",NO,[],KEEP,PASS,PASS,PASS,PASS,PASS,PASS,PASS,GPT-6.1 Sol independent text reviewer C,侧副韧带厚度和信号保留，包含MCL，全面阴性支持NO。
1.2.826.0.1.3680043.8.498.10135587809070718435691939321937314104,Medial Meniscus,b4c9a24299709da16ef9205bb296bcaea08528d8e69ee9e8e20cebb11cbe977f,PRESENT,"[""Rotura radial prácticamente completa del cuerno posterior del menisco medial, con moderada\nextrusión meniscal, asociado a una rotura compleja de la región corporal y desplazamiento de\ntejido meniscal al receso menisco tibial.""]",YES,"[""history_or_postoperative_scope_review""]",KEEP,PASS,PASS,PASS,PASS,PASS,PASS,PASS,GPT-6.1 Sol independent text reviewer C,内侧后角近完整放射破裂与体部复杂破裂为明确诊断，YES无需新增MRI切片证据。
1.2.826.0.1.3680043.8.498.10135587809070718435691939321937314104,Lateral Meniscus,b4c9a24299709da16ef9205bb296bcaea08528d8e69ee9e8e20cebb11cbe977f,PRESENT,"[""El menisco lateral presenta fibrilación difusa de su borde libre, con alteración de señal\nintrasustancia del cuerno anterior de carácter degenerativo."",""Cambios degenerativos del menisco lateral, con fibrilación difusa del borde libre.""]",NO,"[""explicit_subthreshold_or_alternative"",""llm_review:Degeneration and free-edge fibrillation are reported without a definite tear diagnosis.""]",KEEP,PASS,PASS,PASS,PASS,PASS,PASS,PASS,GPT-6.1 Sol independent text reviewer C,外侧内部退变信号及自由缘毛糙已记为PRESENT；无明确撕裂，亚阈值NO正确。
1.2.826.0.1.3680043.8.498.10135587809070718435691939321937314104,Medial OA,b4c9a24299709da16ef9205bb296bcaea08528d8e69ee9e8e20cebb11cbe977f,PRESENT,"[""Adelgazamiento condral difuso de espesor total de la región anterior y central de carga del\ncompartimento femorotibial medial."",""Condropatía femorotibial medial difusa grado 4, con edema óseo regional sugerente de\nfenómenos de sobrecarga.""]",UNKNOWN,"[""criteria_anatomy_severity_extent_or_timing_insufficient"",""llm_review:Diffuse full-thickness cartilage loss is described, but extent in millimeters is not established.""]",KEEP,PASS,PASS,PASS,PASS,PASS,PASS,PASS,GPT-6.1 Sol independent text reviewer C,内侧负重前中央区域全层变薄明确支持深度事实，无毫米范围，UNKNOWN合理。
1.2.826.0.1.3680043.8.498.10135587809070718435691939321937314104,Lateral OA,b4c9a24299709da16ef9205bb296bcaea08528d8e69ee9e8e20cebb11cbe977f,PRESENT,"[""Irregularidad superficial difusa del cartílago del compartimento femorotibial lateral."",""Condropatía femorotibial lateral grado 2.""]",NO,"[""explicit_subthreshold_or_alternative"",""llm_review:Superficial irregularity is subthreshold; grading convention and numerical extent are not specified.""]",KEEP,PASS,PASS,PASS,PASS,PASS,PASS,PASS,GPT-6.1 Sol independent text reviewer C,外侧表面不规则及2级软骨病保留异常，表浅改变支持低级别NO。
1.2.826.0.1.3680043.8.498.10135587809070718435691939321937314104,PF OA,b4c9a24299709da16ef9205bb296bcaea08528d8e69ee9e8e20cebb11cbe977f,PRESENT,"[""Moderado adelgazamiento condral con úlceras de espesor total en la región central y faceta\nmedial de la patela."",""Irregularidad superficial difusa del cartílago troclear, con adelgazamiento de\nespesor moderado en la vertiente medial."",""Condropatía patelar grado 3-4 y troclear grado 2-3.""]",UNKNOWN,"[""criteria_anatomy_severity_extent_or_timing_insufficient"",""llm_review:Full-thickness ulcers are reported, but qualifying cartilage-loss extent is unspecified.""]",KEEP,PASS,PASS,PASS,PASS,PASS,PASS,PASS,GPT-6.1 Sol independent text reviewer C,髌骨全层溃疡和滑车中度变薄被分开记录，范围不详，UNKNOWN正确。
1.2.826.0.1.3680043.8.498.10135587809070718435691939321937314104,Effusion,b4c9a24299709da16ef9205bb296bcaea08528d8e69ee9e8e20cebb11cbe977f,PRESENT,"[""Leve a moderado derrame articular""]",UNKNOWN,"[""criteria_anatomy_severity_extent_or_timing_insufficient"",""llm_review:Mild-to-moderate severity straddles the qualifying threshold; joint distension is not explicitly reported.""]",KEEP,PASS,PASS,PASS,PASS,PASS,PASS,PASS,GPT-6.1 Sol independent text reviewer C,轻至中量积液跨量级阈值，未补扩张或确定YES。
1.2.826.0.1.3680043.8.498.10135587809070718435691939321937314104,Synovitis,b4c9a24299709da16ef9205bb296bcaea08528d8e69ee9e8e20cebb11cbe977f,PRESENT,"[""leve engrosamiento sinovial difuso"",""leve sinovitis difusa""]",YES,[],KEEP,PASS,PASS,PASS,PASS,PASS,PASS,PASS,GPT-6.1 Sol independent text reviewer C,轻度弥漫滑膜增厚和直接滑膜炎诊断支持YES，独立于积液。
1.2.826.0.1.3680043.8.498.10135587809070718435691939321937314104,Baker's,b4c9a24299709da16ef9205bb296bcaea08528d8e69ee9e8e20cebb11cbe977f,ABSENT,"[""No hay quistes\npoplíteos.""]",NO,[],KEEP,PASS,PASS,PASS,PASS,PASS,PASS,PASS,GPT-6.1 Sol independent text reviewer C,明确无腘窝囊肿，Baker否定范围充分。
1.2.826.0.1.3680043.8.498.10135587809070718435691939321937314104,Contusion,b4c9a24299709da16ef9205bb296bcaea08528d8e69ee9e8e20cebb11cbe977f,PRESENT,"[""No hay alteraciones difusas de señal de la médula ósea."",""Esto se asocia a moderado edema óseo regional de ambas\nsuperficies, con esclerosis subcondral y osteofitos marginales."",""Condropatía femorotibial medial difusa grado 4, con edema óseo regional sugerente de\nfenómenos de sobrecarga.""]",UNKNOWN,"[""criteria_anatomy_severity_extent_or_timing_insufficient"",""llm_review:Fracture-line status and timing are unspecified."",""llm_review:Regional marrow edema is attributed tentatively to overload, not explicitly to trauma or exclusively to degeneration."",""llm_review:The negative statement excludes diffuse marrow signal abnormalities only and does not contradict regional edema."",""negation_scope_review"",""timing_or_trauma_review""]",KEEP,PASS,PASS,PASS,PASS,PASS,PASS,PASS,GPT-6.1 Sol independent text reviewer C,当前区域中度骨水肿已保留PRESENT；无弥漫异常不否定局灶，过负荷仅疑似，未自定全退变原因，UNKNOWN正确。
1.2.826.0.1.3680043.8.498.10135587809070718435691939321937314104,Fracture,b4c9a24299709da16ef9205bb296bcaea08528d8e69ee9e8e20cebb11cbe977f,NOT_MENTIONED,[],UNKNOWN,[],KEEP,PASS,PASS,PASS,PASS,PASS,PASS,PASS,GPT-6.1 Sol independent text reviewer C,没有骨折或骨折线评价，不用无弥漫骨髓异常替代骨折阴性。
1.2.826.0.1.3680043.8.498.10147717839726734017869499799005084725,ACL,feaf0dc659ea1f01a840fb484a5808369937b3078aed1dcb415b27da396d7ca8,ABSENT,"[""Çapraz bağlar normal.""]",NO,[],KEEP,PASS,PASS,PASS,PASS,PASS,PASS,PASS,GPT-6.1 Sol independent text reviewer C,交叉韧带正常全面涵盖ACL，ABSENT与NO支持充分。
1.2.826.0.1.3680043.8.498.10147717839726734017869499799005084725,MCL,feaf0dc659ea1f01a840fb484a5808369937b3078aed1dcb415b27da396d7ca8,UNCERTAIN,"[""İç yan bağın femoral tarafındaki hafif kalınlaşma eski zedelenme sekeli olabilir.""]",UNKNOWN,"[""llm_review:Mild current thickening is attributed tentatively to an old injury; acute high-grade tearing is not established."",""uncertain_report""]",KEEP,PASS,PASS,PASS,PASS,PASS,PASS,PASS,GPT-6.1 Sol independent text reviewer C,MCL股骨侧轻增厚可能旧伤后遗，UNCERTAIN合理，时效保守未定不把可能旧伤当明确急性。
1.2.826.0.1.3680043.8.498.10147717839726734017869499799005084725,Medial Meniscus,feaf0dc659ea1f01a840fb484a5808369937b3078aed1dcb415b27da396d7ca8,PRESENT,"[""Medyal menisküsün arka boynuzundaki yapı içi dejenerasyon inferiyor eklem yüzeyine tek bir noktada (seri 4, görüntü 7) yırtık biçiminde ulaşıyor.""]",YES,[],KEEP,PASS,PASS,PASS,PASS,PASS,PASS,PASS,GPT-6.1 Sol independent text reviewer C,内侧后角内部变性以撕裂达下表面，确定撕裂事实支持YES，单点引用没有虚构其他切面。
1.2.826.0.1.3680043.8.498.10147717839726734017869499799005084725,Lateral Meniscus,feaf0dc659ea1f01a840fb484a5808369937b3078aed1dcb415b27da396d7ca8,UNCERTAIN,"[""Lateral menisküsün korpus kesiminde serbest kenardaki yırtık püsküllenme biçiminde olabilir.""]",UNKNOWN,"[""llm_review:Possible free-edge fraying/tear; wording is ambiguous as to whether uncertainty concerns tear presence or its morphology."",""uncertain_report""]",KEEP,PASS,PASS,PASS,PASS,PASS,PASS,PASS,GPT-6.1 Sol independent text reviewer C,外侧自由缘毛刷样撕裂措辞可能限定形态或诊断，记录歧义并UNKNOWN合理。
1.2.826.0.1.3680043.8.498.10147717839726734017869499799005084725,Medial OA,feaf0dc659ea1f01a840fb484a5808369937b3078aed1dcb415b27da396d7ca8,PRESENT,"[""Diz eklemindeki trikompartmantal dejeneratif eklem hastalığı""]",UNKNOWN,"[""criteria_anatomy_severity_extent_or_timing_insufficient"",""llm_review:Tricompartmental degenerative disease includes the medial compartment, but medial cartilage depth and extent are not specified.""]",KEEP,PASS,PASS,PASS,PASS,PASS,PASS,PASS,GPT-6.1 Sol independent text reviewer C,三间室退变明确包含内側OA相关改变，深度范围未给，UNKNOWN正确。
1.2.826.0.1.3680043.8.498.10147717839726734017869499799005084725,Lateral OA,feaf0dc659ea1f01a840fb484a5808369937b3078aed1dcb415b27da396d7ca8,PRESENT,"[""Diz eklemindeki trikompartmantal dejeneratif eklem hastalığı""]",UNKNOWN,"[""criteria_anatomy_severity_extent_or_timing_insufficient"",""llm_review:Tricompartmental degenerative disease includes the lateral compartment, but lateral cartilage depth and extent are not specified.""]",KEEP,PASS,PASS,PASS,PASS,PASS,PASS,PASS,GPT-6.1 Sol independent text reviewer C,三间室陈述覆盖外侧，髌股全层损失未跨配外侧，UNKNOWN正确。
1.2.826.0.1.3680043.8.498.10147717839726734017869499799005084725,PF OA,feaf0dc659ea1f01a840fb484a5808369937b3078aed1dcb415b27da396d7ca8,PRESENT,"[""patellofemoral kompartmanda en belirgin ve lateral patellar faset ile patella apeksinde tam kata ulaşan eklem kıkırdağı kaybı ve dejenerasyonu""]",UNKNOWN,"[""criteria_anatomy_severity_extent_or_timing_insufficient"",""llm_review:Full-thickness cartilage loss is reported, but defect extent is not specified.""]",KEEP,PASS,PASS,PASS,PASS,PASS,PASS,PASS,GPT-6.1 Sol independent text reviewer C,髌骨外侧面和尖部全层损失明确，缺范围导致UNKNOWN合理。
1.2.826.0.1.3680043.8.498.10147717839726734017869499799005084725,Effusion,feaf0dc659ea1f01a840fb484a5808369937b3078aed1dcb415b27da396d7ca8,PRESENT,"[""Diz eklemi içi sıvı miktarı minimal artmış.""]",NO,"[""explicit_subthreshold_or_alternative""]",KEEP,PASS,PASS,PASS,PASS,PASS,PASS,PASS,GPT-6.1 Sol independent text reviewer C,关节液最小增加为轻度PRESENT，低级别NO正确。
1.2.826.0.1.3680043.8.498.10147717839726734017869499799005084725,Synovitis,feaf0dc659ea1f01a840fb484a5808369937b3078aed1dcb415b27da396d7ca8,NOT_MENTIONED,[],UNKNOWN,[],KEEP,PASS,PASS,PASS,PASS,PASS,PASS,PASS,GPT-6.1 Sol independent text reviewer C,未描述滑膜或滑膜炎，不能从液体补阳性。
1.2.826.0.1.3680043.8.498.10147717839726734017869499799005084725,Baker's,feaf0dc659ea1f01a840fb484a5808369937b3078aed1dcb415b27da396d7ca8,NOT_MENTIONED,[],UNKNOWN,[],KEEP,PASS,PASS,PASS,PASS,PASS,PASS,PASS,GPT-6.1 Sol independent text reviewer C,没有Baker囊肿评价，未提及而非阴性正确。
1.2.826.0.1.3680043.8.498.10147717839726734017869499799005084725,Contusion,feaf0dc659ea1f01a840fb484a5808369937b3078aed1dcb415b27da396d7ca8,PRESENT,"[""Diz eklemindeki trikompartmantal dejeneratif eklem hastalığı patellofemoral kompartmanda en belirgin ve lateral patellar faset ile patella apeksinde tam kata ulaşan eklem kıkırdağı kaybı ve dejenerasyonu, subkondral medüller fibrokistik ve fibrovasküler değişiklikler ve marjinal osteofitlerle karakterize.""]",NO,"[""explicit_subthreshold_or_alternative"",""llm_review:Reported marrow changes explicitly characterize degenerative joint disease, not traumatic contusion.""]",KEEP,PASS,PASS,PASS,PASS,PASS,PASS,PASS,GPT-6.1 Sol independent text reviewer C,骨髓下纤维囊性及纤维血管改变已保留候选；整句明确作为三间室退变特征，退变原因事实有支持，竞争NO合理。
1.2.826.0.1.3680043.8.498.10147717839726734017869499799005084725,Fracture,feaf0dc659ea1f01a840fb484a5808369937b3078aed1dcb415b27da396d7ca8,NOT_MENTIONED,[],UNKNOWN,[],KEEP,PASS,PASS,PASS,PASS,PASS,PASS,PASS,GPT-6.1 Sol independent text reviewer C,无骨折线和骨折评价，未提及正确。
1.2.826.0.1.3680043.8.498.10274956886032850418742861294277331382,ACL,cab45615e007575406990a1e1a7bac9d54898d67cec76cf50b49e04cea698d45,ABSENT,"[""Anterior cruciate ligament (ACL): Normal with both bundles intact.""]",NO,[],KEEP,PASS,PASS,PASS,PASS,PASS,PASS,PASS,GPT-6.1 Sol independent text reviewer C,ACL正常且双束完整，当前全面阴性支持NO。
1.2.826.0.1.3680043.8.498.10274956886032850418742861294277331382,MCL,cab45615e007575406990a1e1a7bac9d54898d67cec76cf50b49e04cea698d45,ABSENT,"[""Medial collateral ligament (MCL): Normal.""]",NO,[],KEEP,PASS,PASS,PASS,PASS,PASS,PASS,PASS,GPT-6.1 Sol independent text reviewer C,MCL正常无程度限定，NO证据充分。
1.2.826.0.1.3680043.8.498.10274956886032850418742861294277331382,Medial Meniscus,cab45615e007575406990a1e1a7bac9d54898d67cec76cf50b49e04cea698d45,ABSENT,"[""Medial meniscus: Normal in morphology and signal.""]",NO,[],KEEP,PASS,PASS,PASS,PASS,PASS,PASS,PASS,GPT-6.1 Sol independent text reviewer C,内侧半月板形态信号正常，直接支持无撕裂。
1.2.826.0.1.3680043.8.498.10274956886032850418742861294277331382,Lateral Meniscus,cab45615e007575406990a1e1a7bac9d54898d67cec76cf50b49e04cea698d45,ABSENT,"[""Lateral meniscus: Normal in morphology and signal.""]",NO,[],KEEP,PASS,PASS,PASS,PASS,PASS,PASS,PASS,GPT-6.1 Sol independent text reviewer C,外侧半月板正常，独立全面absence合理。
1.2.826.0.1.3680043.8.498.10274956886032850418742861294277331382,Medial OA,cab45615e007575406990a1e1a7bac9d54898d67cec76cf50b49e04cea698d45,ABSENT,"[""Medial compartment cartilage: No focal cartilage defects.""]",UNKNOWN,"[""llm_review:Negative statement is limited to focal cartilage defects; diffuse cartilage loss is not explicitly excluded."",""negative_scope_insufficient""]",KEEP,PASS,PASS,PASS,PASS,PASS,PASS,PASS,GPT-6.1 Sol independent text reviewer C,内侧无局灶缺损不覆盖弥漫损失，全面absence留空及UNKNOWN正确。
1.2.826.0.1.3680043.8.498.10274956886032850418742861294277331382,Lateral OA,cab45615e007575406990a1e1a7bac9d54898d67cec76cf50b49e04cea698d45,ABSENT,"[""Lateral compartment cartilage: No focal cartilage defects.""]",UNKNOWN,"[""llm_review:Negative statement is limited to focal cartilage defects; diffuse cartilage loss is not explicitly excluded."",""negative_scope_insufficient""]",KEEP,PASS,PASS,PASS,PASS,PASS,PASS,PASS,GPT-6.1 Sol independent text reviewer C,外侧局灶缺损否定未扩大，UNKNOWN适当。
1.2.826.0.1.3680043.8.498.10274956886032850418742861294277331382,PF OA,cab45615e007575406990a1e1a7bac9d54898d67cec76cf50b49e04cea698d45,PRESENT,"[""Full-thickness cartilage fissuring medial patellar facet and median ridge with subchondral bone marrow edema."",""Partial-thickness cartilage loss lateral patellar facet."",""Full-thickness cartilage fissuring central trochlea with subchondral cystic change and intense subchondral bone marrow edema."",""Findings of active lateral patellar maltracking with high grade patellofemoral chondrosis.""]",UNKNOWN,"[""criteria_anatomy_severity_extent_or_timing_insufficient"",""llm_review:Disease timing is unspecified."",""llm_review:High-grade cartilage damage is described, but cartilage defect dimensions are not reported.""]",MASK,PASS,PASS,PASS,PASS,PASS,PASS,FAIL,GPT-6.1 Sol independent text reviewer C,髌股高级别软骨病及全层裂隙真实，PRESENT与SEVERE合理；裂隙贯穿深度不直接证明厚度损失超过50%，外侧部分厚度损失深度不明，深度事实true证据不足，criteria FAIL并MASK；最终UNKNOWN和自动mask0仍合理。
1.2.826.0.1.3680043.8.498.10274956886032850418742861294277331382,Effusion,cab45615e007575406990a1e1a7bac9d54898d67cec76cf50b49e04cea698d45,ABSENT,"[""No joint effusion.""]",NO,[],KEEP,PASS,PASS,PASS,PASS,PASS,PASS,PASS,GPT-6.1 Sol independent text reviewer C,无关节积液是全面阴性，NO正确。
1.2.826.0.1.3680043.8.498.10274956886032850418742861294277331382,Synovitis,cab45615e007575406990a1e1a7bac9d54898d67cec76cf50b49e04cea698d45,NOT_MENTIONED,[],UNKNOWN,[],KEEP,PASS,PASS,PASS,PASS,PASS,PASS,PASS,GPT-6.1 Sol independent text reviewer C,Hoffa水肿非滑膜炎证据，未提及合理。
1.2.826.0.1.3680043.8.498.10274956886032850418742861294277331382,Baker's,cab45615e007575406990a1e1a7bac9d54898d67cec76cf50b49e04cea698d45,PRESENT,"[""Small partially ruptured Baker's cyst.""]",NO,"[""explicit_subthreshold_or_alternative""]",KEEP,PASS,PASS,PASS,PASS,PASS,PASS,PASS,GPT-6.1 Sol independent text reviewer C,小且部分破裂Baker属于亚阈值，MILD和NO正确。
1.2.826.0.1.3680043.8.498.10274956886032850418742861294277331382,Contusion,cab45615e007575406990a1e1a7bac9d54898d67cec76cf50b49e04cea698d45,PRESENT,"[""No acute fracture or bone bruise."",""Background marrow signal is normal without infiltrative marrow process."",""Full-thickness cartilage fissuring medial patellar facet and median ridge with subchondral bone marrow edema."",""Full-thickness cartilage fissuring central trochlea with subchondral cystic change and intense subchondral bone marrow edema.""]",UNKNOWN,"[""criteria_anatomy_severity_extent_or_timing_insufficient"",""llm_mapper_disagreement"",""llm_review:Edema accompanies cartilage abnormalities, but a degenerative cause is not explicitly attributed."",""llm_review:Marrow edema timing is unspecified."",""llm_review:Subchondral marrow edema is explicitly present at patellar and trochlear sites despite the negative bone-bruise assessment."",""negation_scope_review"",""timing_or_trauma_review""]",KEEP,PASS,PASS,PASS,PASS,PASS,PASS,PASS,GPT-6.1 Sol independent text reviewer C,髌骨及滑车骨髓水肿全部保留，并保留无骨挫伤评价；未推纯退变因果，最终UNKNOWN低权重0有明确创伤否定支持，模型NO提案与mapper分离合理。
1.2.826.0.1.3680043.8.498.10274956886032850418742861294277331382,Fracture,cab45615e007575406990a1e1a7bac9d54898d67cec76cf50b49e04cea698d45,ABSENT,"[""No acute fracture or bone bruise.""]",NO,[],KEEP,PASS,PASS,PASS,PASS,PASS,PASS,PASS,GPT-6.1 Sol independent text reviewer C,明确无急性骨折覆盖比赛目标，骨髓水肿不等于骨折，NO正确。
1.2.826.0.1.3680043.8.498.10522585237725235866013737575867341946,ACL,bc35ac1474e76bbbbfd3ab2a9662c195f9f516dbc3c50df7f7c79f9a2d5d7ca5,PRESENT,"[""Ön çapraz bağda miksoid dejenerasyon ile uyumlu sinyal artışı izlendi.""]",NO,"[""explicit_subthreshold_or_alternative"",""llm_review:Reported finding is myxoid degeneration and signal increase, not a high-grade tear.""]",KEEP,PASS,PASS,PASS,PASS,PASS,PASS,PASS,GPT-6.1 Sol independent text reviewer C,ACL仅黏液样退变和信号增高，PRESENT但亚阈值NO正确。
1.2.826.0.1.3680043.8.498.10522585237725235866013737575867341946,MCL,bc35ac1474e76bbbbfd3ab2a9662c195f9f516dbc3c50df7f7c79f9a2d5d7ca5,PRESENT,"[""Medial ve lateral  kollateral ligamen çevresinde ligamentöz ödem mevcuttur ( grade I  sprain ).""]",NO,"[""explicit_subthreshold_or_alternative"",""llm_review:Grade I sprain is subthreshold; injury timing is unspecified."",""timing_or_trauma_review""]",KEEP,PASS,PASS,PASS,PASS,PASS,PASS,PASS,GPT-6.1 Sol independent text reviewer C,内外侧韧带周围水肿为I级扭伤，MCL轻度NO有直接分级依据，未补急性。
1.2.826.0.1.3680043.8.498.10522585237725235866013737575867341946,Medial Meniscus,bc35ac1474e76bbbbfd3ab2a9662c195f9f516dbc3c50df7f7c79f9a2d5d7ca5,PRESENT,"[""Medial menisküste grade III dejenerasyon ve posterior hornunda  horizyontal yırtık izlendi ."",""Medial menisküs ekstrüe görünümdedir.""]",YES,"[""history_or_postoperative_scope_review""]",KEEP,PASS,PASS,PASS,PASS,PASS,PASS,PASS,GPT-6.1 Sol independent text reviewer C,内侧后角水平撕裂及挤出明确，III级退变未被混成撕裂程度，YES正确。
1.2.826.0.1.3680043.8.498.10522585237725235866013737575867341946,Lateral Meniscus,bc35ac1474e76bbbbfd3ab2a9662c195f9f516dbc3c50df7f7c79f9a2d5d7ca5,PRESENT,"[""Lateral menisküste maserasyon , volüm kaybı ve horizontal yırtık izlendi.""]",YES,[],KEEP,PASS,PASS,PASS,PASS,PASS,PASS,PASS,GPT-6.1 Sol independent text reviewer C,外侧浸渍、体积减少和水平撕裂明确，YES有直接诊断。
1.2.826.0.1.3680043.8.498.10522585237725235866013737575867341946,Medial OA,bc35ac1474e76bbbbfd3ab2a9662c195f9f516dbc3c50df7f7c79f9a2d5d7ca5,UNCERTAIN,"[""Diz eklemini oluşturan kemik yapılarda osteofitik sivrileşmeler tibiofemoral eklem mesafesinde daralma , komşu kartilajlarda incelme izlendi ( dejeneratif artrit bulguları ).""]",UNKNOWN,"[""anatomy_missing_or_wrong"",""llm_review:Tibiofemoral degeneration is not localized to the medial compartment; cartilage loss depth and extent are unspecified."",""uncertain_report""]",MASK,PASS,PASS,PASS,PASS,PASS,PASS,PASS,GPT-6.1 Sol independent text reviewer C,泛称胫股退变缺内侧定位，UNCERTAIN与UNKNOWN解剖为合法保守排除；critical合同要求MASK，七维语义PASS。
1.2.826.0.1.3680043.8.498.10522585237725235866013737575867341946,Lateral OA,bc35ac1474e76bbbbfd3ab2a9662c195f9f516dbc3c50df7f7c79f9a2d5d7ca5,UNCERTAIN,"[""Diz eklemini oluşturan kemik yapılarda osteofitik sivrileşmeler tibiofemoral eklem mesafesinde daralma , komşu kartilajlarda incelme izlendi ( dejeneratif artrit bulguları ).""]",UNKNOWN,"[""anatomy_missing_or_wrong"",""llm_review:Tibiofemoral degeneration is not localized to the lateral compartment; cartilage loss depth and extent are unspecified."",""uncertain_report""]",MASK,PASS,PASS,PASS,PASS,PASS,PASS,PASS,GPT-6.1 Sol independent text reviewer C,泛称胫股退变同样没有外侧定位，未捏造LATERAL代码，critical排除MASK不计错读。
1.2.826.0.1.3680043.8.498.10522585237725235866013737575867341946,PF OA,bc35ac1474e76bbbbfd3ab2a9662c195f9f516dbc3c50df7f7c79f9a2d5d7ca5,PRESENT,"[""Patellofemoral eklem lateral fasette komşu kıkırdaklarda incelme eklem mesafesinde daralma ve subkondral kemik iliği ödemleri izlendi(artroz)."",""Ayrıca lateral fasette 10x4 mm boyutlarında osteokondral defekt izlendi.""]",UNKNOWN,"[""criteria_anatomy_severity_extent_or_timing_insufficient"",""llm_review:Osteochondral defect extent is reported, but cartilage thickness loss exceeding 50% is not established.""]",KEEP,PASS,PASS,PASS,PASS,PASS,PASS,PASS,GPT-6.1 Sol independent text reviewer C,髌股外侧面软骨损失候选及10x4毫米骨软骨缺损明确，范围事实可定位；深度不明，最终UNKNOWN正确。
1.2.826.0.1.3680043.8.498.10522585237725235866013737575867341946,Effusion,bc35ac1474e76bbbbfd3ab2a9662c195f9f516dbc3c50df7f7c79f9a2d5d7ca5,PRESENT,"[""Suprapatellar bursada sıvı artışı , lateral reseslerde , suprapatellar bursada ve diz eklemi içerisinde  yaygın sıvı artışları izlendi.""]",UNKNOWN,"[""criteria_anatomy_severity_extent_or_timing_insufficient"",""llm_review:Widespread fluid increase is reported without an explicit moderate/large volume grade or joint distension.""]",KEEP,PASS,PASS,PASS,PASS,PASS,PASS,PASS,GPT-6.1 Sol independent text reviewer C,膝关节及相关隐窝广泛液体增加真实，但没有量级扩张，UNKNOWN正确。
1.2.826.0.1.3680043.8.498.10522585237725235866013737575867341946,Synovitis,bc35ac1474e76bbbbfd3ab2a9662c195f9f516dbc3c50df7f7c79f9a2d5d7ca5,NOT_MENTIONED,[],UNKNOWN,[],KEEP,PASS,PASS,PASS,PASS,PASS,PASS,PASS,GPT-6.1 Sol independent text reviewer C,未评价滑膜炎，积液不能填直接滑膜证据。
1.2.826.0.1.3680043.8.498.10522585237725235866013737575867341946,Baker's,bc35ac1474e76bbbbfd3ab2a9662c195f9f516dbc3c50df7f7c79f9a2d5d7ca5,PRESENT,"[""Popliteal fossada 22 mm boyutlarında baker kisti izlendi.""]",UNKNOWN,"[""criteria_anatomy_severity_extent_or_timing_insufficient"",""llm_review:Numerical size alone does not establish moderate/large severity without a stated grading convention.""]",KEEP,PASS,PASS,PASS,PASS,PASS,PASS,PASS,GPT-6.1 Sol independent text reviewer C,22毫米Baker明确命名支持典型位置，未自行换算中大量，UNKNOWN正确。
1.2.826.0.1.3680043.8.498.10522585237725235866013737575867341946,Contusion,bc35ac1474e76bbbbfd3ab2a9662c195f9f516dbc3c50df7f7c79f9a2d5d7ca5,PRESENT,"[""Tibia interkondiler tübrkul lateral düzeyde subkondral kemik iliği ödemi izlendi."",""Patellofemoral eklem lateral fasette komşu kıkırdaklarda incelme eklem mesafesinde daralma ve subkondral kemik iliği ödemleri izlendi(artroz).""]",UNKNOWN,"[""criteria_anatomy_severity_extent_or_timing_insufficient"",""llm_review:Marrow edema is explicitly present; traumatic cause and absence of a fracture line are not established. Not all marrow findings are explicitly attributed to degeneration."",""timing_or_trauma_review""]",KEEP,PASS,PASS,PASS,PASS,PASS,PASS,PASS,GPT-6.1 Sol independent text reviewer C,胫骨及髌股骨髓水肿均明确保留PRESENT；未将其中OA语境扩成全部纯退变，创伤和病灶骨折线不明，UNKNOWN合理。
1.2.826.0.1.3680043.8.498.10522585237725235866013737575867341946,Fracture,bc35ac1474e76bbbbfd3ab2a9662c195f9f516dbc3c50df7f7c79f9a2d5d7ca5,NOT_MENTIONED,[],UNKNOWN,[],KEEP,PASS,PASS,PASS,PASS,PASS,PASS,PASS,GPT-6.1 Sol independent text reviewer C,骨软骨缺损并非急性骨折诊断，未提及骨折正确。
1.2.826.0.1.3680043.8.498.10546313646515875953943156661172963953,ACL,ea1d10f9f37e15e02c4a3a18f92d6021f590b1c3bde13ccfb0a9df9ceb0d33fc,ABSENT,"[""Anterior cruciate ligament (ACL): Normal with both bundles intact.""]",NO,[],KEEP,PASS,PASS,PASS,PASS,PASS,PASS,PASS,GPT-6.1 Sol independent text reviewer C,ACL正常双束完整，NO与全面absence事实正确。
1.2.826.0.1.3680043.8.498.10546313646515875953943156661172963953,MCL,ea1d10f9f37e15e02c4a3a18f92d6021f590b1c3bde13ccfb0a9df9ceb0d33fc,ABSENT,"[""Medial collateral ligament (MCL): Normal.""]",NO,[],KEEP,PASS,PASS,PASS,PASS,PASS,PASS,PASS,GPT-6.1 Sol independent text reviewer C,MCL直接正常，否定程度NONE有字面依据。
1.2.826.0.1.3680043.8.498.10546313646515875953943156661172963953,Medial Meniscus,ea1d10f9f37e15e02c4a3a18f92d6021f590b1c3bde13ccfb0a9df9ceb0d33fc,ABSENT,"[""Medial meniscus: Normal in morphology and signal.""]",NO,[],KEEP,PASS,PASS,PASS,PASS,PASS,PASS,PASS,GPT-6.1 Sol independent text reviewer C,内侧半月板形态信号正常，全面无撕裂判断合理。
1.2.826.0.1.3680043.8.498.10546313646515875953943156661172963953,Lateral Meniscus,ea1d10f9f37e15e02c4a3a18f92d6021f590b1c3bde13ccfb0a9df9ceb0d33fc,ABSENT,"[""Lateral meniscus: Normal in morphology and signal.""]",NO,[],KEEP,PASS,PASS,PASS,PASS,PASS,PASS,PASS,GPT-6.1 Sol independent text reviewer C,外侧半月板正常独立支持NO，未补其他结构。
1.2.826.0.1.3680043.8.498.10546313646515875953943156661172963953,Medial OA,ea1d10f9f37e15e02c4a3a18f92d6021f590b1c3bde13ccfb0a9df9ceb0d33fc,ABSENT,"[""Medial compartment cartilage: No focal cartilage defects.""]",UNKNOWN,"[""llm_review:Negative is limited to focal cartilage defects; diffuse cartilage loss is not explicitly excluded."",""negative_scope_insufficient""]",KEEP,PASS,PASS,PASS,PASS,PASS,PASS,PASS,GPT-6.1 Sol independent text reviewer C,内侧无局灶缺损引用范围有限；虽结论Normal exam，保守不补全面absence而UNKNOWN可接受。
1.2.826.0.1.3680043.8.498.10546313646515875953943156661172963953,Lateral OA,ea1d10f9f37e15e02c4a3a18f92d6021f590b1c3bde13ccfb0a9df9ceb0d33fc,ABSENT,"[""Lateral compartment cartilage: No focal cartilage defects.""]",UNKNOWN,"[""llm_review:Negative is limited to focal cartilage defects; diffuse cartilage loss is not explicitly excluded."",""negative_scope_insufficient""]",KEEP,PASS,PASS,PASS,PASS,PASS,PASS,PASS,GPT-6.1 Sol independent text reviewer C,外侧有限缺损否定不排除弥漫软骨损失，保守UNKNOWN合理。
1.2.826.0.1.3680043.8.498.10546313646515875953943156661172963953,PF OA,ea1d10f9f37e15e02c4a3a18f92d6021f590b1c3bde13ccfb0a9df9ceb0d33fc,ABSENT,"[""Patellofemoral compartment cartilage: No focal cartilage defects.""]",UNKNOWN,"[""llm_review:Negative is limited to focal cartilage defects; diffuse cartilage loss is not explicitly excluded."",""negative_scope_insufficient""]",KEEP,PASS,PASS,PASS,PASS,PASS,PASS,PASS,GPT-6.1 Sol independent text reviewer C,髌股仅引用局灶否定，UNKNOWN是安全保守处理，并非遗漏确定病变。
1.2.826.0.1.3680043.8.498.10546313646515875953943156661172963953,Effusion,ea1d10f9f37e15e02c4a3a18f92d6021f590b1c3bde13ccfb0a9df9ceb0d33fc,ABSENT,"[""No joint effusion.""]",NO,[],KEEP,PASS,PASS,PASS,PASS,PASS,PASS,PASS,GPT-6.1 Sol independent text reviewer C,关节积液直接无，NO有全面证据。
1.2.826.0.1.3680043.8.498.10546313646515875953943156661172963953,Synovitis,ea1d10f9f37e15e02c4a3a18f92d6021f590b1c3bde13ccfb0a9df9ceb0d33fc,NOT_MENTIONED,[],UNKNOWN,[],KEEP,PASS,PASS,PASS,PASS,PASS,PASS,PASS,GPT-6.1 Sol independent text reviewer C,没有直接滑膜异常评价，保留未提及，不从正常检查机械生成阴性。
1.2.826.0.1.3680043.8.498.10546313646515875953943156661172963953,Baker's,ea1d10f9f37e15e02c4a3a18f92d6021f590b1c3bde13ccfb0a9df9ceb0d33fc,ABSENT,"[""No Baker cyst.""]",NO,[],KEEP,PASS,PASS,PASS,PASS,PASS,PASS,PASS,GPT-6.1 Sol independent text reviewer C,Baker明确无囊肿，NO充分。
1.2.826.0.1.3680043.8.498.10546313646515875953943156661172963953,Contusion,ea1d10f9f37e15e02c4a3a18f92d6021f590b1c3bde13ccfb0a9df9ceb0d33fc,ABSENT,"[""Bone marrow signal is normal."",""No acute fracture or bone bruise.""]",NO,[],KEEP,PASS,PASS,PASS,PASS,PASS,PASS,PASS,GPT-6.1 Sol independent text reviewer C,骨髓信号直接正常且无骨挫伤，ABSENT完整，无相关候选遗漏。
1.2.826.0.1.3680043.8.498.10546313646515875953943156661172963953,Fracture,ea1d10f9f37e15e02c4a3a18f92d6021f590b1c3bde13ccfb0a9df9ceb0d33fc,ABSENT,"[""No acute fracture or bone bruise.""]",NO,[],KEEP,PASS,PASS,PASS,PASS,PASS,PASS,PASS,GPT-6.1 Sol independent text reviewer C,直接无急性骨折排除目标；病灶骨折线未另断言，NO正确。
1.2.826.0.1.3680043.8.498.10852517092524464338210061305792376636,ACL,615f7f98b14f309f0fcb9873c27a5ee0ec841a6bdb9f2d59309553360c3cbb83,UNCERTAIN,"[""R/O Complete ACL tear.""]",UNKNOWN,"[""llm_review:Complete tear is qualified by R/O; timing is unspecified."",""uncertain_report""]",KEEP,PASS,PASS,PASS,PASS,PASS,PASS,PASS,GPT-6.1 Sol independent text reviewer C,R/O完全ACL撕裂属于待排，UNCERTAIN正确，未将完整撕裂推断成确证事实。
1.2.826.0.1.3680043.8.498.10852517092524464338210061305792376636,MCL,615f7f98b14f309f0fcb9873c27a5ee0ec841a6bdb9f2d59309553360c3cbb83,UNCERTAIN,"[""R/O Mild medial & lateral collateral ligament sprain.""]",UNKNOWN,"[""llm_mapper_disagreement"",""llm_review:Suspected mild sprain only; acute timing is not stated."",""uncertain_report""]",KEEP,PASS,PASS,PASS,PASS,PASS,PASS,PASS,GPT-6.1 Sol independent text reviewer C,R/O轻度内外侧扭伤的轻度措辞保留，当前急性未定；mapper最终UNKNOWN和低权重0.05合理，未采纳提案NO为确定监督。
1.2.826.0.1.3680043.8.498.10852517092524464338210061305792376636,Medial Meniscus,615f7f98b14f309f0fcb9873c27a5ee0ec841a6bdb9f2d59309553360c3cbb83,PRESENT,"[""Tear of posterior horn of medial meniscus.""]",YES,"[""history_or_postoperative_scope_review""]",KEEP,PASS,PASS,PASS,PASS,PASS,PASS,PASS,GPT-6.1 Sol independent text reviewer C,内侧后角撕裂是当前明确诊断，YES正确，posterior不等于病史。
1.2.826.0.1.3680043.8.498.10852517092524464338210061305792376636,Lateral Meniscus,615f7f98b14f309f0fcb9873c27a5ee0ec841a6bdb9f2d59309553360c3cbb83,UNCERTAIN,"[""Equivocal tear over posterior horn of lateral meniscus.""]",UNKNOWN,"[""history_or_postoperative_scope_review"",""llm_review:Tear is explicitly equivocal."",""uncertain_report""]",KEEP,PASS,PASS,PASS,PASS,PASS,PASS,PASS,GPT-6.1 Sol independent text reviewer C,外侧后角Equivocal明确疑似，UNKNOWN与空确定撕裂事实正确。
1.2.826.0.1.3680043.8.498.10852517092524464338210061305792376636,Medial OA,615f7f98b14f309f0fcb9873c27a5ee0ec841a6bdb9f2d59309553360c3cbb83,NOT_MENTIONED,[],UNKNOWN,[],KEEP,PASS,PASS,PASS,PASS,PASS,PASS,PASS,GPT-6.1 Sol independent text reviewer C,全文未描述内侧软骨候选，NOT_MENTIONED合理。
1.2.826.0.1.3680043.8.498.10852517092524464338210061305792376636,Lateral OA,615f7f98b14f309f0fcb9873c27a5ee0ec841a6bdb9f2d59309553360c3cbb83,NOT_MENTIONED,[],UNKNOWN,[],KEEP,PASS,PASS,PASS,PASS,PASS,PASS,PASS,GPT-6.1 Sol independent text reviewer C,没有外侧软骨或OA描述，不从骨挫伤共现推断。
1.2.826.0.1.3680043.8.498.10852517092524464338210061305792376636,PF OA,615f7f98b14f309f0fcb9873c27a5ee0ec841a6bdb9f2d59309553360c3cbb83,ABSENT,"[""Intact patellar cartilage.""]",UNKNOWN,"[""llm_review:Negative assessment is limited to patellar cartilage; trochlear cartilage is not assessed."",""negative_scope_insufficient""]",KEEP,PASS,PASS,PASS,PASS,PASS,PASS,PASS,GPT-6.1 Sol independent text reviewer C,只说髌骨软骨完整未覆盖滑车，有限ABSENT及UNKNOWN合理。
1.2.826.0.1.3680043.8.498.10852517092524464338210061305792376636,Effusion,615f7f98b14f309f0fcb9873c27a5ee0ec841a6bdb9f2d59309553360c3cbb83,PRESENT,"[""Mild to moderate knee joint effusion with synovial hypertrophy.""]",UNKNOWN,"[""criteria_anatomy_severity_extent_or_timing_insufficient"",""llm_review:Severity spans mild and moderate; joint distension is not explicitly stated.""]",KEEP,PASS,PASS,PASS,PASS,PASS,PASS,PASS,GPT-6.1 Sol independent text reviewer C,轻至中量积液跨阈值且没有扩张，UNKNOWN正确。
1.2.826.0.1.3680043.8.498.10852517092524464338210061305792376636,Synovitis,615f7f98b14f309f0fcb9873c27a5ee0ec841a6bdb9f2d59309553360c3cbb83,PRESENT,"[""Mild to moderate knee joint effusion with synovial hypertrophy. R/O Synovitis."",""Mild to moderate knee joint effusion with synovitis.""]",YES,[],KEEP,PASS,PASS,PASS,PASS,PASS,PASS,PASS,GPT-6.1 Sol independent text reviewer C,直接滑膜肥厚支持阳性，R/O诊断与结论synovitis都保留，不是阳阴矛盾。
1.2.826.0.1.3680043.8.498.10852517092524464338210061305792376636,Baker's,615f7f98b14f309f0fcb9873c27a5ee0ec841a6bdb9f2d59309553360c3cbb83,NOT_MENTIONED,[],UNKNOWN,[],KEEP,PASS,PASS,PASS,PASS,PASS,PASS,PASS,GPT-6.1 Sol independent text reviewer C,腘窝软组织水肿不是Baker诊断，未提及正确。
1.2.826.0.1.3680043.8.498.10852517092524464338210061305792376636,Contusion,615f7f98b14f309f0fcb9873c27a5ee0ec841a6bdb9f2d59309553360c3cbb83,PRESENT,"[""Bone marrow edema in medial & lateral femoral condyle, lateral tibial plateau, likely bone contusion."",""Bone contusion in medial & lateral femoral condyle, lateral tibial plateau.""]",UNKNOWN,"[""criteria_anatomy_severity_extent_or_timing_insufficient"",""llm_review:Contusions are diagnosed, but absence of fracture lines at these lesions is not explicitly documented."",""timing_or_trauma_review""]",KEEP,PASS,PASS,PASS,PASS,PASS,PASS,PASS,GPT-6.1 Sol independent text reviewer C,多部位骨髓水肿和结论挫伤完整保留，明确创伤候选有诊断；缺病灶无骨折线条件，UNKNOWN合理。
1.2.826.0.1.3680043.8.498.10852517092524464338210061305792376636,Fracture,615f7f98b14f309f0fcb9873c27a5ee0ec841a6bdb9f2d59309553360c3cbb83,NOT_MENTIONED,[],UNKNOWN,[],KEEP,PASS,PASS,PASS,PASS,PASS,PASS,PASS,GPT-6.1 Sol independent text reviewer C,没有骨折评价，不把骨挫伤当无骨折证据。
1.2.826.0.1.3680043.8.498.11232674915186872899189440191805868376,ACL,4ac147787ecd06b84d2bdc0a8fd804c7070239b3161a2e5056747249f977448e,ABSENT,"[""the anterior cruciate ligament is intact.""]",NO,[],KEEP,PASS,PASS,PASS,PASS,PASS,PASS,PASS,GPT-6.1 Sol independent text reviewer C,ACL完整直接支持NO，PCL完全撕裂没有误分配ACL。
1.2.826.0.1.3680043.8.498.11232674915186872899189440191805868376,MCL,4ac147787ecd06b84d2bdc0a8fd804c7070239b3161a2e5056747249f977448e,PRESENT,"[""There is grade I ligamentous sprain of the medial collateral ligament.""]",NO,"[""explicit_subthreshold_or_alternative"",""llm_review:Injury timing is not explicitly stated."",""timing_or_trauma_review""]",KEEP,PASS,PASS,PASS,PASS,PASS,PASS,PASS,GPT-6.1 Sol independent text reviewer C,MCL明确I级扭伤保留PRESENT/MILD，低级别NO正确；未臆测急性。
1.2.826.0.1.3680043.8.498.11232674915186872899189440191805868376,Medial Meniscus,4ac147787ecd06b84d2bdc0a8fd804c7070239b3161a2e5056747249f977448e,ABSENT,"[""In the medial compartment, the meniscus is not torn""]",NO,[],KEEP,PASS,PASS,PASS,PASS,PASS,PASS,PASS,GPT-6.1 Sol independent text reviewer C,内侧半月板明确未撕裂，全面阴性及NO充分。
1.2.826.0.1.3680043.8.498.11232674915186872899189440191805868376,Lateral Meniscus,4ac147787ecd06b84d2bdc0a8fd804c7070239b3161a2e5056747249f977448e,ABSENT,"[""The lateral compartment, the meniscus is not torn""]",NO,[],KEEP,PASS,PASS,PASS,PASS,PASS,PASS,PASS,GPT-6.1 Sol independent text reviewer C,外侧半月板明确未撕裂，独立解剖和NO正确。
1.2.826.0.1.3680043.8.498.11232674915186872899189440191805868376,Medial OA,4ac147787ecd06b84d2bdc0a8fd804c7070239b3161a2e5056747249f977448e,ABSENT,"[""In the medial compartment, the meniscus is not torn and there is no focal chondrosis or chondral injury.""]",UNKNOWN,"[""llm_review:Negative statement is limited to focal chondrosis or chondral injury; diffuse cartilage loss is not explicitly excluded."",""negative_scope_insufficient""]",KEEP,PASS,PASS,PASS,PASS,PASS,PASS,PASS,GPT-6.1 Sol independent text reviewer C,内侧无局灶软骨病或损伤的局灶限定范围保留，UNKNOWN合理。
1.2.826.0.1.3680043.8.498.11232674915186872899189440191805868376,Lateral OA,4ac147787ecd06b84d2bdc0a8fd804c7070239b3161a2e5056747249f977448e,ABSENT,"[""The lateral compartment, the meniscus is not torn and there is no focal chondrosis or chondral injury.""]",UNKNOWN,"[""llm_review:Negative statement is limited to focal chondrosis or chondral injury; diffuse cartilage loss is not explicitly excluded."",""negative_scope_insufficient""]",KEEP,PASS,PASS,PASS,PASS,PASS,PASS,PASS,GPT-6.1 Sol independent text reviewer C,外侧同样有限局灶否定，未补全面正常，UNKNOWN正确。
1.2.826.0.1.3680043.8.498.11232674915186872899189440191805868376,PF OA,4ac147787ecd06b84d2bdc0a8fd804c7070239b3161a2e5056747249f977448e,ABSENT,"[""The patellofemoral joint, the patellar and trochlear cartilage appears congruent without chondral lesion.""]",NO,[],KEEP,PASS,PASS,PASS,PASS,PASS,PASS,PASS,GPT-6.1 Sol independent text reviewer C,髌骨和滑车都无软骨病灶，覆盖完整髌股，NO支持充分。
1.2.826.0.1.3680043.8.498.11232674915186872899189440191805868376,Effusion,4ac147787ecd06b84d2bdc0a8fd804c7070239b3161a2e5056747249f977448e,PRESENT,"[""Large amount of left knee effusion with synovitis is present.""]",YES,[],MASK,PASS,PASS,PASS,PASS,PASS,PASS,FAIL,GPT-6.1 Sol independent text reviewer C,大量左膝积液真实，SEVERE正确；原文没有关节扩张描述却joint_distension=true，导致YES和高权重监督，不符合独立事实合同，criteria FAIL/MASK。
1.2.826.0.1.3680043.8.498.11232674915186872899189440191805868376,Synovitis,4ac147787ecd06b84d2bdc0a8fd804c7070239b3161a2e5056747249f977448e,PRESENT,"[""Large amount of left knee effusion with synovitis is present.""]",YES,[],KEEP,PASS,PASS,PASS,PASS,PASS,PASS,PASS,GPT-6.1 Sol independent text reviewer C,直接synovitis支持YES，没有由大量积液推断滑膜病。
1.2.826.0.1.3680043.8.498.11232674915186872899189440191805868376,Baker's,4ac147787ecd06b84d2bdc0a8fd804c7070239b3161a2e5056747249f977448e,NOT_MENTIONED,[],UNKNOWN,[],KEEP,PASS,PASS,PASS,PASS,PASS,PASS,PASS,GPT-6.1 Sol independent text reviewer C,没有Baker囊肿描述，未提及而非阴性正确。
1.2.826.0.1.3680043.8.498.11232674915186872899189440191805868376,Contusion,4ac147787ecd06b84d2bdc0a8fd804c7070239b3161a2e5056747249f977448e,ABSENT,"[""There is no fracture or bone contusion.""]",NO,[],KEEP,PASS,PASS,PASS,PASS,PASS,PASS,PASS,GPT-6.1 Sol independent text reviewer C,直接无骨挫伤且没有其他骨髓异常候选，ABSENT和NO成立。
1.2.826.0.1.3680043.8.498.11232674915186872899189440191805868376,Fracture,4ac147787ecd06b84d2bdc0a8fd804c7070239b3161a2e5056747249f977448e,ABSENT,"[""There is no fracture or bone contusion.""]",NO,[],KEEP,PASS,PASS,PASS,PASS,PASS,PASS,PASS,GPT-6.1 Sol independent text reviewer C,明确无骨折无程度限定，当前目标NO正确。
1.2.826.0.1.3680043.8.498.11345369648571407541082013397591193473,ACL,75ca6b52cb76f737c0d09cde0a3820d726927104d904a083c1bf3cfbd9165eab,ABSENT,"[""Intercondylar compartment (anterior and posterior cruciate ligaments):\nNormal.""]",NO,"[""history_or_postoperative_scope_review""]",KEEP,PASS,PASS,PASS,PASS,PASS,PASS,PASS,GPT-6.1 Sol independent text reviewer C,前后交叉韧带间室正常明确覆盖ACL，历史审计是posterior误报。
1.2.826.0.1.3680043.8.498.11345369648571407541082013397591193473,MCL,75ca6b52cb76f737c0d09cde0a3820d726927104d904a083c1bf3cfbd9165eab,ABSENT,"[""The medial collateral ligament is intact.""]",NO,[],KEEP,PASS,PASS,PASS,PASS,PASS,PASS,PASS,GPT-6.1 Sol independent text reviewer C,MCL完整直接支持否定撕裂，NO正确。
1.2.826.0.1.3680043.8.498.11345369648571407541082013397591193473,Medial Meniscus,75ca6b52cb76f737c0d09cde0a3820d726927104d904a083c1bf3cfbd9165eab,PRESENT,"[""Multidirectional tear of the body of the medial meniscus with marked maceration of the meniscus and a flipped fragment of meniscus identified within the superior aspect of the medial joint recess."",""This represents an unstable medial meniscal tear.""]",YES,[],KEEP,PASS,PASS,PASS,PASS,PASS,PASS,PASS,GPT-6.1 Sol independent text reviewer C,内侧体部多方向不稳定撕裂及翻转碎片当前明确，YES有直接依据。
1.2.826.0.1.3680043.8.498.11345369648571407541082013397591193473,Lateral Meniscus,75ca6b52cb76f737c0d09cde0a3820d726927104d904a083c1bf3cfbd9165eab,PRESENT,"[""There is a focal small tear or defect involving the free edge of the junction of the body and anterior horn of the lateral meniscus."",""Focal small tear involving the free edge of the lateral meniscus."",""Unstable, undisplaced radial oblique tear involving the body and anterior horn of the lateral meniscus.""]",YES,"[""llm_review:Findings and conclusion describe the tear morphology differently, without an explicit positive-negative contradiction.""]",KEEP,PASS,PASS,PASS,PASS,PASS,PASS,PASS,GPT-6.1 Sol independent text reviewer C,外侧所见小撕裂或缺损，结论明确放射斜行撕裂，形态差异非阳阴矛盾，YES合理。
1.2.826.0.1.3680043.8.498.11345369648571407541082013397591193473,Medial OA,75ca6b52cb76f737c0d09cde0a3820d726927104d904a083c1bf3cfbd9165eab,PRESENT,"[""There is mild cartilage thinning and irregularity of the weightbearing surface of the medial femoral condyle.""]",NO,"[""explicit_subthreshold_or_alternative"",""llm_review:Only mild cartilage changes are described; quantitative depth and extent are not provided.""]",KEEP,PASS,PASS,PASS,PASS,PASS,PASS,PASS,GPT-6.1 Sol independent text reviewer C,内侧负重面轻度变薄不规则，低级别NO支持充分。
1.2.826.0.1.3680043.8.498.11345369648571407541082013397591193473,Lateral OA,75ca6b52cb76f737c0d09cde0a3820d726927104d904a083c1bf3cfbd9165eab,ABSENT,"[""Lateral compartment (meniscus, collateral ligament complex, cartilage):"",""The articular cartilage appears unremarkable.""]",NO,[],KEEP,PASS,PASS,PASS,PASS,PASS,PASS,PASS,GPT-6.1 Sol independent text reviewer C,外侧标题下软骨无异常定位清楚，全面阴性NO正确。
1.2.826.0.1.3680043.8.498.11345369648571407541082013397591193473,PF OA,75ca6b52cb76f737c0d09cde0a3820d726927104d904a083c1bf3cfbd9165eab,PRESENT,"[""Severe chondropathy of the median ridge and medial facet of the patella, with associated subchondral focal bone marrow reactive signal intensity change."",""There is mild thinning of the central trochlear articular cartilage without any bone changes.""]",UNKNOWN,"[""criteria_anatomy_severity_extent_or_timing_insufficient"",""llm_review:Severe chondropathy is reported, but cartilage loss greater than 50% and extent of at least approximately 10 mm are not established."",""negation_scope_review""]",KEEP,PASS,PASS,PASS,PASS,PASS,PASS,PASS,GPT-6.1 Sol independent text reviewer C,髌骨严重软骨病与滑车轻度变薄并存；无骨改变只限滑车，不冲突，未给深度范围，UNKNOWN正确。
1.2.826.0.1.3680043.8.498.11345369648571407541082013397591193473,Effusion,75ca6b52cb76f737c0d09cde0a3820d726927104d904a083c1bf3cfbd9165eab,PRESENT,"[""Moderate right knee joint effusion.""]",UNKNOWN,"[""criteria_anatomy_severity_extent_or_timing_insufficient"",""llm_mapper_disagreement"",""llm_review:Moderate intra-articular effusion is explicit; joint distension is not separately described.""]",KEEP,PASS,PASS,PASS,PASS,PASS,PASS,PASS,GPT-6.1 Sol independent text reviewer C,中量积液直接支持MODERATE；扩张事实未定，mapper保留UNKNOWN。LLM YES未作确定监督，0.95仅低权重未校准假设，明确缺扩张，不能只因数值高或提案不同判FAIL。
1.2.826.0.1.3680043.8.498.11345369648571407541082013397591193473,Synovitis,75ca6b52cb76f737c0d09cde0a3820d726927104d904a083c1bf3cfbd9165eab,NOT_MENTIONED,[],UNKNOWN,[],KEEP,PASS,PASS,PASS,PASS,PASS,PASS,PASS,GPT-6.1 Sol independent text reviewer C,未直接描述滑膜炎，中量积液不补滑膜阳性。
1.2.826.0.1.3680043.8.498.11345369648571407541082013397591193473,Baker's,75ca6b52cb76f737c0d09cde0a3820d726927104d904a083c1bf3cfbd9165eab,ABSENT,"[""No popliteal cyst.""]",NO,[],KEEP,PASS,PASS,PASS,PASS,PASS,PASS,PASS,GPT-6.1 Sol independent text reviewer C,明确无腘窝囊肿全面覆盖Baker，NO正确。
1.2.826.0.1.3680043.8.498.11345369648571407541082013397591193473,Contusion,75ca6b52cb76f737c0d09cde0a3820d726927104d904a083c1bf3cfbd9165eab,PRESENT,"[""Severe chondropathy of the median ridge and medial facet of the patella, with associated subchondral focal bone marrow reactive signal intensity change.""]",UNKNOWN,"[""criteria_anatomy_severity_extent_or_timing_insufficient"",""llm_review:Reactive marrow signal is described with chondropathy, but traumatic etiology, explicit degenerative causation, and absence of a fracture line at this lesion are not established."",""timing_or_trauma_review""]",KEEP,PASS,PASS,PASS,PASS,PASS,PASS,PASS,GPT-6.1 Sol independent text reviewer C,髌骨局灶反应性骨髓信号变化正确保留PRESENT；伴软骨病不变成纯退变因果，创伤和无骨折线条件未知，UNKNOWN合理。
1.2.826.0.1.3680043.8.498.11345369648571407541082013397591193473,Fracture,75ca6b52cb76f737c0d09cde0a3820d726927104d904a083c1bf3cfbd9165eab,NOT_MENTIONED,[],UNKNOWN,[],KEEP,PASS,PASS,PASS,PASS,PASS,PASS,PASS,GPT-6.1 Sol independent text reviewer C,没有骨折所见或骨折否定，未提及正确。
1.2.826.0.1.3680043.8.498.11762352496600661264881556836248251400,ACL,cb2e99937083a45b2761d63b52f2955cf6291f782cccedc80c33470f190d0a4d,ABSENT,"[""Normal ACL, PCL, MCL and LCL.""]",NO,[],KEEP,PASS,PASS,PASS,PASS,PASS,PASS,PASS,GPT-6.1 Sol independent text reviewer C,ACL明确列于正常清单，全面阴性及NONE有支持。
1.2.826.0.1.3680043.8.498.11762352496600661264881556836248251400,MCL,cb2e99937083a45b2761d63b52f2955cf6291f782cccedc80c33470f190d0a4d,ABSENT,"[""Normal ACL, PCL, MCL and LCL.""]",NO,[],KEEP,PASS,PASS,PASS,PASS,PASS,PASS,PASS,GPT-6.1 Sol independent text reviewer C,MCL正常，未从伴半月板病变推损伤，NO正确。
1.2.826.0.1.3680043.8.498.11762352496600661264881556836248251400,Medial Meniscus,cb2e99937083a45b2761d63b52f2955cf6291f782cccedc80c33470f190d0a4d,ABSENT,"[""Normal medial meniscus."",""No medial meniscal tear.""]",NO,[],KEEP,PASS,PASS,PASS,PASS,PASS,PASS,PASS,GPT-6.1 Sol independent text reviewer C,内侧正常且结论明确无撕裂，NO可靠。
1.2.826.0.1.3680043.8.498.11762352496600661264881556836248251400,Lateral Meniscus,cb2e99937083a45b2761d63b52f2955cf6291f782cccedc80c33470f190d0a4d,PRESENT,"[""A small free edge radial tear of the body of lateral meniscus is noted."",""Small free edge radial tear of the lateral meniscus.""]",YES,[],KEEP,PASS,PASS,PASS,PASS,PASS,PASS,PASS,GPT-6.1 Sol independent text reviewer C,外侧自由缘小放射撕裂为明确诊断，小尺寸不排除竞争半月板阳性。
1.2.826.0.1.3680043.8.498.11762352496600661264881556836248251400,Medial OA,cb2e99937083a45b2761d63b52f2955cf6291f782cccedc80c33470f190d0a4d,UNCERTAIN,"[""There is mild generalized thinning of the tibiofemoral compartment articular cartilage.""]",UNKNOWN,"[""anatomy_missing_or_wrong"",""llm_review:Tibiofemoral cartilage thinning is not separately localized to the medial compartment; depth and measured extent are unspecified."",""uncertain_report""]",MASK,PASS,PASS,PASS,PASS,PASS,PASS,PASS,GPT-6.1 Sol independent text reviewer C,泛称胫股广泛变薄没有内侧单独定位，UNCERTAIN/UNKNOWN正确，critical排除MASK而非错读。
1.2.826.0.1.3680043.8.498.11762352496600661264881556836248251400,Lateral OA,cb2e99937083a45b2761d63b52f2955cf6291f782cccedc80c33470f190d0a4d,UNCERTAIN,"[""There is mild generalized thinning of the tibiofemoral compartment articular cartilage.""]",UNKNOWN,"[""anatomy_missing_or_wrong"",""llm_review:Tibiofemoral cartilage thinning is not separately localized to the lateral compartment; depth and measured extent are unspecified."",""uncertain_report""]",MASK,PASS,PASS,PASS,PASS,PASS,PASS,PASS,GPT-6.1 Sol independent text reviewer C,同一胫股泛称不能指定外侧，未知侧别处理正确，critical合同MASK。
1.2.826.0.1.3680043.8.498.11762352496600661264881556836248251400,PF OA,cb2e99937083a45b2761d63b52f2955cf6291f782cccedc80c33470f190d0a4d,PRESENT,"[""Focal fraying of the medial patellar facet articular cartilage is noted with mild underlying bony change."",""Mild tibiofemoral and patellar chondral the as described."",""Normal trochlear articular cartilage.""]",NO,"[""explicit_subthreshold_or_alternative"",""llm_review:Cartilage loss depth and measured extent are not stated.""]",KEEP,PASS,PASS,PASS,PASS,PASS,PASS,PASS,GPT-6.1 Sol independent text reviewer C,髌骨内侧面局灶毛糙及轻度髌骨软骨病明确，滑车正常不否定髌骨异常，NO亚阈值合理。
1.2.826.0.1.3680043.8.498.11762352496600661264881556836248251400,Effusion,cb2e99937083a45b2761d63b52f2955cf6291f782cccedc80c33470f190d0a4d,ABSENT,"[""No significant knee effusion.""]",UNKNOWN,"[""llm_review:Qualified negative 'No significant knee effusion' does not explicitly exclude all qualifying effusion or establish complete absence."",""negative_scope_insufficient""]",KEEP,PASS,PASS,PASS,PASS,PASS,PASS,PASS,GPT-6.1 Sol independent text reviewer C,No significant为不明确限定，未填severity NONE或全面absence，UNKNOWN是正确保守判断。
1.2.826.0.1.3680043.8.498.11762352496600661264881556836248251400,Synovitis,cb2e99937083a45b2761d63b52f2955cf6291f782cccedc80c33470f190d0a4d,NOT_MENTIONED,[],UNKNOWN,[],KEEP,PASS,PASS,PASS,PASS,PASS,PASS,PASS,GPT-6.1 Sol independent text reviewer C,全文未提及滑膜炎，未由积液否定推出滑膜陰性。
1.2.826.0.1.3680043.8.498.11762352496600661264881556836248251400,Baker's,cb2e99937083a45b2761d63b52f2955cf6291f782cccedc80c33470f190d0a4d,NOT_MENTIONED,[],UNKNOWN,[],KEEP,PASS,PASS,PASS,PASS,PASS,PASS,PASS,GPT-6.1 Sol independent text reviewer C,没有Baker描述，保留未提及合理。
1.2.826.0.1.3680043.8.498.11762352496600661264881556836248251400,Contusion,cb2e99937083a45b2761d63b52f2955cf6291f782cccedc80c33470f190d0a4d,NOT_MENTIONED,[],UNKNOWN,"[""llm_review:Mild underlying bony change is described, but no marrow edema or marrow-specific abnormality is explicitly identified.""]",KEEP,PASS,PASS,PASS,PASS,PASS,PASS,PASS,GPT-6.1 Sol independent text reviewer C,仅轻度underlying bony change没有骨髓特异异常或水肿，未提及骨髓候选合理。
1.2.826.0.1.3680043.8.498.11762352496600661264881556836248251400,Fracture,cb2e99937083a45b2761d63b52f2955cf6291f782cccedc80c33470f190d0a4d,NOT_MENTIONED,[],UNKNOWN,[],KEEP,PASS,PASS,PASS,PASS,PASS,PASS,PASS,GPT-6.1 Sol independent text reviewer C,没有骨折或骨折线评价，轻度骨改变不等于骨折，未提及正确。
1.2.826.0.1.3680043.8.498.12225975251304101975065271521710735735,ACL,95ab715319c484c8d1c869511a77891cccda735a4d888d12211f84b7e80be01d,PRESENT,"[""ACL - acute tear."",""ACL tear.""]",UNKNOWN,"[""criteria_anatomy_severity_extent_or_timing_insufficient"",""llm_review:ACL tear is definite, but partial versus complete and tear grade are unspecified.""]",KEEP,PASS,PASS,PASS,PASS,PASS,PASS,PASS,GPT-6.1 Sol independent text reviewer C,ACL急性撕裂有直接acute词，CURRENT_ACUTE正确；未写级别，UNKNOWN不以pivot-shift补高级别。
1.2.826.0.1.3680043.8.498.12225975251304101975065271521710735735,MCL,95ab715319c484c8d1c869511a77891cccda735a4d888d12211f84b7e80be01d,ABSENT,"[""MCL normal.""]",NO,[],KEEP,PASS,PASS,PASS,PASS,PASS,PASS,PASS,GPT-6.1 Sol independent text reviewer C,MCL正常明确，全面NO正确。
1.2.826.0.1.3680043.8.498.12225975251304101975065271521710735735,Medial Meniscus,95ab715319c484c8d1c869511a77891cccda735a4d888d12211f84b7e80be01d,ABSENT,"[""Medial meniscus normal.""]",NO,[],KEEP,PASS,PASS,PASS,PASS,PASS,PASS,PASS,GPT-6.1 Sol independent text reviewer C,内侧半月板正常，未从ACL撕裂推共现，NO充分。
1.2.826.0.1.3680043.8.498.12225975251304101975065271521710735735,Lateral Meniscus,95ab715319c484c8d1c869511a77891cccda735a4d888d12211f84b7e80be01d,ABSENT,"[""Lateral meniscus normal.""]",NO,[],KEEP,PASS,PASS,PASS,PASS,PASS,PASS,PASS,GPT-6.1 Sol independent text reviewer C,外侧半月板正常，独立否定正确。
1.2.826.0.1.3680043.8.498.12225975251304101975065271521710735735,Medial OA,95ab715319c484c8d1c869511a77891cccda735a4d888d12211f84b7e80be01d,ABSENT,"[""Cartilages noraml.""]",NO,[],KEEP,PASS,PASS,PASS,PASS,PASS,PASS,PASS,GPT-6.1 Sol independent text reviewer C,Cartilages全局正常虽拼写noraml，覆盖膝软骨全部区域，内侧NO合理，未伪造局部原文。
1.2.826.0.1.3680043.8.498.12225975251304101975065271521710735735,Lateral OA,95ab715319c484c8d1c869511a77891cccda735a4d888d12211f84b7e80be01d,ABSENT,"[""Cartilages noraml.""]",NO,[],KEEP,PASS,PASS,PASS,PASS,PASS,PASS,PASS,GPT-6.1 Sol independent text reviewer C,全膝软骨正常包含外侧，absence与无合格深度范围事实有完整正常支持。
1.2.826.0.1.3680043.8.498.12225975251304101975065271521710735735,PF OA,95ab715319c484c8d1c869511a77891cccda735a4d888d12211f84b7e80be01d,ABSENT,"[""Cartilages noraml.""]",NO,[],KEEP,PASS,PASS,PASS,PASS,PASS,PASS,PASS,GPT-6.1 Sol independent text reviewer C,全局软骨正常也包含髌股，NO合理，不是跨间室阳性扩展。
1.2.826.0.1.3680043.8.498.12225975251304101975065271521710735735,Effusion,95ab715319c484c8d1c869511a77891cccda735a4d888d12211f84b7e80be01d,PRESENT,"[""Moderate effusion.""]",UNKNOWN,"[""criteria_anatomy_severity_extent_or_timing_insufficient"",""llm_mapper_disagreement"",""llm_review:Joint distension is not explicitly described.""]",KEEP,PASS,PASS,PASS,PASS,PASS,PASS,PASS,GPT-6.1 Sol independent text reviewer C,中量积液明确但扩张未描述，最终UNKNOWN正确；0.9只作为未校准低权重假设，未把LLM YES提案当高权重确证。
1.2.826.0.1.3680043.8.498.12225975251304101975065271521710735735,Synovitis,95ab715319c484c8d1c869511a77891cccda735a4d888d12211f84b7e80be01d,NOT_MENTIONED,[],UNKNOWN,[],KEEP,PASS,PASS,PASS,PASS,PASS,PASS,PASS,GPT-6.1 Sol independent text reviewer C,全文没有直接滑膜炎证据，NOT_MENTIONED正确。
1.2.826.0.1.3680043.8.498.12225975251304101975065271521710735735,Baker's,95ab715319c484c8d1c869511a77891cccda735a4d888d12211f84b7e80be01d,ABSENT,"[""No baker's cyst.""]",NO,[],KEEP,PASS,PASS,PASS,PASS,PASS,PASS,PASS,GPT-6.1 Sol independent text reviewer C,直接无Baker囊肿支持全面NO。
1.2.826.0.1.3680043.8.498.12225975251304101975065271521710735735,Contusion,95ab715319c484c8d1c869511a77891cccda735a4d888d12211f84b7e80be01d,PRESENT,"[""Constusion of lateral femoral condyl and posterolateral part of tibial plaetau suggestive of pivot-shift injury."",""Contusion of lateral femoral condyl.""]",UNKNOWN,"[""criteria_anatomy_severity_extent_or_timing_insufficient"",""history_or_postoperative_scope_review"",""llm_review:Traumatic contusions are diagnosed, but absence of a fracture line is not explicitly stated; severity and timing are unspecified."",""timing_or_trauma_review""]",KEEP,PASS,PASS,PASS,PASS,PASS,PASS,PASS,GPT-6.1 Sol independent text reviewer C,股骨外侧髁及胫骨后外侧挫伤伴pivot-shift诊断明确，创伤事实有支持；无病灶无骨折线证据，最终UNKNOWN合理。
1.2.826.0.1.3680043.8.498.12225975251304101975065271521710735735,Fracture,95ab715319c484c8d1c869511a77891cccda735a4d888d12211f84b7e80be01d,NOT_MENTIONED,[],UNKNOWN,[],KEEP,PASS,PASS,PASS,PASS,PASS,PASS,PASS,GPT-6.1 Sol independent text reviewer C,没有骨折评价，未由骨挫伤推断骨折阴性。
1.2.826.0.1.3680043.8.498.12785792890626338008419452097492192088,ACL,c60f9d18083a8491e56ea36adbe6993b6a8d228a36acefe985cf3699afe0d52c,ABSENT,"[""The anterior cruciate ligament, posterior cruciate ligament, medial collateral ligament and lateral collateral ligament complex are intact and appear unremarkable.""]",NO,"[""history_or_postoperative_scope_review""]",KEEP,PASS,PASS,PASS,PASS,PASS,PASS,PASS,GPT-6.1 Sol independent text reviewer C,ACL与其余韧带完整且无异常，当前全面阴性正确，posterior历史提示为误报。
1.2.826.0.1.3680043.8.498.12785792890626338008419452097492192088,MCL,c60f9d18083a8491e56ea36adbe6993b6a8d228a36acefe985cf3699afe0d52c,ABSENT,"[""The anterior cruciate ligament, posterior cruciate ligament, medial collateral ligament and lateral collateral ligament complex are intact and appear unremarkable.""]",NO,"[""history_or_postoperative_scope_review""]",KEEP,PASS,PASS,PASS,PASS,PASS,PASS,PASS,GPT-6.1 Sol independent text reviewer C,MCL完整正常直接支持NO。
1.2.826.0.1.3680043.8.498.12785792890626338008419452097492192088,Medial Meniscus,c60f9d18083a8491e56ea36adbe6993b6a8d228a36acefe985cf3699afe0d52c,ABSENT,"[""The medial meniscus is intact.""]",NO,[],KEEP,PASS,PASS,PASS,PASS,PASS,PASS,PASS,GPT-6.1 Sol independent text reviewer C,内侧半月板完整，NO可靠。
1.2.826.0.1.3680043.8.498.12785792890626338008419452097492192088,Lateral Meniscus,c60f9d18083a8491e56ea36adbe6993b6a8d228a36acefe985cf3699afe0d52c,ABSENT,"[""The lateral meniscus is intact.""]",NO,[],KEEP,PASS,PASS,PASS,PASS,PASS,PASS,PASS,GPT-6.1 Sol independent text reviewer C,外侧半月板完整，独立否定正确。
1.2.826.0.1.3680043.8.498.12785792890626338008419452097492192088,Medial OA,c60f9d18083a8491e56ea36adbe6993b6a8d228a36acefe985cf3699afe0d52c,ABSENT,"[""The articular cartilage of the medial joint compartment is well-maintained overall.""]",UNKNOWN,"[""llm_review:Qualified preservation statement does not explicitly exclude all qualifying cartilage loss."",""negative_scope_insufficient""]",KEEP,PASS,PASS,PASS,PASS,PASS,PASS,PASS,GPT-6.1 Sol independent text reviewer C,内侧软骨总体保留是限定性正常，保守absence留空、程度未定和UNKNOWN合理。
1.2.826.0.1.3680043.8.498.12785792890626338008419452097492192088,Lateral OA,c60f9d18083a8491e56ea36adbe6993b6a8d228a36acefe985cf3699afe0d52c,ABSENT,"[""The articular cartilage of the lateral joint compartment is reasonably well-maintained.""]",UNKNOWN,"[""llm_review:Qualified preservation statement does not explicitly exclude all qualifying cartilage loss."",""negative_scope_insufficient""]",KEEP,PASS,PASS,PASS,PASS,PASS,PASS,PASS,GPT-6.1 Sol independent text reviewer C,外侧reasonably保留未作全面absence，UNKNOWN和未定程度符合保守口径。
1.2.826.0.1.3680043.8.498.12785792890626338008419452097492192088,PF OA,c60f9d18083a8491e56ea36adbe6993b6a8d228a36acefe985cf3699afe0d52c,PRESENT,"[""There is focal fissuring of the articular cartilage of the patella at the apex and particularly involving the medial facet."",""The articular cartilage of the femoral trochlea also demonstrates focal chondral fissuring at the trochlear apex with subcortical interosseous cyst formation also seen to the femoral trochlea."",""There is severe articular chondrosis of the patellofemoral joint associated with early evolving degenerative change in the patellofemoral joint compartment.""]",UNKNOWN,"[""criteria_anatomy_severity_extent_or_timing_insufficient"",""llm_review:Severe chondrosis is reported, but cartilage loss depth and extent meeting the specified thresholds are not stated.""]",KEEP,PASS,PASS,PASS,PASS,PASS,PASS,PASS,GPT-6.1 Sol independent text reviewer C,髌骨和滑车局灶裂隙及重度髌股软骨病明确，损失百分比范围未给，UNKNOWN正确。
1.2.826.0.1.3680043.8.498.12785792890626338008419452097492192088,Effusion,c60f9d18083a8491e56ea36adbe6993b6a8d228a36acefe985cf3699afe0d52c,ABSENT,"[""There is no evidence of significant Baker's cyst or knee effusion.""]",UNKNOWN,"[""llm_review:The qualified negative does not explicitly exclude moderate or large effusion."",""negative_scope_insufficient""]",KEEP,PASS,PASS,PASS,PASS,PASS,PASS,PASS,GPT-6.1 Sol independent text reviewer C,significant积液否定没有明确中大量范围，未推NONE及全面absence，UNKNOWN正确。
1.2.826.0.1.3680043.8.498.12785792890626338008419452097492192088,Synovitis,c60f9d18083a8491e56ea36adbe6993b6a8d228a36acefe985cf3699afe0d52c,NOT_MENTIONED,[],UNKNOWN,[],KEEP,PASS,PASS,PASS,PASS,PASS,PASS,PASS,GPT-6.1 Sol independent text reviewer C,无直接滑膜炎证据，未提及合理。
1.2.826.0.1.3680043.8.498.12785792890626338008419452097492192088,Baker's,c60f9d18083a8491e56ea36adbe6993b6a8d228a36acefe985cf3699afe0d52c,ABSENT,"[""There is no evidence of significant Baker's cyst or knee effusion.""]",UNKNOWN,"[""llm_review:The qualified negative does not explicitly exclude every qualifying cyst size."",""negative_scope_insufficient""]",KEEP,PASS,PASS,PASS,PASS,PASS,PASS,PASS,GPT-6.1 Sol independent text reviewer C,significant Baker限定否定未定量级，absence事实留空且UNKNOWN合理。
1.2.826.0.1.3680043.8.498.12785792890626338008419452097492192088,Contusion,c60f9d18083a8491e56ea36adbe6993b6a8d228a36acefe985cf3699afe0d52c,PRESENT,"[""The finding is associated with subcortical interosseous edema and cyst formation within the patella.""]",UNKNOWN,"[""criteria_anatomy_severity_extent_or_timing_insufficient"",""llm_review:Patellar marrow edema is described in association with chondral fissuring; traumatic cause, explicit degenerative attribution, fracture-line status and timing are not stated."",""timing_or_trauma_review""]",KEEP,PASS,PASS,PASS,PASS,PASS,PASS,PASS,GPT-6.1 Sol independent text reviewer C,髌骨皮质下骨内水肿及囊性形成已真实保留PRESENT；伴软骨裂隙未当纯退变因果，创伤、无骨折线及时效未知，UNKNOWN正确。
1.2.826.0.1.3680043.8.498.12785792890626338008419452097492192088,Fracture,c60f9d18083a8491e56ea36adbe6993b6a8d228a36acefe985cf3699afe0d52c,NOT_MENTIONED,[],UNKNOWN,[],KEEP,PASS,PASS,PASS,PASS,PASS,PASS,PASS,GPT-6.1 Sol independent text reviewer C,没有骨折线或骨折评价，骨内囊性改变不是骨折诊断，未提及合理。
1.2.826.0.1.3680043.8.498.15024602758408626305833210011882949904,ACL,28e885ee0b68bbbefcbf4a0b22f3249e96194df868397dd3d5bf0199efc4acb4,ABSENT,"[""Anterior cruciate ligament (ACL): Normal with both bundles intact.""]",NO,[],KEEP,PASS,PASS,PASS,PASS,PASS,PASS,PASS,GPT-6.1 Sol independent text reviewer C,ACL正常双束完整，全面absence和NO正确。
1.2.826.0.1.3680043.8.498.15024602758408626305833210011882949904,MCL,28e885ee0b68bbbefcbf4a0b22f3249e96194df868397dd3d5bf0199efc4acb4,ABSENT,"[""Medial collateral ligament (MCL): Normal.""]",NO,[],KEEP,PASS,PASS,PASS,PASS,PASS,PASS,PASS,GPT-6.1 Sol independent text reviewer C,MCL正常是当前直接阴性，不受OA病史干扰。
1.2.826.0.1.3680043.8.498.15024602758408626305833210011882949904,Medial Meniscus,28e885ee0b68bbbefcbf4a0b22f3249e96194df868397dd3d5bf0199efc4acb4,PRESENT,"[""Incomplete radial tear at the medial meniscus posterior root with adjacent reactive marrow edema."",""Mild meniscal extrusion.""]",YES,"[""history_or_postoperative_scope_review""]",KEEP,PASS,PASS,PASS,PASS,PASS,PASS,PASS,GPT-6.1 Sol independent text reviewer C,内侧后根不完全放射撕裂与轻挤出当前明确，YES有诊断依据。
1.2.826.0.1.3680043.8.498.15024602758408626305833210011882949904,Lateral Meniscus,28e885ee0b68bbbefcbf4a0b22f3249e96194df868397dd3d5bf0199efc4acb4,ABSENT,"[""Lateral meniscus: Normal in morphology and signal.""]",NO,[],KEEP,PASS,PASS,PASS,PASS,PASS,PASS,PASS,GPT-6.1 Sol independent text reviewer C,外侧半月板形态信号正常独立支持NO。
1.2.826.0.1.3680043.8.498.15024602758408626305833210011882949904,Medial OA,28e885ee0b68bbbefcbf4a0b22f3249e96194df868397dd3d5bf0199efc4acb4,PRESENT,"[""Medial compartment cartilage: High grade partial-thickness cartilage loss along the weightbearing medial femoral condyle and tibial plateau."",""Medial and patellofemoral compartment osteoarthritis, severe in the patellofemoral compartment, as described above.""]",UNKNOWN,"[""criteria_anatomy_severity_extent_or_timing_insufficient"",""llm_review:Cartilage loss extent is not measured; the approximately 10 mm threshold cannot be established.""]",KEEP,PASS,PASS,PASS,PASS,PASS,PASS,PASS,GPT-6.1 Sol independent text reviewer C,内侧高级别部分厚度损失明确，范围未量化，最终UNKNOWN合理。
1.2.826.0.1.3680043.8.498.15024602758408626305833210011882949904,Lateral OA,28e885ee0b68bbbefcbf4a0b22f3249e96194df868397dd3d5bf0199efc4acb4,PRESENT,"[""Tricompartmental marginal osteophytes."",""Lateral compartment cartilage: No focal cartilage defects.""]",UNKNOWN,"[""criteria_anatomy_severity_extent_or_timing_insufficient"",""llm_review:Tricompartmental osteophytes include the lateral compartment but do not establish qualifying cartilage loss. The negative addresses focal defects only."",""negation_scope_review""]",KEEP,PASS,PASS,PASS,PASS,PASS,PASS,PASS,GPT-6.1 Sol independent text reviewer C,三间室骨赘包含外侧相关退变，局灶软骨否定不覆盖全部深度范围，PRESENT与UNKNOWN正确。
1.2.826.0.1.3680043.8.498.15024602758408626305833210011882949904,PF OA,28e885ee0b68bbbefcbf4a0b22f3249e96194df868397dd3d5bf0199efc4acb4,PRESENT,"[""Full thickness cartilage loss along the lateral patellar facet with subchondral edema."",""Full-thickness cartilage loss along the inferolateral trochlea with subchondral edema/cystic changes."",""Medial and patellofemoral compartment osteoarthritis, severe in the patellofemoral compartment, as described above.""]",UNKNOWN,"[""criteria_anatomy_severity_extent_or_timing_insufficient"",""llm_review:Cartilage loss extent is not measured; the approximately 10 mm threshold cannot be established.""]",KEEP,PASS,PASS,PASS,PASS,PASS,PASS,PASS,GPT-6.1 Sol independent text reviewer C,髌骨外侧面及下外侧滑车全层软骨损失支持深度，缺毫米范围仍UNKNOWN。
1.2.826.0.1.3680043.8.498.15024602758408626305833210011882949904,Effusion,28e885ee0b68bbbefcbf4a0b22f3249e96194df868397dd3d5bf0199efc4acb4,PRESENT,"[""Moderate joint effusion."",""Moderate knee joint effusion and Bakers cyst.""]",UNKNOWN,"[""criteria_anatomy_severity_extent_or_timing_insufficient"",""llm_mapper_disagreement"",""llm_review:Moderate effusion is explicit; joint distension is not separately described.""]",KEEP,PASS,PASS,PASS,PASS,PASS,PASS,PASS,GPT-6.1 Sol independent text reviewer C,中量积液明确，扩张事实留空，mapper UNKNOWN；0.95仅未校准低权重假设，未当确定高权重YES。
1.2.826.0.1.3680043.8.498.15024602758408626305833210011882949904,Synovitis,28e885ee0b68bbbefcbf4a0b22f3249e96194df868397dd3d5bf0199efc4acb4,NOT_MENTIONED,[],UNKNOWN,[],KEEP,PASS,PASS,PASS,PASS,PASS,PASS,PASS,GPT-6.1 Sol independent text reviewer C,未评价滑膜炎，不能从中量积液或Baker补阳性。
1.2.826.0.1.3680043.8.498.15024602758408626305833210011882949904,Baker's,28e885ee0b68bbbefcbf4a0b22f3249e96194df868397dd3d5bf0199efc4acb4,PRESENT,"[""Moderate Baker's cyst.""]",YES,[],KEEP,PASS,PASS,PASS,PASS,PASS,PASS,PASS,GPT-6.1 Sol independent text reviewer C,直接中量Baker命名支持典型位置与量级，YES正确。
1.2.826.0.1.3680043.8.498.15024602758408626305833210011882949904,Contusion,28e885ee0b68bbbefcbf4a0b22f3249e96194df868397dd3d5bf0199efc4acb4,PRESENT,"[""No acute fracture or bone bruise."",""Background marrow signal is normal without infiltrative marrow process."",""Incomplete radial tear at the medial meniscus posterior root with adjacent reactive marrow edema."",""Full thickness cartilage loss along the lateral patellar facet with subchondral edema."",""Full-thickness cartilage loss along the inferolateral trochlea with subchondral edema/cystic changes.""]",UNKNOWN,"[""history_or_postoperative_scope_review"",""llm_mapper_disagreement"",""llm_review:All edema is not explicitly attributed to degeneration; traumatic contusion is explicitly denied."",""llm_review:Explicit reactive and subchondral marrow edema must be retained despite the negative bone-bruise and normal background marrow statements."",""llm_review:The exact bone adjacent to the medial meniscus posterior root is unspecified."",""negation_scope_review"",""timing_or_trauma_review"",""unresolved_contradiction""]",MASK,PASS,PASS,FAIL,PASS,PASS,PASS,PASS,GPT-6.1 Sol independent text reviewer C,反应性及髌股软骨下水肿已保留完整候选；无bone bruise及背景正常无浸润可与这些局灶改变共存，却设contradiction=true，否定范围误判FAIL并MASK；最终UNKNOWN安全、无纯退变因果事实，criteria单独PASS。
1.2.826.0.1.3680043.8.498.15024602758408626305833210011882949904,Fracture,28e885ee0b68bbbefcbf4a0b22f3249e96194df868397dd3d5bf0199efc4acb4,ABSENT,"[""No acute fracture or bone bruise.""]",NO,[],KEEP,PASS,PASS,PASS,PASS,PASS,PASS,PASS,GPT-6.1 Sol independent text reviewer C,无急性骨折直接排除比赛目标，术后前髌瘢痕未扩成骨折或程序事实。
1.2.826.0.1.3680043.8.498.14024129019390041106306062001538710978,ACL,a8ad88703d7a6a88cb8a5ee0749c720770ba3f35ecbdc824a14669aa8a9c106b,PRESENT,"[""Prednji križni ligament je povišenog signala u smislu miksoidne degeneracije, potencijalno sa\narealima parcijalne rupture starijeg datuma.""]",UNKNOWN,"[""criteria_anatomy_severity_extent_or_timing_insufficient"",""llm_review:Definite mucoid degeneration with possible old partial tearing; tear grade is unspecified.""]",KEEP,PASS,PASS,PASS,PASS,PASS,PASS,PASS,GPT-6.1 Sol independent text reviewer C,前交叉韧带明确黏液样退变，另疑陈旧部分断裂；PRESENT保留确定异常而高低级别不明，UNKNOWN合理。
1.2.826.0.1.3680043.8.498.14024129019390041106306062001538710978,MCL,a8ad88703d7a6a88cb8a5ee0749c720770ba3f35ecbdc824a14669aa8a9c106b,ABSENT,"[""Medijalni kolateralni ligamenti normalnog signala. Oba se prate u\nkontinuitetu.""]",NO,[],KEEP,PASS,PASS,PASS,PASS,PASS,PASS,PASS,GPT-6.1 Sol independent text reviewer C,内侧副韧带信号正常且连续，支持该结构无损伤及NO。
1.2.826.0.1.3680043.8.498.14024129019390041106306062001538710978,Medial Meniscus,a8ad88703d7a6a88cb8a5ee0749c720770ba3f35ecbdc824a14669aa8a9c106b,PRESENT,"[""Medijalni menisk je izrazito promjenjenog i povišenog intenziteta signala korpusa i stražnjeg roga,\nsa ekstruzijom pod MCL za 5 mm - degenerativna ruptura.""]",YES,[],KEEP,PASS,PASS,PASS,PASS,PASS,PASS,PASS,GPT-6.1 Sol independent text reviewer C,内侧半月板体后角严重退变并明确称退变性破裂，外突约5mm；YES有直接诊断依据。
1.2.826.0.1.3680043.8.498.14024129019390041106306062001538710978,Lateral Meniscus,a8ad88703d7a6a88cb8a5ee0749c720770ba3f35ecbdc824a14669aa8a9c106b,PRESENT,"[""Lateralni menisk povišenog signala u smislu degeneracije.""]",NO,"[""explicit_subthreshold_or_alternative""]",KEEP,PASS,PASS,PASS,PASS,PASS,PASS,PASS,GPT-6.1 Sol independent text reviewer C,外侧半月板仅内部信号退变，未诊断撕裂；PRESENT与比赛NO分开正确。
1.2.826.0.1.3680043.8.498.14024129019390041106306062001538710978,Medial OA,a8ad88703d7a6a88cb8a5ee0749c720770ba3f35ecbdc824a14669aa8a9c106b,PRESENT,"[""Gotovo potpuna denudacija zglobnih ploha medijalnog kompartmenta FT zgloba."",""Promjene odgovaraju uznapredovaloj OA sa hondromalacijskim promjenama 4. stupnja.""]",UNKNOWN,"[""criteria_anatomy_severity_extent_or_timing_insufficient"",""llm_review:Near-complete cartilage denudation is described, but lesion extent is not measured.""]",KEEP,PASS,PASS,PASS,PASS,PASS,PASS,PASS,GPT-6.1 Sol independent text reviewer C,内侧股胫软骨近完全剥脱支持深度事实，但未给满足要求的受累长度，最终UNKNOWN保守合理。
1.2.826.0.1.3680043.8.498.14024129019390041106306062001538710978,Lateral OA,a8ad88703d7a6a88cb8a5ee0749c720770ba3f35ecbdc824a14669aa8a9c106b,PRESENT,"[""Stanjenje\nhrskavica lateralnog kompartmenta uz hondromalaciju 2. stupnja.""]",UNKNOWN,"[""criteria_anatomy_severity_extent_or_timing_insufficient"",""llm_review:Cartilage thinning and grade 2 chondromalacia are reported without an explicit grading convention, percentage loss, or lesion extent.""]",KEEP,PASS,PASS,PASS,PASS,PASS,PASS,PASS,GPT-6.1 Sol independent text reviewer C,外侧软骨变薄称2级，未说明分级体系和损失比例；未擅自套用深度标准，UNKNOWN合理。
1.2.826.0.1.3680043.8.498.14024129019390041106306062001538710978,PF OA,a8ad88703d7a6a88cb8a5ee0749c720770ba3f35ecbdc824a14669aa8a9c106b,PRESENT,"[""Povišen intenzitet signala\npatelarne hrskavice uz fisure te manji edem patele u smislu hondromalacije 4. stupnja. Opsežni rubni osteofiti.""]",UNKNOWN,"[""criteria_anatomy_severity_extent_or_timing_insufficient"",""llm_review:Grade 4 chondromalacia is reported without an explicit grading convention or cartilage-defect extent.""]",KEEP,PASS,PASS,PASS,PASS,PASS,PASS,PASS,GPT-6.1 Sol independent text reviewer C,髌骨软骨信号增高裂隙称4级并有骨赘，未直接描述厚度损失比例及范围，保留异常但UNKNOWN正确。
1.2.826.0.1.3680043.8.498.14024129019390041106306062001538710978,Effusion,a8ad88703d7a6a88cb8a5ee0749c720770ba3f35ecbdc824a14669aa8a9c106b,PRESENT,"[""Umjereni izljev suprapatelarno.""]",UNKNOWN,"[""criteria_anatomy_severity_extent_or_timing_insufficient"",""llm_review:Moderate effusion is explicit; joint distension is not explicitly described.""]",KEEP,PASS,PASS,PASS,PASS,PASS,PASS,PASS,GPT-6.1 Sol independent text reviewer C,髌上囊积液明确中等量，未独立写关节扩张；不补扩张事实，UNKNOWN符合冻结阈值。
1.2.826.0.1.3680043.8.498.14024129019390041106306062001538710978,Synovitis,a8ad88703d7a6a88cb8a5ee0749c720770ba3f35ecbdc824a14669aa8a9c106b,NOT_MENTIONED,[],UNKNOWN,[],KEEP,PASS,PASS,PASS,PASS,PASS,PASS,PASS,GPT-6.1 Sol independent text reviewer C,Hoffa脂肪垫水肿及浅表滑囊纤维改变不能替代滑膜炎描述，未提及状态正确。
1.2.826.0.1.3680043.8.498.14024129019390041106306062001538710978,Baker's,a8ad88703d7a6a88cb8a5ee0749c720770ba3f35ecbdc824a14669aa8a9c106b,PRESENT,"[""Bisagasta septirana poplitealna cista dimenzija oko 2x1.5 cm.""]",UNKNOWN,"[""anatomy_missing_or_wrong"",""criteria_anatomy_severity_extent_or_timing_insufficient"",""llm_review:Popliteal cyst is described without explicit posteromedial localization or a moderate/large size designation; dimensions alone do not establish size grade.""]",MASK,PASS,PASS,PASS,PASS,PASS,PASS,PASS,GPT-6.1 Sol independent text reviewer C,腘窝分隔囊肿仅给2×1.5cm尺寸，未确证典型交通位置及量级；未知解剖触发critical，保守MASK无语义错误。
1.2.826.0.1.3680043.8.498.14024129019390041106306062001538710978,Contusion,a8ad88703d7a6a88cb8a5ee0749c720770ba3f35ecbdc824a14669aa8a9c106b,PRESENT,"[""Suženje zglobnog prostora FT zgloba, izraženije u medijalnom dijelu, uz šire zone koštanog\nedema medijalnih zglobnih ploha femura i tibije koji se uvlači i u rubne koštane apozicije."",""Promjene odgovaraju uznapredovaloj OA sa hondromalacijskim promjenama 4. stupnja."",""Povišen intenzitet signala\npatelarne hrskavice uz fisure te manji edem patele u smislu hondromalacije 4. stupnja.""]",NO,"[""explicit_subthreshold_or_alternative"",""llm_review:Marrow edema is described in the setting of explicitly attributed osteoarthritic and chondromalacic changes, not as traumatic contusion.""]",KEEP,PASS,PASS,PASS,PASS,PASS,PASS,PASS,GPT-6.1 Sol independent text reviewer C,内侧股胫广泛水肿整体明确归入进展性OA，髌骨小水肿亦明确归为软骨软化；保留骨髓异常并据完整归因判非创伤NO合理。
1.2.826.0.1.3680043.8.498.14024129019390041106306062001538710978,Fracture,a8ad88703d7a6a88cb8a5ee0749c720770ba3f35ecbdc824a14669aa8a9c106b,NOT_MENTIONED,[],UNKNOWN,[],KEEP,PASS,PASS,PASS,PASS,PASS,PASS,PASS,GPT-6.1 Sol independent text reviewer C,原文未诊断骨折或描述骨折线，未因骨髓水肿推断骨折，NOT_MENTIONED及UNKNOWN正确。
1.2.826.0.1.3680043.8.498.13269841239774089690227054060975903636,ACL,64fa2f92251815a2d3cc40db938f92aa1904568c72976f959b7c6d5efb913ee5,PRESENT,"[""The contour of ACL is in a straight line and increase signal intensity inside on F/S T2WI, in favor of grade 1 injury."",""Grade 1 injury of ACL""]",NO,"[""explicit_subthreshold_or_alternative""]",KEEP,PASS,PASS,PASS,PASS,PASS,PASS,PASS,GPT-6.1 Sol independent text reviewer C,ACL明确1级损伤且纤维走向直，保留PRESENT并判低级别NO，未扩大成高级别撕裂。
1.2.826.0.1.3680043.8.498.13269841239774089690227054060975903636,MCL,64fa2f92251815a2d3cc40db938f92aa1904568c72976f959b7c6d5efb913ee5,ABSENT,"[""Both medial & lateral collateral ligaments appear to be within normal.""]",NO,[],KEEP,PASS,PASS,PASS,PASS,PASS,PASS,PASS,GPT-6.1 Sol independent text reviewer C,双侧副韧带均称正常，明确覆盖MCL完整阴性，ABSENT及NO有依据。
1.2.826.0.1.3680043.8.498.13269841239774089690227054060975903636,Medial Meniscus,64fa2f92251815a2d3cc40db938f92aa1904568c72976f959b7c6d5efb913ee5,PRESENT,"[""Linear signal intensity in medial and lateral meniscus, with suspicious of extending into the surface of anterior horn of lateral meniscus, in favor of degeneration of meniscus and R/O  tear of anterior horn of lateral meniscus.""]",NO,"[""explicit_subthreshold_or_alternative"",""side_or_compartment_scope_review""]",KEEP,PASS,PASS,PASS,PASS,PASS,PASS,PASS,GPT-6.1 Sol independent text reviewer C,内侧半月板仅线状内部退变；疑延伸至表面及排除撕裂均限定外侧前角，内侧NO未串侧。
1.2.826.0.1.3680043.8.498.13269841239774089690227054060975903636,Lateral Meniscus,64fa2f92251815a2d3cc40db938f92aa1904568c72976f959b7c6d5efb913ee5,PRESENT,"[""Linear signal intensity in medial and lateral meniscus, with suspicious of extending into the surface of anterior horn of lateral meniscus, in favor of degeneration of meniscus and R/O  tear of anterior horn of lateral meniscus."",""Degeneration of meniscus and R/O tear of anterior horn of lateral meniscus.""]",UNKNOWN,"[""criteria_anatomy_severity_extent_or_timing_insufficient"",""llm_review:Degeneration is present, but the anterior horn tear is only suspected."",""side_or_compartment_scope_review""]",KEEP,PASS,PASS,PASS,PASS,PASS,PASS,PASS,GPT-6.1 Sol independent text reviewer C,外侧前角表面延伸及撕裂只是疑似，确定内部退变保留PRESENT、撕裂标准UNKNOWN正确。
1.2.826.0.1.3680043.8.498.13269841239774089690227054060975903636,Medial OA,64fa2f92251815a2d3cc40db938f92aa1904568c72976f959b7c6d5efb913ee5,UNCERTAIN,"[""Osteoarthritis of knee joint with spur formation and subchondral bone marrow edema/cysts and irregular thining of intra-articular cartilage""]",UNKNOWN,"[""anatomy_missing_or_wrong"",""llm_review:Generic knee OA and cartilage thinning are not localized to the medial tibiofemoral compartment; depth and extent are unspecified."",""uncertain_report""]",MASK,PASS,PASS,PASS,PASS,PASS,PASS,PASS,GPT-6.1 Sol independent text reviewer C,泛称膝OA及软骨变薄未指定内侧股胫，UNKNOWN解剖保守；critical据合同MASK，各语义维度无误。
1.2.826.0.1.3680043.8.498.13269841239774089690227054060975903636,Lateral OA,64fa2f92251815a2d3cc40db938f92aa1904568c72976f959b7c6d5efb913ee5,UNCERTAIN,"[""Osteoarthritis of knee joint with spur formation and subchondral bone marrow edema/cysts and irregular thining of intra-articular cartilage""]",UNKNOWN,"[""anatomy_missing_or_wrong"",""llm_review:Generic knee OA is not localized to the lateral tibiofemoral compartment; lateral patellofemoral disease does not establish lateral tibiofemoral OA."",""uncertain_report""]",MASK,PASS,PASS,PASS,PASS,PASS,PASS,PASS,GPT-6.1 Sol independent text reviewer C,外侧髌股病变不能转为外侧股胫OA，侧别缺失保持UNCERTAIN并因critical排除合理。
1.2.826.0.1.3680043.8.498.13269841239774089690227054060975903636,PF OA,64fa2f92251815a2d3cc40db938f92aa1904568c72976f959b7c6d5efb913ee5,PRESENT,"[""more severe at lateral patellofemoral joint with grade 3-4 chondromalacia and tiny subchondral cysts over femoral trochlea."",""Osteoarthritis of right knee, more severe at lateral patellofemoral joint with grade 4 chondral injury and suspicious of lateral sublucation .""]",UNKNOWN,"[""criteria_anatomy_severity_extent_or_timing_insufficient"",""llm_review:Cartilage grading convention is unspecified, and cartilage defect extent is not reported.""]",KEEP,PASS,PASS,PASS,PASS,PASS,PASS,PASS,GPT-6.1 Sol independent text reviewer C,髌股3至4级软骨软化和4级损伤明确存在，但分级体系及长度未给，不推算厚度损失阈值，UNKNOWN正确。
1.2.826.0.1.3680043.8.498.13269841239774089690227054060975903636,Effusion,64fa2f92251815a2d3cc40db938f92aa1904568c72976f959b7c6d5efb913ee5,PRESENT,"[""Joint effusion and suprapatellar bursitis""]",UNKNOWN,"[""criteria_anatomy_severity_extent_or_timing_insufficient"",""llm_review:Effusion size and joint distension are not specified.""]",KEEP,PASS,PASS,PASS,PASS,PASS,PASS,PASS,GPT-6.1 Sol independent text reviewer C,明确关节积液和髌上滑囊炎，未给积液量或关节扩张；候选存在但标准UNKNOWN合理。
1.2.826.0.1.3680043.8.498.13269841239774089690227054060975903636,Synovitis,64fa2f92251815a2d3cc40db938f92aa1904568c72976f959b7c6d5efb913ee5,PRESENT,"[""hypertrophy of the synovium, indicative of synovitis"",""Synovitis of right knee""]",YES,[],KEEP,PASS,PASS,PASS,PASS,PASS,PASS,PASS,GPT-6.1 Sol independent text reviewer C,滑膜肥厚直接指向滑膜炎且结论确诊，YES依据独立于积液成立。
1.2.826.0.1.3680043.8.498.13269841239774089690227054060975903636,Baker's,64fa2f92251815a2d3cc40db938f92aa1904568c72976f959b7c6d5efb913ee5,NOT_MENTIONED,[],UNKNOWN,[],KEEP,PASS,PASS,PASS,PASS,PASS,PASS,PASS,GPT-6.1 Sol independent text reviewer C,未描述腘窝或Baker囊肿，髌上滑囊炎及滑膜隐窝不替代该类，未提及正确。
1.2.826.0.1.3680043.8.498.13269841239774089690227054060975903636,Contusion,64fa2f92251815a2d3cc40db938f92aa1904568c72976f959b7c6d5efb913ee5,PRESENT,"[""Osteoarthritis of knee joint with spur formation and subchondral bone marrow edema/cysts and irregular thining of intra-articular cartilage"",""An oval hypointensity focus in subchondral region of medial femoral condyle on T1WI and F/S T2WI, R/O bone island.""]",UNKNOWN,"[""criteria_anatomy_severity_extent_or_timing_insufficient"",""llm_review:Subchondral edema/cysts are described with OA, but all marrow findings are not explicitly attributed to degeneration; an additional possible bone island is reported. Traumatic edema and absence of a fracture line are not established."",""timing_or_trauma_review""]",KEEP,PASS,PASS,PASS,PASS,PASS,PASS,PASS,GPT-6.1 Sol independent text reviewer C,OA段软骨下水肿囊变及另疑骨岛均保留；伴OA不证明全部骨髓改变退变性，病因事实留空及UNKNOWN正确。
1.2.826.0.1.3680043.8.498.13269841239774089690227054060975903636,Fracture,64fa2f92251815a2d3cc40db938f92aa1904568c72976f959b7c6d5efb913ee5,NOT_MENTIONED,[],UNKNOWN,[],KEEP,PASS,PASS,PASS,PASS,PASS,PASS,PASS,GPT-6.1 Sol independent text reviewer C,未报告骨折线或骨折诊断，ACL轻伤及疑骨岛不能推断骨折，未提及及UNKNOWN合适。
1.2.826.0.1.3680043.8.498.12896740277483734090633132494285615502,ACL,a407115ecdb03c3ac2ca3cd8edea47487b42b866bb1d683252887cfad111cf75,ABSENT,"[""Normal ACL, PCL, MCL and LCL.""]",NO,[],KEEP,PASS,PASS,PASS,PASS,PASS,PASS,PASS,GPT-6.1 Sol independent text reviewer C,ACL直接称正常，完整结构阴性支持ABSENT与NO，未用其他韧带正常替代。
1.2.826.0.1.3680043.8.498.12896740277483734090633132494285615502,MCL,a407115ecdb03c3ac2ca3cd8edea47487b42b866bb1d683252887cfad111cf75,ABSENT,"[""Normal ACL, PCL, MCL and LCL.""]",NO,[],KEEP,PASS,PASS,PASS,PASS,PASS,PASS,PASS,GPT-6.1 Sol independent text reviewer C,MCL在正常韧带列表内明确列出，完整否定及NO成立，未推定损伤时间。
1.2.826.0.1.3680043.8.498.12896740277483734090633132494285615502,Medial Meniscus,a407115ecdb03c3ac2ca3cd8edea47487b42b866bb1d683252887cfad111cf75,PRESENT,"[""There is incomplete tearing of the posterior root of the medial meniscus."",""Mild extrusion of the medial meniscus from the joint is demonstrated.""]",YES,"[""history_or_postoperative_scope_review""]",KEEP,PASS,PASS,PASS,PASS,PASS,PASS,PASS,GPT-6.1 Sol independent text reviewer C,内侧后根明确不完全撕裂并轻度外突，仍属确定撕裂，YES有直接诊断依据。
1.2.826.0.1.3680043.8.498.12896740277483734090633132494285615502,Lateral Meniscus,a407115ecdb03c3ac2ca3cd8edea47487b42b866bb1d683252887cfad111cf75,ABSENT,"[""Normal lateral meniscus.""]",NO,[],KEEP,PASS,PASS,PASS,PASS,PASS,PASS,PASS,GPT-6.1 Sol independent text reviewer C,外侧半月板明确正常，与内侧撕裂分开，ABSENT及NO正确。
1.2.826.0.1.3680043.8.498.12896740277483734090633132494285615502,Medial OA,a407115ecdb03c3ac2ca3cd8edea47487b42b866bb1d683252887cfad111cf75,PRESENT,"[""There is mild thinning of the medial compartment articular cartilage with mild osteophyte formation.""]",NO,"[""explicit_subthreshold_or_alternative""]",KEEP,PASS,PASS,PASS,PASS,PASS,PASS,PASS,GPT-6.1 Sol independent text reviewer C,内侧软骨仅轻度变薄伴轻骨赘，保留异常但低于竞争阈值，低级别NO合理。
1.2.826.0.1.3680043.8.498.12896740277483734090633132494285615502,Lateral OA,a407115ecdb03c3ac2ca3cd8edea47487b42b866bb1d683252887cfad111cf75,ABSENT,"[""Normal lateral compartment articular cartilage.""]",NO,[],KEEP,PASS,PASS,PASS,PASS,PASS,PASS,PASS,GPT-6.1 Sol independent text reviewer C,外侧间室软骨直接正常，全面否定该间室损失，ABSENT及NO正确。
1.2.826.0.1.3680043.8.498.12896740277483734090633132494285615502,PF OA,a407115ecdb03c3ac2ca3cd8edea47487b42b866bb1d683252887cfad111cf75,PRESENT,"[""There is severe thinning and loss of the caudal two-thirds of the patellar articular cartilage."",""The trochlear articular cartilage is relatively preserved."",""Mild medial compartment and severe patellar articular cartilage degeneration.""]",UNKNOWN,"[""criteria_anatomy_severity_extent_or_timing_insufficient"",""llm_review:Severe cartilage degeneration is described, but thickness-loss percentage and extent in millimeters are not established.""]",KEEP,PASS,PASS,PASS,PASS,PASS,PASS,PASS,GPT-6.1 Sol independent text reviewer C,髌骨下方三分之二严重变薄缺失与滑车相对保留均保留；分布比例不等于厚度百分比或毫米长度，UNKNOWN未虚构阈值。
1.2.826.0.1.3680043.8.498.12896740277483734090633132494285615502,Effusion,a407115ecdb03c3ac2ca3cd8edea47487b42b866bb1d683252887cfad111cf75,PRESENT,"[""There is a mild - moderate knee effusion.""]",UNKNOWN,"[""criteria_anatomy_severity_extent_or_timing_insufficient"",""llm_review:Severity spans mild to moderate; joint distension is not explicitly described.""]",KEEP,PASS,PASS,PASS,PASS,PASS,PASS,PASS,GPT-6.1 Sol independent text reviewer C,积液量跨轻至中等，未给关节扩张；保留原量级文本，不把范围上端当确证中等阳性，UNKNOWN正确。
1.2.826.0.1.3680043.8.498.12896740277483734090633132494285615502,Synovitis,a407115ecdb03c3ac2ca3cd8edea47487b42b866bb1d683252887cfad111cf75,NOT_MENTIONED,[],UNKNOWN,[],KEEP,PASS,PASS,PASS,PASS,PASS,PASS,PASS,GPT-6.1 Sol independent text reviewer C,未写滑膜炎或滑膜肥厚，积液不能推定滑膜炎，未提及及UNKNOWN正确。
1.2.826.0.1.3680043.8.498.12896740277483734090633132494285615502,Baker's,a407115ecdb03c3ac2ca3cd8edea47487b42b866bb1d683252887cfad111cf75,NOT_MENTIONED,[],UNKNOWN,[],KEEP,PASS,PASS,PASS,PASS,PASS,PASS,PASS,GPT-6.1 Sol independent text reviewer C,未报告Baker或腘窝囊肿，未将膝积液外推为囊肿，NOT_MENTIONED正确。
1.2.826.0.1.3680043.8.498.12896740277483734090633132494285615502,Contusion,a407115ecdb03c3ac2ca3cd8edea47487b42b866bb1d683252887cfad111cf75,NOT_MENTIONED,[],UNKNOWN,[],KEEP,PASS,PASS,PASS,PASS,PASS,PASS,PASS,GPT-6.1 Sol independent text reviewer C,原文没有骨髓水肿或骨挫伤候选表现，软骨退变本身不等于骨髓异常，未提及合理。
1.2.826.0.1.3680043.8.498.12896740277483734090633132494285615502,Fracture,a407115ecdb03c3ac2ca3cd8edea47487b42b866bb1d683252887cfad111cf75,NOT_MENTIONED,[],UNKNOWN,[],KEEP,PASS,PASS,PASS,PASS,PASS,PASS,PASS,GPT-6.1 Sol independent text reviewer C,未提骨折或骨折线，软骨缺失及半月板根撕裂不能代替骨折诊断，UNKNOWN合理。
1.2.826.0.1.3680043.8.498.28269350392124251309834584420564806882,ACL,b2f4795adf40d22a32c2ced2a2ca0322ca150224b138913446525b48258cc2ad,ABSENT,"[""Ligamentos cruzados y colaterales dentro de límites normales.""]",NO,[],KEEP,PASS,PASS,PASS,PASS,PASS,PASS,PASS,GPT-6.1 Sol independent text reviewer C,交叉韧带整体称正常覆盖ACL，未把半月板损伤外推到韧带，ABSENT与NO有完整否定依据。
1.2.826.0.1.3680043.8.498.28269350392124251309834584420564806882,MCL,b2f4795adf40d22a32c2ced2a2ca0322ca150224b138913446525b48258cc2ad,ABSENT,"[""Ligamentos cruzados y colaterales dentro de límites normales.""]",NO,[],KEEP,PASS,PASS,PASS,PASS,PASS,PASS,PASS,GPT-6.1 Sol independent text reviewer C,侧副韧带均在正常范围，覆盖MCL且无相反描述，完整阴性及NO正确。
1.2.826.0.1.3680043.8.498.28269350392124251309834584420564806882,Medial Meniscus,b2f4795adf40d22a32c2ced2a2ca0322ca150224b138913446525b48258cc2ad,PRESENT,"[""Rotura compleja con componente principal horizontal oblicuo del cuerno posterior y cuerpo del menisco medial con segmento parcialmente desplazado receso menisco tibial con edema las partes blandas regionales.""]",YES,"[""history_or_postoperative_scope_review""]",KEEP,PASS,PASS,PASS,PASS,PASS,PASS,PASS,GPT-6.1 Sol independent text reviewer C,内侧体部后角复杂水平斜裂伴部分移位片段明确诊断，YES不依赖额外切片数推断。
1.2.826.0.1.3680043.8.498.28269350392124251309834584420564806882,Lateral Meniscus,b2f4795adf40d22a32c2ced2a2ca0322ca150224b138913446525b48258cc2ad,PRESENT,"[""Rotura degenerativa de predominio marginal del cuerno anterior, cuerpo y cuerno posterior del menisco lateral con extrusión asociada.""]",YES,"[""history_or_postoperative_scope_review""]",KEEP,PASS,PASS,PASS,PASS,PASS,PASS,PASS,GPT-6.1 Sol independent text reviewer C,外侧前角体部后角明确退变性破裂并外突，退变修饰不抹掉真实撕裂，YES正确。
1.2.826.0.1.3680043.8.498.28269350392124251309834584420564806882,Medial OA,b2f4795adf40d22a32c2ced2a2ca0322ca150224b138913446525b48258cc2ad,UNCERTAIN,"[""Úlceras condrales de espesor parcial y prácticamente total de la zona de carga de los compartimentos femorotibiales.""]",UNKNOWN,"[""anatomy_missing_or_wrong"",""llm_review:Tibiofemoral cartilage lesions are not separately localized to the medial compartment; compartment-specific depth and extent are unspecified."",""uncertain_report""]",MASK,PASS,PASS,PASS,PASS,PASS,PASS,PASS,GPT-6.1 Sol independent text reviewer C,股胫承重区有部分及近全层溃疡，但未逐一分配内侧深度范围，保守UNCERTAIN及解剖未知合理，critical需MASK。
1.2.826.0.1.3680043.8.498.28269350392124251309834584420564806882,Lateral OA,b2f4795adf40d22a32c2ced2a2ca0322ca150224b138913446525b48258cc2ad,UNCERTAIN,"[""Úlceras condrales de espesor parcial y prácticamente total de la zona de carga de los compartimentos femorotibiales.""]",UNKNOWN,"[""anatomy_missing_or_wrong"",""llm_review:Tibiofemoral cartilage lesions are not separately localized to the lateral compartment; compartment-specific depth and extent are unspecified."",""uncertain_report""]",MASK,PASS,PASS,PASS,PASS,PASS,PASS,PASS,GPT-6.1 Sol independent text reviewer C,股胫软骨病泛称多个间室而未逐侧列损失程度，未将髌股外侧病变串为外侧股胫，UNKNOWN并critical MASK合理。
1.2.826.0.1.3680043.8.498.28269350392124251309834584420564806882,PF OA,b2f4795adf40d22a32c2ced2a2ca0322ca150224b138913446525b48258cc2ad,PRESENT,"[""Úlceras condrales de espesor parcial de la región periférica de la vertiente lateral de la tróclea femoral."",""Úlceras condrales de espesor total con cambios óseos secundarios del vértice y faceta lateral de la rótula.""]",UNKNOWN,"[""criteria_anatomy_severity_extent_or_timing_insufficient"",""llm_review:Full-thickness patellar cartilage loss is reported, but lesion dimensions are not stated.""]",KEEP,PASS,PASS,PASS,PASS,PASS,PASS,PASS,GPT-6.1 Sol independent text reviewer C,髌骨顶点外侧面明确全层软骨溃疡，深度事实成立；滑车仅部分厚度，未给病变长度，最终UNKNOWN正确。
1.2.826.0.1.3680043.8.498.28269350392124251309834584420564806882,Effusion,b2f4795adf40d22a32c2ced2a2ca0322ca150224b138913446525b48258cc2ad,PRESENT,"[""Leve derrame articular con leve sinovitis.""]",NO,"[""explicit_subthreshold_or_alternative""]",KEEP,PASS,PASS,PASS,PASS,PASS,PASS,PASS,GPT-6.1 Sol independent text reviewer C,积液明确轻度，保留PRESENT但低于量级标准判NO，未将伴滑膜炎提高积液程度。
1.2.826.0.1.3680043.8.498.28269350392124251309834584420564806882,Synovitis,b2f4795adf40d22a32c2ced2a2ca0322ca150224b138913446525b48258cc2ad,PRESENT,"[""Leve derrame articular con leve sinovitis."",""Leve derrame articular con discreta sinovitis.""]",YES,[],KEEP,PASS,PASS,PASS,PASS,PASS,PASS,PASS,GPT-6.1 Sol independent text reviewer C,原文及结论均明确轻度滑膜炎，直接诊断支持YES，无需由积液推断。
1.2.826.0.1.3680043.8.498.28269350392124251309834584420564806882,Baker's,b2f4795adf40d22a32c2ced2a2ca0322ca150224b138913446525b48258cc2ad,PRESENT,"[""Pequeños quistes poplíteos no complicado.""]",UNKNOWN,"[""anatomy_missing_or_wrong"",""explicit_subthreshold_or_alternative"",""llm_review:Popliteal cysts are small; a typical posteromedial Baker cyst location is not specified."",""negation_scope_review""]",MASK,PASS,PASS,PASS,PASS,PASS,PASS,PASS,GPT-6.1 Sol independent text reviewer C,腘窝小囊肿作为候选保留，小量级有直接词汇依据但典型Baker位置未知；mapper保守UNKNOWN、critical MASK正确。
1.2.826.0.1.3680043.8.498.28269350392124251309834584420564806882,Contusion,b2f4795adf40d22a32c2ced2a2ca0322ca150224b138913446525b48258cc2ad,NOT_MENTIONED,[],UNKNOWN,[],KEEP,PASS,PASS,PASS,PASS,PASS,PASS,PASS,GPT-6.1 Sol independent text reviewer C,局部软组织水肿与Hoffa信号增高不是骨髓水肿；非特异继发骨改变没有明确骨髓候选，不自行补骨挫伤，未提及合理。
1.2.826.0.1.3680043.8.498.28269350392124251309834584420564806882,Fracture,b2f4795adf40d22a32c2ced2a2ca0322ca150224b138913446525b48258cc2ad,NOT_MENTIONED,[],UNKNOWN,[],KEEP,PASS,PASS,PASS,PASS,PASS,PASS,PASS,GPT-6.1 Sol independent text reviewer C,7×6mm疑关节游离体未称骨折或给骨折线，未将软骨溃疡推断为骨折，NOT_MENTIONED正确。
1.2.826.0.1.3680043.8.498.27656830051511853680197276412365020780,ACL,291433287f58821bc7c6b77eaa659662f3af3ddfdbe3068829266daa5f53f7c2,ABSENT,"[""Anterior cruciate ligament (ACL): Normal with both bundles intact.""]",NO,[],KEEP,PASS,PASS,PASS,PASS,PASS,PASS,PASS,GPT-6.1 Sol independent text reviewer C,ACL正常且两束完整明确，支持完整缺如损伤事实，ABSENT和NO正确。
1.2.826.0.1.3680043.8.498.27656830051511853680197276412365020780,MCL,291433287f58821bc7c6b77eaa659662f3af3ddfdbe3068829266daa5f53f7c2,ABSENT,"[""Medial collateral ligament (MCL): Normal.""]",NO,[],KEEP,PASS,PASS,PASS,PASS,PASS,PASS,PASS,GPT-6.1 Sol independent text reviewer C,MCL独立称正常，未把四个月疼痛病史当当前韧带损伤，阴性判断有据。
1.2.826.0.1.3680043.8.498.27656830051511853680197276412365020780,Medial Meniscus,291433287f58821bc7c6b77eaa659662f3af3ddfdbe3068829266daa5f53f7c2,ABSENT,"[""Medial meniscus: Normal in morphology and signal."",""No meniscus tear.""]",NO,[],KEEP,PASS,PASS,PASS,PASS,PASS,PASS,PASS,GPT-6.1 Sol independent text reviewer C,内侧半月板形态信号正常且结论无撕裂，正常与撕裂否定共同支持NO。
1.2.826.0.1.3680043.8.498.27656830051511853680197276412365020780,Lateral Meniscus,291433287f58821bc7c6b77eaa659662f3af3ddfdbe3068829266daa5f53f7c2,ABSENT,"[""Lateral meniscus: Normal in morphology and signal."",""No meniscus tear.""]",NO,[],KEEP,PASS,PASS,PASS,PASS,PASS,PASS,PASS,GPT-6.1 Sol independent text reviewer C,外侧半月板正常及结论无半月板裂，证据侧别清楚，ABSENT与NO成立。
1.2.826.0.1.3680043.8.498.27656830051511853680197276412365020780,Medial OA,291433287f58821bc7c6b77eaa659662f3af3ddfdbe3068829266daa5f53f7c2,ABSENT,"[""Medial compartment cartilage: No focal cartilage defects.""]",UNKNOWN,"[""llm_review:Negative assessment is limited to focal cartilage defects; diffuse cartilage loss is not explicitly excluded."",""negative_scope_insufficient""]",KEEP,PASS,PASS,PASS,PASS,PASS,PASS,PASS,GPT-6.1 Sol independent text reviewer C,内侧只否定局灶软骨缺损，未全面否定弥漫变薄；保留限定阴性而程度未填NONE、标准UNKNOWN正确。
1.2.826.0.1.3680043.8.498.27656830051511853680197276412365020780,Lateral OA,291433287f58821bc7c6b77eaa659662f3af3ddfdbe3068829266daa5f53f7c2,ABSENT,"[""Lateral compartment cartilage: No focal cartilage defects.""]",UNKNOWN,"[""llm_review:Negative assessment is limited to focal cartilage defects; diffuse cartilage loss is not explicitly excluded."",""negative_scope_insufficient""]",KEEP,PASS,PASS,PASS,PASS,PASS,PASS,PASS,GPT-6.1 Sol independent text reviewer C,外侧无局灶软骨缺损的范围有限，class_absence留空不扩为完整正常，最终UNKNOWN合理。
1.2.826.0.1.3680043.8.498.27656830051511853680197276412365020780,PF OA,291433287f58821bc7c6b77eaa659662f3af3ddfdbe3068829266daa5f53f7c2,ABSENT,"[""Patellofemoral compartment cartilage: No focal cartilage defects.""]",UNKNOWN,"[""llm_review:Negative assessment is limited to focal cartilage defects; diffuse cartilage loss is not explicitly excluded."",""negative_scope_insufficient""]",KEEP,PASS,PASS,PASS,PASS,PASS,PASS,PASS,GPT-6.1 Sol independent text reviewer C,髌股仅称无局灶软骨缺损，正常形态和跟踪不替代软骨厚度评价，UNKNOWN保守正确。
1.2.826.0.1.3680043.8.498.27656830051511853680197276412365020780,Effusion,291433287f58821bc7c6b77eaa659662f3af3ddfdbe3068829266daa5f53f7c2,ABSENT,"[""No joint effusion.""]",NO,[],KEEP,PASS,PASS,PASS,PASS,PASS,PASS,PASS,GPT-6.1 Sol independent text reviewer C,明确无关节积液而非程度限定，完整否定支持NO，无需推算关节扩张。
1.2.826.0.1.3680043.8.498.27656830051511853680197276412365020780,Synovitis,291433287f58821bc7c6b77eaa659662f3af3ddfdbe3068829266daa5f53f7c2,NOT_MENTIONED,[],UNKNOWN,[],KEEP,PASS,PASS,PASS,PASS,PASS,PASS,PASS,GPT-6.1 Sol independent text reviewer C,未描述滑膜炎或滑膜肥厚，无积液不能替代滑膜炎完整阴性，NOT_MENTIONED正确。
1.2.826.0.1.3680043.8.498.27656830051511853680197276412365020780,Baker's,291433287f58821bc7c6b77eaa659662f3af3ddfdbe3068829266daa5f53f7c2,ABSENT,"[""No Baker's cyst.""]",NO,[],KEEP,PASS,PASS,PASS,PASS,PASS,PASS,PASS,GPT-6.1 Sol independent text reviewer C,直接无Baker囊肿，名称提供对应解剖语义，完整否定及NO合理。
1.2.826.0.1.3680043.8.498.27656830051511853680197276412365020780,Contusion,291433287f58821bc7c6b77eaa659662f3af3ddfdbe3068829266daa5f53f7c2,PRESENT,"[""Marrow edema along the peripheral aspect of the medial femoral condyle could represent a very small osseous contusion in the appropriate context."",""Small focus of mild marrow edema along the peripheral aspect of the medial femoral condyle which could represent a healing osseous contusion in the appropriate context.""]",UNKNOWN,"[""criteria_anatomy_severity_extent_or_timing_insufficient"",""llm_review:Marrow edema is definite, but attribution to a healing contusion is conditional. Traumatic cause, injury timing, and absence of a fracture line at the lesion are not established."",""timing_or_trauma_review""]",KEEP,PASS,PASS,PASS,PASS,PASS,PASS,PASS,GPT-6.1 Sol independent text reviewer C,股骨内髁小灶轻度水肿确定，愈合骨挫伤只是条件性解释；正常背景骨髓无浸润与局灶水肿可共存，contradiction=false和最终UNKNOWN正确。
1.2.826.0.1.3680043.8.498.27656830051511853680197276412365020780,Fracture,291433287f58821bc7c6b77eaa659662f3af3ddfdbe3068829266daa5f53f7c2,NOT_MENTIONED,[],UNKNOWN,[],KEEP,PASS,PASS,PASS,PASS,PASS,PASS,PASS,GPT-6.1 Sol independent text reviewer C,未诊断骨折或明确骨折线，疑愈合骨挫伤不代表骨折，保持未提及及UNKNOWN正确。
1.2.826.0.1.3680043.8.498.29090158364700006304493717187346344597,ACL,82b4237c0cbf6eba45902c567ec0f6a48e1e0dbf9d549ed5a4a62c42ff0e4c53,ABSENT,"[""Kruisbanden intact.""]",NO,[],KEEP,PASS,PASS,PASS,PASS,PASS,PASS,PASS,GPT-6.1 Sol independent text reviewer C,交叉韧带完整明确覆盖ACL，高级别撕裂阴性及NO正确，未用跌倒病史否定当前完整发现。
1.2.826.0.1.3680043.8.498.29090158364700006304493717187346344597,MCL,82b4237c0cbf6eba45902c567ec0f6a48e1e0dbf9d549ed5a4a62c42ff0e4c53,PRESENT,"[""Verdikt voorkomen van het mediale collaterale ligament, met gestegen T2-signaal, en minstens parti ële scheur proximaal, met uitgesproken aanliggende inflammatoire veranderingen."",""Minstens parti ële scheur van het mediale collaterale ligament, graad 2 \\'e0 3 .""]",UNKNOWN,"[""criteria_anatomy_severity_extent_or_timing_insufficient"",""llm_review:Acute timing is not explicitly established in the findings or conclusion."",""llm_review:At least partial proximal tear with an ambiguously encoded grade 2–3 range; high-grade injury is not unequivocally established."",""timing_or_trauma_review""]",KEEP,PASS,PASS,PASS,PASS,PASS,PASS,PASS,GPT-6.1 Sol independent text reviewer C,MCL近端至少部分撕裂及周围炎性改变已保留；乱码分级2至3与急性时间均不能确证，未知高等级及UNKNOWN保守合理。
1.2.826.0.1.3680043.8.498.29090158364700006304493717187346344597,Medial Meniscus,82b4237c0cbf6eba45902c567ec0f6a48e1e0dbf9d549ed5a4a62c42ff0e4c53,PRESENT,"[""Grote horizontale degeneratieve scheur van de posterieure hoorn van de mediale meniscus, met uitloper in de ondervlakte van de meniscus, nabij de vrije boord.""]",YES,"[""history_or_postoperative_scope_review""]",KEEP,PASS,PASS,PASS,PASS,PASS,PASS,PASS,GPT-6.1 Sol independent text reviewer C,内侧后角明确大水平退变性裂延至下表面，确定撕裂YES成立而非仅内部退变。
1.2.826.0.1.3680043.8.498.29090158364700006304493717187346344597,Lateral Meniscus,82b4237c0cbf6eba45902c567ec0f6a48e1e0dbf9d549ed5a4a62c42ff0e4c53,ABSENT,"[""Normaal voorkomen laterale meniscus.""]",NO,[],KEEP,PASS,PASS,PASS,PASS,PASS,PASS,PASS,GPT-6.1 Sol independent text reviewer C,外侧半月板直接正常，未被内侧撕裂串侧，ABSENT及NO有证据。
1.2.826.0.1.3680043.8.498.29090158364700006304493717187346344597,Medial OA,82b4237c0cbf6eba45902c567ec0f6a48e1e0dbf9d549ed5a4a62c42ff0e4c53,NOT_MENTIONED,[],UNKNOWN,[],KEEP,PASS,PASS,PASS,PASS,PASS,PASS,PASS,GPT-6.1 Sol independent text reviewer C,诊断提问软骨损伤不是发现，正文未给内侧软骨病，NOT_MENTIONED及UNKNOWN正确。
1.2.826.0.1.3680043.8.498.29090158364700006304493717187346344597,Lateral OA,82b4237c0cbf6eba45902c567ec0f6a48e1e0dbf9d549ed5a4a62c42ff0e4c53,NOT_MENTIONED,[],UNKNOWN,[],KEEP,PASS,PASS,PASS,PASS,PASS,PASS,PASS,GPT-6.1 Sol independent text reviewer C,未提供外侧股胫软骨异常或正常结论，正常外侧半月板不能替代软骨评价，未提及正确。
1.2.826.0.1.3680043.8.498.29090158364700006304493717187346344597,PF OA,82b4237c0cbf6eba45902c567ec0f6a48e1e0dbf9d549ed5a4a62c42ff0e4c53,NOT_MENTIONED,[],UNKNOWN,[],KEEP,PASS,PASS,PASS,PASS,PASS,PASS,PASS,GPT-6.1 Sol independent text reviewer C,原文未评估髌股软骨，不因跌倒或其他间室病变推断OA，UNKNOWN合理。
1.2.826.0.1.3680043.8.498.29090158364700006304493717187346344597,Effusion,82b4237c0cbf6eba45902c567ec0f6a48e1e0dbf9d549ed5a4a62c42ff0e4c53,PRESENT,"[""Minimale opzetting van suprapatellaire recessus."",""Minimale hydrops .""]",NO,"[""explicit_subthreshold_or_alternative""]",KEEP,PASS,PASS,PASS,PASS,PASS,PASS,PASS,GPT-6.1 Sol independent text reviewer C,髌上隐窝最小扩张支持扩张事实，但积液明确极少，保留PRESENT并判亚阈值NO正确。
1.2.826.0.1.3680043.8.498.29090158364700006304493717187346344597,Synovitis,82b4237c0cbf6eba45902c567ec0f6a48e1e0dbf9d549ed5a4a62c42ff0e4c53,NOT_MENTIONED,[],UNKNOWN,[],KEEP,PASS,PASS,PASS,PASS,PASS,PASS,PASS,GPT-6.1 Sol independent text reviewer C,MCL附近炎性改变不等于关节滑膜炎，未把韧带周围炎症转成Synovitis，未提及合理。
1.2.826.0.1.3680043.8.498.29090158364700006304493717187346344597,Baker's,82b4237c0cbf6eba45902c567ec0f6a48e1e0dbf9d549ed5a4a62c42ff0e4c53,NOT_MENTIONED,[],UNKNOWN,[],KEEP,PASS,PASS,PASS,PASS,PASS,PASS,PASS,GPT-6.1 Sol independent text reviewer C,未报告腘窝囊肿，髌上隐窝扩张不是Baker囊肿，NOT_MENTIONED正确。
1.2.826.0.1.3680043.8.498.29090158364700006304493717187346344597,Contusion,82b4237c0cbf6eba45902c567ec0f6a48e1e0dbf9d549ed5a4a62c42ff0e4c53,NOT_MENTIONED,[],UNKNOWN,[],KEEP,PASS,PASS,PASS,PASS,PASS,PASS,PASS,GPT-6.1 Sol independent text reviewer C,骨水肿只在临床诊断提问出现，正文无骨髓异常发现；不把病史或问题当本次候选，未提及正确。
1.2.826.0.1.3680043.8.498.29090158364700006304493717187346344597,Fracture,82b4237c0cbf6eba45902c567ec0f6a48e1e0dbf9d549ed5a4a62c42ff0e4c53,NOT_MENTIONED,[],UNKNOWN,[],KEEP,PASS,PASS,PASS,PASS,PASS,PASS,PASS,GPT-6.1 Sol independent text reviewer C,跌倒史和MCL撕裂不能代替骨折线或骨折诊断，报告未提骨折，UNKNOWN正确。
1.2.826.0.1.3680043.8.498.23378338408981699466914366379590099738,ACL,781ec995f32488f13f135ce7b809977ad8f233ca61619162efc489c971e8c4a5,ABSENT,"[""The contour of ACL & PCL appear to be within normal, no abnormal signal intensity is noted.""]",NO,[],KEEP,PASS,PASS,PASS,PASS,PASS,PASS,PASS,GPT-6.1 Sol independent text reviewer C,ACL形态正常且无异常信号，完整否定有据，ABSENT和NO正确。
1.2.826.0.1.3680043.8.498.23378338408981699466914366379590099738,MCL,781ec995f32488f13f135ce7b809977ad8f233ca61619162efc489c971e8c4a5,ABSENT,"[""Both medial & lateral collateral ligaments appear to be within normal.""]",NO,[],KEEP,PASS,PASS,PASS,PASS,PASS,PASS,PASS,GPT-6.1 Sol independent text reviewer C,两侧副韧带均正常覆盖MCL，未因鹅足腱周炎推断MCL损伤，阴性正确。
1.2.826.0.1.3680043.8.498.23378338408981699466914366379590099738,Medial Meniscus,781ec995f32488f13f135ce7b809977ad8f233ca61619162efc489c971e8c4a5,PRESENT,"[""Linear signal intensity in posterior horn of medial meniscus, with suspicious of extending into the surface, R/O tear."",""Degeneration and R/O tear of posterior horn of medial meniscus.""]",UNKNOWN,"[""criteria_anatomy_severity_extent_or_timing_insufficient"",""history_or_postoperative_scope_review"",""llm_review:Degeneration is reported, but surface extension and tear are only suspected.""]",KEEP,PASS,PASS,PASS,PASS,PASS,PASS,PASS,GPT-6.1 Sol independent text reviewer C,内侧后角内部退变确定但到表面及撕裂只是疑似；PRESENT与标准UNKNOWN分开，0.5低权重假设有候选依据。
1.2.826.0.1.3680043.8.498.23378338408981699466914366379590099738,Lateral Meniscus,781ec995f32488f13f135ce7b809977ad8f233ca61619162efc489c971e8c4a5,ABSENT,"[""No strong MR evidence of tear of lateral meniscus.""]",UNKNOWN,"[""llm_review:Qualified negative 'No strong MR evidence' does not conclusively exclude a tear."",""negative_scope_insufficient""]",KEEP,PASS,PASS,PASS,PASS,PASS,PASS,PASS,GPT-6.1 Sol independent text reviewer C,外侧仅无强MRI撕裂证据属于限定否定，未填NONE或完整absence，保守UNKNOWN正确。
1.2.826.0.1.3680043.8.498.23378338408981699466914366379590099738,Medial OA,781ec995f32488f13f135ce7b809977ad8f233ca61619162efc489c971e8c4a5,UNCERTAIN,"[""Spur formation and irregular thining of intra-articular cartilage, reflecting osteoarthritis of left knee""]",UNKNOWN,"[""anatomy_missing_or_wrong"",""llm_review:Generic knee osteoarthritis is not localized to the medial tibiofemoral compartment; cartilage depth and extent are unspecified."",""uncertain_report""]",MASK,PASS,PASS,PASS,PASS,PASS,PASS,PASS,GPT-6.1 Sol independent text reviewer C,泛称膝OA和关节内软骨变薄未定位内侧股胫，未把内侧髌骨或鹅足部位串侧，critical MASK为合法未知排除。
1.2.826.0.1.3680043.8.498.23378338408981699466914366379590099738,Lateral OA,781ec995f32488f13f135ce7b809977ad8f233ca61619162efc489c971e8c4a5,UNCERTAIN,"[""Spur formation and irregular thining of intra-articular cartilage, reflecting osteoarthritis of left knee""]",UNKNOWN,"[""anatomy_missing_or_wrong"",""llm_review:Generic knee osteoarthritis is not localized to the lateral tibiofemoral compartment; cartilage depth and extent are unspecified."",""uncertain_report""]",MASK,PASS,PASS,PASS,PASS,PASS,PASS,PASS,GPT-6.1 Sol independent text reviewer C,膝OA未指定外侧股胫损失，未从泛称变薄擅自补该间室阈值，UNKNOWN及critical MASK合理。
1.2.826.0.1.3680043.8.498.23378338408981699466914366379590099738,PF OA,781ec995f32488f13f135ce7b809977ad8f233ca61619162efc489c971e8c4a5,PRESENT,"[""Focal wearing articular cartilage of medial patella, reflecting grade 2-3 chondromalacia."",""C/W osteoarthritis of left knee, with grade 3-4 chondromalacia of patellofemoral joint.""]",UNKNOWN,"[""llm_review:Findings describe grade 2-3 patellar chondromalacia whereas the impression describes grade 3-4 patellofemoral chondromalacia; clarify grading and distribution."",""llm_review:Grading convention and cartilage defect dimensions are unspecified."",""unresolved_contradiction""]",MASK,PASS,PASS,PASS,PASS,PASS,PASS,PASS,GPT-6.1 Sol independent text reviewer C,正文局灶内侧髌骨2至3级而结论髌股3至4级，分布对应未明确；保留分级分布待澄清并因critical MASK，未将任何分级套成厚度比例或长度。
1.2.826.0.1.3680043.8.498.23378338408981699466914366379590099738,Effusion,781ec995f32488f13f135ce7b809977ad8f233ca61619162efc489c971e8c4a5,PRESENT,"[""Joint effusion and suprapatellar bursitis with suprapatellar and medial plicae""]",UNKNOWN,"[""criteria_anatomy_severity_extent_or_timing_insufficient"",""llm_review:Effusion size and joint distension are not specified.""]",KEEP,PASS,PASS,PASS,PASS,PASS,PASS,PASS,GPT-6.1 Sol independent text reviewer C,关节积液明确存在，量级和扩张均未写，UNKNOWN未被伴滑膜炎或滑囊炎强推阳性。
1.2.826.0.1.3680043.8.498.23378338408981699466914366379590099738,Synovitis,781ec995f32488f13f135ce7b809977ad8f233ca61619162efc489c971e8c4a5,PRESENT,"[""hypertrophy of the synovium, indicative of synovitis."",""Synovitis of left knee with suprapatellar bursitis and patellar plicae.""]",YES,[],KEEP,PASS,PASS,PASS,PASS,PASS,PASS,PASS,GPT-6.1 Sol independent text reviewer C,滑膜肥厚直接提示滑膜炎且结论确诊，YES有直接滑膜依据，未仅凭积液共现推断。
1.2.826.0.1.3680043.8.498.23378338408981699466914366379590099738,Baker's,781ec995f32488f13f135ce7b809977ad8f233ca61619162efc489c971e8c4a5,PRESENT,"[""SMall Baker's cyst"",""Small Baker's cyst with perifocal edema over medial popliteal fossa.""]",NO,"[""explicit_subthreshold_or_alternative""]",KEEP,PASS,PASS,PASS,PASS,PASS,PASS,PASS,GPT-6.1 Sol independent text reviewer C,明确小Baker囊肿且内侧腘窝定位，PRESENT但小量级NO有据，周围水肿不提升囊肿大小。
1.2.826.0.1.3680043.8.498.23378338408981699466914366379590099738,Contusion,781ec995f32488f13f135ce7b809977ad8f233ca61619162efc489c971e8c4a5,PRESENT,"[""Tiny subchondral cysts in femoral trochlea; small cystic change over tibial intercondylar eminance.""]",UNKNOWN,"[""criteria_anatomy_severity_extent_or_timing_insufficient"",""llm_review:Osseous cystic abnormalities are reported, but traumatic marrow edema, cause and fracture-line assessment are not stated; these cysts do not establish contusion."",""timing_or_trauma_review""]",KEEP,PASS,PASS,PASS,PASS,PASS,PASS,PASS,GPT-6.1 Sol independent text reviewer C,滑车软骨下囊肿与胫骨棘小囊变均保留骨异常候选；未把这些囊变称创伤水肿或因邻近OA自动全退变归因，UNKNOWN合理。
1.2.826.0.1.3680043.8.498.23378338408981699466914366379590099738,Fracture,781ec995f32488f13f135ce7b809977ad8f233ca61619162efc489c971e8c4a5,NOT_MENTIONED,[],UNKNOWN,[],KEEP,PASS,PASS,PASS,PASS,PASS,PASS,PASS,GPT-6.1 Sol independent text reviewer C,未报告骨折诊断或骨折线，囊变和软骨病不支持推定骨折，未提及正确。
1.2.826.0.1.3680043.8.498.31352187408311685267245948214616940728,ACL,d4d8c09352ccd78d693034837035ebcbd188c335bf927933cd0f96c5c8714bad,ABSENT,"[""Ligamentos cruzados y colaterales dentro de límites normales.""]",NO,[],KEEP,PASS,PASS,PASS,PASS,PASS,PASS,PASS,GPT-6.1 Sol independent text reviewer C,交叉韧带处于正常范围，ACL全面正常有据，ABSENT及NO正确。
1.2.826.0.1.3680043.8.498.31352187408311685267245948214616940728,MCL,d4d8c09352ccd78d693034837035ebcbd188c335bf927933cd0f96c5c8714bad,ABSENT,"[""Ligamentos cruzados y colaterales dentro de límites normales.""]",NO,[],KEEP,PASS,PASS,PASS,PASS,PASS,PASS,PASS,GPT-6.1 Sol independent text reviewer C,侧副韧带均正常覆盖MCL，未把髌腱附着点病变归到MCL，阴性正确。
1.2.826.0.1.3680043.8.498.31352187408311685267245948214616940728,Medial Meniscus,d4d8c09352ccd78d693034837035ebcbd188c335bf927933cd0f96c5c8714bad,ABSENT,"[""Meniscos de morfología y señal conservada, sin criterios categóricos de rotura.""]",NO,[],KEEP,PASS,PASS,PASS,PASS,PASS,PASS,PASS,GPT-6.1 Sol independent text reviewer C,半月板形态和信号保存正常且无明确撕裂标准，两者联合支持内侧NO，不仅凭限定性否定。
1.2.826.0.1.3680043.8.498.31352187408311685267245948214616940728,Lateral Meniscus,d4d8c09352ccd78d693034837035ebcbd188c335bf927933cd0f96c5c8714bad,ABSENT,"[""Meniscos de morfología y señal conservada, sin criterios categóricos de rotura.""]",NO,[],KEEP,PASS,PASS,PASS,PASS,PASS,PASS,PASS,GPT-6.1 Sol independent text reviewer C,外侧同样在半月板形态信号正常复数描述范围内，完整正常支持NO，无侧别混淆。
1.2.826.0.1.3680043.8.498.31352187408311685267245948214616940728,Medial OA,d4d8c09352ccd78d693034837035ebcbd188c335bf927933cd0f96c5c8714bad,ABSENT,"[""Cartílagos de los compartimentos femorotibiales y de la tróclea femoral sin alteraciones.""]",NO,[],KEEP,PASS,PASS,PASS,PASS,PASS,PASS,PASS,GPT-6.1 Sol independent text reviewer C,股胫间室软骨无异常明确包含内侧，未因髌骨软骨溃疡扩为内侧OA，ABSENT及NO合理。
1.2.826.0.1.3680043.8.498.31352187408311685267245948214616940728,Lateral OA,d4d8c09352ccd78d693034837035ebcbd188c335bf927933cd0f96c5c8714bad,ABSENT,"[""Cartílagos de los compartimentos femorotibiales y de la tróclea femoral sin alteraciones.""]",NO,[],KEEP,PASS,PASS,PASS,PASS,PASS,PASS,PASS,GPT-6.1 Sol independent text reviewer C,股胫间室软骨整体无异常覆盖外侧，全面阴性与髌股异常分开，NO正确。
1.2.826.0.1.3680043.8.498.31352187408311685267245948214616940728,PF OA,d4d8c09352ccd78d693034837035ebcbd188c335bf927933cd0f96c5c8714bad,PRESENT,"[""Úlceras\ncondrales de espesor parcial y total de distribución difusa de la rótula, sin cambios óseos\nsecundarios."",""Condropatía lesiones grado 2 y 3 de la rótula""]",UNKNOWN,"[""criteria_anatomy_severity_extent_or_timing_insufficient"",""llm_review:Diffuse patellar cartilage lesions include full-thickness loss, but the extent of high-grade loss is not measured. The numerical grading convention is unspecified."",""negation_scope_review""]",KEEP,PASS,PASS,PASS,PASS,PASS,PASS,PASS,GPT-6.1 Sol independent text reviewer C,髌骨弥漫部分及全层溃疡直接支持存在厚度损失，深度true有据；未测高等级损失长度，UNKNOWN未把弥漫分布换算毫米。
1.2.826.0.1.3680043.8.498.31352187408311685267245948214616940728,Effusion,d4d8c09352ccd78d693034837035ebcbd188c335bf927933cd0f96c5c8714bad,ABSENT,"[""No hay derrame articular y quistes poplíteos.""]",NO,[],KEEP,PASS,PASS,PASS,PASS,PASS,PASS,PASS,GPT-6.1 Sol independent text reviewer C,无关节积液是完整否定，支持NONE与NO，未因髌腱病推断积液。
1.2.826.0.1.3680043.8.498.31352187408311685267245948214616940728,Synovitis,d4d8c09352ccd78d693034837035ebcbd188c335bf927933cd0f96c5c8714bad,NOT_MENTIONED,[],UNKNOWN,[],KEEP,PASS,PASS,PASS,PASS,PASS,PASS,PASS,GPT-6.1 Sol independent text reviewer C,未描述滑膜炎，无积液并不能自动成为滑膜炎阴性，NOT_MENTIONED正确。
1.2.826.0.1.3680043.8.498.31352187408311685267245948214616940728,Baker's,d4d8c09352ccd78d693034837035ebcbd188c335bf927933cd0f96c5c8714bad,ABSENT,"[""No hay derrame articular y quistes poplíteos.""]",NO,[],KEEP,PASS,PASS,PASS,PASS,PASS,PASS,PASS,GPT-6.1 Sol independent text reviewer C,无积液及腘窝囊肿的并列否定覆盖囊肿，排除Baker目标合理，未把未定位正常当病变侧别。
1.2.826.0.1.3680043.8.498.31352187408311685267245948214616940728,Contusion,d4d8c09352ccd78d693034837035ebcbd188c335bf927933cd0f96c5c8714bad,UNCERTAIN,"[""Tendinosis rotuliana proximal con cambios entesopáticos insercionales proximales por lateral y\nmínimos cambios óseos secundarios regionales.""]",UNKNOWN,"[""llm_review:Minimal secondary regional bone changes accompany patellar tendon enthesopathy; marrow edema, traumatic cause and fracture-line status are not specified."",""uncertain_report""]",KEEP,PASS,PASS,PASS,PASS,PASS,PASS,PASS,GPT-6.1 Sol independent text reviewer C,髌腱附着点病伴极小继发局部骨改变，保守记录不明骨候选但未断言水肿或创伤，事实留空与UNKNOWN合理。
1.2.826.0.1.3680043.8.498.31352187408311685267245948214616940728,Fracture,d4d8c09352ccd78d693034837035ebcbd188c335bf927933cd0f96c5c8714bad,NOT_MENTIONED,[],UNKNOWN,[],KEEP,PASS,PASS,PASS,PASS,PASS,PASS,PASS,GPT-6.1 Sol independent text reviewer C,原文未诊断骨折或给骨折线，附着点继发骨改变不能替代骨折，未提及正确。
1.2.826.0.1.3680043.8.498.31082592133742929889611857821843859701,ACL,dfbae3606ee4f9a1c24860ab6522707c6e49e791e8b591083a26341eeb82ded0,ABSENT,"[""Ligamentos cruzados y colaterales dentro de límites normales.""]",NO,[],KEEP,PASS,PASS,PASS,PASS,PASS,PASS,PASS,GPT-6.1 Sol independent text reviewer C,交叉韧带正常明确覆盖ACL，完整阴性事实支持NO，无与骨髓局灶异常串类。
1.2.826.0.1.3680043.8.498.31082592133742929889611857821843859701,MCL,dfbae3606ee4f9a1c24860ab6522707c6e49e791e8b591083a26341eeb82ded0,ABSENT,"[""Ligamentos cruzados y colaterales dentro de límites normales.""]",NO,[],KEEP,PASS,PASS,PASS,PASS,PASS,PASS,PASS,GPT-6.1 Sol independent text reviewer C,侧副韧带均处正常范围，MCL阴性及NO有据，不把髂胫束摩擦当MCL损伤。
1.2.826.0.1.3680043.8.498.31082592133742929889611857821843859701,Medial Meniscus,dfbae3606ee4f9a1c24860ab6522707c6e49e791e8b591083a26341eeb82ded0,ABSENT,"[""Meniscos de morfología y señal conservada, sin criterios categóricos de rotura.""]",NO,[],KEEP,PASS,PASS,PASS,PASS,PASS,PASS,PASS,GPT-6.1 Sol independent text reviewer C,半月板形态信号正常与无明确撕裂标准联合支持内侧NO，限定否定未脱离正常证据。
1.2.826.0.1.3680043.8.498.31082592133742929889611857821843859701,Lateral Meniscus,dfbae3606ee4f9a1c24860ab6522707c6e49e791e8b591083a26341eeb82ded0,ABSENT,"[""Meniscos de morfología y señal conservada, sin criterios categóricos de rotura.""]",NO,[],KEEP,PASS,PASS,PASS,PASS,PASS,PASS,PASS,GPT-6.1 Sol independent text reviewer C,复数半月板正常包括外侧，侧别处理与联合正常证据正确，ABSENT及NO成立。
1.2.826.0.1.3680043.8.498.31082592133742929889611857821843859701,Medial OA,dfbae3606ee4f9a1c24860ab6522707c6e49e791e8b591083a26341eeb82ded0,UNCERTAIN,"[""Cartílagos de los compartimentos femorotibiales con úlceras superficiales de distribución difusa."",""Condropatía con lesiones grado 1 y 2 de los compartimentos femorotibiales y patelofemoral.""]",UNKNOWN,"[""anatomy_missing_or_wrong"",""llm_review:Cartilage depth percentage and numerical extent are not stated; grading convention is unspecified."",""llm_review:Generic femorotibial findings do not separately localize medial compartment disease."",""uncertain_report""]",MASK,PASS,PASS,PASS,PASS,PASS,PASS,PASS,GPT-6.1 Sol independent text reviewer C,股胫表浅弥漫溃疡未逐侧说明，1至2级体系也未给；保守未知内侧范围和阈值，critical MASK合理。
1.2.826.0.1.3680043.8.498.31082592133742929889611857821843859701,Lateral OA,dfbae3606ee4f9a1c24860ab6522707c6e49e791e8b591083a26341eeb82ded0,UNCERTAIN,"[""Cartílagos de los compartimentos femorotibiales con úlceras superficiales de distribución difusa."",""Condropatía con lesiones grado 1 y 2 de los compartimentos femorotibiales y patelofemoral.""]",UNKNOWN,"[""anatomy_missing_or_wrong"",""llm_review:Cartilage depth percentage and numerical extent are not stated; grading convention is unspecified."",""llm_review:Generic femorotibial findings do not separately localize lateral compartment disease."",""uncertain_report""]",MASK,PASS,PASS,PASS,PASS,PASS,PASS,PASS,GPT-6.1 Sol independent text reviewer C,泛称股胫表浅软骨溃疡未逐一分配外侧深度范围，未因髂胫束外侧炎症定位OA，UNKNOWN及critical MASK正确。
1.2.826.0.1.3680043.8.498.31082592133742929889611857821843859701,PF OA,dfbae3606ee4f9a1c24860ab6522707c6e49e791e8b591083a26341eeb82ded0,PRESENT,"[""Cartílagos patelofemorales con úlceras de espesor parcial de distribución difusa."",""Condropatía con lesiones grado 1 y 2 de los compartimentos femorotibiales y patelofemoral.""]",UNKNOWN,"[""criteria_anatomy_severity_extent_or_timing_insufficient"",""llm_review:Partial-thickness loss does not specify whether depth exceeds 50%; grading convention and numerical extent are unspecified.""]",KEEP,PASS,PASS,PASS,PASS,PASS,PASS,PASS,GPT-6.1 Sol independent text reviewer C,髌股弥漫部分厚度溃疡已保留，不将部分厚度直接等同小于50%或把分布转毫米，UNKNOWN合理。
1.2.826.0.1.3680043.8.498.31082592133742929889611857821843859701,Effusion,dfbae3606ee4f9a1c24860ab6522707c6e49e791e8b591083a26341eeb82ded0,ABSENT,"[""No hay significativo derrame articular ni quistes poplíteos.""]",UNKNOWN,"[""llm_review:Qualified negative 'No hay significativo derrame articular' does not explicitly exclude all qualifying effusion or establish severity NONE."",""negative_scope_insufficient""]",KEEP,PASS,PASS,PASS,PASS,PASS,PASS,PASS,GPT-6.1 Sol independent text reviewer C,无显著积液属于程度限定，未补NONE或全面absence；冻结V5保守UNKNOWN正确。
1.2.826.0.1.3680043.8.498.31082592133742929889611857821843859701,Synovitis,dfbae3606ee4f9a1c24860ab6522707c6e49e791e8b591083a26341eeb82ded0,NOT_MENTIONED,[],UNKNOWN,[],KEEP,PASS,PASS,PASS,PASS,PASS,PASS,PASS,GPT-6.1 Sol independent text reviewer C,仅髂胫束附近软组织信号增高及腱病，未写滑膜炎，不推断共现，未提及正确。
1.2.826.0.1.3680043.8.498.31082592133742929889611857821843859701,Baker's,dfbae3606ee4f9a1c24860ab6522707c6e49e791e8b591083a26341eeb82ded0,ABSENT,"[""No hay significativo derrame articular ni quistes poplíteos.""]",NO,[],KEEP,PASS,PASS,PASS,PASS,PASS,PASS,PASS,GPT-6.1 Sol independent text reviewer C,并列语句对积液使用显著修饰，对腘窝囊肿另用ni否定，按无腘窝囊肿排除目标NO有语句依据。
1.2.826.0.1.3680043.8.498.31082592133742929889611857821843859701,Contusion,dfbae3606ee4f9a1c24860ab6522707c6e49e791e8b591083a26341eeb82ded0,PRESENT,"[""No hay alteraciones de señal significativas de la médula ósea, salvo pequeña lesión focal, probablemente condroide de 5 mm de la región metafisaria distal del fémur.""]",UNKNOWN,"[""criteria_anatomy_severity_extent_or_timing_insufficient"",""llm_review:Focal marrow lesion is probably chondroid; traumatic edema is not described."",""llm_review:Qualified marrow negative with an explicit focal exception does not establish blanket absence."",""llm_review:Timing and definitive lesion etiology are unspecified."",""negation_scope_review"",""timing_or_trauma_review""]",KEEP,PASS,PASS,PASS,PASS,PASS,PASS,PASS,GPT-6.1 Sol independent text reviewer C,骨髓无显著异常但明确例外为5mm疑软骨性病灶，保留局灶骨候选且不把限定否定当全阴性，创伤及病因事实未知合理。
1.2.826.0.1.3680043.8.498.31082592133742929889611857821843859701,Fracture,dfbae3606ee4f9a1c24860ab6522707c6e49e791e8b591083a26341eeb82ded0,NOT_MENTIONED,[],UNKNOWN,[],KEEP,PASS,PASS,PASS,PASS,PASS,PASS,PASS,GPT-6.1 Sol independent text reviewer C,疑软骨性病灶不是骨折诊断，未出现骨折线，未提及及UNKNOWN正确。
1.2.826.0.1.3680043.8.498.29735852958813434703969490187047665950,ACL,74e62a07ee492c157bbbc562192431e5d1c8e09c416e0ce154ac1febf56c4255,ABSENT,"[""The ACL, PCL, MCL, and LCL complex are intact""]",NO,[],KEEP,PASS,PASS,PASS,PASS,PASS,PASS,PASS,GPT-6.1 Sol independent text reviewer C,ACL明确完整，限定性的无显著损伤结论不削弱正文完整证据，ABSENT和NO正确。
1.2.826.0.1.3680043.8.498.29735852958813434703969490187047665950,MCL,74e62a07ee492c157bbbc562192431e5d1c8e09c416e0ce154ac1febf56c4255,ABSENT,"[""The ACL, PCL, MCL, and LCL complex are intact""]",NO,[],KEEP,PASS,PASS,PASS,PASS,PASS,PASS,PASS,GPT-6.1 Sol independent text reviewer C,MCL列为完整，未将软骨退变或积液串成韧带损伤，完整阴性支持NO。
1.2.826.0.1.3680043.8.498.29735852958813434703969490187047665950,Medial Meniscus,74e62a07ee492c157bbbc562192431e5d1c8e09c416e0ce154ac1febf56c4255,ABSENT,"[""The medial and lateral menisci are intact""]",NO,"[""side_or_compartment_scope_review""]",KEEP,PASS,PASS,PASS,PASS,PASS,PASS,PASS,GPT-6.1 Sol independent text reviewer C,内外半月板明确完整，内侧NO有直接结构证据，不仅凭结论无显著损伤。
1.2.826.0.1.3680043.8.498.29735852958813434703969490187047665950,Lateral Meniscus,74e62a07ee492c157bbbc562192431e5d1c8e09c416e0ce154ac1febf56c4255,ABSENT,"[""The medial and lateral menisci are intact""]",NO,"[""side_or_compartment_scope_review""]",KEEP,PASS,PASS,PASS,PASS,PASS,PASS,PASS,GPT-6.1 Sol independent text reviewer C,外侧同样在明确完整范围内，侧别准确，ABSENT和NO正确。
1.2.826.0.1.3680043.8.498.29735852958813434703969490187047665950,Medial OA,74e62a07ee492c157bbbc562192431e5d1c8e09c416e0ce154ac1febf56c4255,PRESENT,"[""Thinning and irregularity of articular cartilages are detected in the patellofemoral and bilateral tibiofemoral compartments."",""The cartilage loss is most severe in the medial tibiofemoral compartment, where there is more than 50% cartilage loss.""]",UNKNOWN,"[""criteria_anatomy_severity_extent_or_timing_insufficient"",""llm_review:Cartilage loss exceeds 50%, but its linear extent is not reported.""]",KEEP,PASS,PASS,PASS,PASS,PASS,PASS,PASS,GPT-6.1 Sol independent text reviewer C,内侧股胫明确损失超过50%，深度true有直接数值；长度未给，UNKNOWN未把最严重程度替代范围。
1.2.826.0.1.3680043.8.498.29735852958813434703969490187047665950,Lateral OA,74e62a07ee492c157bbbc562192431e5d1c8e09c416e0ce154ac1febf56c4255,PRESENT,"[""Thinning and irregularity of articular cartilages are detected in the patellofemoral and bilateral tibiofemoral compartments.""]",UNKNOWN,"[""criteria_anatomy_severity_extent_or_timing_insufficient"",""llm_review:Lateral compartment cartilage loss depth and extent are not specified; the overall grade III is not compartment-specific.""]",KEEP,PASS,PASS,PASS,PASS,PASS,PASS,PASS,GPT-6.1 Sol independent text reviewer C,双股胫间室均有变薄不规则，外侧候选存在但未给深度长度，未照搬内侧数值，UNKNOWN合理。
1.2.826.0.1.3680043.8.498.29735852958813434703969490187047665950,PF OA,74e62a07ee492c157bbbc562192431e5d1c8e09c416e0ce154ac1febf56c4255,PRESENT,"[""Thinning and irregularity of articular cartilages are detected in the patellofemoral and bilateral tibiofemoral compartments.""]",UNKNOWN,"[""criteria_anatomy_severity_extent_or_timing_insufficient"",""llm_review:Patellofemoral cartilage loss depth and extent are not specified; the overall grade III is not compartment-specific.""]",KEEP,PASS,PASS,PASS,PASS,PASS,PASS,PASS,GPT-6.1 Sol independent text reviewer C,髌股软骨变薄不规则已保留，总体最高III级不能分配成该间室确定厚度阈值，UNKNOWN正确。
1.2.826.0.1.3680043.8.498.29735852958813434703969490187047665950,Effusion,74e62a07ee492c157bbbc562192431e5d1c8e09c416e0ce154ac1febf56c4255,PRESENT,"[""Joint effusion and fluid in the suprapatellar bursa are 1."",""Joint effusion and fluid in suprapatellar bursa with suspected lipoma arborescens in the lateral aspect of the suprapatellar fossa""]",UNKNOWN,"[""criteria_anatomy_severity_extent_or_timing_insufficient"",""llm_review:The phrase 'are 1' does not establish an interpretable effusion grade; joint distension is not stated.""]",KEEP,PASS,PASS,PASS,PASS,PASS,PASS,PASS,GPT-6.1 Sol independent text reviewer C,积液确定存在但are 1文本异常不可解释为量级，扩张未给，UNKNOWN保守合理。
1.2.826.0.1.3680043.8.498.29735852958813434703969490187047665950,Synovitis,74e62a07ee492c157bbbc562192431e5d1c8e09c416e0ce154ac1febf56c4255,UNCERTAIN,"[""Suspect few lipomatous proliferation of the synovium in the lateral aspect of the suprapatellar bursa."",""Joint effusion and fluid in suprapatellar bursa with suspected lipoma arborescens in the lateral aspect of the suprapatellar fossa""]",UNKNOWN,"[""llm_review:Suspected lipomatous synovial proliferation is described, but synovitis, inflammatory change, or definite synovial thickening is not established."",""uncertain_report""]",KEEP,PASS,PASS,PASS,PASS,PASS,PASS,PASS,GPT-6.1 Sol independent text reviewer C,滑膜脂肪增殖及树枝状脂肪瘤仅疑似，保留不确定滑膜候选而未当确定炎症，UNKNOWN正确。
1.2.826.0.1.3680043.8.498.29735852958813434703969490187047665950,Baker's,74e62a07ee492c157bbbc562192431e5d1c8e09c416e0ce154ac1febf56c4255,ABSENT,"[""No Baker's cyst or other spaceoccupying soft tissue lesion is shown.""]",NO,[],KEEP,PASS,PASS,PASS,PASS,PASS,PASS,PASS,GPT-6.1 Sol independent text reviewer C,明确无Baker囊肿，完整阴性支持NO，骨内囊肿不属于该软组织囊肿。
1.2.826.0.1.3680043.8.498.29735852958813434703969490187047665950,Contusion,74e62a07ee492c157bbbc562192431e5d1c8e09c416e0ce154ac1febf56c4255,ABSENT,"[""No suspicious bone lesion, gross fracture, or bone contusion is shown.""]",NO,[],MASK,FAIL,FAIL,PASS,PASS,PASS,PASS,PASS,GPT-6.1 Sol independent text reviewer C,仅抽无骨挫伤并ABSENT，遗漏近端胫骨小骨内囊肿的候选及良性替代描述，status/evidence FAIL并MASK；无骨挫伤明确否定与骨内囊肿可共存，未推创伤阳性，最终NO单独合理。
1.2.826.0.1.3680043.8.498.29735852958813434703969490187047665950,Fracture,74e62a07ee492c157bbbc562192431e5d1c8e09c416e0ce154ac1febf56c4255,ABSENT,"[""No suspicious bone lesion, gross fracture, or bone contusion is shown.""]",UNKNOWN,"[""llm_review:The negative is limited to gross fracture and does not explicitly exclude subtle or nondisplaced fracture."",""negative_scope_insufficient""]",KEEP,PASS,PASS,PASS,PASS,PASS,PASS,PASS,GPT-6.1 Sol independent text reviewer C,原文仅无gross骨折，范围不足以排除细微无移位骨折；severity未填NONE及UNKNOWN正确。
