StudyInstanceUID,category,reason,critical,evidence,meets_criteria,target,weight,mask,resolution
1.2.826.0.1.3680043.8.498.10058298717414171145622092128156266866,PF OA,criteria_anatomy_severity_extent_or_timing_insufficient,False,"[""Ευµέγεθες περίπου 1,5cm, οστεοχόνδρινο ξένο σώµα παρατηρείται στο έσω κόλπωµα της αρθρικής κοιλότητας."",""Η βλάβη έχει αποσπαστεί από την έσω µοίρα της µεσότητας της επιγονατίδας η οποία έχει µορφολογία Wiberg II.""]",UNKNOWN,,0.0,0,REVIEW_REQUIRED
1.2.826.0.1.3680043.8.498.10058298717414171145622092128156266866,PF OA,"llm_review:Patellar osteochondral detachment is described, but cartilage loss depth and donor-site extent are not quantified.",False,"[""Ευµέγεθες περίπου 1,5cm, οστεοχόνδρινο ξένο σώµα παρατηρείται στο έσω κόλπωµα της αρθρικής κοιλότητας."",""Η βλάβη έχει αποσπαστεί από την έσω µοίρα της µεσότητας της επιγονατίδας η οποία έχει µορφολογία Wiberg II.""]",UNKNOWN,,0.0,0,REVIEW_REQUIRED
1.2.826.0.1.3680043.8.498.10058298717414171145622092128156266866,PF OA,llm_review:The approximately 1.5 cm measurement belongs to the loose body and cannot establish cartilage defect extent.,False,"[""Ευµέγεθες περίπου 1,5cm, οστεοχόνδρινο ξένο σώµα παρατηρείται στο έσω κόλπωµα της αρθρικής κοιλότητας."",""Η βλάβη έχει αποσπαστεί από την έσω µοίρα της µεσότητας της επιγονατίδας η οποία έχει µορφολογία Wiberg II.""]",UNKNOWN,,0.0,0,REVIEW_REQUIRED
1.2.826.0.1.3680043.8.498.10058298717414171145622092128156266866,PF OA,llm_review:Degenerative etiology and acute/chronic timing are unspecified.,False,"[""Ευµέγεθες περίπου 1,5cm, οστεοχόνδρινο ξένο σώµα παρατηρείται στο έσω κόλπωµα της αρθρικής κοιλότητας."",""Η βλάβη έχει αποσπαστεί από την έσω µοίρα της µεσότητας της επιγονατίδας η οποία έχει µορφολογία Wiberg II.""]",UNKNOWN,,0.0,0,REVIEW_REQUIRED
1.2.826.0.1.3680043.8.498.10058298717414171145622092128156266866,Effusion,explicit_subthreshold_or_alternative,False,"[""Μικρό ύδραρθρο σηµειούται στην άρθρωση του γόνατος.""]",NO,0.05,1.0,1,REVIEW_REQUIRED
1.2.826.0.1.3680043.8.498.10058298717414171145622092128156266866,Fracture,uncertain_report,False,"[""Η βλάβη έχει αποσπαστεί από την έσω µοίρα της µεσότητας της επιγονατίδας η οποία έχει µορφολογία Wiberg II."",""Ξένο σώµα οστεοχόνδρινης σύστασης στο έσω πλάγιο κόλπωµα της άρθρωσης, αποσπασθέν από την επιγονατίδα.""]",UNKNOWN,,0.0,0,REVIEW_REQUIRED
1.2.826.0.1.3680043.8.498.10058298717414171145622092128156266866,Fracture,"llm_review:An osteochondral fragment detached from the patella is described; an acute fracture diagnosis, fracture line, and injury timing are not specified.",False,"[""Η βλάβη έχει αποσπαστεί από την έσω µοίρα της µεσότητας της επιγονατίδας η οποία έχει µορφολογία Wiberg II."",""Ξένο σώµα οστεοχόνδρινης σύστασης στο έσω πλάγιο κόλπωµα της άρθρωσης, αποσπασθέν από την επιγονατίδα.""]",UNKNOWN,,0.0,0,REVIEW_REQUIRED
1.2.826.0.1.3680043.8.498.10100718559177860518999368876392117659,Medial OA,negative_scope_insufficient,False,"[""Medial compartment cartilage: No focal full-thickness cartilage defects.""]",UNKNOWN,,0.0,0,REVIEW_REQUIRED
1.2.826.0.1.3680043.8.498.10100718559177860518999368876392117659,Medial OA,llm_review:The negative excludes only focal full-thickness defects; qualifying partial-thickness cartilage loss is not excluded. Cartilage depth and extent are unspecified.,False,"[""Medial compartment cartilage: No focal full-thickness cartilage defects.""]",UNKNOWN,,0.0,0,REVIEW_REQUIRED
1.2.826.0.1.3680043.8.498.10100718559177860518999368876392117659,Lateral OA,negative_scope_insufficient,False,"[""Lateral compartment cartilage: No focal full-thickness cartilage defects.""]",UNKNOWN,,0.0,0,REVIEW_REQUIRED
1.2.826.0.1.3680043.8.498.10100718559177860518999368876392117659,Lateral OA,llm_review:The negative excludes only focal full-thickness defects; qualifying partial-thickness cartilage loss is not excluded. Cartilage depth and extent are unspecified.,False,"[""Lateral compartment cartilage: No focal full-thickness cartilage defects.""]",UNKNOWN,,0.0,0,REVIEW_REQUIRED
1.2.826.0.1.3680043.8.498.10100718559177860518999368876392117659,PF OA,negative_scope_insufficient,False,"[""Patellofemoral compartment cartilage: No focal full-thickness cartilage defects.""]",UNKNOWN,,0.0,0,REVIEW_REQUIRED
1.2.826.0.1.3680043.8.498.10100718559177860518999368876392117659,PF OA,llm_review:The negative excludes only focal full-thickness defects; qualifying partial-thickness cartilage loss is not excluded. Cartilage depth and extent are unspecified.,False,"[""Patellofemoral compartment cartilage: No focal full-thickness cartilage defects.""]",UNKNOWN,,0.0,0,REVIEW_REQUIRED
1.2.826.0.1.3680043.8.498.10135587809070718435691939321937314104,ACL,llm_review:ACL covered by a general statement of preserved ligaments; not individually named.,False,"[""Ligamentos conservados y colaterales de grosor y señal conservados.""]",NO,0.05,1.0,1,REVIEW_REQUIRED
1.2.826.0.1.3680043.8.498.10135587809070718435691939321937314104,Medial Meniscus,history_or_postoperative_scope_review,False,"[""Moderada extrusión del menisco medial, con rotura radial de los dos tercios internos del cuerno\nposterior."",""Rotura compleja de la región corporal, con fibrilación del borde libre, un componente\nvertical oblicuo y otro horizontal, que determina desplazamiento de tejido meniscal al receso\nmenisco tibial."",""Rotura radial prácticamente completa del cuerno posterior del menisco medial""]",YES,0.95,1.0,1,REVIEW_REQUIRED
1.2.826.0.1.3680043.8.498.10135587809070718435691939321937314104,Lateral Meniscus,explicit_subthreshold_or_alternative,False,"[""El menisco lateral presenta fibrilación difusa de su borde libre, con alteración de señal\nintrasustancia del cuerno anterior de carácter degenerativo."",""Cambios degenerativos del menisco lateral, con fibrilación difusa del borde libre.""]",NO,0.05,1.0,1,REVIEW_REQUIRED
1.2.826.0.1.3680043.8.498.10135587809070718435691939321937314104,Lateral Meniscus,llm_review:Degenerative intrasubstance signal and free-edge fibrillation; no definite tear diagnosis.,False,"[""El menisco lateral presenta fibrilación difusa de su borde libre, con alteración de señal\nintrasustancia del cuerno anterior de carácter degenerativo."",""Cambios degenerativos del menisco lateral, con fibrilación difusa del borde libre.""]",NO,0.05,1.0,1,REVIEW_REQUIRED
1.2.826.0.1.3680043.8.498.10135587809070718435691939321937314104,Medial OA,criteria_anatomy_severity_extent_or_timing_insufficient,False,"[""Adelgazamiento condral difuso de espesor total de la región anterior y central de carga del\ncompartimento femorotibial medial."",""Condropatía femorotibial medial difusa grado 4, con edema óseo regional sugerente de\nfenómenos de sobrecarga.""]",UNKNOWN,0.9,0.25,1,REVIEW_REQUIRED
1.2.826.0.1.3680043.8.498.10135587809070718435691939321937314104,Medial OA,"llm_review:Diffuse full-thickness loss is described, but its extent is not quantified against the approximately 10 mm threshold.",False,"[""Adelgazamiento condral difuso de espesor total de la región anterior y central de carga del\ncompartimento femorotibial medial."",""Condropatía femorotibial medial difusa grado 4, con edema óseo regional sugerente de\nfenómenos de sobrecarga.""]",UNKNOWN,0.9,0.25,1,REVIEW_REQUIRED
1.2.826.0.1.3680043.8.498.10135587809070718435691939321937314104,Lateral OA,explicit_subthreshold_or_alternative,False,"[""Irregularidad superficial difusa del cartílago del compartimento femorotibial lateral."",""Condropatía femorotibial lateral grado 2.""]",NO,0.05,1.0,1,REVIEW_REQUIRED
1.2.826.0.1.3680043.8.498.10135587809070718435691939321937314104,Lateral OA,llm_review:Only superficial cartilage irregularity is described; grading convention and measured extent are unspecified.,False,"[""Irregularidad superficial difusa del cartílago del compartimento femorotibial lateral."",""Condropatía femorotibial lateral grado 2.""]",NO,0.05,1.0,1,REVIEW_REQUIRED
1.2.826.0.1.3680043.8.498.10135587809070718435691939321937314104,PF OA,criteria_anatomy_severity_extent_or_timing_insufficient,False,"[""Moderado adelgazamiento condral con úlceras de espesor total en la región central y faceta\nmedial de la patela."",""Irregularidad superficial difusa del cartílago troclear, con adelgazamiento de\nespesor moderado en la vertiente medial."",""Condropatía patelar grado 3-4 y troclear grado 2-3.""]",UNKNOWN,0.65,0.25,1,REVIEW_REQUIRED
1.2.826.0.1.3680043.8.498.10135587809070718435691939321937314104,PF OA,"llm_review:Full-thickness patellar ulcers are present, but their extent is not quantified.",False,"[""Moderado adelgazamiento condral con úlceras de espesor total en la región central y faceta\nmedial de la patela."",""Irregularidad superficial difusa del cartílago troclear, con adelgazamiento de\nespesor moderado en la vertiente medial."",""Condropatía patelar grado 3-4 y troclear grado 2-3.""]",UNKNOWN,0.65,0.25,1,REVIEW_REQUIRED
1.2.826.0.1.3680043.8.498.10135587809070718435691939321937314104,Effusion,criteria_anatomy_severity_extent_or_timing_insufficient,False,"[""Leve a moderado derrame articular""]",UNKNOWN,0.45,0.25,1,REVIEW_REQUIRED
1.2.826.0.1.3680043.8.498.10135587809070718435691939321937314104,Effusion,llm_review:Severity spans mild to moderate; joint distension is not described.,False,"[""Leve a moderado derrame articular""]",UNKNOWN,0.45,0.25,1,REVIEW_REQUIRED
1.2.826.0.1.3680043.8.498.10135587809070718435691939321937314104,Contusion,explicit_subthreshold_or_alternative,False,"[""moderado edema óseo regional de ambas\nsuperficies, con esclerosis subcondral y osteofitos marginales."",""Condropatía femorotibial medial difusa grado 4, con edema óseo regional sugerente de\nfenómenos de sobrecarga.""]",NO,0.05,1.0,1,REVIEW_REQUIRED
1.2.826.0.1.3680043.8.498.10135587809070718435691939321937314104,Contusion,llm_review:The reported marrow edema accompanies degenerative chondropathy and is attributed to overload; no traumatic contusion diagnosis or lesion-specific fracture-line assessment is provided.,False,"[""moderado edema óseo regional de ambas\nsuperficies, con esclerosis subcondral y osteofitos marginales."",""Condropatía femorotibial medial difusa grado 4, con edema óseo regional sugerente de\nfenómenos de sobrecarga.""]",NO,0.05,1.0,1,REVIEW_REQUIRED
1.2.826.0.1.3680043.8.498.10147180484860577398303524379319212586,ACL,explicit_subthreshold_or_alternative,False,"[""Anterior çapraz bağda mukoid dejenerasyona sekonder diffüz kalınlaşma ve sinyal artışı izlenmiştir.""]",NO,0.05,1.0,1,REVIEW_REQUIRED
1.2.826.0.1.3680043.8.498.10147180484860577398303524379319212586,ACL,llm_review:Mucoid degeneration is subthreshold; no definite high-grade tear is described.,False,"[""Anterior çapraz bağda mukoid dejenerasyona sekonder diffüz kalınlaşma ve sinyal artışı izlenmiştir.""]",NO,0.05,1.0,1,REVIEW_REQUIRED
1.2.826.0.1.3680043.8.498.10147180484860577398303524379319212586,ACL,llm_review:Timing is unspecified.,False,"[""Anterior çapraz bağda mukoid dejenerasyona sekonder diffüz kalınlaşma ve sinyal artışı izlenmiştir.""]",NO,0.05,1.0,1,REVIEW_REQUIRED
1.2.826.0.1.3680043.8.498.10147180484860577398303524379319212586,MCL,timing_or_trauma_review,False,"[""Medial kollateral ligamende periligamentöz ödem izlenmiştir."",""Medial kollateral ligamande grade I sprain.""]",NO,0.05,1.0,1,REVIEW_REQUIRED
1.2.826.0.1.3680043.8.498.10147180484860577398303524379319212586,MCL,explicit_subthreshold_or_alternative,False,"[""Medial kollateral ligamende periligamentöz ödem izlenmiştir."",""Medial kollateral ligamande grade I sprain.""]",NO,0.05,1.0,1,REVIEW_REQUIRED
1.2.826.0.1.3680043.8.498.10147180484860577398303524379319212586,MCL,llm_review:Grade I sprain is subthreshold.,False,"[""Medial kollateral ligamende periligamentöz ödem izlenmiştir."",""Medial kollateral ligamande grade I sprain.""]",NO,0.05,1.0,1,REVIEW_REQUIRED
1.2.826.0.1.3680043.8.498.10147180484860577398303524379319212586,MCL,llm_review:Acute timing is not explicitly established.,False,"[""Medial kollateral ligamende periligamentöz ödem izlenmiştir."",""Medial kollateral ligamande grade I sprain.""]",NO,0.05,1.0,1,REVIEW_REQUIRED
1.2.826.0.1.3680043.8.498.10147180484860577398303524379319212586,Medial Meniscus,history_or_postoperative_scope_review,False,"[""Medial menisküs diz ekleminde 3.5 mm mediale ekstrüdedir."",""Menisküste volüm kaybı, posterior horn ve gövde kesimde grade III dejenerasyon izlenmiştir."",""Medial menisküste volüm kaybı, medial ekstrüzyon ve grade III meniskopatiler.""]",UNKNOWN,,0.0,0,REVIEW_REQUIRED
1.2.826.0.1.3680043.8.498.10147180484860577398303524379319212586,Medial Meniscus,criteria_anatomy_severity_extent_or_timing_insufficient,False,"[""Medial menisküs diz ekleminde 3.5 mm mediale ekstrüdedir."",""Menisküste volüm kaybı, posterior horn ve gövde kesimde grade III dejenerasyon izlenmiştir."",""Medial menisküste volüm kaybı, medial ekstrüzyon ve grade III meniskopatiler.""]",UNKNOWN,,0.0,0,REVIEW_REQUIRED
1.2.826.0.1.3680043.8.498.10147180484860577398303524379319212586,Medial Meniscus,llm_review:Grade III degeneration/meniscopathy is reported without an explicit tear diagnosis or defined grading convention.,False,"[""Medial menisküs diz ekleminde 3.5 mm mediale ekstrüdedir."",""Menisküste volüm kaybı, posterior horn ve gövde kesimde grade III dejenerasyon izlenmiştir."",""Medial menisküste volüm kaybı, medial ekstrüzyon ve grade III meniskopatiler.""]",UNKNOWN,,0.0,0,REVIEW_REQUIRED
1.2.826.0.1.3680043.8.498.10147180484860577398303524379319212586,Medial Meniscus,llm_review:Volume loss and extrusion do not independently establish a tear.,False,"[""Medial menisküs diz ekleminde 3.5 mm mediale ekstrüdedir."",""Menisküste volüm kaybı, posterior horn ve gövde kesimde grade III dejenerasyon izlenmiştir."",""Medial menisküste volüm kaybı, medial ekstrüzyon ve grade III meniskopatiler.""]",UNKNOWN,,0.0,0,REVIEW_REQUIRED
1.2.826.0.1.3680043.8.498.10147180484860577398303524379319212586,Medial Meniscus,llm_review:Timing is unspecified.,False,"[""Medial menisküs diz ekleminde 3.5 mm mediale ekstrüdedir."",""Menisküste volüm kaybı, posterior horn ve gövde kesimde grade III dejenerasyon izlenmiştir."",""Medial menisküste volüm kaybı, medial ekstrüzyon ve grade III meniskopatiler.""]",UNKNOWN,,0.0,0,REVIEW_REQUIRED
1.2.826.0.1.3680043.8.498.10147180484860577398303524379319212586,Lateral Meniscus,explicit_subthreshold_or_alternative,False,"[""Lateral menisküs anterior hornu ve gövde kesimde grade II dejenerasyon izlenmiştir."",""Lateral menisküste grade II meniskopati.""]",NO,0.05,1.0,1,REVIEW_REQUIRED
1.2.826.0.1.3680043.8.498.10147180484860577398303524379319212586,Lateral Meniscus,llm_review:Grade II degeneration is subthreshold; no definite tear diagnosis is reported.,False,"[""Lateral menisküs anterior hornu ve gövde kesimde grade II dejenerasyon izlenmiştir."",""Lateral menisküste grade II meniskopati.""]",NO,0.05,1.0,1,REVIEW_REQUIRED
1.2.826.0.1.3680043.8.498.10147180484860577398303524379319212586,Lateral Meniscus,llm_review:Timing is unspecified.,False,"[""Lateral menisküs anterior hornu ve gövde kesimde grade II dejenerasyon izlenmiştir."",""Lateral menisküste grade II meniskopati.""]",NO,0.05,1.0,1,REVIEW_REQUIRED
1.2.826.0.1.3680043.8.498.10147180484860577398303524379319212586,Medial OA,criteria_anatomy_severity_extent_or_timing_insufficient,False,"[""Tibiofemoral eklem medialde eklem aralığında daralma, ekleme komşu femur medial kondilde subkondral milimetrik kistler ve ödem izlenmiştir."",""Bu düzeyde femoral ve tibial kartilajda incelme ve destrüksiyon izlenmiştir."",""bulgular dejeneratif artrit lehine yorumlandı.""]",UNKNOWN,,0.0,0,REVIEW_REQUIRED
1.2.826.0.1.3680043.8.498.10147180484860577398303524379319212586,Medial OA,"llm_review:Medial cartilage thinning and destruction are reported, but percentage thickness loss and cartilage lesion extent are unspecified.",False,"[""Tibiofemoral eklem medialde eklem aralığında daralma, ekleme komşu femur medial kondilde subkondral milimetrik kistler ve ödem izlenmiştir."",""Bu düzeyde femoral ve tibial kartilajda incelme ve destrüksiyon izlenmiştir."",""bulgular dejeneratif artrit lehine yorumlandı.""]",UNKNOWN,,0.0,0,REVIEW_REQUIRED
1.2.826.0.1.3680043.8.498.10147180484860577398303524379319212586,Medial OA,"llm_review:Millimetric measurements refer to subchondral cysts, not cartilage loss extent.",False,"[""Tibiofemoral eklem medialde eklem aralığında daralma, ekleme komşu femur medial kondilde subkondral milimetrik kistler ve ödem izlenmiştir."",""Bu düzeyde femoral ve tibial kartilajda incelme ve destrüksiyon izlenmiştir."",""bulgular dejeneratif artrit lehine yorumlandı.""]",UNKNOWN,,0.0,0,REVIEW_REQUIRED
1.2.826.0.1.3680043.8.498.10147180484860577398303524379319212586,Lateral OA,criteria_anatomy_severity_extent_or_timing_insufficient,False,"[""Diz eklemini oluşturan her üç kompartmanda santral-marjinal osteofit formasyonu izlenmiştir."",""Gonartroz""]",UNKNOWN,,0.0,0,REVIEW_REQUIRED
1.2.826.0.1.3680043.8.498.10147180484860577398303524379319212586,Lateral OA,"llm_review:Tricompartmental osteophytes support lateral degenerative disease, but lateral cartilage loss depth and extent are not reported.",False,"[""Diz eklemini oluşturan her üç kompartmanda santral-marjinal osteofit formasyonu izlenmiştir."",""Gonartroz""]",UNKNOWN,,0.0,0,REVIEW_REQUIRED
1.2.826.0.1.3680043.8.498.10147180484860577398303524379319212586,PF OA,criteria_anatomy_severity_extent_or_timing_insufficient,False,"[""Diz eklemini oluşturan her üç kompartmanda santral-marjinal osteofit formasyonu izlenmiştir."",""Gonartroz""]",UNKNOWN,,0.0,0,REVIEW_REQUIRED
1.2.826.0.1.3680043.8.498.10147180484860577398303524379319212586,PF OA,"llm_review:Tricompartmental osteophytes support patellofemoral degenerative disease, but patellofemoral cartilage loss depth and extent are not reported.",False,"[""Diz eklemini oluşturan her üç kompartmanda santral-marjinal osteofit formasyonu izlenmiştir."",""Gonartroz""]",UNKNOWN,,0.0,0,REVIEW_REQUIRED
1.2.826.0.1.3680043.8.498.10147180484860577398303524379319212586,Effusion,criteria_anatomy_severity_extent_or_timing_insufficient,False,"[""Suprapatellar bursa ve diz eklem mesafesinde sıvı artışı izlenmektedir.""]",UNKNOWN,,0.0,0,REVIEW_REQUIRED
1.2.826.0.1.3680043.8.498.10147180484860577398303524379319212586,Effusion,"llm_review:Intra-articular fluid is increased, but volume severity and joint distension are unspecified.",False,"[""Suprapatellar bursa ve diz eklem mesafesinde sıvı artışı izlenmektedir.""]",UNKNOWN,,0.0,0,REVIEW_REQUIRED
1.2.826.0.1.3680043.8.498.10147180484860577398303524379319212586,Effusion,llm_review:Timing is unspecified.,False,"[""Suprapatellar bursa ve diz eklem mesafesinde sıvı artışı izlenmektedir.""]",UNKNOWN,,0.0,0,REVIEW_REQUIRED
1.2.826.0.1.3680043.8.498.10147180484860577398303524379319212586,Synovitis,llm_review:Severity and timing are unspecified.,False,"[""diz ekleminde sinovit""]",YES,0.95,1.0,1,REVIEW_REQUIRED
1.2.826.0.1.3680043.8.498.10147180484860577398303524379319212586,Contusion,uncertain_report,False,"[""Tibia interkondiler eminens anterior çapraz bağ yapışma düzeyinde medüller kemik iliğinde ödem ile uyumlu sinyal değişikliği izlenmiştir."",""Tibiofemoral eklem medialde eklem aralığında daralma, ekleme komşu femur medial kondilde subkondral milimetrik kistler ve ödem izlenmiştir."",""bulgular dejeneratif artrit lehine yorumlandı.""]",UNKNOWN,,0.0,0,REVIEW_REQUIRED
1.2.826.0.1.3680043.8.498.10147180484860577398303524379319212586,Contusion,llm_review:Tibial marrow edema is reported without a traumatic attribution or explicit exclusion of a fracture line.,False,"[""Tibia interkondiler eminens anterior çapraz bağ yapışma düzeyinde medüller kemik iliğinde ödem ile uyumlu sinyal değişikliği izlenmiştir."",""Tibiofemoral eklem medialde eklem aralığında daralma, ekleme komşu femur medial kondilde subkondral milimetrik kistler ve ödem izlenmiştir."",""bulgular dejeneratif artrit lehine yorumlandı.""]",UNKNOWN,,0.0,0,REVIEW_REQUIRED
1.2.826.0.1.3680043.8.498.10147180484860577398303524379319212586,Contusion,llm_review:Medial femoral subchondral edema accompanies degenerative arthritis; the cause of tibial edema is unspecified.,False,"[""Tibia interkondiler eminens anterior çapraz bağ yapışma düzeyinde medüller kemik iliğinde ödem ile uyumlu sinyal değişikliği izlenmiştir."",""Tibiofemoral eklem medialde eklem aralığında daralma, ekleme komşu femur medial kondilde subkondral milimetrik kistler ve ödem izlenmiştir."",""bulgular dejeneratif artrit lehine yorumlandı.""]",UNKNOWN,,0.0,0,REVIEW_REQUIRED
1.2.826.0.1.3680043.8.498.10147180484860577398303524379319212586,Contusion,llm_review:Timing is unspecified.,False,"[""Tibia interkondiler eminens anterior çapraz bağ yapışma düzeyinde medüller kemik iliğinde ödem ile uyumlu sinyal değişikliği izlenmiştir."",""Tibiofemoral eklem medialde eklem aralığında daralma, ekleme komşu femur medial kondilde subkondral milimetrik kistler ve ödem izlenmiştir."",""bulgular dejeneratif artrit lehine yorumlandı.""]",UNKNOWN,,0.0,0,REVIEW_REQUIRED
1.2.826.0.1.3680043.8.498.10147717839726734017869499799005084725,MCL,uncertain_report,False,"[""İç yan bağın femoral tarafındaki hafif kalınlaşma eski zedelenme sekeli olabilir.""]",UNKNOWN,0.05,0.25,1,REVIEW_REQUIRED
1.2.826.0.1.3680043.8.498.10147717839726734017869499799005084725,MCL,llm_review:Mild thickening may represent an old injury sequela; an acute high-grade tear is not established.,False,"[""İç yan bağın femoral tarafındaki hafif kalınlaşma eski zedelenme sekeli olabilir.""]",UNKNOWN,0.05,0.25,1,REVIEW_REQUIRED
1.2.826.0.1.3680043.8.498.10147717839726734017869499799005084725,Lateral Meniscus,uncertain_report,False,"[""Lateral menisküsün korpus kesiminde serbest kenardaki yırtık püsküllenme biçiminde olabilir.""]",UNKNOWN,0.6,0.25,1,REVIEW_REQUIRED
1.2.826.0.1.3680043.8.498.10147717839726734017869499799005084725,Lateral Meniscus,llm_review:The wording may qualify the tear itself or only its fraying morphology.,False,"[""Lateral menisküsün korpus kesiminde serbest kenardaki yırtık püsküllenme biçiminde olabilir.""]",UNKNOWN,0.6,0.25,1,REVIEW_REQUIRED
1.2.826.0.1.3680043.8.498.10147717839726734017869499799005084725,Medial OA,criteria_anatomy_severity_extent_or_timing_insufficient,False,"[""Diz eklemindeki trikompartmantal dejeneratif eklem hastalığı""]",UNKNOWN,,0.0,0,REVIEW_REQUIRED
1.2.826.0.1.3680043.8.498.10147717839726734017869499799005084725,Medial OA,"llm_review:Tricompartmental disease includes the medial compartment, but medial cartilage-loss depth and extent are unspecified.",False,"[""Diz eklemindeki trikompartmantal dejeneratif eklem hastalığı""]",UNKNOWN,,0.0,0,REVIEW_REQUIRED
1.2.826.0.1.3680043.8.498.10147717839726734017869499799005084725,Lateral OA,criteria_anatomy_severity_extent_or_timing_insufficient,False,"[""Diz eklemindeki trikompartmantal dejeneratif eklem hastalığı""]",UNKNOWN,,0.0,0,REVIEW_REQUIRED
1.2.826.0.1.3680043.8.498.10147717839726734017869499799005084725,Lateral OA,"llm_review:Tricompartmental disease includes the lateral compartment, but lateral cartilage-loss depth and extent are unspecified.",False,"[""Diz eklemindeki trikompartmantal dejeneratif eklem hastalığı""]",UNKNOWN,,0.0,0,REVIEW_REQUIRED
1.2.826.0.1.3680043.8.498.10147717839726734017869499799005084725,PF OA,criteria_anatomy_severity_extent_or_timing_insufficient,False,"[""Diz eklemindeki trikompartmantal dejeneratif eklem hastalığı patellofemoral kompartmanda en belirgin ve lateral patellar faset ile patella apeksinde tam kata ulaşan eklem kıkırdağı kaybı ve dejenerasyonu, subkondral medüller fibrokistik ve fibrovasküler değişiklikler ve marjinal osteofitlerle karakterize.""]",UNKNOWN,,0.0,0,REVIEW_REQUIRED
1.2.826.0.1.3680043.8.498.10147717839726734017869499799005084725,PF OA,"llm_review:Full-thickness cartilage loss is reported, but its extent is not measured.",False,"[""Diz eklemindeki trikompartmantal dejeneratif eklem hastalığı patellofemoral kompartmanda en belirgin ve lateral patellar faset ile patella apeksinde tam kata ulaşan eklem kıkırdağı kaybı ve dejenerasyonu, subkondral medüller fibrokistik ve fibrovasküler değişiklikler ve marjinal osteofitlerle karakterize.""]",UNKNOWN,,0.0,0,REVIEW_REQUIRED
1.2.826.0.1.3680043.8.498.10147717839726734017869499799005084725,Effusion,explicit_subthreshold_or_alternative,False,"[""Diz eklemi içi sıvı miktarı minimal artmış.""]",NO,0.05,1.0,1,REVIEW_REQUIRED
1.2.826.0.1.3680043.8.498.10207134048598925821261298801127950516,ACL,history_or_postoperative_scope_review,False,"[""Autrement le ligament croisé antérieur, le ligament croisé postérieur, le ménisque interne, le ménisque externe, le mécanisme des extenseurs, le ligament collatéral interne, le semi-membraneux, le muscle et tendon du poplité, le biceps femoris distal, le ligament collatéral externe et la bandelette ilio-tibiale sont sans particularité.""]",NO,0.05,1.0,1,REVIEW_REQUIRED
1.2.826.0.1.3680043.8.498.10207134048598925821261298801127950516,MCL,history_or_postoperative_scope_review,False,"[""Autrement le ligament croisé antérieur, le ligament croisé postérieur, le ménisque interne, le ménisque externe, le mécanisme des extenseurs, le ligament collatéral interne, le semi-membraneux, le muscle et tendon du poplité, le biceps femoris distal, le ligament collatéral externe et la bandelette ilio-tibiale sont sans particularité.""]",NO,0.05,1.0,1,REVIEW_REQUIRED
1.2.826.0.1.3680043.8.498.10207134048598925821261298801127950516,Medial Meniscus,history_or_postoperative_scope_review,False,"[""Autrement le ligament croisé antérieur, le ligament croisé postérieur, le ménisque interne, le ménisque externe, le mécanisme des extenseurs, le ligament collatéral interne, le semi-membraneux, le muscle et tendon du poplité, le biceps femoris distal, le ligament collatéral externe et la bandelette ilio-tibiale sont sans particularité.""]",NO,0.05,1.0,1,REVIEW_REQUIRED
1.2.826.0.1.3680043.8.498.10207134048598925821261298801127950516,Medial Meniscus,side_or_compartment_scope_review,False,"[""Autrement le ligament croisé antérieur, le ligament croisé postérieur, le ménisque interne, le ménisque externe, le mécanisme des extenseurs, le ligament collatéral interne, le semi-membraneux, le muscle et tendon du poplité, le biceps femoris distal, le ligament collatéral externe et la bandelette ilio-tibiale sont sans particularité.""]",NO,0.05,1.0,1,REVIEW_REQUIRED
1.2.826.0.1.3680043.8.498.10207134048598925821261298801127950516,Lateral Meniscus,history_or_postoperative_scope_review,False,"[""Autrement le ligament croisé antérieur, le ligament croisé postérieur, le ménisque interne, le ménisque externe, le mécanisme des extenseurs, le ligament collatéral interne, le semi-membraneux, le muscle et tendon du poplité, le biceps femoris distal, le ligament collatéral externe et la bandelette ilio-tibiale sont sans particularité.""]",NO,0.05,1.0,1,REVIEW_REQUIRED
1.2.826.0.1.3680043.8.498.10207134048598925821261298801127950516,Lateral Meniscus,side_or_compartment_scope_review,False,"[""Autrement le ligament croisé antérieur, le ligament croisé postérieur, le ménisque interne, le ménisque externe, le mécanisme des extenseurs, le ligament collatéral interne, le semi-membraneux, le muscle et tendon du poplité, le biceps femoris distal, le ligament collatéral externe et la bandelette ilio-tibiale sont sans particularité.""]",NO,0.05,1.0,1,REVIEW_REQUIRED
1.2.826.0.1.3680043.8.498.10207134048598925821261298801127950516,Medial OA,anatomy_missing_or_wrong,True,"[""Le cartilage articulaire est préservé.""]",UNKNOWN,,0.0,0,MASKED_BY_TEXT_REVIEW
1.2.826.0.1.3680043.8.498.10207134048598925821261298801127950516,Medial OA,llm_review:Global cartilage preservation supports absence across compartments; the medial compartment is not individually named.,False,"[""Le cartilage articulaire est préservé.""]",UNKNOWN,,0.0,0,MASKED_BY_TEXT_REVIEW
1.2.826.0.1.3680043.8.498.10207134048598925821261298801127950516,Medial OA,pilot_text_review_mask,False,"[""Le cartilage articulaire est préservé.""]",UNKNOWN,,0.0,0,MASKED_BY_TEXT_REVIEW
1.2.826.0.1.3680043.8.498.10207134048598925821261298801127950516,Lateral OA,anatomy_missing_or_wrong,True,"[""Le cartilage articulaire est préservé.""]",UNKNOWN,,0.0,0,MASKED_BY_TEXT_REVIEW
1.2.826.0.1.3680043.8.498.10207134048598925821261298801127950516,Lateral OA,llm_review:Global cartilage preservation supports absence across compartments; the lateral compartment is not individually named.,False,"[""Le cartilage articulaire est préservé.""]",UNKNOWN,,0.0,0,MASKED_BY_TEXT_REVIEW
1.2.826.0.1.3680043.8.498.10207134048598925821261298801127950516,Lateral OA,pilot_text_review_mask,False,"[""Le cartilage articulaire est préservé.""]",UNKNOWN,,0.0,0,MASKED_BY_TEXT_REVIEW
1.2.826.0.1.3680043.8.498.10207134048598925821261298801127950516,PF OA,anatomy_missing_or_wrong,True,"[""Le cartilage articulaire est préservé.""]",UNKNOWN,,0.0,0,MASKED_BY_TEXT_REVIEW
1.2.826.0.1.3680043.8.498.10207134048598925821261298801127950516,PF OA,llm_review:Global cartilage preservation supports absence across compartments; the patellofemoral compartment is not individually named.,False,"[""Le cartilage articulaire est préservé.""]",UNKNOWN,,0.0,0,MASKED_BY_TEXT_REVIEW
1.2.826.0.1.3680043.8.498.10207134048598925821261298801127950516,PF OA,pilot_text_review_mask,False,"[""Le cartilage articulaire est préservé.""]",UNKNOWN,,0.0,0,MASKED_BY_TEXT_REVIEW
1.2.826.0.1.3680043.8.498.10207134048598925821261298801127950516,Effusion,llm_review:The negative excludes significant effusion but does not explicitly exclude trace fluid.,False,"[""Il n'y a pas d'épanchement significatif ou de kyste poplité.""]",NO,0.05,1.0,1,REVIEW_REQUIRED
1.2.826.0.1.3680043.8.498.10274956886032850418742861294277331382,Medial OA,negative_scope_insufficient,False,"[""Medial compartment cartilage: No focal cartilage defects.""]",UNKNOWN,,0.0,0,REVIEW_REQUIRED
1.2.826.0.1.3680043.8.498.10274956886032850418742861294277331382,Medial OA,llm_review:Negative statement is limited to focal cartilage defects; diffuse cartilage thinning is not explicitly excluded.,False,"[""Medial compartment cartilage: No focal cartilage defects.""]",UNKNOWN,,0.0,0,REVIEW_REQUIRED
1.2.826.0.1.3680043.8.498.10274956886032850418742861294277331382,Lateral OA,negative_scope_insufficient,False,"[""Lateral compartment cartilage: No focal cartilage defects.""]",UNKNOWN,,0.0,0,REVIEW_REQUIRED
1.2.826.0.1.3680043.8.498.10274956886032850418742861294277331382,Lateral OA,llm_review:Negative statement is limited to focal cartilage defects; diffuse cartilage thinning is not explicitly excluded.,False,"[""Lateral compartment cartilage: No focal cartilage defects.""]",UNKNOWN,,0.0,0,REVIEW_REQUIRED
1.2.826.0.1.3680043.8.498.10274956886032850418742861294277331382,PF OA,criteria_anatomy_severity_extent_or_timing_insufficient,False,"[""Full-thickness cartilage fissuring medial patellar facet and median ridge with subchondral bone marrow edema."",""Partial-thickness cartilage loss lateral patellar facet."",""Full-thickness cartilage fissuring central trochlea with subchondral cystic change and intense subchondral bone marrow edema."",""Findings of active lateral patellar maltracking with high grade patellofemoral chondrosis.""]",UNKNOWN,,0.0,0,REVIEW_REQUIRED
1.2.826.0.1.3680043.8.498.10274956886032850418742861294277331382,PF OA,"llm_review:Full-thickness fissuring is described, but cartilage thickness loss greater than 50% is not explicitly established.",False,"[""Full-thickness cartilage fissuring medial patellar facet and median ridge with subchondral bone marrow edema."",""Partial-thickness cartilage loss lateral patellar facet."",""Full-thickness cartilage fissuring central trochlea with subchondral cystic change and intense subchondral bone marrow edema."",""Findings of active lateral patellar maltracking with high grade patellofemoral chondrosis.""]",UNKNOWN,,0.0,0,REVIEW_REQUIRED
1.2.826.0.1.3680043.8.498.10274956886032850418742861294277331382,PF OA,llm_review:Cartilage lesion extent is not reported; the TT-TG measurement is not cartilage lesion extent.,False,"[""Full-thickness cartilage fissuring medial patellar facet and median ridge with subchondral bone marrow edema."",""Partial-thickness cartilage loss lateral patellar facet."",""Full-thickness cartilage fissuring central trochlea with subchondral cystic change and intense subchondral bone marrow edema."",""Findings of active lateral patellar maltracking with high grade patellofemoral chondrosis.""]",UNKNOWN,,0.0,0,REVIEW_REQUIRED
1.2.826.0.1.3680043.8.498.10274956886032850418742861294277331382,PF OA,llm_review:Timing is unspecified.,False,"[""Full-thickness cartilage fissuring medial patellar facet and median ridge with subchondral bone marrow edema."",""Partial-thickness cartilage loss lateral patellar facet."",""Full-thickness cartilage fissuring central trochlea with subchondral cystic change and intense subchondral bone marrow edema."",""Findings of active lateral patellar maltracking with high grade patellofemoral chondrosis.""]",UNKNOWN,,0.0,0,REVIEW_REQUIRED
1.2.826.0.1.3680043.8.498.10274956886032850418742861294277331382,Baker's,explicit_subthreshold_or_alternative,False,"[""Small partially ruptured Baker's cyst.""]",NO,0.05,1.0,1,REVIEW_REQUIRED
1.2.826.0.1.3680043.8.498.10274956886032850418742861294277331382,Baker's,llm_review:Small cyst is below the moderate/large size threshold.,False,"[""Small partially ruptured Baker's cyst.""]",NO,0.05,1.0,1,REVIEW_REQUIRED
1.2.826.0.1.3680043.8.498.10274956886032850418742861294277331382,Baker's,llm_review:Partial rupture is described; timing is unspecified.,False,"[""Small partially ruptured Baker's cyst.""]",NO,0.05,1.0,1,REVIEW_REQUIRED
1.2.826.0.1.3680043.8.498.10459901081962705567398560859229437818,ACL,llm_review:Tear timing is unspecified.,False,"[""Complete loss of normal ACL with deformed residual distal ACL part is detected."",""Complete tear of ACL""]",YES,0.95,1.0,1,REVIEW_REQUIRED
1.2.826.0.1.3680043.8.498.10459901081962705567398560859229437818,MCL,history_or_postoperative_scope_review,False,"[""Mild thickened hyperintense deep proximal MCL attached site , associated with small bone fragment, about 8x4mm., at the medial femoral condyle, could be old avulsion injury of  deep proximal MCL"",""Old avulsion injury of  deep proximal MCL""]",UNKNOWN,0.01,0.25,1,REVIEW_REQUIRED
1.2.826.0.1.3680043.8.498.10459901081962705567398560859229437818,MCL,criteria_anatomy_severity_extent_or_timing_insufficient,False,"[""Mild thickened hyperintense deep proximal MCL attached site , associated with small bone fragment, about 8x4mm., at the medial femoral condyle, could be old avulsion injury of  deep proximal MCL"",""Old avulsion injury of  deep proximal MCL""]",UNKNOWN,0.01,0.25,1,REVIEW_REQUIRED
1.2.826.0.1.3680043.8.498.10459901081962705567398560859229437818,MCL,llm_mapper_disagreement,False,"[""Mild thickened hyperintense deep proximal MCL attached site , associated with small bone fragment, about 8x4mm., at the medial femoral condyle, could be old avulsion injury of  deep proximal MCL"",""Old avulsion injury of  deep proximal MCL""]",UNKNOWN,0.01,0.25,1,REVIEW_REQUIRED
1.2.826.0.1.3680043.8.498.10459901081962705567398560859229437818,MCL,llm_review:Old avulsion injury with current residual findings; does not establish an acute MCL tear.,False,"[""Mild thickened hyperintense deep proximal MCL attached site , associated with small bone fragment, about 8x4mm., at the medial femoral condyle, could be old avulsion injury of  deep proximal MCL"",""Old avulsion injury of  deep proximal MCL""]",UNKNOWN,0.01,0.25,1,REVIEW_REQUIRED
1.2.826.0.1.3680043.8.498.10459901081962705567398560859229437818,MCL,"llm_review:Mild describes thickening and signal, not a tear grade.",False,"[""Mild thickened hyperintense deep proximal MCL attached site , associated with small bone fragment, about 8x4mm., at the medial femoral condyle, could be old avulsion injury of  deep proximal MCL"",""Old avulsion injury of  deep proximal MCL""]",UNKNOWN,0.01,0.25,1,REVIEW_REQUIRED
1.2.826.0.1.3680043.8.498.10459901081962705567398560859229437818,MCL,llm_review:Findings hedge the avulsion diagnosis; the conclusion states it definitively.,False,"[""Mild thickened hyperintense deep proximal MCL attached site , associated with small bone fragment, about 8x4mm., at the medial femoral condyle, could be old avulsion injury of  deep proximal MCL"",""Old avulsion injury of  deep proximal MCL""]",UNKNOWN,0.01,0.25,1,REVIEW_REQUIRED
1.2.826.0.1.3680043.8.498.10459901081962705567398560859229437818,Medial Meniscus,history_or_postoperative_scope_review,False,"[""Oblique vertical tear at posterior horn of the medial meniscus with small extension to the posterior root is noted.""]",YES,0.95,1.0,1,REVIEW_REQUIRED
1.2.826.0.1.3680043.8.498.10459901081962705567398560859229437818,Medial Meniscus,llm_review:Tear severity and timing are unspecified.,False,"[""Oblique vertical tear at posterior horn of the medial meniscus with small extension to the posterior root is noted.""]",YES,0.95,1.0,1,REVIEW_REQUIRED
1.2.826.0.1.3680043.8.498.10459901081962705567398560859229437818,Lateral Meniscus,history_or_postoperative_scope_review,False,"[""Oblique vertical tear at posterior horn of the lateral meniscus extended to posterior root is detected."",""Horizontal tear at posterior meniscal body is observed.""]",YES,0.95,1.0,1,REVIEW_REQUIRED
1.2.826.0.1.3680043.8.498.10459901081962705567398560859229437818,Lateral Meniscus,llm_review:Tear severity and timing are unspecified.,False,"[""Oblique vertical tear at posterior horn of the lateral meniscus extended to posterior root is detected."",""Horizontal tear at posterior meniscal body is observed.""]",YES,0.95,1.0,1,REVIEW_REQUIRED
1.2.826.0.1.3680043.8.498.10459901081962705567398560859229437818,Lateral Meniscus,llm_review:The horizontal posterior body tear has no explicit meniscal side; the separately localized lateral posterior horn tear establishes this category.,False,"[""Oblique vertical tear at posterior horn of the lateral meniscus extended to posterior root is detected."",""Horizontal tear at posterior meniscal body is observed.""]",YES,0.95,1.0,1,REVIEW_REQUIRED
1.2.826.0.1.3680043.8.498.10459901081962705567398560859229437818,Effusion,explicit_subthreshold_or_alternative,False,"[""Minimal joint effusion with fluid distended suprapatellar bursa is observed."",""Reactive joint effusion.""]",NO,0.05,1.0,1,REVIEW_REQUIRED
1.2.826.0.1.3680043.8.498.10459901081962705567398560859229437818,Effusion,llm_review:Minimal effusion is subthreshold despite reported suprapatellar distension.,False,"[""Minimal joint effusion with fluid distended suprapatellar bursa is observed."",""Reactive joint effusion.""]",NO,0.05,1.0,1,REVIEW_REQUIRED
1.2.826.0.1.3680043.8.498.10459901081962705567398560859229437818,Contusion,negation_scope_review,False,"[""Mild bone contusion at mid lateral femoral condyle and lateral proximal tibia is observed."",""No fracture is detected.""]",YES,0.95,1.0,1,REVIEW_REQUIRED
1.2.826.0.1.3680043.8.498.10459901081962705567398560859229437818,Contusion,timing_or_trauma_review,False,"[""Mild bone contusion at mid lateral femoral condyle and lateral proximal tibia is observed."",""No fracture is detected.""]",YES,0.95,1.0,1,REVIEW_REQUIRED
1.2.826.0.1.3680043.8.498.10459901081962705567398560859229437818,Contusion,llm_review:Contusion timing is unspecified; explicit bone contusion diagnosis supports traumatic marrow injury.,False,"[""Mild bone contusion at mid lateral femoral condyle and lateral proximal tibia is observed."",""No fracture is detected.""]",YES,0.95,1.0,1,REVIEW_REQUIRED
1.2.826.0.1.3680043.8.498.10459901081962705567398560859229437818,Fracture,history_or_postoperative_scope_review,False,"[""No fracture is detected."",""Old avulsion injury of  deep proximal MCL""]",NO,0.05,1.0,1,REVIEW_REQUIRED
1.2.826.0.1.3680043.8.498.10459901081962705567398560859229437818,Fracture,llm_review:Current fracture is explicitly excluded. The medial femoral condyle fragment is attributed to an old avulsion injury and does not establish an acute fracture.,False,"[""No fracture is detected."",""Old avulsion injury of  deep proximal MCL""]",NO,0.05,1.0,1,REVIEW_REQUIRED
1.2.826.0.1.3680043.8.498.10522585237725235866013737575867341946,ACL,explicit_subthreshold_or_alternative,False,"[""Ön çapraz bağda miksoid dejenerasyon ile uyumlu sinyal artışı izlendi.""]",NO,0.05,1.0,1,REVIEW_REQUIRED
1.2.826.0.1.3680043.8.498.10522585237725235866013737575867341946,ACL,llm_review:Only mucoid degeneration and increased signal are described; timing is unspecified.,False,"[""Ön çapraz bağda miksoid dejenerasyon ile uyumlu sinyal artışı izlendi.""]",NO,0.05,1.0,1,REVIEW_REQUIRED
1.2.826.0.1.3680043.8.498.10522585237725235866013737575867341946,MCL,timing_or_trauma_review,False,"[""Medial ve lateral  kollateral ligamen çevresinde ligamentöz ödem mevcuttur ( grade I  sprain ).""]",NO,0.05,1.0,1,REVIEW_REQUIRED
1.2.826.0.1.3680043.8.498.10522585237725235866013737575867341946,MCL,explicit_subthreshold_or_alternative,False,"[""Medial ve lateral  kollateral ligamen çevresinde ligamentöz ödem mevcuttur ( grade I  sprain ).""]",NO,0.05,1.0,1,REVIEW_REQUIRED
1.2.826.0.1.3680043.8.498.10522585237725235866013737575867341946,MCL,llm_review:Grade I sprain is subthreshold; acute timing is not explicitly established.,False,"[""Medial ve lateral  kollateral ligamen çevresinde ligamentöz ödem mevcuttur ( grade I  sprain ).""]",NO,0.05,1.0,1,REVIEW_REQUIRED
1.2.826.0.1.3680043.8.498.10522585237725235866013737575867341946,Medial Meniscus,history_or_postoperative_scope_review,False,"[""Medial menisküste grade III dejenerasyon ve posterior hornunda  horizyontal yırtık izlendi ."",""Medial menisküs ekstrüe görünümdedir.""]",YES,0.95,1.0,1,REVIEW_REQUIRED
1.2.826.0.1.3680043.8.498.10522585237725235866013737575867341946,Medial Meniscus,llm_review:Grade III describes degeneration rather than tear severity; timing is unspecified.,False,"[""Medial menisküste grade III dejenerasyon ve posterior hornunda  horizyontal yırtık izlendi ."",""Medial menisküs ekstrüe görünümdedir.""]",YES,0.95,1.0,1,REVIEW_REQUIRED
1.2.826.0.1.3680043.8.498.10522585237725235866013737575867341946,Lateral Meniscus,"llm_review:Tear segment, severity and timing are unspecified.",False,"[""Lateral menisküste maserasyon , volüm kaybı ve horizontal yırtık izlendi.""]",YES,0.95,1.0,1,REVIEW_REQUIRED
1.2.826.0.1.3680043.8.498.10522585237725235866013737575867341946,Medial OA,anatomy_missing_or_wrong,True,"[""Diz eklemini oluşturan kemik yapılarda osteofitik sivrileşmeler tibiofemoral eklem mesafesinde daralma , komşu kartilajlarda incelme izlendi ( dejeneratif artrit bulguları ).""]",UNKNOWN,,0.0,0,MASKED_BY_TEXT_REVIEW
1.2.826.0.1.3680043.8.498.10522585237725235866013737575867341946,Medial OA,uncertain_report,False,"[""Diz eklemini oluşturan kemik yapılarda osteofitik sivrileşmeler tibiofemoral eklem mesafesinde daralma , komşu kartilajlarda incelme izlendi ( dejeneratif artrit bulguları ).""]",UNKNOWN,,0.0,0,MASKED_BY_TEXT_REVIEW
1.2.826.0.1.3680043.8.498.10522585237725235866013737575867341946,Medial OA,llm_review:Tibiofemoral degeneration is not localized to the medial compartment; cartilage loss depth and extent are unspecified.,False,"[""Diz eklemini oluşturan kemik yapılarda osteofitik sivrileşmeler tibiofemoral eklem mesafesinde daralma , komşu kartilajlarda incelme izlendi ( dejeneratif artrit bulguları ).""]",UNKNOWN,,0.0,0,MASKED_BY_TEXT_REVIEW
1.2.826.0.1.3680043.8.498.10522585237725235866013737575867341946,Medial OA,pilot_text_review_mask,False,"[""Diz eklemini oluşturan kemik yapılarda osteofitik sivrileşmeler tibiofemoral eklem mesafesinde daralma , komşu kartilajlarda incelme izlendi ( dejeneratif artrit bulguları ).""]",UNKNOWN,,0.0,0,MASKED_BY_TEXT_REVIEW
1.2.826.0.1.3680043.8.498.10522585237725235866013737575867341946,Lateral OA,anatomy_missing_or_wrong,True,"[""Diz eklemini oluşturan kemik yapılarda osteofitik sivrileşmeler tibiofemoral eklem mesafesinde daralma , komşu kartilajlarda incelme izlendi ( dejeneratif artrit bulguları ).""]",UNKNOWN,,0.0,0,MASKED_BY_TEXT_REVIEW
1.2.826.0.1.3680043.8.498.10522585237725235866013737575867341946,Lateral OA,uncertain_report,False,"[""Diz eklemini oluşturan kemik yapılarda osteofitik sivrileşmeler tibiofemoral eklem mesafesinde daralma , komşu kartilajlarda incelme izlendi ( dejeneratif artrit bulguları ).""]",UNKNOWN,,0.0,0,MASKED_BY_TEXT_REVIEW
1.2.826.0.1.3680043.8.498.10522585237725235866013737575867341946,Lateral OA,llm_review:Tibiofemoral degeneration is not localized to the lateral compartment; cartilage loss depth and extent are unspecified.,False,"[""Diz eklemini oluşturan kemik yapılarda osteofitik sivrileşmeler tibiofemoral eklem mesafesinde daralma , komşu kartilajlarda incelme izlendi ( dejeneratif artrit bulguları ).""]",UNKNOWN,,0.0,0,MASKED_BY_TEXT_REVIEW
1.2.826.0.1.3680043.8.498.10522585237725235866013737575867341946,Lateral OA,pilot_text_review_mask,False,"[""Diz eklemini oluşturan kemik yapılarda osteofitik sivrileşmeler tibiofemoral eklem mesafesinde daralma , komşu kartilajlarda incelme izlendi ( dejeneratif artrit bulguları ).""]",UNKNOWN,,0.0,0,MASKED_BY_TEXT_REVIEW
1.2.826.0.1.3680043.8.498.10522585237725235866013737575867341946,PF OA,criteria_anatomy_severity_extent_or_timing_insufficient,False,"[""Patellofemoral eklem lateral fasette komşu kıkırdaklarda incelme eklem mesafesinde daralma ve subkondral kemik iliği ödemleri izlendi(artroz)."",""Ayrıca lateral fasette 10x4 mm boyutlarında osteokondral defekt izlendi.""]",UNKNOWN,,0.0,0,REVIEW_REQUIRED
1.2.826.0.1.3680043.8.498.10522585237725235866013737575867341946,PF OA,"llm_review:The osteochondral defect measures 10 mm in one dimension, but cartilage loss exceeding 50% thickness is not established.",False,"[""Patellofemoral eklem lateral fasette komşu kıkırdaklarda incelme eklem mesafesinde daralma ve subkondral kemik iliği ödemleri izlendi(artroz)."",""Ayrıca lateral fasette 10x4 mm boyutlarında osteokondral defekt izlendi.""]",UNKNOWN,,0.0,0,REVIEW_REQUIRED
1.2.826.0.1.3680043.8.498.10522585237725235866013737575867341946,Effusion,criteria_anatomy_severity_extent_or_timing_insufficient,False,"[""Suprapatellar bursada sıvı artışı , lateral reseslerde , suprapatellar bursada ve diz eklemi içerisinde  yaygın sıvı artışları izlendi.""]",UNKNOWN,,0.0,0,REVIEW_REQUIRED
1.2.826.0.1.3680043.8.498.10522585237725235866013737575867341946,Effusion,"llm_review:Widespread increased fluid is described, but moderate/large volume and joint distension are not explicitly established; timing is unspecified.",False,"[""Suprapatellar bursada sıvı artışı , lateral reseslerde , suprapatellar bursada ve diz eklemi içerisinde  yaygın sıvı artışları izlendi.""]",UNKNOWN,,0.0,0,REVIEW_REQUIRED
1.2.826.0.1.3680043.8.498.10522585237725235866013737575867341946,Baker's,criteria_anatomy_severity_extent_or_timing_insufficient,False,"[""Popliteal fossada 22 mm boyutlarında baker kisti izlendi.""]",UNKNOWN,,0.0,0,REVIEW_REQUIRED
1.2.826.0.1.3680043.8.498.10522585237725235866013737575867341946,Baker's,llm_review:A 22 mm Baker cyst is reported without a moderate/large size classification; timing is unspecified.,False,"[""Popliteal fossada 22 mm boyutlarında baker kisti izlendi.""]",UNKNOWN,,0.0,0,REVIEW_REQUIRED
1.2.826.0.1.3680043.8.498.10522585237725235866013737575867341946,Contusion,uncertain_report,False,"[""Tibia interkondiler tübrkul lateral düzeyde subkondral kemik iliği ödemi izlendi."",""Patellofemoral eklem lateral fasette komşu kıkırdaklarda incelme eklem mesafesinde daralma ve subkondral kemik iliği ödemleri izlendi(artroz).""]",UNKNOWN,,0.0,0,REVIEW_REQUIRED
1.2.826.0.1.3680043.8.498.10522585237725235866013737575867341946,Contusion,llm_review:Patellofemoral edema accompanies arthrosis; the tibial edema has no explicit traumatic or degenerative attribution. Absence of a fracture line and acute timing are not established.,False,"[""Tibia interkondiler tübrkul lateral düzeyde subkondral kemik iliği ödemi izlendi."",""Patellofemoral eklem lateral fasette komşu kıkırdaklarda incelme eklem mesafesinde daralma ve subkondral kemik iliği ödemleri izlendi(artroz).""]",UNKNOWN,,0.0,0,REVIEW_REQUIRED
1.2.826.0.1.3680043.8.498.10603952065748622499432940419853732241,MCL,llm_review:The statement about lateral ligaments does not explicitly identify the MCL.,False,[],UNKNOWN,,0.0,0,REVIEW_REQUIRED
1.2.826.0.1.3680043.8.498.10603952065748622499432940419853732241,PF OA,criteria_anatomy_severity_extent_or_timing_insufficient,False,"[""Meerdere diepe kraakbeen fissuren centraal op de crista patellaris en laterale facet van de patella"",""Matig femoropatellair kraakbeenlijden graad 3.""]",UNKNOWN,,0.0,0,REVIEW_REQUIRED
1.2.826.0.1.3680043.8.498.10603952065748622499432940419853732241,PF OA,llm_review:Grade 3 grading convention is unspecified; deep fissures do not quantify percentage thickness loss.,False,"[""Meerdere diepe kraakbeen fissuren centraal op de crista patellaris en laterale facet van de patella"",""Matig femoropatellair kraakbeenlijden graad 3.""]",UNKNOWN,,0.0,0,REVIEW_REQUIRED
1.2.826.0.1.3680043.8.498.10603952065748622499432940419853732241,PF OA,llm_review:Cartilage lesion extent is not measured.,False,"[""Meerdere diepe kraakbeen fissuren centraal op de crista patellaris en laterale facet van de patella"",""Matig femoropatellair kraakbeenlijden graad 3.""]",UNKNOWN,,0.0,0,REVIEW_REQUIRED
1.2.826.0.1.3680043.8.498.10603952065748622499432940419853732241,PF OA,llm_review:Timing is unspecified.,False,"[""Meerdere diepe kraakbeen fissuren centraal op de crista patellaris en laterale facet van de patella"",""Matig femoropatellair kraakbeenlijden graad 3.""]",UNKNOWN,,0.0,0,REVIEW_REQUIRED
1.2.826.0.1.3680043.8.498.10603952065748622499432940419853732241,Contusion,uncertain_report,False,"[""Meerdere diepe kraakbeen fissuren centraal op de crista patellaris en laterale facet van de patella, gepaard gaand met beperkt botoedeem op de onderpool van de patella.""]",UNKNOWN,,0.0,0,REVIEW_REQUIRED
1.2.826.0.1.3680043.8.498.10603952065748622499432940419853732241,Contusion,llm_review:Patellar bone edema accompanies cartilage fissures; traumatic contusion is not diagnosed.,False,"[""Meerdere diepe kraakbeen fissuren centraal op de crista patellaris en laterale facet van de patella, gepaard gaand met beperkt botoedeem op de onderpool van de patella.""]",UNKNOWN,,0.0,0,REVIEW_REQUIRED
1.2.826.0.1.3680043.8.498.10603952065748622499432940419853732241,Contusion,"llm_review:Edema etiology, timing, and absence of a fracture line at the lesion are not explicitly established.",False,"[""Meerdere diepe kraakbeen fissuren centraal op de crista patellaris en laterale facet van de patella, gepaard gaand met beperkt botoedeem op de onderpool van de patella.""]",UNKNOWN,,0.0,0,REVIEW_REQUIRED
1.2.826.0.1.3680043.8.498.10852517092524464338210061305792376636,ACL,uncertain_report,False,"[""R/O Complete ACL tear.""]",UNKNOWN,,0.0,0,REVIEW_REQUIRED
1.2.826.0.1.3680043.8.498.10852517092524464338210061305792376636,ACL,llm_review:Complete tear is qualified by R/O.,False,"[""R/O Complete ACL tear.""]",UNKNOWN,,0.0,0,REVIEW_REQUIRED
1.2.826.0.1.3680043.8.498.10852517092524464338210061305792376636,ACL,llm_review:Timing is unspecified.,False,"[""R/O Complete ACL tear.""]",UNKNOWN,,0.0,0,REVIEW_REQUIRED
1.2.826.0.1.3680043.8.498.10852517092524464338210061305792376636,MCL,uncertain_report,False,"[""R/O Mild medial & lateral collateral ligament sprain.""]",UNKNOWN,0.05,0.25,1,REVIEW_REQUIRED
1.2.826.0.1.3680043.8.498.10852517092524464338210061305792376636,MCL,llm_mapper_disagreement,False,"[""R/O Mild medial & lateral collateral ligament sprain.""]",UNKNOWN,0.05,0.25,1,REVIEW_REQUIRED
1.2.826.0.1.3680043.8.498.10852517092524464338210061305792376636,MCL,llm_review:Only a suspected mild sprain is described.,False,"[""R/O Mild medial & lateral collateral ligament sprain.""]",UNKNOWN,0.05,0.25,1,REVIEW_REQUIRED
1.2.826.0.1.3680043.8.498.10852517092524464338210061305792376636,MCL,llm_review:Acute timing is unspecified.,False,"[""R/O Mild medial & lateral collateral ligament sprain.""]",UNKNOWN,0.05,0.25,1,REVIEW_REQUIRED
1.2.826.0.1.3680043.8.498.10852517092524464338210061305792376636,Medial Meniscus,history_or_postoperative_scope_review,False,"[""Tear of posterior horn of medial meniscus.""]",YES,0.95,1.0,1,REVIEW_REQUIRED
1.2.826.0.1.3680043.8.498.10852517092524464338210061305792376636,Lateral Meniscus,history_or_postoperative_scope_review,False,"[""Equivocal tear over posterior horn of lateral meniscus.""]",UNKNOWN,,0.0,0,REVIEW_REQUIRED
1.2.826.0.1.3680043.8.498.10852517092524464338210061305792376636,Lateral Meniscus,uncertain_report,False,"[""Equivocal tear over posterior horn of lateral meniscus.""]",UNKNOWN,,0.0,0,REVIEW_REQUIRED
1.2.826.0.1.3680043.8.498.10852517092524464338210061305792376636,Lateral Meniscus,llm_review:Tear diagnosis is equivocal.,False,"[""Equivocal tear over posterior horn of lateral meniscus.""]",UNKNOWN,,0.0,0,REVIEW_REQUIRED
1.2.826.0.1.3680043.8.498.10852517092524464338210061305792376636,PF OA,negative_scope_insufficient,False,"[""Intact patellar cartilage.""]",UNKNOWN,,0.0,0,REVIEW_REQUIRED
1.2.826.0.1.3680043.8.498.10852517092524464338210061305792376636,PF OA,llm_review:The negative covers patellar cartilage only; trochlear cartilage is not assessed explicitly.,False,"[""Intact patellar cartilage.""]",UNKNOWN,,0.0,0,REVIEW_REQUIRED
1.2.826.0.1.3680043.8.498.10852517092524464338210061305792376636,Effusion,criteria_anatomy_severity_extent_or_timing_insufficient,False,"[""Mild to moderate knee joint effusion with synovial hypertrophy.""]",UNKNOWN,,0.0,0,REVIEW_REQUIRED
1.2.826.0.1.3680043.8.498.10852517092524464338210061305792376636,Effusion,llm_review:Severity spans mild and moderate.,False,"[""Mild to moderate knee joint effusion with synovial hypertrophy.""]",UNKNOWN,,0.0,0,REVIEW_REQUIRED
1.2.826.0.1.3680043.8.498.10852517092524464338210061305792376636,Effusion,llm_review:Joint distension is not explicitly described.,False,"[""Mild to moderate knee joint effusion with synovial hypertrophy.""]",UNKNOWN,,0.0,0,REVIEW_REQUIRED
1.2.826.0.1.3680043.8.498.10852517092524464338210061305792376636,Synovitis,"llm_review:Findings qualify the diagnosis with R/O, but directly describe synovial hypertrophy; the impression states synovitis.",False,"[""Mild to moderate knee joint effusion with synovial hypertrophy. R/O Synovitis."",""Mild to moderate knee joint effusion with synovitis.""]",YES,0.95,1.0,1,REVIEW_REQUIRED
1.2.826.0.1.3680043.8.498.10852517092524464338210061305792376636,Contusion,timing_or_trauma_review,False,"[""Bone marrow edema in medial & lateral femoral condyle, lateral tibial plateau, likely bone contusion."",""Bone contusion in medial & lateral femoral condyle, lateral tibial plateau.""]",UNKNOWN,,0.0,0,REVIEW_REQUIRED
1.2.826.0.1.3680043.8.498.10852517092524464338210061305792376636,Contusion,criteria_anatomy_severity_extent_or_timing_insufficient,False,"[""Bone marrow edema in medial & lateral femoral condyle, lateral tibial plateau, likely bone contusion."",""Bone contusion in medial & lateral femoral condyle, lateral tibial plateau.""]",UNKNOWN,,0.0,0,REVIEW_REQUIRED
1.2.826.0.1.3680043.8.498.10852517092524464338210061305792376636,Contusion,"llm_review:Bone contusion is diagnosed, but absence of a fracture line at these lesions is not explicitly documented.",False,"[""Bone marrow edema in medial & lateral femoral condyle, lateral tibial plateau, likely bone contusion."",""Bone contusion in medial & lateral femoral condyle, lateral tibial plateau.""]",UNKNOWN,,0.0,0,REVIEW_REQUIRED
1.2.826.0.1.3680043.8.498.10852517092524464338210061305792376636,Contusion,llm_review:Timing is unspecified.,False,"[""Bone marrow edema in medial & lateral femoral condyle, lateral tibial plateau, likely bone contusion."",""Bone contusion in medial & lateral femoral condyle, lateral tibial plateau.""]",UNKNOWN,,0.0,0,REVIEW_REQUIRED
1.2.826.0.1.3680043.8.498.11040296449332764126530525726037541310,ACL,explicit_subthreshold_or_alternative,False,"[""VKB distal ausgeprägt mukoid mit deutlicher Elongation ventral in die Notch sowie mit begleitenden Zysten und Knochenödem in der ventralen und mittleren Eminentia interkondylaris.""]",NO,0.05,1.0,1,REVIEW_REQUIRED
1.2.826.0.1.3680043.8.498.11040296449332764126530525726037541310,ACL,llm_review:Mucoid degeneration and elongation are described without a tear diagnosis; severe mucoid change does not establish a high-grade tear.,False,"[""VKB distal ausgeprägt mukoid mit deutlicher Elongation ventral in die Notch sowie mit begleitenden Zysten und Knochenödem in der ventralen und mittleren Eminentia interkondylaris.""]",NO,0.05,1.0,1,REVIEW_REQUIRED
1.2.826.0.1.3680043.8.498.11040296449332764126530525726037541310,Medial Meniscus,llm_review:Tear timing and severity are unspecified.,False,"[""Innenmeniskus deutlich mukoide mit horizontaler Rissbildung Pars intermedia und Hinterhorn links bzw. nach ventral umgeschlagenem Lappenriss aus der Pars intermedia (3/86).""]",YES,0.95,1.0,1,REVIEW_REQUIRED
1.2.826.0.1.3680043.8.498.11040296449332764126530525726037541310,Lateral Meniscus,criteria_anatomy_severity_extent_or_timing_insufficient,False,"[""Außenmeniskus gering extrudiert und mukoid signalalteriert bei aufgefaserter Hinterhornwurzel.""]",UNKNOWN,0.35,0.25,1,REVIEW_REQUIRED
1.2.826.0.1.3680043.8.498.11040296449332764126530525726037541310,Lateral Meniscus,llm_review:Posterior root fraying is described without a definite tear diagnosis; the findings are not limited explicitly to internal degeneration.,False,"[""Außenmeniskus gering extrudiert und mukoid signalalteriert bei aufgefaserter Hinterhornwurzel.""]",UNKNOWN,0.35,0.25,1,REVIEW_REQUIRED
1.2.826.0.1.3680043.8.498.11040296449332764126530525726037541310,Medial OA,explicit_subthreshold_or_alternative,False,"[""Oberflächliche, zum Rand hin progrediente Chondropathie auch im medialen Gelenkkompartiment.""]",NO,0.05,1.0,1,REVIEW_REQUIRED
1.2.826.0.1.3680043.8.498.11040296449332764126530525726037541310,Medial OA,llm_review:Superficial chondropathy is subthreshold; numeric extent is unspecified.,False,"[""Oberflächliche, zum Rand hin progrediente Chondropathie auch im medialen Gelenkkompartiment.""]",NO,0.05,1.0,1,REVIEW_REQUIRED
1.2.826.0.1.3680043.8.498.11040296449332764126530525726037541310,Lateral OA,criteria_anatomy_severity_extent_or_timing_insufficient,False,"[""Teils vollschichtige Chondropathie femorotibial lateral, führend in der dorsalen Belastungszone, mit fokal subchondraler Stressreaktion tibial.""]",UNKNOWN,0.6,0.25,1,REVIEW_REQUIRED
1.2.826.0.1.3680043.8.498.11040296449332764126530525726037541310,Lateral OA,"llm_review:Full-thickness loss supports the depth threshold, but extent of at least approximately 10 mm is not established.",False,"[""Teils vollschichtige Chondropathie femorotibial lateral, führend in der dorsalen Belastungszone, mit fokal subchondraler Stressreaktion tibial.""]",UNKNOWN,0.6,0.25,1,REVIEW_REQUIRED
1.2.826.0.1.3680043.8.498.11040296449332764126530525726037541310,PF OA,criteria_anatomy_severity_extent_or_timing_insufficient,False,"[""Fokal vollschichtige Chondropathie mit subchondraler Zysten- und Ödembildung am Patellafirst.""]",UNKNOWN,0.45,0.25,1,REVIEW_REQUIRED
1.2.826.0.1.3680043.8.498.11040296449332764126530525726037541310,PF OA,llm_review:Full-thickness loss supports the depth threshold; focal extent is unmeasured.,False,"[""Fokal vollschichtige Chondropathie mit subchondraler Zysten- und Ödembildung am Patellafirst.""]",UNKNOWN,0.45,0.25,1,REVIEW_REQUIRED
1.2.826.0.1.3680043.8.498.11040296449332764126530525726037541310,Effusion,explicit_subthreshold_or_alternative,False,"[""Geringer Gelenkerguss""]",NO,0.05,1.0,1,REVIEW_REQUIRED
1.2.826.0.1.3680043.8.498.11040296449332764126530525726037541310,Effusion,llm_review:Small effusion is subthreshold; joint distension is not described.,False,"[""Geringer Gelenkerguss""]",NO,0.05,1.0,1,REVIEW_REQUIRED
1.2.826.0.1.3680043.8.498.11040296449332764126530525726037541310,Baker's,criteria_anatomy_severity_extent_or_timing_insufficient,False,"[""deutlich Flüssigkeit gefüllte Baker-Zyste mit CC knapp 5 cm""]",UNKNOWN,0.85,0.25,1,REVIEW_REQUIRED
1.2.826.0.1.3680043.8.498.11040296449332764126530525726037541310,Baker's,llm_mapper_disagreement,False,"[""deutlich Flüssigkeit gefüllte Baker-Zyste mit CC knapp 5 cm""]",UNKNOWN,0.85,0.25,1,REVIEW_REQUIRED
1.2.826.0.1.3680043.8.498.11040296449332764126530525726037541310,Baker's,"llm_review:Nearly 5 cm craniocaudal size and marked fluid filling support qualifying size, although no explicit moderate/large grade is stated.",False,"[""deutlich Flüssigkeit gefüllte Baker-Zyste mit CC knapp 5 cm""]",UNKNOWN,0.85,0.25,1,REVIEW_REQUIRED
1.2.826.0.1.3680043.8.498.11040296449332764126530525726037541310,Contusion,pilot_text_review_mask,False,[],UNKNOWN,,0.0,0,MASKED_BY_TEXT_REVIEW
1.2.826.0.1.3680043.8.498.11079556243110299049578981210837702995,ACL,criteria_anatomy_severity_extent_or_timing_insufficient,False,"[""Uznapredovale degenerativne promjene prednjeg križnog ligamenta."",""U području distalne insercije\nje vidljiv fokalni hiperintenzitet koji može odgovarati manjoj intrasupstancijskoj rupturi.""]",UNKNOWN,0.1,0.25,1,REVIEW_REQUIRED
1.2.826.0.1.3680043.8.498.11079556243110299049578981210837702995,ACL,llm_review:Definite degeneration with a possible small intrasubstance tear; tear grade is unspecified.,False,"[""Uznapredovale degenerativne promjene prednjeg križnog ligamenta."",""U području distalne insercije\nje vidljiv fokalni hiperintenzitet koji može odgovarati manjoj intrasupstancijskoj rupturi.""]",UNKNOWN,0.1,0.25,1,REVIEW_REQUIRED
1.2.826.0.1.3680043.8.498.11079556243110299049578981210837702995,Medial Meniscus,history_only_no_current_assessment,False,"[""U području stražnjeg dijela tijela te stražnjeg roga i korijena medijalnog meniska vidljivo je\nstanje po kompleksnoj rupturi na podlozi degenerativnih promjena.""]",UNKNOWN,,0.0,0,REVIEW_REQUIRED
1.2.826.0.1.3680043.8.498.11079556243110299049578981210837702995,Medial Meniscus,llm_review:The phrase 'stanje po kompleksnoj rupturi' describes a prior tear or its sequelae; whether a current persistent tear is intended is ambiguous.,False,"[""U području stražnjeg dijela tijela te stražnjeg roga i korijena medijalnog meniska vidljivo je\nstanje po kompleksnoj rupturi na podlozi degenerativnih promjena.""]",UNKNOWN,,0.0,0,REVIEW_REQUIRED
1.2.826.0.1.3680043.8.498.11079556243110299049578981210837702995,Medial Meniscus,llm_review:No surgery is explicitly reported.,False,"[""U području stražnjeg dijela tijela te stražnjeg roga i korijena medijalnog meniska vidljivo je\nstanje po kompleksnoj rupturi na podlozi degenerativnih promjena.""]",UNKNOWN,,0.0,0,REVIEW_REQUIRED
1.2.826.0.1.3680043.8.498.11079556243110299049578981210837702995,Medial OA,explicit_subthreshold_or_alternative,False,"[""Reducirana je debljina hrskavice u medijalnom kompartmentu FT zgloba uz hondromalaciji I-II.\nstupnja.""]",NO,0.05,1.0,1,REVIEW_REQUIRED
1.2.826.0.1.3680043.8.498.11079556243110299049578981210837702995,Medial OA,llm_review:Low-grade chondromalacia is reported; cartilage loss percentage and lesion extent are unspecified.,False,"[""Reducirana je debljina hrskavice u medijalnom kompartmentu FT zgloba uz hondromalaciji I-II.\nstupnja.""]",NO,0.05,1.0,1,REVIEW_REQUIRED
1.2.826.0.1.3680043.8.498.11079556243110299049578981210837702995,Effusion,criteria_anatomy_severity_extent_or_timing_insufficient,False,"[""Umjerena količina izljeva u suprapatelarnoj burzi, izraženije u lateralnom dijelu.""]",UNKNOWN,0.7,0.25,1,REVIEW_REQUIRED
1.2.826.0.1.3680043.8.498.11079556243110299049578981210837702995,Effusion,"llm_review:Moderate effusion is explicit, but joint distension and timing are unspecified.",False,"[""Umjerena količina izljeva u suprapatelarnoj burzi, izraženije u lateralnom dijelu.""]",UNKNOWN,0.7,0.25,1,REVIEW_REQUIRED
1.2.826.0.1.3680043.8.498.11079556243110299049578981210837702995,Baker's,llm_review:Small semimembranosus bursal fluid is described with explicit absence of a formed popliteal cyst.,False,"[""Manji izljev u burzi tetive m. semimembranosus, bez formirane poplitealne ciste.""]",NO,0.05,1.0,1,REVIEW_REQUIRED
1.2.826.0.1.3680043.8.498.11232674915186872899189440191805868376,MCL,timing_or_trauma_review,False,"[""There is grade I ligamentous sprain of the medial collateral ligament.""]",NO,0.05,1.0,1,REVIEW_REQUIRED
1.2.826.0.1.3680043.8.498.11232674915186872899189440191805868376,MCL,explicit_subthreshold_or_alternative,False,"[""There is grade I ligamentous sprain of the medial collateral ligament.""]",NO,0.05,1.0,1,REVIEW_REQUIRED
1.2.826.0.1.3680043.8.498.11232674915186872899189440191805868376,MCL,llm_review:Grade I sprain is subthreshold; injury timing is unspecified.,False,"[""There is grade I ligamentous sprain of the medial collateral ligament.""]",NO,0.05,1.0,1,REVIEW_REQUIRED
1.2.826.0.1.3680043.8.498.11232674915186872899189440191805868376,Medial OA,negative_scope_insufficient,False,"[""In the medial compartment, the meniscus is not torn and there is no focal chondrosis or chondral injury.""]",UNKNOWN,,0.0,0,REVIEW_REQUIRED
1.2.826.0.1.3680043.8.498.11232674915186872899189440191805868376,Medial OA,llm_review:The negative is limited to focal chondrosis or chondral injury and does not explicitly exclude diffuse qualifying cartilage loss.,False,"[""In the medial compartment, the meniscus is not torn and there is no focal chondrosis or chondral injury.""]",UNKNOWN,,0.0,0,REVIEW_REQUIRED
1.2.826.0.1.3680043.8.498.11232674915186872899189440191805868376,Lateral OA,negative_scope_insufficient,False,"[""The lateral compartment, the meniscus is not torn and there is no focal chondrosis or chondral injury.""]",UNKNOWN,,0.0,0,REVIEW_REQUIRED
1.2.826.0.1.3680043.8.498.11232674915186872899189440191805868376,Lateral OA,llm_review:The negative is limited to focal chondrosis or chondral injury and does not explicitly exclude diffuse qualifying cartilage loss.,False,"[""The lateral compartment, the meniscus is not torn and there is no focal chondrosis or chondral injury.""]",UNKNOWN,,0.0,0,REVIEW_REQUIRED
1.2.826.0.1.3680043.8.498.11232674915186872899189440191805868376,Effusion,criteria_anatomy_severity_extent_or_timing_insufficient,False,"[""Large amount of left knee effusion with synovitis is present.""]",UNKNOWN,,0.0,0,REVIEW_REQUIRED
1.2.826.0.1.3680043.8.498.11232674915186872899189440191805868376,Effusion,"llm_review:Large effusion is explicit, but joint distension is not explicitly described.",False,"[""Large amount of left knee effusion with synovitis is present.""]",UNKNOWN,,0.0,0,REVIEW_REQUIRED
1.2.826.0.1.3680043.8.498.11282706861378379965012380644125662529,ACL,uncertain_report,False,"[""There is thickening hyperintense strands in the proximal to distal ACL."",""Probably intrasubstance partial tear ACL""]",UNKNOWN,,0.0,0,REVIEW_REQUIRED
1.2.826.0.1.3680043.8.498.11282706861378379965012380644125662529,ACL,llm_review:Partial tear is described as probable; high-grade involvement and timing are unspecified.,False,"[""There is thickening hyperintense strands in the proximal to distal ACL."",""Probably intrasubstance partial tear ACL""]",UNKNOWN,,0.0,0,REVIEW_REQUIRED
1.2.826.0.1.3680043.8.498.11282706861378379965012380644125662529,Medial Meniscus,history_or_postoperative_scope_review,False,"[""Hyperintense along posterior meniscocapsular region is noted."",""Probably posterior meniscocapsular injury of the medial meniscus""]",UNKNOWN,,0.0,0,REVIEW_REQUIRED
1.2.826.0.1.3680043.8.498.11282706861378379965012380644125662529,Medial Meniscus,uncertain_report,False,"[""Hyperintense along posterior meniscocapsular region is noted."",""Probably posterior meniscocapsular injury of the medial meniscus""]",UNKNOWN,,0.0,0,REVIEW_REQUIRED
1.2.826.0.1.3680043.8.498.11282706861378379965012380644125662529,Medial Meniscus,llm_review:Probable meniscocapsular injury does not establish a definite meniscal tear; severity and timing are unspecified.,False,"[""Hyperintense along posterior meniscocapsular region is noted."",""Probably posterior meniscocapsular injury of the medial meniscus""]",UNKNOWN,,0.0,0,REVIEW_REQUIRED
1.2.826.0.1.3680043.8.498.11282706861378379965012380644125662529,Effusion,explicit_subthreshold_or_alternative,False,"[""Minimal joint effusion is seen.""]",NO,0.05,1.0,1,REVIEW_REQUIRED
1.2.826.0.1.3680043.8.498.11282706861378379965012380644125662529,Effusion,llm_review:Minimal effusion is below the moderate/large threshold.,False,"[""Minimal joint effusion is seen.""]",NO,0.05,1.0,1,REVIEW_REQUIRED
1.2.826.0.1.3680043.8.498.11282706861378379965012380644125662529,Contusion,negation_scope_review,False,"[""Mild focal bone contusion at posterior lateral proximal tibia and mid lateral femoral condyle is noted."",""no definite fracture line noted.""]",YES,0.95,1.0,1,REVIEW_REQUIRED
1.2.826.0.1.3680043.8.498.11282706861378379965012380644125662529,Contusion,history_or_postoperative_scope_review,False,"[""Mild focal bone contusion at posterior lateral proximal tibia and mid lateral femoral condyle is noted."",""no definite fracture line noted.""]",YES,0.95,1.0,1,REVIEW_REQUIRED
1.2.826.0.1.3680043.8.498.11282706861378379965012380644125662529,Contusion,timing_or_trauma_review,False,"[""Mild focal bone contusion at posterior lateral proximal tibia and mid lateral femoral condyle is noted."",""no definite fracture line noted.""]",YES,0.95,1.0,1,REVIEW_REQUIRED
1.2.826.0.1.3680043.8.498.11282706861378379965012380644125662529,Contusion,llm_review:Timing is unspecified.,False,"[""Mild focal bone contusion at posterior lateral proximal tibia and mid lateral femoral condyle is noted."",""no definite fracture line noted.""]",YES,0.95,1.0,1,REVIEW_REQUIRED
1.2.826.0.1.3680043.8.498.11345369648571407541082013397591193473,ACL,history_or_postoperative_scope_review,False,"[""Intercondylar compartment (anterior and posterior cruciate ligaments):\nNormal.""]",NO,0.05,1.0,1,REVIEW_REQUIRED
1.2.826.0.1.3680043.8.498.11345369648571407541082013397591193473,Lateral Meniscus,llm_review:Findings describe a small free-edge tear or defect; the conclusion provides a definite tear diagnosis with additional morphology.,False,"[""There is a focal small tear or defect involving the free edge of the junction of the body and anterior horn of the lateral meniscus."",""Focal small tear involving the free edge of the lateral meniscus."",""Unstable, undisplaced radial oblique tear involving the body and anterior horn of the lateral meniscus.""]",YES,0.95,1.0,1,REVIEW_REQUIRED
1.2.826.0.1.3680043.8.498.11345369648571407541082013397591193473,Medial OA,explicit_subthreshold_or_alternative,False,"[""There is mild cartilage thinning and irregularity of the weightbearing surface of the medial femoral condyle.""]",NO,0.05,1.0,1,REVIEW_REQUIRED
1.2.826.0.1.3680043.8.498.11345369648571407541082013397591193473,Medial OA,llm_review:Only mild cartilage changes are reported; numerical depth and extent are unspecified.,False,"[""There is mild cartilage thinning and irregularity of the weightbearing surface of the medial femoral condyle.""]",NO,0.05,1.0,1,REVIEW_REQUIRED
1.2.826.0.1.3680043.8.498.11345369648571407541082013397591193473,PF OA,negation_scope_review,False,"[""Severe chondropathy of the median ridge and medial facet of the patella, with associated subchondral focal bone marrow reactive signal intensity change."",""There is mild thinning of the central trochlear articular cartilage without any bone changes.""]",UNKNOWN,,0.0,0,REVIEW_REQUIRED
1.2.826.0.1.3680043.8.498.11345369648571407541082013397591193473,PF OA,criteria_anatomy_severity_extent_or_timing_insufficient,False,"[""Severe chondropathy of the median ridge and medial facet of the patella, with associated subchondral focal bone marrow reactive signal intensity change."",""There is mild thinning of the central trochlear articular cartilage without any bone changes.""]",UNKNOWN,,0.0,0,REVIEW_REQUIRED
1.2.826.0.1.3680043.8.498.11345369648571407541082013397591193473,PF OA,llm_review:Severe chondropathy does not establish a specific percentage of cartilage loss.,False,"[""Severe chondropathy of the median ridge and medial facet of the patella, with associated subchondral focal bone marrow reactive signal intensity change."",""There is mild thinning of the central trochlear articular cartilage without any bone changes.""]",UNKNOWN,,0.0,0,REVIEW_REQUIRED
1.2.826.0.1.3680043.8.498.11345369648571407541082013397591193473,PF OA,llm_review:Cartilage lesion extent is not quantified.,False,"[""Severe chondropathy of the median ridge and medial facet of the patella, with associated subchondral focal bone marrow reactive signal intensity change."",""There is mild thinning of the central trochlear articular cartilage without any bone changes.""]",UNKNOWN,,0.0,0,REVIEW_REQUIRED
1.2.826.0.1.3680043.8.498.11345369648571407541082013397591193473,Effusion,criteria_anatomy_severity_extent_or_timing_insufficient,False,"[""Moderate right knee joint effusion.""]",UNKNOWN,,0.0,0,REVIEW_REQUIRED
1.2.826.0.1.3680043.8.498.11345369648571407541082013397591193473,Effusion,"llm_review:Moderate intra-articular effusion is explicit, but joint distension is not described.",False,"[""Moderate right knee joint effusion.""]",UNKNOWN,,0.0,0,REVIEW_REQUIRED
1.2.826.0.1.3680043.8.498.11345369648571407541082013397591193473,Contusion,llm_review:Patellar subchondral reactive marrow signal is associated with chondropathy; it does not establish traumatic contusion.,False,[],UNKNOWN,,0.0,0,REVIEW_REQUIRED
1.2.826.0.1.3680043.8.498.11440217845998767853986099058965644463,MCL,timing_or_trauma_review,False,"[""Medijalni kolateralni ligament je smanjene napetosti i izmjenjenog intenziteta signala pri\nfemoralnom hvatištu u smislu parcijalne rupture uz vidjiv formirani manji kalcifikat.""]",UNKNOWN,,0.0,0,REVIEW_REQUIRED
1.2.826.0.1.3680043.8.498.11440217845998767853986099058965644463,MCL,criteria_anatomy_severity_extent_or_timing_insufficient,False,"[""Medijalni kolateralni ligament je smanjene napetosti i izmjenjenog intenziteta signala pri\nfemoralnom hvatištu u smislu parcijalne rupture uz vidjiv formirani manji kalcifikat.""]",UNKNOWN,,0.0,0,REVIEW_REQUIRED
1.2.826.0.1.3680043.8.498.11440217845998767853986099058965644463,MCL,llm_review:Partial tear is described without a high-grade designation or explicit acute timing.,False,"[""Medijalni kolateralni ligament je smanjene napetosti i izmjenjenog intenziteta signala pri\nfemoralnom hvatištu u smislu parcijalne rupture uz vidjiv formirani manji kalcifikat.""]",UNKNOWN,,0.0,0,REVIEW_REQUIRED
1.2.826.0.1.3680043.8.498.11440217845998767853986099058965644463,MCL,llm_review:Associated calcification is described; it does not establish injury age.,False,"[""Medijalni kolateralni ligament je smanjene napetosti i izmjenjenog intenziteta signala pri\nfemoralnom hvatištu u smislu parcijalne rupture uz vidjiv formirani manji kalcifikat.""]",UNKNOWN,,0.0,0,REVIEW_REQUIRED
1.2.826.0.1.3680043.8.498.11440217845998767853986099058965644463,Medial OA,criteria_anatomy_severity_extent_or_timing_insufficient,False,"[""Obostrano hondromalacija IV. femoralnih kondila\nuz manje zone priležećeg koštanog edema."",""Obostrano OA promjene FT""]",UNKNOWN,,0.0,0,REVIEW_REQUIRED
1.2.826.0.1.3680043.8.498.11440217845998767853986099058965644463,Medial OA,llm_review:Both femoral condyles and both FT compartments are described; compartment-specific lesion extent is missing.,False,"[""Obostrano hondromalacija IV. femoralnih kondila\nuz manje zone priležećeg koštanog edema."",""Obostrano OA promjene FT""]",UNKNOWN,,0.0,0,REVIEW_REQUIRED
1.2.826.0.1.3680043.8.498.11440217845998767853986099058965644463,Medial OA,"llm_review:The cartilage grading convention is unspecified, so grade IV alone does not establish the required depth threshold.",False,"[""Obostrano hondromalacija IV. femoralnih kondila\nuz manje zone priležećeg koštanog edema."",""Obostrano OA promjene FT""]",UNKNOWN,,0.0,0,REVIEW_REQUIRED
1.2.826.0.1.3680043.8.498.11440217845998767853986099058965644463,Medial OA,llm_review:The 7 x5mm measurement describes an intercondylar osteochondral lesion/subchondral cyst and cannot establish medial cartilage extent.,False,"[""Obostrano hondromalacija IV. femoralnih kondila\nuz manje zone priležećeg koštanog edema."",""Obostrano OA promjene FT""]",UNKNOWN,,0.0,0,REVIEW_REQUIRED
1.2.826.0.1.3680043.8.498.11440217845998767853986099058965644463,Lateral OA,criteria_anatomy_severity_extent_or_timing_insufficient,False,"[""Hondromalacija III° lateralnog tibijalnog platoa."",""Obostrano hondromalacija IV. femoralnih kondila\nuz manje zone priležećeg koštanog edema."",""Obostrano OA promjene FT""]",UNKNOWN,,0.0,0,REVIEW_REQUIRED
1.2.826.0.1.3680043.8.498.11440217845998767853986099058965644463,Lateral OA,"llm_review:The cartilage grading convention is unspecified, so grades III/IV alone do not establish the required depth threshold.",False,"[""Hondromalacija III° lateralnog tibijalnog platoa."",""Obostrano hondromalacija IV. femoralnih kondila\nuz manje zone priležećeg koštanog edema."",""Obostrano OA promjene FT""]",UNKNOWN,,0.0,0,REVIEW_REQUIRED
1.2.826.0.1.3680043.8.498.11440217845998767853986099058965644463,Lateral OA,llm_review:Lateral cartilage lesion extent is not reported.,False,"[""Hondromalacija III° lateralnog tibijalnog platoa."",""Obostrano hondromalacija IV. femoralnih kondila\nuz manje zone priležećeg koštanog edema."",""Obostrano OA promjene FT""]",UNKNOWN,,0.0,0,REVIEW_REQUIRED
1.2.826.0.1.3680043.8.498.11440217845998767853986099058965644463,PF OA,criteria_anatomy_severity_extent_or_timing_insufficient,False,"[""Stanjenje patelarne i trohlearne hrskavice uz vidljivu hondromalaciju II° trohlearne hrskavice."",""početne OA promjene FP zgloba.""]",UNKNOWN,,0.0,0,REVIEW_REQUIRED
1.2.826.0.1.3680043.8.498.11440217845998767853986099058965644463,PF OA,llm_review:Early PF OA and cartilage thinning are reported without quantified thickness loss or lesion extent.,False,"[""Stanjenje patelarne i trohlearne hrskavice uz vidljivu hondromalaciju II° trohlearne hrskavice."",""početne OA promjene FP zgloba.""]",UNKNOWN,,0.0,0,REVIEW_REQUIRED
1.2.826.0.1.3680043.8.498.11440217845998767853986099058965644463,PF OA,llm_review:The grading convention for trochlear grade II chondromalacia is unspecified.,False,"[""Stanjenje patelarne i trohlearne hrskavice uz vidljivu hondromalaciju II° trohlearne hrskavice."",""početne OA promjene FP zgloba.""]",UNKNOWN,,0.0,0,REVIEW_REQUIRED
1.2.826.0.1.3680043.8.498.11440217845998767853986099058965644463,Effusion,criteria_anatomy_severity_extent_or_timing_insufficient,False,"[""Umjereni Izljev u koljenu.""]",UNKNOWN,,0.0,0,REVIEW_REQUIRED
1.2.826.0.1.3680043.8.498.11440217845998767853986099058965644463,Effusion,llm_review:Moderate knee effusion is explicit; joint distension is not explicitly described.,False,"[""Umjereni Izljev u koljenu.""]",UNKNOWN,,0.0,0,REVIEW_REQUIRED
1.2.826.0.1.3680043.8.498.11440217845998767853986099058965644463,Baker's,criteria_anatomy_severity_extent_or_timing_insufficient,False,"[""Kolabirana poplitealna cista veličine 21x9mm.""]",UNKNOWN,,0.0,0,REVIEW_REQUIRED
1.2.826.0.1.3680043.8.498.11440217845998767853986099058965644463,Baker's,"llm_review:A collapsed popliteal cyst is reported with dimensions, but moderate/large severity is not established.",False,"[""Kolabirana poplitealna cista veličine 21x9mm.""]",UNKNOWN,,0.0,0,REVIEW_REQUIRED
1.2.826.0.1.3680043.8.498.11440217845998767853986099058965644463,Contusion,uncertain_report,False,"[""Koštani edem medijalnog tibijalnog platoa s medijalne strane."",""Obostrano hondromalacija IV. femoralnih kondila\nuz manje zone priležećeg koštanog edema.""]",UNKNOWN,,0.0,0,REVIEW_REQUIRED
1.2.826.0.1.3680043.8.498.11440217845998767853986099058965644463,Contusion,"llm_review:Medial tibial plateau marrow edema has no specified traumatic cause or timing, and fracture-line status is not reported.",False,"[""Koštani edem medijalnog tibijalnog platoa s medijalne strane."",""Obostrano hondromalacija IV. femoralnih kondila\nuz manje zone priležećeg koštanog edema.""]",UNKNOWN,,0.0,0,REVIEW_REQUIRED
1.2.826.0.1.3680043.8.498.11440217845998767853986099058965644463,Contusion,llm_review:Femoral condylar edema accompanies chondromalacia; it does not establish a traumatic contusion.,False,"[""Koštani edem medijalnog tibijalnog platoa s medijalne strane."",""Obostrano hondromalacija IV. femoralnih kondila\nuz manje zone priležećeg koštanog edema.""]",UNKNOWN,,0.0,0,REVIEW_REQUIRED
1.2.826.0.1.3680043.8.498.11440217845998767853986099058965644463,Contusion,llm_review:Femoral metaphyseal signal is explicitly attributed to red marrow reconversion.,False,"[""Koštani edem medijalnog tibijalnog platoa s medijalne strane."",""Obostrano hondromalacija IV. femoralnih kondila\nuz manje zone priležećeg koštanog edema.""]",UNKNOWN,,0.0,0,REVIEW_REQUIRED
1.2.826.0.1.3680043.8.498.11498239309891927151456629915927889165,Medial OA,negative_scope_insufficient,False,"[""Geen majeure kraakbeendefecten mediaal en lateraal femorotibiaal.""]",UNKNOWN,,0.0,0,REVIEW_REQUIRED
1.2.826.0.1.3680043.8.498.11498239309891927151456629915927889165,Medial OA,"llm_review:The negative is limited to major cartilage defects; cartilage loss depth and extent are unspecified, so qualifying disease is not fully excluded.",False,"[""Geen majeure kraakbeendefecten mediaal en lateraal femorotibiaal.""]",UNKNOWN,,0.0,0,REVIEW_REQUIRED
1.2.826.0.1.3680043.8.498.11498239309891927151456629915927889165,Lateral OA,negative_scope_insufficient,False,"[""Geen majeure kraakbeendefecten mediaal en lateraal femorotibiaal.""]",UNKNOWN,,0.0,0,REVIEW_REQUIRED
1.2.826.0.1.3680043.8.498.11498239309891927151456629915927889165,Lateral OA,"llm_review:The negative is limited to major cartilage defects; cartilage loss depth and extent are unspecified, so qualifying disease is not fully excluded.",False,"[""Geen majeure kraakbeendefecten mediaal en lateraal femorotibiaal.""]",UNKNOWN,,0.0,0,REVIEW_REQUIRED
1.2.826.0.1.3680043.8.498.11498239309891927151456629915927889165,PF OA,negative_scope_insufficient,False,"[""Geen majeure kraakbeendefecten patellofemoraal.""]",UNKNOWN,,0.0,0,REVIEW_REQUIRED
1.2.826.0.1.3680043.8.498.11498239309891927151456629915927889165,PF OA,"llm_review:The negative is limited to major cartilage defects; cartilage loss depth and extent are unspecified, so qualifying disease is not fully excluded.",False,"[""Geen majeure kraakbeendefecten patellofemoraal.""]",UNKNOWN,,0.0,0,REVIEW_REQUIRED
1.2.826.0.1.3680043.8.498.11569601172991867969672947467467392425,MCL,timing_or_trauma_review,False,"[""Mild to moderate sprain of the medial collateral ligament with focal thickening and heterogeneous signal intensity at the proximal fibers, and edema surrounding the mid to distal fibers.""]",NO,0.05,1.0,1,REVIEW_REQUIRED
1.2.826.0.1.3680043.8.498.11569601172991867969672947467467392425,MCL,explicit_subthreshold_or_alternative,False,"[""Mild to moderate sprain of the medial collateral ligament with focal thickening and heterogeneous signal intensity at the proximal fibers, and edema surrounding the mid to distal fibers.""]",NO,0.05,1.0,1,REVIEW_REQUIRED
1.2.826.0.1.3680043.8.498.11569601172991867969672947467467392425,MCL,llm_review:Mild-to-moderate sprain; no high-grade tear diagnosis. Acute timing is not explicitly stated.,False,"[""Mild to moderate sprain of the medial collateral ligament with focal thickening and heterogeneous signal intensity at the proximal fibers, and edema surrounding the mid to distal fibers.""]",NO,0.05,1.0,1,REVIEW_REQUIRED
1.2.826.0.1.3680043.8.498.11569601172991867969672947467467392425,Medial Meniscus,history_or_postoperative_scope_review,False,"[""Complex medial meniscal tears including an oblique component at the posterior horn extending to the free edge."",""Tears at the undersurface of the body, with subluxation of the body into the medial gutter measuring 2 mm.""]",YES,0.95,1.0,1,REVIEW_REQUIRED
1.2.826.0.1.3680043.8.498.11569601172991867969672947467467392425,Lateral Meniscus,"llm_review:Internal signal abnormality is reported, without definite tear.",False,"[""Lateral meniscus: Mild intrasubstance heterogeneous signal intensity in the body without definite tear.""]",NO,,0.0,0,MASKED_BY_TEXT_REVIEW
1.2.826.0.1.3680043.8.498.11569601172991867969672947467467392425,Lateral Meniscus,pilot_text_review_mask,False,"[""Lateral meniscus: Mild intrasubstance heterogeneous signal intensity in the body without definite tear.""]",NO,,0.0,0,MASKED_BY_TEXT_REVIEW
1.2.826.0.1.3680043.8.498.11569601172991867969672947467467392425,Medial OA,history_or_postoperative_scope_review,False,"[""Broad-based area of grade 4 chondrosis along the central the anterior weightbearing surface of the medial femoral condyle extending over 1.0 cm mediolateral dimension, and up to 1.9 cm anterior posterior dimension."",""Diffuse thinning of the cartilage of the medial tibial plateau with areas of up to grade 3 chondrosis medially."",""Moderate to advanced medial compartment osteoarthritis with areas of to grade 4 chondrosis in the medial femoral condyle.""]",UNKNOWN,0.9,0.25,1,REVIEW_REQUIRED
1.2.826.0.1.3680043.8.498.11569601172991867969672947467467392425,Medial OA,criteria_anatomy_severity_extent_or_timing_insufficient,False,"[""Broad-based area of grade 4 chondrosis along the central the anterior weightbearing surface of the medial femoral condyle extending over 1.0 cm mediolateral dimension, and up to 1.9 cm anterior posterior dimension."",""Diffuse thinning of the cartilage of the medial tibial plateau with areas of up to grade 3 chondrosis medially."",""Moderate to advanced medial compartment osteoarthritis with areas of to grade 4 chondrosis in the medial femoral condyle.""]",UNKNOWN,0.9,0.25,1,REVIEW_REQUIRED
1.2.826.0.1.3680043.8.498.11569601172991867969672947467467392425,Medial OA,"llm_review:Grade 4 chondrosis spans at least 10 mm, but the grading convention and percentage cartilage depth loss are not explicitly specified.",False,"[""Broad-based area of grade 4 chondrosis along the central the anterior weightbearing surface of the medial femoral condyle extending over 1.0 cm mediolateral dimension, and up to 1.9 cm anterior posterior dimension."",""Diffuse thinning of the cartilage of the medial tibial plateau with areas of up to grade 3 chondrosis medially."",""Moderate to advanced medial compartment osteoarthritis with areas of to grade 4 chondrosis in the medial femoral condyle.""]",UNKNOWN,0.9,0.25,1,REVIEW_REQUIRED
1.2.826.0.1.3680043.8.498.11569601172991867969672947467467392425,Lateral OA,negative_scope_insufficient,False,"[""Lateral compartment cartilage: No focal cartilage defects.""]",UNKNOWN,,0.0,0,REVIEW_REQUIRED
1.2.826.0.1.3680043.8.498.11569601172991867969672947467467392425,Lateral OA,llm_review:The negative excludes focal cartilage defects but does not explicitly exclude diffuse qualifying cartilage loss.,False,"[""Lateral compartment cartilage: No focal cartilage defects.""]",UNKNOWN,,0.0,0,REVIEW_REQUIRED
1.2.826.0.1.3680043.8.498.11569601172991867969672947467467392425,PF OA,criteria_anatomy_severity_extent_or_timing_insufficient,False,"[""Scattered areas of up to grade 2/3 chondrosis at the medial patellar facet measuring up to 0.5 cm mediolateral dimension."",""Grade 2/3 chondrosis in the medial trochlea."",""Moderate patellofemoral osteoarthritis with areas of grade 2/3 chondrosis.""]",UNKNOWN,0.2,0.25,1,REVIEW_REQUIRED
1.2.826.0.1.3680043.8.498.11569601172991867969672947467467392425,PF OA,llm_review:Grade 2/3 and its grading convention do not establish greater than 50% depth loss. The patellar lesion measures 5 mm; trochlear extent is unspecified.,False,"[""Scattered areas of up to grade 2/3 chondrosis at the medial patellar facet measuring up to 0.5 cm mediolateral dimension."",""Grade 2/3 chondrosis in the medial trochlea."",""Moderate patellofemoral osteoarthritis with areas of grade 2/3 chondrosis.""]",UNKNOWN,0.2,0.25,1,REVIEW_REQUIRED
1.2.826.0.1.3680043.8.498.11569601172991867969672947467467392425,Effusion,criteria_anatomy_severity_extent_or_timing_insufficient,False,"[""Moderate-to-large joint effusion.""]",UNKNOWN,0.9,0.25,1,REVIEW_REQUIRED
1.2.826.0.1.3680043.8.498.11569601172991867969672947467467392425,Effusion,llm_review:Moderate-to-large effusion is explicit; joint distension is not separately described.,False,"[""Moderate-to-large joint effusion.""]",UNKNOWN,0.9,0.25,1,REVIEW_REQUIRED
1.2.826.0.1.3680043.8.498.11569601172991867969672947467467392425,Baker's,explicit_subthreshold_or_alternative,False,"[""Minute Baker's cyst.""]",NO,0.05,1.0,1,REVIEW_REQUIRED
1.2.826.0.1.3680043.8.498.11569601172991867969672947467467392425,Baker's,llm_review:Minute cyst is below the moderate/large threshold.,False,"[""Minute Baker's cyst.""]",NO,0.05,1.0,1,REVIEW_REQUIRED
1.2.826.0.1.3680043.8.498.11569601172991867969672947467467392425,Contusion,pilot_text_review_mask,False,[],UNKNOWN,,0.0,0,MASKED_BY_TEXT_REVIEW
1.2.826.0.1.3680043.8.498.11569601172991867969672947467467392425,Fracture,history_or_postoperative_scope_review,False,"[""There is a stress fracture of the medial tibial plateau with curvilinear low signal intensity in the subcortical bone measuring up to 1.0 cm anterior posterior by 0.9 cm mediolateral dimension with surrounding marrow edema.""]",UNKNOWN,0.8,0.25,1,REVIEW_REQUIRED
1.2.826.0.1.3680043.8.498.11569601172991867969672947467467392425,Fracture,timing_or_trauma_review,False,"[""There is a stress fracture of the medial tibial plateau with curvilinear low signal intensity in the subcortical bone measuring up to 1.0 cm anterior posterior by 0.9 cm mediolateral dimension with surrounding marrow edema.""]",UNKNOWN,0.8,0.25,1,REVIEW_REQUIRED
1.2.826.0.1.3680043.8.498.11569601172991867969672947467467392425,Fracture,criteria_anatomy_severity_extent_or_timing_insufficient,False,"[""There is a stress fracture of the medial tibial plateau with curvilinear low signal intensity in the subcortical bone measuring up to 1.0 cm anterior posterior by 0.9 cm mediolateral dimension with surrounding marrow edema.""]",UNKNOWN,0.8,0.25,1,REVIEW_REQUIRED
1.2.826.0.1.3680043.8.498.11569601172991867969672947467467392425,Fracture,"llm_review:Current stress fracture with surrounding marrow edema is described, but fracture age and acute timing are unspecified.",False,"[""There is a stress fracture of the medial tibial plateau with curvilinear low signal intensity in the subcortical bone measuring up to 1.0 cm anterior posterior by 0.9 cm mediolateral dimension with surrounding marrow edema.""]",UNKNOWN,0.8,0.25,1,REVIEW_REQUIRED
1.2.826.0.1.3680043.8.498.11574480940878399452466699512074769686,ACL,llm_review:Tear timing is unspecified.,False,"[""Vidi se kompletna ruptura prednjeg križnog ligamenta pri femoralnom hvatištu uz vidljivu\ngraničnu prednju tibijalnu translaciju (7.3mm).""]",YES,0.95,1.0,1,REVIEW_REQUIRED
1.2.826.0.1.3680043.8.498.11574480940878399452466699512074769686,MCL,llm_review:The MCL is referenced as an anatomical landmark for probable meniscocapsular separation; no MCL injury or normality is stated.,False,[],UNKNOWN,,0.0,0,REVIEW_REQUIRED
1.2.826.0.1.3680043.8.498.11574480940878399452466699512074769686,Medial Meniscus,llm_review:Associated meniscocapsular separation is probable rather than definite.,False,"[""Kompleksna \""parrot beak\"" ruptura trupa medijanog meniska sa širenjem u stražnji rog te manjim\nflapom interkondilarno."",""Tanka hiperintenzivna linija između trupa medijalnog meniska i medijalnog\nkolateralnog ligamenta, vjerojatno u sklopu meniskokapsularne separacije.""]",YES,0.95,1.0,1,REVIEW_REQUIRED
1.2.826.0.1.3680043.8.498.11574480940878399452466699512074769686,Medial Meniscus,llm_review:Tear timing and severity grade are unspecified.,False,"[""Kompleksna \""parrot beak\"" ruptura trupa medijanog meniska sa širenjem u stražnji rog te manjim\nflapom interkondilarno."",""Tanka hiperintenzivna linija između trupa medijalnog meniska i medijalnog\nkolateralnog ligamenta, vjerojatno u sklopu meniskokapsularne separacije.""]",YES,0.95,1.0,1,REVIEW_REQUIRED
1.2.826.0.1.3680043.8.498.11574480940878399452466699512074769686,Lateral Meniscus,llm_review:Tear timing and severity grade are unspecified.,False,"[""Longitudinalna ruptura prednjeg roga i anteriornog dijela trupa lateralnog meniska koja se širi u\nobje zglobne površine.""]",YES,0.95,1.0,1,REVIEW_REQUIRED
1.2.826.0.1.3680043.8.498.11574480940878399452466699512074769686,Medial OA,anatomy_missing_or_wrong,True,"[""Zglobne hrskavice su primjerenog intenziteta signala, primjerene debljine.""]",UNKNOWN,,0.0,0,MASKED_BY_TEXT_REVIEW
1.2.826.0.1.3680043.8.498.11574480940878399452466699512074769686,Medial OA,llm_review:The unrestricted normal cartilage statement supports absence across compartments; the medial compartment is not separately named.,False,"[""Zglobne hrskavice su primjerenog intenziteta signala, primjerene debljine.""]",UNKNOWN,,0.0,0,MASKED_BY_TEXT_REVIEW
1.2.826.0.1.3680043.8.498.11574480940878399452466699512074769686,Medial OA,pilot_text_review_mask,False,"[""Zglobne hrskavice su primjerenog intenziteta signala, primjerene debljine.""]",UNKNOWN,,0.0,0,MASKED_BY_TEXT_REVIEW
1.2.826.0.1.3680043.8.498.11574480940878399452466699512074769686,Lateral OA,anatomy_missing_or_wrong,True,"[""Zglobne hrskavice su primjerenog intenziteta signala, primjerene debljine.""]",UNKNOWN,,0.0,0,MASKED_BY_TEXT_REVIEW
1.2.826.0.1.3680043.8.498.11574480940878399452466699512074769686,Lateral OA,llm_review:The unrestricted normal cartilage statement supports absence across compartments; the lateral compartment is not separately named.,False,"[""Zglobne hrskavice su primjerenog intenziteta signala, primjerene debljine.""]",UNKNOWN,,0.0,0,MASKED_BY_TEXT_REVIEW
1.2.826.0.1.3680043.8.498.11574480940878399452466699512074769686,Lateral OA,pilot_text_review_mask,False,"[""Zglobne hrskavice su primjerenog intenziteta signala, primjerene debljine.""]",UNKNOWN,,0.0,0,MASKED_BY_TEXT_REVIEW
1.2.826.0.1.3680043.8.498.11574480940878399452466699512074769686,PF OA,anatomy_missing_or_wrong,True,"[""Zglobne hrskavice su primjerenog intenziteta signala, primjerene debljine.""]",UNKNOWN,,0.0,0,MASKED_BY_TEXT_REVIEW
1.2.826.0.1.3680043.8.498.11574480940878399452466699512074769686,PF OA,llm_review:The unrestricted normal cartilage statement supports absence across compartments; the patellofemoral compartment is not separately named.,False,"[""Zglobne hrskavice su primjerenog intenziteta signala, primjerene debljine.""]",UNKNOWN,,0.0,0,MASKED_BY_TEXT_REVIEW
1.2.826.0.1.3680043.8.498.11574480940878399452466699512074769686,PF OA,pilot_text_review_mask,False,"[""Zglobne hrskavice su primjerenog intenziteta signala, primjerene debljine.""]",UNKNOWN,,0.0,0,MASKED_BY_TEXT_REVIEW
1.2.826.0.1.3680043.8.498.11574480940878399452466699512074769686,Effusion,criteria_anatomy_severity_extent_or_timing_insufficient,False,"[""Izljev u suprapatelarnom recessusu s lateralne strane.""]",UNKNOWN,,0.0,0,REVIEW_REQUIRED
1.2.826.0.1.3680043.8.498.11574480940878399452466699512074769686,Effusion,"llm_review:Effusion volume, joint distension and timing are unspecified.",False,"[""Izljev u suprapatelarnom recessusu s lateralne strane.""]",UNKNOWN,,0.0,0,REVIEW_REQUIRED
1.2.826.0.1.3680043.8.498.11574480940878399452466699512074769686,Contusion,history_or_postoperative_scope_review,False,"[""Koštani edem posteriornog aspekta medijalnog femoralnog kondila te manji koštani edem\nposteromedijalnog apsekta lateralnog tibijalnog platoa.""]",UNKNOWN,,0.0,0,REVIEW_REQUIRED
1.2.826.0.1.3680043.8.498.11574480940878399452466699512074769686,Contusion,uncertain_report,False,"[""Koštani edem posteriornog aspekta medijalnog femoralnog kondila te manji koštani edem\nposteromedijalnog apsekta lateralnog tibijalnog platoa.""]",UNKNOWN,,0.0,0,REVIEW_REQUIRED
1.2.826.0.1.3680043.8.498.11574480940878399452466699512074769686,Contusion,"llm_review:Bone edema is present, but traumatic etiology, absence of a fracture line and timing are not stated.",False,"[""Koštani edem posteriornog aspekta medijalnog femoralnog kondila te manji koštani edem\nposteromedijalnog apsekta lateralnog tibijalnog platoa.""]",UNKNOWN,,0.0,0,REVIEW_REQUIRED
1.2.826.0.1.3680043.8.498.11574480940878399452466699512074769686,Contusion,llm_review:The smaller tibial edema description does not establish overall contusion severity.,False,"[""Koštani edem posteriornog aspekta medijalnog femoralnog kondila te manji koštani edem\nposteromedijalnog apsekta lateralnog tibijalnog platoa.""]",UNKNOWN,,0.0,0,REVIEW_REQUIRED
1.2.826.0.1.3680043.8.498.11762352496600661264881556836248251400,Medial OA,explicit_subthreshold_or_alternative,False,"[""There is mild generalized thinning of the tibiofemoral compartment articular cartilage.""]",NO,,0.0,0,MASKED_BY_TEXT_REVIEW
1.2.826.0.1.3680043.8.498.11762352496600661264881556836248251400,Medial OA,"llm_review:Generalized tibiofemoral thinning is reported without separate medial compartment localization, quantitative depth, or measured extent.",False,"[""There is mild generalized thinning of the tibiofemoral compartment articular cartilage.""]",NO,,0.0,0,MASKED_BY_TEXT_REVIEW
1.2.826.0.1.3680043.8.498.11762352496600661264881556836248251400,Medial OA,pilot_text_review_mask,False,"[""There is mild generalized thinning of the tibiofemoral compartment articular cartilage.""]",NO,,0.0,0,MASKED_BY_TEXT_REVIEW
1.2.826.0.1.3680043.8.498.11762352496600661264881556836248251400,Lateral OA,explicit_subthreshold_or_alternative,False,"[""There is mild generalized thinning of the tibiofemoral compartment articular cartilage.""]",NO,,0.0,0,MASKED_BY_TEXT_REVIEW
1.2.826.0.1.3680043.8.498.11762352496600661264881556836248251400,Lateral OA,"llm_review:Generalized tibiofemoral thinning is reported without separate lateral compartment localization, quantitative depth, or measured extent.",False,"[""There is mild generalized thinning of the tibiofemoral compartment articular cartilage.""]",NO,,0.0,0,MASKED_BY_TEXT_REVIEW
1.2.826.0.1.3680043.8.498.11762352496600661264881556836248251400,Lateral OA,pilot_text_review_mask,False,"[""There is mild generalized thinning of the tibiofemoral compartment articular cartilage.""]",NO,,0.0,0,MASKED_BY_TEXT_REVIEW
1.2.826.0.1.3680043.8.498.11762352496600661264881556836248251400,PF OA,explicit_subthreshold_or_alternative,False,"[""Focal fraying of the medial patellar facet articular cartilage is noted with mild underlying bony change."",""Normal trochlear articular cartilage."",""Mild tibiofemoral and patellar chondral the as described.""]",NO,0.05,1.0,1,REVIEW_REQUIRED
1.2.826.0.1.3680043.8.498.11762352496600661264881556836248251400,PF OA,llm_review:Cartilage loss depth and lesion dimensions are unspecified; the conclusion contains a textual error.,False,"[""Focal fraying of the medial patellar facet articular cartilage is noted with mild underlying bony change."",""Normal trochlear articular cartilage."",""Mild tibiofemoral and patellar chondral the as described.""]",NO,0.05,1.0,1,REVIEW_REQUIRED
1.2.826.0.1.3680043.8.498.11762352496600661264881556836248251400,Effusion,llm_review:The negative excludes significant effusion but does not establish complete absence of trace fluid.,False,"[""No significant knee effusion.""]",NO,,0.0,0,MASKED_BY_TEXT_REVIEW
1.2.826.0.1.3680043.8.498.11762352496600661264881556836248251400,Effusion,pilot_text_review_mask,False,"[""No significant knee effusion.""]",NO,,0.0,0,MASKED_BY_TEXT_REVIEW
1.2.826.0.1.3680043.8.498.11905397531490569218559534495408776672,Medial OA,anatomy_missing_or_wrong,True,"[""Keine höhergradige Chondropathie""]",UNKNOWN,,0.0,0,MASKED_BY_TEXT_REVIEW
1.2.826.0.1.3680043.8.498.11905397531490569218559534495408776672,Medial OA,negative_scope_insufficient,False,"[""Keine höhergradige Chondropathie""]",UNKNOWN,,0.0,0,MASKED_BY_TEXT_REVIEW
1.2.826.0.1.3680043.8.498.11905397531490569218559534495408776672,Medial OA,"llm_review:General negative for higher-grade chondropathy; compartment, grading convention, cartilage-loss depth and extent are unspecified. The negative cannot be mapped confidently to both competition thresholds.",False,"[""Keine höhergradige Chondropathie""]",UNKNOWN,,0.0,0,MASKED_BY_TEXT_REVIEW
1.2.826.0.1.3680043.8.498.11905397531490569218559534495408776672,Medial OA,pilot_text_review_mask,False,"[""Keine höhergradige Chondropathie""]",UNKNOWN,,0.0,0,MASKED_BY_TEXT_REVIEW
1.2.826.0.1.3680043.8.498.11905397531490569218559534495408776672,Lateral OA,anatomy_missing_or_wrong,True,"[""Keine höhergradige Chondropathie""]",UNKNOWN,,0.0,0,MASKED_BY_TEXT_REVIEW
1.2.826.0.1.3680043.8.498.11905397531490569218559534495408776672,Lateral OA,negative_scope_insufficient,False,"[""Keine höhergradige Chondropathie""]",UNKNOWN,,0.0,0,MASKED_BY_TEXT_REVIEW
1.2.826.0.1.3680043.8.498.11905397531490569218559534495408776672,Lateral OA,"llm_review:General negative for higher-grade chondropathy; compartment, grading convention, cartilage-loss depth and extent are unspecified. The negative cannot be mapped confidently to both competition thresholds.",False,"[""Keine höhergradige Chondropathie""]",UNKNOWN,,0.0,0,MASKED_BY_TEXT_REVIEW
1.2.826.0.1.3680043.8.498.11905397531490569218559534495408776672,Lateral OA,pilot_text_review_mask,False,"[""Keine höhergradige Chondropathie""]",UNKNOWN,,0.0,0,MASKED_BY_TEXT_REVIEW
1.2.826.0.1.3680043.8.498.11905397531490569218559534495408776672,PF OA,anatomy_missing_or_wrong,True,"[""Keine höhergradige Chondropathie""]",UNKNOWN,,0.0,0,MASKED_BY_TEXT_REVIEW
1.2.826.0.1.3680043.8.498.11905397531490569218559534495408776672,PF OA,negative_scope_insufficient,False,"[""Keine höhergradige Chondropathie""]",UNKNOWN,,0.0,0,MASKED_BY_TEXT_REVIEW
1.2.826.0.1.3680043.8.498.11905397531490569218559534495408776672,PF OA,"llm_review:General negative for higher-grade chondropathy; compartment, grading convention, cartilage-loss depth and extent are unspecified. The negative cannot be mapped confidently to both competition thresholds.",False,"[""Keine höhergradige Chondropathie""]",UNKNOWN,,0.0,0,MASKED_BY_TEXT_REVIEW
1.2.826.0.1.3680043.8.498.11905397531490569218559534495408776672,PF OA,pilot_text_review_mask,False,"[""Keine höhergradige Chondropathie""]",UNKNOWN,,0.0,0,MASKED_BY_TEXT_REVIEW
1.2.826.0.1.3680043.8.498.11964826300307458382604479841253457304,ACL,explicit_subthreshold_or_alternative,False,"[""Предната кръстна връзка е със запазена цялост и се изобразява с повишен сигнален интензитет и лекостепенно задебелена, както при разтежение."",""Дегенеративни промени в задния рог на медиалния менискус и предната кръстна връзка.""]",NO,0.05,1.0,1,REVIEW_REQUIRED
1.2.826.0.1.3680043.8.498.11964826300307458382604479841253457304,ACL,llm_review:Strain-like signal and degenerative changes with preserved integrity; injury timing unspecified.,False,"[""Предната кръстна връзка е със запазена цялост и се изобразява с повишен сигнален интензитет и лекостепенно задебелена, както при разтежение."",""Дегенеративни промени в задния рог на медиалния менискус и предната кръстна връзка.""]",NO,0.05,1.0,1,REVIEW_REQUIRED
1.2.826.0.1.3680043.8.498.11964826300307458382604479841253457304,Medial Meniscus,explicit_subthreshold_or_alternative,False,"[""Установяват се дегенеративни изменения в задния рог на медиалния менискус под формата на тънка хиперинтензна линия с хоризонтален ход.""]",NO,0.05,1.0,1,REVIEW_REQUIRED
1.2.826.0.1.3680043.8.498.11964826300307458382604479841253457304,Medial Meniscus,llm_review:Internal degeneration is described without a definite tear diagnosis.,False,"[""Установяват се дегенеративни изменения в задния рог на медиалния менискус под формата на тънка хиперинтензна линия с хоризонтален ход.""]",NO,0.05,1.0,1,REVIEW_REQUIRED
1.2.826.0.1.3680043.8.498.11964826300307458382604479841253457304,PF OA,criteria_anatomy_severity_extent_or_timing_insufficient,False,"[""Вижда се малък дефект в хрущяла на пателата с микрокистична преустройка на нивото на дефекта по горния полюс на пателата на медиалната страна.""]",UNKNOWN,,0.0,0,REVIEW_REQUIRED
1.2.826.0.1.3680043.8.498.11964826300307458382604479841253457304,PF OA,"llm_review:Patellar cartilage defect is localized, but depth and numerical extent are unspecified; small does not establish either threshold.",False,"[""Вижда се малък дефект в хрущяла на пателата с микрокистична преустройка на нивото на дефекта по горния полюс на пателата на медиалната страна.""]",UNKNOWN,,0.0,0,REVIEW_REQUIRED
1.2.826.0.1.3680043.8.498.11964826300307458382604479841253457304,Effusion,explicit_subthreshold_or_alternative,False,"[""МР данни за ставен излив."",""МР данни за малък ставен излив.""]",NO,0.05,1.0,1,REVIEW_REQUIRED
1.2.826.0.1.3680043.8.498.11964826300307458382604479841253457304,Effusion,llm_review:Small effusion is subthreshold; joint distension is not described.,False,"[""МР данни за ставен излив."",""МР данни за малък ставен излив.""]",NO,0.05,1.0,1,REVIEW_REQUIRED
1.2.826.0.1.3680043.8.498.11964826300307458382604479841253457304,Contusion,unresolved_contradiction,True,"[""Костите, формиращи дясната колянна става се изобразяват с правилна форма, структура и сигнална характеристика."",""МР данни за костномозъчен едем в долната медиална половина на пателата."",""Дефект в хрущяла на пателата в горния полюс, с наличие на костномозъчен едем в долния медиален ръб.""]",UNKNOWN,,0.0,0,MASKED_BY_TEXT_REVIEW
1.2.826.0.1.3680043.8.498.11964826300307458382604479841253457304,Contusion,unresolved_contradiction,False,"[""Костите, формиращи дясната колянна става се изобразяват с правилна форма, структура и сигнална характеристика."",""МР данни за костномозъчен едем в долната медиална половина на пателата."",""Дефект в хрущяла на пателата в горния полюс, с наличие на костномозъчен едем в долния медиален ръб.""]",UNKNOWN,,0.0,0,MASKED_BY_TEXT_REVIEW
1.2.826.0.1.3680043.8.498.11964826300307458382604479841253457304,Contusion,llm_review:General normal bone signal conflicts with focal patellar marrow edema.,False,"[""Костите, формиращи дясната колянна става се изобразяват с правилна форма, структура и сигнална характеристика."",""МР данни за костномозъчен едем в долната медиална половина на пателата."",""Дефект в хрущяла на пателата в горния полюс, с наличие на костномозъчен едем в долния медиален ръб.""]",UNKNOWN,,0.0,0,MASKED_BY_TEXT_REVIEW
1.2.826.0.1.3680043.8.498.11964826300307458382604479841253457304,Contusion,"llm_review:Marrow edema is definite, but traumatic origin, timing and absence of a fracture line at the lesion are not established.",False,"[""Костите, формиращи дясната колянна става се изобразяват с правилна форма, структура и сигнална характеристика."",""МР данни за костномозъчен едем в долната медиална половина на пателата."",""Дефект в хрущяла на пателата в горния полюс, с наличие на костномозъчен едем в долния медиален ръб.""]",UNKNOWN,,0.0,0,MASKED_BY_TEXT_REVIEW
1.2.826.0.1.3680043.8.498.11964826300307458382604479841253457304,Contusion,pilot_text_review_mask,False,"[""Костите, формиращи дясната колянна става се изобразяват с правилна форма, структура и сигнална характеристика."",""МР данни за костномозъчен едем в долната медиална половина на пателата."",""Дефект в хрущяла на пателата в горния полюс, с наличие на костномозъчен едем в долния медиален ръб.""]",UNKNOWN,,0.0,0,MASKED_BY_TEXT_REVIEW
1.2.826.0.1.3680043.8.498.11964826300307458382604479841253457304,Fracture,negative_scope_insufficient,False,"[""Костите, формиращи дясната колянна става се изобразяват с правилна форма, структура и сигнална характеристика.""]",UNKNOWN,,0.0,0,REVIEW_REQUIRED
1.2.826.0.1.3680043.8.498.11964826300307458382604479841253457304,Fracture,"llm_review:General normal osseous appearance is reported, but fracture lines or cortical disruption are not explicitly excluded; focal patellar marrow edema limits a confident class-level negative.",False,"[""Костите, формиращи дясната колянна става се изобразяват с правилна форма, структура и сигнална характеристика.""]",UNKNOWN,,0.0,0,REVIEW_REQUIRED
1.2.826.0.1.3680043.8.498.12015406188790105426257083591807220760,Medial Meniscus,explicit_subthreshold_or_alternative,False,"[""Medial menisküste grade II dejenerasyon izlendi.""]",NO,0.05,1.0,1,REVIEW_REQUIRED
1.2.826.0.1.3680043.8.498.12015406188790105426257083591807220760,Medial Meniscus,llm_review:Grade II degeneration is subthreshold; no definite tear diagnosis.,False,"[""Medial menisküste grade II dejenerasyon izlendi.""]",NO,0.05,1.0,1,REVIEW_REQUIRED
1.2.826.0.1.3680043.8.498.12015406188790105426257083591807220760,Lateral Meniscus,explicit_subthreshold_or_alternative,False,"[""Lateral menisküste grade I dejenerasyon izlendi.""]",NO,0.05,1.0,1,REVIEW_REQUIRED
1.2.826.0.1.3680043.8.498.12015406188790105426257083591807220760,Lateral Meniscus,llm_review:Grade I degeneration is subthreshold; no definite tear diagnosis.,False,"[""Lateral menisküste grade I dejenerasyon izlendi.""]",NO,0.05,1.0,1,REVIEW_REQUIRED
1.2.826.0.1.3680043.8.498.12015406188790105426257083591807220760,PF OA,criteria_anatomy_severity_extent_or_timing_insufficient,False,"[""Patellofemoral eklem medial faset düzeyinde patellar düzeyde kıkırdakta bütünlük kaybı ve komşu kemikte subkondral kemik iliği ödemi izlenmektedir.""]",UNKNOWN,,0.0,0,REVIEW_REQUIRED
1.2.826.0.1.3680043.8.498.12015406188790105426257083591807220760,PF OA,"llm_review:Cartilage integrity loss is reported, but thickness-loss percentage, grade and lesion extent are unspecified.",False,"[""Patellofemoral eklem medial faset düzeyinde patellar düzeyde kıkırdakta bütünlük kaybı ve komşu kemikte subkondral kemik iliği ödemi izlenmektedir.""]",UNKNOWN,,0.0,0,REVIEW_REQUIRED
1.2.826.0.1.3680043.8.498.12015406188790105426257083591807220760,Effusion,criteria_anatomy_severity_extent_or_timing_insufficient,False,"[""Suprapatellar bursada sıvı artışı izlenmektedir.""]",UNKNOWN,,0.0,0,REVIEW_REQUIRED
1.2.826.0.1.3680043.8.498.12015406188790105426257083591807220760,Effusion,llm_review:Increased suprapatellar fluid is reported without size grade or explicit joint distension.,False,"[""Suprapatellar bursada sıvı artışı izlenmektedir.""]",UNKNOWN,,0.0,0,REVIEW_REQUIRED
1.2.826.0.1.3680043.8.498.12015406188790105426257083591807220760,Baker's,criteria_anatomy_severity_extent_or_timing_insufficient,False,"[""Popliteal fossada 40x14 mm boyutlarında Baker kisti izlendi.""]",UNKNOWN,,0.0,0,MASKED_BY_TEXT_REVIEW
1.2.826.0.1.3680043.8.498.12015406188790105426257083591807220760,Baker's,llm_mapper_disagreement,False,"[""Popliteal fossada 40x14 mm boyutlarında Baker kisti izlendi.""]",UNKNOWN,,0.0,0,MASKED_BY_TEXT_REVIEW
1.2.826.0.1.3680043.8.498.12015406188790105426257083591807220760,Baker's,llm_review:Measured 40x14 mm cyst supports a moderate-sized lesion; no explicit size grade is stated.,False,"[""Popliteal fossada 40x14 mm boyutlarında Baker kisti izlendi.""]",UNKNOWN,,0.0,0,MASKED_BY_TEXT_REVIEW
1.2.826.0.1.3680043.8.498.12015406188790105426257083591807220760,Baker's,pilot_text_review_mask,False,"[""Popliteal fossada 40x14 mm boyutlarında Baker kisti izlendi.""]",UNKNOWN,,0.0,0,MASKED_BY_TEXT_REVIEW
1.2.826.0.1.3680043.8.498.12015406188790105426257083591807220760,Contusion,unresolved_contradiction,True,"[""Diz eklemini oluşturan kemik yapıların sinyal intensiteleri doğaldır."",""Patellofemoral eklem medial faset düzeyinde patellar düzeyde kıkırdakta bütünlük kaybı ve komşu kemikte subkondral kemik iliği ödemi izlenmektedir.""]",UNKNOWN,,0.0,0,MASKED_BY_TEXT_REVIEW
1.2.826.0.1.3680043.8.498.12015406188790105426257083591807220760,Contusion,unresolved_contradiction,False,"[""Diz eklemini oluşturan kemik yapıların sinyal intensiteleri doğaldır."",""Patellofemoral eklem medial faset düzeyinde patellar düzeyde kıkırdakta bütünlük kaybı ve komşu kemikte subkondral kemik iliği ödemi izlenmektedir.""]",UNKNOWN,,0.0,0,MASKED_BY_TEXT_REVIEW
1.2.826.0.1.3680043.8.498.12015406188790105426257083591807220760,Contusion,llm_review:General normal bone-signal statement conflicts with focal subchondral marrow edema. The focal edema accompanies cartilage damage and is not described as traumatic; the general negative cannot confidently exclude qualifying contusion.,False,"[""Diz eklemini oluşturan kemik yapıların sinyal intensiteleri doğaldır."",""Patellofemoral eklem medial faset düzeyinde patellar düzeyde kıkırdakta bütünlük kaybı ve komşu kemikte subkondral kemik iliği ödemi izlenmektedir.""]",UNKNOWN,,0.0,0,MASKED_BY_TEXT_REVIEW
1.2.826.0.1.3680043.8.498.12015406188790105426257083591807220760,Contusion,pilot_text_review_mask,False,"[""Diz eklemini oluşturan kemik yapıların sinyal intensiteleri doğaldır."",""Patellofemoral eklem medial faset düzeyinde patellar düzeyde kıkırdakta bütünlük kaybı ve komşu kemikte subkondral kemik iliği ödemi izlenmektedir.""]",UNKNOWN,,0.0,0,MASKED_BY_TEXT_REVIEW
1.2.826.0.1.3680043.8.498.12185615973620890770158935333033805789,ACL,history_or_postoperative_scope_review,False,"[""Intercondylar compartment (anterior and posterior cruciate ligaments):\nNormal.""]",NO,0.05,1.0,1,REVIEW_REQUIRED
1.2.826.0.1.3680043.8.498.12225975251304101975065271521710735735,ACL,criteria_anatomy_severity_extent_or_timing_insufficient,False,"[""ACL - acute tear."",""ACL tear.""]",UNKNOWN,,0.0,0,REVIEW_REQUIRED
1.2.826.0.1.3680043.8.498.12225975251304101975065271521710735735,ACL,"llm_review:ACL tear is definite and acute, but partial versus complete and tear grade are unspecified.",False,"[""ACL - acute tear."",""ACL tear.""]",UNKNOWN,,0.0,0,REVIEW_REQUIRED
1.2.826.0.1.3680043.8.498.12225975251304101975065271521710735735,Medial OA,llm_review:Global cartilage normality statement applies across knee compartments; compartments are not individually named.,False,"[""Cartilages noraml.""]",NO,0.05,1.0,1,REVIEW_REQUIRED
1.2.826.0.1.3680043.8.498.12225975251304101975065271521710735735,Lateral OA,llm_review:Global cartilage normality statement applies across knee compartments; compartments are not individually named.,False,"[""Cartilages noraml.""]",NO,0.05,1.0,1,REVIEW_REQUIRED
1.2.826.0.1.3680043.8.498.12225975251304101975065271521710735735,PF OA,llm_review:Global cartilage normality statement applies across knee compartments; compartments are not individually named.,False,"[""Cartilages noraml.""]",NO,0.05,1.0,1,REVIEW_REQUIRED
1.2.826.0.1.3680043.8.498.12225975251304101975065271521710735735,Effusion,criteria_anatomy_severity_extent_or_timing_insufficient,False,"[""Moderate effusion.""]",UNKNOWN,,0.0,0,REVIEW_REQUIRED
1.2.826.0.1.3680043.8.498.12225975251304101975065271521710735735,Effusion,"llm_review:Moderate effusion is reported, but joint distension is not explicitly described.",False,"[""Moderate effusion.""]",UNKNOWN,,0.0,0,REVIEW_REQUIRED
1.2.826.0.1.3680043.8.498.12225975251304101975065271521710735735,Contusion,history_or_postoperative_scope_review,False,"[""Constusion of lateral femoral condyl and posterolateral part of tibial plaetau suggestive of pivot-shift injury."",""Contusion of lateral femoral condyl.""]",UNKNOWN,,0.0,0,REVIEW_REQUIRED
1.2.826.0.1.3680043.8.498.12225975251304101975065271521710735735,Contusion,timing_or_trauma_review,False,"[""Constusion of lateral femoral condyl and posterolateral part of tibial plaetau suggestive of pivot-shift injury."",""Contusion of lateral femoral condyl.""]",UNKNOWN,,0.0,0,REVIEW_REQUIRED
1.2.826.0.1.3680043.8.498.12225975251304101975065271521710735735,Contusion,criteria_anatomy_severity_extent_or_timing_insufficient,False,"[""Constusion of lateral femoral condyl and posterolateral part of tibial plaetau suggestive of pivot-shift injury."",""Contusion of lateral femoral condyl.""]",UNKNOWN,,0.0,0,REVIEW_REQUIRED
1.2.826.0.1.3680043.8.498.12225975251304101975065271521710735735,Contusion,"llm_review:Traumatic contusions are diagnosed, but absence of a fracture line at these lesions and injury timing are not explicitly stated.",False,"[""Constusion of lateral femoral condyl and posterolateral part of tibial plaetau suggestive of pivot-shift injury."",""Contusion of lateral femoral condyl.""]",UNKNOWN,,0.0,0,REVIEW_REQUIRED
1.2.826.0.1.3680043.8.498.12257484608743859456600273083454447341,ACL,history_or_postoperative_scope_review,False,"[""the anterior and posterior cruciate ligaments are intact.""]",NO,0.05,1.0,1,REVIEW_REQUIRED
1.2.826.0.1.3680043.8.498.12257484608743859456600273083454447341,MCL,timing_or_trauma_review,False,"[""There is grade II ligamentous sprain (partial tear) of the medial collateral ligament, at mid substance (deep and superficial fibers).""]",UNKNOWN,,0.0,0,REVIEW_REQUIRED
1.2.826.0.1.3680043.8.498.12257484608743859456600273083454447341,MCL,criteria_anatomy_severity_extent_or_timing_insufficient,False,"[""There is grade II ligamentous sprain (partial tear) of the medial collateral ligament, at mid substance (deep and superficial fibers).""]",UNKNOWN,,0.0,0,REVIEW_REQUIRED
1.2.826.0.1.3680043.8.498.12257484608743859456600273083454447341,MCL,llm_review:Grade II partial tear does not specify whether the tear is high-grade.,False,"[""There is grade II ligamentous sprain (partial tear) of the medial collateral ligament, at mid substance (deep and superficial fibers).""]",UNKNOWN,,0.0,0,REVIEW_REQUIRED
1.2.826.0.1.3680043.8.498.12257484608743859456600273083454447341,MCL,llm_review:Acute versus chronic timing is unspecified.,False,"[""There is grade II ligamentous sprain (partial tear) of the medial collateral ligament, at mid substance (deep and superficial fibers).""]",UNKNOWN,,0.0,0,REVIEW_REQUIRED
1.2.826.0.1.3680043.8.498.12257484608743859456600273083454447341,Lateral Meniscus,uncertain_report,False,"[""there is suspected small radial free edge tear at the body of the lateral meniscus.""]",UNKNOWN,,0.0,0,REVIEW_REQUIRED
1.2.826.0.1.3680043.8.498.12257484608743859456600273083454447341,Lateral Meniscus,llm_review:The tear is suspected rather than definite.,False,"[""there is suspected small radial free edge tear at the body of the lateral meniscus.""]",UNKNOWN,,0.0,0,REVIEW_REQUIRED
1.2.826.0.1.3680043.8.498.12257484608743859456600273083454447341,Medial OA,negative_scope_insufficient,False,"[""In the medial compartment, the meniscus is not torn and there is no focal chondrosis or chondral injury.""]",UNKNOWN,,0.0,0,REVIEW_REQUIRED
1.2.826.0.1.3680043.8.498.12257484608743859456600273083454447341,Medial OA,llm_review:The negative is limited to focal chondrosis or chondral injury and does not explicitly exclude all qualifying cartilage loss.,False,"[""In the medial compartment, the meniscus is not torn and there is no focal chondrosis or chondral injury.""]",UNKNOWN,,0.0,0,REVIEW_REQUIRED
1.2.826.0.1.3680043.8.498.12257484608743859456600273083454447341,Lateral OA,pilot_text_review_mask,False,[],UNKNOWN,,0.0,0,MASKED_BY_TEXT_REVIEW
1.2.826.0.1.3680043.8.498.12257484608743859456600273083454447341,Effusion,criteria_anatomy_severity_extent_or_timing_insufficient,False,"[""Some amount of right knee effusion with synovitis is present.""]",UNKNOWN,,0.0,0,REVIEW_REQUIRED
1.2.826.0.1.3680043.8.498.12257484608743859456600273083454447341,Effusion,llm_review:Effusion size and joint distension are unspecified.,False,"[""Some amount of right knee effusion with synovitis is present.""]",UNKNOWN,,0.0,0,REVIEW_REQUIRED
1.2.826.0.1.3680043.8.498.12257484608743859456600273083454447341,Fracture,timing_or_trauma_review,False,"[""There is focal osteochondral fracture at mid weight-baring lateral femoral condyle (about intact6* intact7 cm).""]",UNKNOWN,,0.0,0,REVIEW_REQUIRED
1.2.826.0.1.3680043.8.498.12257484608743859456600273083454447341,Fracture,criteria_anatomy_severity_extent_or_timing_insufficient,False,"[""There is focal osteochondral fracture at mid weight-baring lateral femoral condyle (about intact6* intact7 cm).""]",UNKNOWN,,0.0,0,REVIEW_REQUIRED
1.2.826.0.1.3680043.8.498.12257484608743859456600273083454447341,Fracture,llm_review:Fracture age is unspecified.,False,"[""There is focal osteochondral fracture at mid weight-baring lateral femoral condyle (about intact6* intact7 cm).""]",UNKNOWN,,0.0,0,REVIEW_REQUIRED
1.2.826.0.1.3680043.8.498.12257484608743859456600273083454447341,Fracture,llm_review:A fracture line or cortical disruption is not explicitly described.,False,"[""There is focal osteochondral fracture at mid weight-baring lateral femoral condyle (about intact6* intact7 cm).""]",UNKNOWN,,0.0,0,REVIEW_REQUIRED
1.2.826.0.1.3680043.8.498.12257484608743859456600273083454447341,Fracture,llm_review:The reported dimensions contain malformed text and cannot be reliably interpreted.,False,"[""There is focal osteochondral fracture at mid weight-baring lateral femoral condyle (about intact6* intact7 cm).""]",UNKNOWN,,0.0,0,REVIEW_REQUIRED
1.2.826.0.1.3680043.8.498.12331841096593105748526634055968654914,MCL,history_or_postoperative_scope_review,False,"[""Ligamentos cruzado posterior y colaterales continuos."",""Engrosamiento con leve alteración de señal\ndel componente superficial del ligamento colateral medial."",""Esguince grado I del componente superficial del LCM.""]",NO,0.05,1.0,1,REVIEW_REQUIRED
1.2.826.0.1.3680043.8.498.12331841096593105748526634055968654914,MCL,timing_or_trauma_review,False,"[""Ligamentos cruzado posterior y colaterales continuos."",""Engrosamiento con leve alteración de señal\ndel componente superficial del ligamento colateral medial."",""Esguince grado I del componente superficial del LCM.""]",NO,0.05,1.0,1,REVIEW_REQUIRED
1.2.826.0.1.3680043.8.498.12331841096593105748526634055968654914,MCL,explicit_subthreshold_or_alternative,False,"[""Ligamentos cruzado posterior y colaterales continuos."",""Engrosamiento con leve alteración de señal\ndel componente superficial del ligamento colateral medial."",""Esguince grado I del componente superficial del LCM.""]",NO,0.05,1.0,1,REVIEW_REQUIRED
1.2.826.0.1.3680043.8.498.12331841096593105748526634055968654914,MCL,llm_review:MCL injury timing is not explicitly specified.,False,"[""Ligamentos cruzado posterior y colaterales continuos."",""Engrosamiento con leve alteración de señal\ndel componente superficial del ligamento colateral medial."",""Esguince grado I del componente superficial del LCM.""]",NO,0.05,1.0,1,REVIEW_REQUIRED
1.2.826.0.1.3680043.8.498.12331841096593105748526634055968654914,Medial Meniscus,history_or_postoperative_scope_review,False,"[""Menisco medial de morfología conservada con alteración de señal del cuerno posterior que no\ncumple criterios de rotura."",""Destaca leve edema en la interfase meniscocapsular del cuerno\nposterior del menisco medial."",""Edema la interfase meniscocapsular del cuerno posterior del menisco medial, pudiera traducir\nlesión a este nivel.""]",UNKNOWN,0.25,0.25,1,REVIEW_REQUIRED
1.2.826.0.1.3680043.8.498.12331841096593105748526634055968654914,Medial Meniscus,uncertain_report,False,"[""Menisco medial de morfología conservada con alteración de señal del cuerno posterior que no\ncumple criterios de rotura."",""Destaca leve edema en la interfase meniscocapsular del cuerno\nposterior del menisco medial."",""Edema la interfase meniscocapsular del cuerno posterior del menisco medial, pudiera traducir\nlesión a este nivel.""]",UNKNOWN,0.25,0.25,1,REVIEW_REQUIRED
1.2.826.0.1.3680043.8.498.12331841096593105748526634055968654914,Medial Meniscus,"llm_review:Internal signal does not meet tear criteria, but a separate meniscocapsular injury is suggested without a definite tear diagnosis.",False,"[""Menisco medial de morfología conservada con alteración de señal del cuerno posterior que no\ncumple criterios de rotura."",""Destaca leve edema en la interfase meniscocapsular del cuerno\nposterior del menisco medial."",""Edema la interfase meniscocapsular del cuerno posterior del menisco medial, pudiera traducir\nlesión a este nivel.""]",UNKNOWN,0.25,0.25,1,REVIEW_REQUIRED
1.2.826.0.1.3680043.8.498.12331841096593105748526634055968654914,Lateral Meniscus,history_or_postoperative_scope_review,False,"[""Rotura longitudinal vertical en la periferia del cuerno posterior del menisco lateral en sitio inserción\ndel ligamento menisco femoral de Wrisberg.""]",YES,0.95,1.0,1,REVIEW_REQUIRED
1.2.826.0.1.3680043.8.498.12331841096593105748526634055968654914,Medial OA,anatomy_missing_or_wrong,True,"[""Alteración de señal e irregularidad superficial del cartílago femorotibial, sin defectos condrales\nprofundos."",""Condropatía femorotibial superficial.""]",UNKNOWN,,0.0,0,MASKED_BY_TEXT_REVIEW
1.2.826.0.1.3680043.8.498.12331841096593105748526634055968654914,Medial OA,uncertain_report,False,"[""Alteración de señal e irregularidad superficial del cartílago femorotibial, sin defectos condrales\nprofundos."",""Condropatía femorotibial superficial.""]",UNKNOWN,,0.0,0,MASKED_BY_TEXT_REVIEW
1.2.826.0.1.3680043.8.498.12331841096593105748526634055968654914,Medial OA,llm_mapper_disagreement,False,"[""Alteración de señal e irregularidad superficial del cartílago femorotibial, sin defectos condrales\nprofundos."",""Condropatía femorotibial superficial.""]",UNKNOWN,,0.0,0,MASKED_BY_TEXT_REVIEW
1.2.826.0.1.3680043.8.498.12331841096593105748526634055968654914,Medial OA,llm_review:Tibiofemoral chondropathy is not localized to the medial or lateral compartment.,False,"[""Alteración de señal e irregularidad superficial del cartílago femorotibial, sin defectos condrales\nprofundos."",""Condropatía femorotibial superficial.""]",UNKNOWN,,0.0,0,MASKED_BY_TEXT_REVIEW
1.2.826.0.1.3680043.8.498.12331841096593105748526634055968654914,Medial OA,llm_review:Cartilage abnormality is superficial; extent is not specified.,False,"[""Alteración de señal e irregularidad superficial del cartílago femorotibial, sin defectos condrales\nprofundos."",""Condropatía femorotibial superficial.""]",UNKNOWN,,0.0,0,MASKED_BY_TEXT_REVIEW
1.2.826.0.1.3680043.8.498.12331841096593105748526634055968654914,Medial OA,pilot_text_review_mask,False,"[""Alteración de señal e irregularidad superficial del cartílago femorotibial, sin defectos condrales\nprofundos."",""Condropatía femorotibial superficial.""]",UNKNOWN,,0.0,0,MASKED_BY_TEXT_REVIEW
1.2.826.0.1.3680043.8.498.12331841096593105748526634055968654914,Lateral OA,anatomy_missing_or_wrong,True,"[""Alteración de señal e irregularidad superficial del cartílago femorotibial, sin defectos condrales\nprofundos."",""Condropatía femorotibial superficial.""]",UNKNOWN,,0.0,0,MASKED_BY_TEXT_REVIEW
1.2.826.0.1.3680043.8.498.12331841096593105748526634055968654914,Lateral OA,uncertain_report,False,"[""Alteración de señal e irregularidad superficial del cartílago femorotibial, sin defectos condrales\nprofundos."",""Condropatía femorotibial superficial.""]",UNKNOWN,,0.0,0,MASKED_BY_TEXT_REVIEW
1.2.826.0.1.3680043.8.498.12331841096593105748526634055968654914,Lateral OA,llm_mapper_disagreement,False,"[""Alteración de señal e irregularidad superficial del cartílago femorotibial, sin defectos condrales\nprofundos."",""Condropatía femorotibial superficial.""]",UNKNOWN,,0.0,0,MASKED_BY_TEXT_REVIEW
1.2.826.0.1.3680043.8.498.12331841096593105748526634055968654914,Lateral OA,llm_review:Tibiofemoral chondropathy is not localized to the medial or lateral compartment.,False,"[""Alteración de señal e irregularidad superficial del cartílago femorotibial, sin defectos condrales\nprofundos."",""Condropatía femorotibial superficial.""]",UNKNOWN,,0.0,0,MASKED_BY_TEXT_REVIEW
1.2.826.0.1.3680043.8.498.12331841096593105748526634055968654914,Lateral OA,llm_review:Cartilage abnormality is superficial; extent is not specified.,False,"[""Alteración de señal e irregularidad superficial del cartílago femorotibial, sin defectos condrales\nprofundos."",""Condropatía femorotibial superficial.""]",UNKNOWN,,0.0,0,MASKED_BY_TEXT_REVIEW
1.2.826.0.1.3680043.8.498.12331841096593105748526634055968654914,Lateral OA,pilot_text_review_mask,False,"[""Alteración de señal e irregularidad superficial del cartílago femorotibial, sin defectos condrales\nprofundos."",""Condropatía femorotibial superficial.""]",UNKNOWN,,0.0,0,MASKED_BY_TEXT_REVIEW
1.2.826.0.1.3680043.8.498.12331841096593105748526634055968654914,PF OA,negation_scope_review,False,"[""Cartílago rotuliano con alteración de señal e irregularidad superficial en faceta lateral y medial."",""Úlcera condral de espesor subtotal con componente delaminativo, sin cambios óseos reactivos en\nvertiente medial, región central y vertiente lateral de la tróclea, se extiende 13 mm medio lateral y\n10 mm craneocaudal."",""Defecto condral grado 2-3 que compromete vertiente medial, región central y vertiente lateral de la\ntróclea.""]",YES,0.95,1.0,1,REVIEW_REQUIRED
1.2.826.0.1.3680043.8.498.12331841096593105748526634055968654914,PF OA,llm_review:Grading convention for grade 2-3 is unspecified; depth is supported independently by the subtotal-thickness description.,False,"[""Cartílago rotuliano con alteración de señal e irregularidad superficial en faceta lateral y medial."",""Úlcera condral de espesor subtotal con componente delaminativo, sin cambios óseos reactivos en\nvertiente medial, región central y vertiente lateral de la tróclea, se extiende 13 mm medio lateral y\n10 mm craneocaudal."",""Defecto condral grado 2-3 que compromete vertiente medial, región central y vertiente lateral de la\ntróclea.""]",YES,0.95,1.0,1,REVIEW_REQUIRED
1.2.826.0.1.3680043.8.498.12331841096593105748526634055968654914,Effusion,criteria_anatomy_severity_extent_or_timing_insufficient,False,"[""Acentuado derrame articular.""]",UNKNOWN,0.9,0.25,1,REVIEW_REQUIRED
1.2.826.0.1.3680043.8.498.12331841096593105748526634055968654914,Effusion,"llm_review:Marked effusion is reported, but joint distension is not explicitly described.",False,"[""Acentuado derrame articular.""]",UNKNOWN,0.9,0.25,1,REVIEW_REQUIRED
1.2.826.0.1.3680043.8.498.12331841096593105748526634055968654914,Contusion,history_or_postoperative_scope_review,False,"[""Focos de edema óseo post contusionales en tercio medio de carga del cóndilo femoral lateral y\naspecto posterior del platillo tibial lateral."",""Rotura completa del LCA con contusiones óseas en cóndilo femoral lateral y platillo tibial lateral,\nsugerentes de evento de inestabilidad reciente.""]",UNKNOWN,0.95,0.25,1,REVIEW_REQUIRED
1.2.826.0.1.3680043.8.498.12331841096593105748526634055968654914,Contusion,criteria_anatomy_severity_extent_or_timing_insufficient,False,"[""Focos de edema óseo post contusionales en tercio medio de carga del cóndilo femoral lateral y\naspecto posterior del platillo tibial lateral."",""Rotura completa del LCA con contusiones óseas en cóndilo femoral lateral y platillo tibial lateral,\nsugerentes de evento de inestabilidad reciente.""]",UNKNOWN,0.95,0.25,1,REVIEW_REQUIRED
1.2.826.0.1.3680043.8.498.12331841096593105748526634055968654914,Contusion,"llm_review:Recent bone contusions are explicitly diagnosed, but absence of a fracture line at these lesions is not explicitly documented.",False,"[""Focos de edema óseo post contusionales en tercio medio de carga del cóndilo femoral lateral y\naspecto posterior del platillo tibial lateral."",""Rotura completa del LCA con contusiones óseas en cóndilo femoral lateral y platillo tibial lateral,\nsugerentes de evento de inestabilidad reciente.""]",UNKNOWN,0.95,0.25,1,REVIEW_REQUIRED
1.2.826.0.1.3680043.8.498.12525752631743097782762806859112218620,Medial Meniscus,negation_scope_review,False,"[""Linear signal intensity in posterior horn of medial meniscus, without significant extending into the surface, in favor of  grade 2 intrasubstance signal of posterior horn of medial meniscus, maybe due to degeneration."",""R/O grade 2 intrasubstance signal of posterior horn of medial meniscus, maybe due to contusion or degeneration.""]",UNKNOWN,0.03,0.25,1,REVIEW_REQUIRED
1.2.826.0.1.3680043.8.498.12525752631743097782762806859112218620,Medial Meniscus,history_or_postoperative_scope_review,False,"[""Linear signal intensity in posterior horn of medial meniscus, without significant extending into the surface, in favor of  grade 2 intrasubstance signal of posterior horn of medial meniscus, maybe due to degeneration."",""R/O grade 2 intrasubstance signal of posterior horn of medial meniscus, maybe due to contusion or degeneration.""]",UNKNOWN,0.03,0.25,1,REVIEW_REQUIRED
1.2.826.0.1.3680043.8.498.12525752631743097782762806859112218620,Medial Meniscus,criteria_anatomy_severity_extent_or_timing_insufficient,False,"[""Linear signal intensity in posterior horn of medial meniscus, without significant extending into the surface, in favor of  grade 2 intrasubstance signal of posterior horn of medial meniscus, maybe due to degeneration."",""R/O grade 2 intrasubstance signal of posterior horn of medial meniscus, maybe due to contusion or degeneration.""]",UNKNOWN,0.03,0.25,1,REVIEW_REQUIRED
1.2.826.0.1.3680043.8.498.12525752631743097782762806859112218620,Medial Meniscus,llm_mapper_disagreement,False,"[""Linear signal intensity in posterior horn of medial meniscus, without significant extending into the surface, in favor of  grade 2 intrasubstance signal of posterior horn of medial meniscus, maybe due to degeneration."",""R/O grade 2 intrasubstance signal of posterior horn of medial meniscus, maybe due to contusion or degeneration.""]",UNKNOWN,0.03,0.25,1,REVIEW_REQUIRED
1.2.826.0.1.3680043.8.498.12525752631743097782762806859112218620,Medial Meniscus,llm_review:Intrasubstance signal is described without a definite tear diagnosis.,False,"[""Linear signal intensity in posterior horn of medial meniscus, without significant extending into the surface, in favor of  grade 2 intrasubstance signal of posterior horn of medial meniscus, maybe due to degeneration."",""R/O grade 2 intrasubstance signal of posterior horn of medial meniscus, maybe due to contusion or degeneration.""]",UNKNOWN,0.03,0.25,1,REVIEW_REQUIRED
1.2.826.0.1.3680043.8.498.12525752631743097782762806859112218620,Medial Meniscus,llm_review:Etiology is uncertain: meniscal contusion or degeneration.,False,"[""Linear signal intensity in posterior horn of medial meniscus, without significant extending into the surface, in favor of  grade 2 intrasubstance signal of posterior horn of medial meniscus, maybe due to degeneration."",""R/O grade 2 intrasubstance signal of posterior horn of medial meniscus, maybe due to contusion or degeneration.""]",UNKNOWN,0.03,0.25,1,REVIEW_REQUIRED
1.2.826.0.1.3680043.8.498.12525752631743097782762806859112218620,Medial Meniscus,"llm_review:Grade 2 describes intrasubstance signal, not tear severity; timing is unspecified.",False,"[""Linear signal intensity in posterior horn of medial meniscus, without significant extending into the surface, in favor of  grade 2 intrasubstance signal of posterior horn of medial meniscus, maybe due to degeneration."",""R/O grade 2 intrasubstance signal of posterior horn of medial meniscus, maybe due to contusion or degeneration.""]",UNKNOWN,0.03,0.25,1,REVIEW_REQUIRED
1.2.826.0.1.3680043.8.498.12525752631743097782762806859112218620,Contusion,negative_scope_insufficient,False,"[""No significant bone marrow edema of distal femur and patella.""]",UNKNOWN,,0.0,0,REVIEW_REQUIRED
1.2.826.0.1.3680043.8.498.12525752631743097782762806859112218620,Contusion,llm_review:Negative is limited to significant marrow edema in the distal femur and patella; it does not exclude all qualifying bone contusions.,False,"[""No significant bone marrow edema of distal femur and patella.""]",UNKNOWN,,0.0,0,REVIEW_REQUIRED
1.2.826.0.1.3680043.8.498.12525752631743097782762806859112218620,Contusion,"llm_review:Possible contusion in the impression refers to the medial meniscus, not bone.",False,"[""No significant bone marrow edema of distal femur and patella.""]",UNKNOWN,,0.0,0,REVIEW_REQUIRED
1.2.826.0.1.3680043.8.498.12568337973304376222940287737691898395,ACL,llm_review:Small cystic degenerative changes are localized to the tibial attachment; the ligament itself is described as normal.,False,"[""uredna morfologija i intenziteti signala kolateralnih ligamenata, prednjeg i stražnjeg križnog ligamenta"",""Sitne cistične degenerativne promjene na tibijalnom hvatištu prednjeg križnog ligamenta.""]",NO,0.05,1.0,1,REVIEW_REQUIRED
1.2.826.0.1.3680043.8.498.12568337973304376222940287737691898395,Medial OA,explicit_subthreshold_or_alternative,False,"[""Blago je reducirana debljina artikulacijske hrskavice medijalnog i lateralnog kompartmenta femorotibijalnog zgloba uz hondromalaciju II. stupnja.""]",NO,0.05,1.0,1,REVIEW_REQUIRED
1.2.826.0.1.3680043.8.498.12568337973304376222940287737691898395,Medial OA,llm_review:Mild cartilage thinning with grade II chondromalacia is subthreshold; extent is not reported.,False,"[""Blago je reducirana debljina artikulacijske hrskavice medijalnog i lateralnog kompartmenta femorotibijalnog zgloba uz hondromalaciju II. stupnja.""]",NO,0.05,1.0,1,REVIEW_REQUIRED
1.2.826.0.1.3680043.8.498.12568337973304376222940287737691898395,Lateral OA,explicit_subthreshold_or_alternative,False,"[""Blago je reducirana debljina artikulacijske hrskavice medijalnog i lateralnog kompartmenta femorotibijalnog zgloba uz hondromalaciju II. stupnja.""]",NO,0.05,1.0,1,REVIEW_REQUIRED
1.2.826.0.1.3680043.8.498.12568337973304376222940287737691898395,Lateral OA,llm_review:Mild cartilage thinning with grade II chondromalacia is subthreshold; extent is not reported.,False,"[""Blago je reducirana debljina artikulacijske hrskavice medijalnog i lateralnog kompartmenta femorotibijalnog zgloba uz hondromalaciju II. stupnja.""]",NO,0.05,1.0,1,REVIEW_REQUIRED
1.2.826.0.1.3680043.8.498.12568337973304376222940287737691898395,Contusion,llm_review:Absence is supported by the general normal bone morphology and signal statement.,False,"[""Ostale prikazane koštane, mekotkivne i neurovaskularne strukture uredne su morfologije i intenziteta signala.""]",NO,0.05,1.0,1,REVIEW_REQUIRED
1.2.826.0.1.3680043.8.498.12568337973304376222940287737691898395,Fracture,llm_review:Absence is supported by the general normal bone morphology and signal statement.,False,"[""Ostale prikazane koštane, mekotkivne i neurovaskularne strukture uredne su morfologije i intenziteta signala.""]",NO,0.05,1.0,1,REVIEW_REQUIRED
1.2.826.0.1.3680043.8.498.12785792890626338008419452097492192088,ACL,history_or_postoperative_scope_review,False,"[""The anterior cruciate ligament, posterior cruciate ligament, medial collateral ligament and lateral collateral ligament complex are intact and appear unremarkable.""]",NO,0.05,1.0,1,REVIEW_REQUIRED
1.2.826.0.1.3680043.8.498.12785792890626338008419452097492192088,MCL,history_or_postoperative_scope_review,False,"[""The anterior cruciate ligament, posterior cruciate ligament, medial collateral ligament and lateral collateral ligament complex are intact and appear unremarkable.""]",NO,0.05,1.0,1,REVIEW_REQUIRED
1.2.826.0.1.3680043.8.498.12785792890626338008419452097492192088,PF OA,criteria_anatomy_severity_extent_or_timing_insufficient,False,"[""There is focal fissuring of the articular cartilage of the patella at the apex and particularly involving the medial facet."",""The articular cartilage of the femoral trochlea also demonstrates focal chondral fissuring at the trochlear apex with subcortical interosseous cyst formation also seen to the femoral trochlea."",""There is severe articular chondrosis of the patellofemoral joint associated with early evolving degenerative change in the patellofemoral joint compartment.""]",UNKNOWN,0.5,0.25,1,REVIEW_REQUIRED
1.2.826.0.1.3680043.8.498.12785792890626338008419452097492192088,PF OA,"llm_review:Severe chondrosis is reported, but cartilage thickness loss exceeding 50% is not explicitly established.",False,"[""There is focal fissuring of the articular cartilage of the patella at the apex and particularly involving the medial facet."",""The articular cartilage of the femoral trochlea also demonstrates focal chondral fissuring at the trochlear apex with subcortical interosseous cyst formation also seen to the femoral trochlea."",""There is severe articular chondrosis of the patellofemoral joint associated with early evolving degenerative change in the patellofemoral joint compartment.""]",UNKNOWN,0.5,0.25,1,REVIEW_REQUIRED
1.2.826.0.1.3680043.8.498.12785792890626338008419452097492192088,PF OA,llm_review:Focal fissuring is described without a measured extent establishing approximately 10 mm or greater.,False,"[""There is focal fissuring of the articular cartilage of the patella at the apex and particularly involving the medial facet."",""The articular cartilage of the femoral trochlea also demonstrates focal chondral fissuring at the trochlear apex with subcortical interosseous cyst formation also seen to the femoral trochlea."",""There is severe articular chondrosis of the patellofemoral joint associated with early evolving degenerative change in the patellofemoral joint compartment.""]",UNKNOWN,0.5,0.25,1,REVIEW_REQUIRED
1.2.826.0.1.3680043.8.498.12785792890626338008419452097492192088,Effusion,llm_review:The negative excludes significant effusion; it does not establish absence of trace or mild fluid.,False,"[""There is no evidence of significant Baker's cyst or knee effusion.""]",NO,,0.0,0,MASKED_BY_TEXT_REVIEW
1.2.826.0.1.3680043.8.498.12785792890626338008419452097492192088,Effusion,pilot_text_review_mask,False,"[""There is no evidence of significant Baker's cyst or knee effusion.""]",NO,,0.0,0,MASKED_BY_TEXT_REVIEW
1.2.826.0.1.3680043.8.498.12785792890626338008419452097492192088,Baker's,llm_review:The negative excludes a significant Baker's cyst; it does not establish absence of a small cyst.,False,"[""There is no evidence of significant Baker's cyst or knee effusion.""]",NO,,0.0,0,MASKED_BY_TEXT_REVIEW
1.2.826.0.1.3680043.8.498.12785792890626338008419452097492192088,Baker's,pilot_text_review_mask,False,"[""There is no evidence of significant Baker's cyst or knee effusion.""]",NO,,0.0,0,MASKED_BY_TEXT_REVIEW
1.2.826.0.1.3680043.8.498.12785792890626338008419452097492192088,Contusion,pilot_text_review_mask,False,[],UNKNOWN,,0.0,0,MASKED_BY_TEXT_REVIEW
1.2.826.0.1.3680043.8.498.12896740277483734090633132494285615502,Medial Meniscus,history_or_postoperative_scope_review,False,"[""There is incomplete tearing of the posterior root of the medial meniscus."",""Mild extrusion of the medial meniscus from the joint is demonstrated.""]",YES,0.95,1.0,1,REVIEW_REQUIRED
1.2.826.0.1.3680043.8.498.12896740277483734090633132494285615502,Medial Meniscus,llm_review:Tear timing is unspecified.,False,"[""There is incomplete tearing of the posterior root of the medial meniscus."",""Mild extrusion of the medial meniscus from the joint is demonstrated.""]",YES,0.95,1.0,1,REVIEW_REQUIRED
1.2.826.0.1.3680043.8.498.12896740277483734090633132494285615502,Medial OA,explicit_subthreshold_or_alternative,False,"[""There is mild thinning of the medial compartment articular cartilage with mild osteophyte formation."",""Mild medial compartment and severe patellar articular cartilage degeneration.""]",NO,0.05,1.0,1,REVIEW_REQUIRED
1.2.826.0.1.3680043.8.498.12896740277483734090633132494285615502,Medial OA,llm_review:Cartilage lesion extent is not quantified.,False,"[""There is mild thinning of the medial compartment articular cartilage with mild osteophyte formation."",""Mild medial compartment and severe patellar articular cartilage degeneration.""]",NO,0.05,1.0,1,REVIEW_REQUIRED
1.2.826.0.1.3680043.8.498.12896740277483734090633132494285615502,PF OA,criteria_anatomy_severity_extent_or_timing_insufficient,False,"[""There is severe thinning and loss of the caudal two-thirds of the patellar articular cartilage."",""The trochlear articular cartilage is relatively preserved."",""Mild medial compartment and severe patellar articular cartilage degeneration.""]",UNKNOWN,0.85,0.25,1,REVIEW_REQUIRED
1.2.826.0.1.3680043.8.498.12896740277483734090633132494285615502,PF OA,"llm_review:Severe thinning and loss are reported, but percentage thickness loss is not explicit.",False,"[""There is severe thinning and loss of the caudal two-thirds of the patellar articular cartilage."",""The trochlear articular cartilage is relatively preserved."",""Mild medial compartment and severe patellar articular cartilage degeneration.""]",UNKNOWN,0.85,0.25,1,REVIEW_REQUIRED
1.2.826.0.1.3680043.8.498.12896740277483734090633132494285615502,PF OA,llm_review:Caudal two-thirds describes anatomical distribution; extent in millimeters is not reported.,False,"[""There is severe thinning and loss of the caudal two-thirds of the patellar articular cartilage."",""The trochlear articular cartilage is relatively preserved."",""Mild medial compartment and severe patellar articular cartilage degeneration.""]",UNKNOWN,0.85,0.25,1,REVIEW_REQUIRED
1.2.826.0.1.3680043.8.498.12896740277483734090633132494285615502,Effusion,criteria_anatomy_severity_extent_or_timing_insufficient,False,"[""There is a mild - moderate knee effusion.""]",UNKNOWN,0.5,0.25,1,REVIEW_REQUIRED
1.2.826.0.1.3680043.8.498.12896740277483734090633132494285615502,Effusion,llm_review:Severity spans mild and moderate.,False,"[""There is a mild - moderate knee effusion.""]",UNKNOWN,0.5,0.25,1,REVIEW_REQUIRED
1.2.826.0.1.3680043.8.498.12896740277483734090633132494285615502,Effusion,llm_review:Joint distension and effusion timing are not specified.,False,"[""There is a mild - moderate knee effusion.""]",UNKNOWN,0.5,0.25,1,REVIEW_REQUIRED
1.2.826.0.1.3680043.8.498.12957252711278416684461267069498115130,MCL,timing_or_trauma_review,False,"[""Kollateralbänder intakt, geringer Reizzustand des MCL.""]",NO,0.05,1.0,1,REVIEW_REQUIRED
1.2.826.0.1.3680043.8.498.12957252711278416684461267069498115130,MCL,explicit_subthreshold_or_alternative,False,"[""Kollateralbänder intakt, geringer Reizzustand des MCL.""]",NO,0.05,1.0,1,REVIEW_REQUIRED
1.2.826.0.1.3680043.8.498.12957252711278416684461267069498115130,MCL,llm_review:Mild irritation with intact collateral ligaments; injury timing unspecified.,False,"[""Kollateralbänder intakt, geringer Reizzustand des MCL.""]",NO,0.05,1.0,1,REVIEW_REQUIRED
1.2.826.0.1.3680043.8.498.12957252711278416684461267069498115130,Medial OA,criteria_anatomy_severity_extent_or_timing_insufficient,False,"[""Medialseitig teils fokal tief greifende Chondropathie (z. B. 6/10 oder 4/23) in der Hauptbelastungszone der Femurkondyle."",""Ansonsten vorwiegend oberflächliche Chondropathie."",""Diskrete osteophytäre Anbauten (1005/73).""]",UNKNOWN,,0.0,0,REVIEW_REQUIRED
1.2.826.0.1.3680043.8.498.12957252711278416684461267069498115130,Medial OA,"llm_review:Deep focal chondropathy is reported, but cartilage loss greater than 50% and extent of at least 10 mm are not established.",False,"[""Medialseitig teils fokal tief greifende Chondropathie (z. B. 6/10 oder 4/23) in der Hauptbelastungszone der Femurkondyle."",""Ansonsten vorwiegend oberflächliche Chondropathie."",""Diskrete osteophytäre Anbauten (1005/73).""]",UNKNOWN,,0.0,0,REVIEW_REQUIRED
1.2.826.0.1.3680043.8.498.12957252711278416684461267069498115130,Lateral OA,llm_review:Chondral calcinosis is reported with preserved cartilage; it does not establish qualifying cartilage loss.,False,"[""Femorotibial lateralseitig erhaltener Knorpelbelag ohne tief greifende Chondropathie jedoch mit auffallender chondraler Calcinosis (z. B. 4/25).""]",NO,0.05,1.0,1,REVIEW_REQUIRED
1.2.826.0.1.3680043.8.498.12957252711278416684461267069498115130,PF OA,explicit_subthreshold_or_alternative,False,"[""Patella zentriert stehend. Mehrere oberflächliche, teils bis zur Hälfte der Knorpelschicht erreichenden chondralen Läsionen (siehe z. B. 7/9)."",""Chondrale Calcinosis femoropatellar, führend retropatellar (z. B. 3/46 und 3/57)."",""Ansonsten erhaltene Knorpelbelag.""]",NO,0.05,1.0,1,REVIEW_REQUIRED
1.2.826.0.1.3680043.8.498.12957252711278416684461267069498115130,PF OA,llm_review:Reported lesions reach at most half the cartilage thickness; numerical lesion extent is unspecified.,False,"[""Patella zentriert stehend. Mehrere oberflächliche, teils bis zur Hälfte der Knorpelschicht erreichenden chondralen Läsionen (siehe z. B. 7/9)."",""Chondrale Calcinosis femoropatellar, führend retropatellar (z. B. 3/46 und 3/57)."",""Ansonsten erhaltene Knorpelbelag.""]",NO,0.05,1.0,1,REVIEW_REQUIRED
1.2.826.0.1.3680043.8.498.12957252711278416684461267069498115130,Effusion,explicit_subthreshold_or_alternative,False,"[""Geringer Gelenkerguss.""]",NO,0.05,1.0,1,REVIEW_REQUIRED
1.2.826.0.1.3680043.8.498.12957252711278416684461267069498115130,Effusion,llm_review:Mild effusion is subthreshold; joint distension is not reported.,False,"[""Geringer Gelenkerguss.""]",NO,0.05,1.0,1,REVIEW_REQUIRED
1.2.826.0.1.3680043.8.498.12957252711278416684461267069498115130,Synovitis,negative_scope_insufficient,False,"[""Synovialis nicht verdickt.""]",UNKNOWN,,0.0,0,REVIEW_REQUIRED
1.2.826.0.1.3680043.8.498.12957252711278416684461267069498115130,Synovitis,llm_review:The negative addresses synovial thickening only; it does not explicitly exclude all synovial inflammation.,False,"[""Synovialis nicht verdickt.""]",UNKNOWN,,0.0,0,REVIEW_REQUIRED
1.2.826.0.1.3680043.8.498.12957252711278416684461267069498115130,Contusion,uncertain_report,False,"[""Als anatomische Normvariante Patella tripartita am superolateralen Pol (4/7) mit geringem Knochenmarködem in dem kleinerem akzessorischen Fragment (4/7)."",""Ansonsten altersentsprechendes Knochenmarkssignal.""]",UNKNOWN,,0.0,0,REVIEW_REQUIRED
1.2.826.0.1.3680043.8.498.12957252711278416684461267069498115130,Contusion,"llm_review:Marrow edema is localized to an accessory fragment of a stated anatomical variant; traumatic origin, timing and absence of a fracture line at this lesion are not established.",False,"[""Als anatomische Normvariante Patella tripartita am superolateralen Pol (4/7) mit geringem Knochenmarködem in dem kleinerem akzessorischen Fragment (4/7)."",""Ansonsten altersentsprechendes Knochenmarkssignal.""]",UNKNOWN,,0.0,0,REVIEW_REQUIRED
1.2.826.0.1.3680043.8.498.13162479706670045075896993021883562680,Medial Meniscus,history_or_postoperative_scope_review,False,"[""Medial meniscus: incipient degeneration of posterior horn.""]",NO,0.05,1.0,1,REVIEW_REQUIRED
1.2.826.0.1.3680043.8.498.13162479706670045075896993021883562680,Medial Meniscus,explicit_subthreshold_or_alternative,False,"[""Medial meniscus: incipient degeneration of posterior horn.""]",NO,0.05,1.0,1,REVIEW_REQUIRED
1.2.826.0.1.3680043.8.498.13162479706670045075896993021883562680,Medial Meniscus,llm_review:Only degeneration is reported; no definite tear diagnosis.,False,"[""Medial meniscus: incipient degeneration of posterior horn.""]",NO,0.05,1.0,1,REVIEW_REQUIRED
1.2.826.0.1.3680043.8.498.13162479706670045075896993021883562680,Medial OA,anatomy_missing_or_wrong,True,"[""Cartilages normal.""]",UNKNOWN,,0.0,0,MASKED_BY_TEXT_REVIEW
1.2.826.0.1.3680043.8.498.13162479706670045075896993021883562680,Medial OA,llm_review:Global cartilage normality statement; compartment not individually named.,False,"[""Cartilages normal.""]",UNKNOWN,,0.0,0,MASKED_BY_TEXT_REVIEW
1.2.826.0.1.3680043.8.498.13162479706670045075896993021883562680,Medial OA,pilot_text_review_mask,False,"[""Cartilages normal.""]",UNKNOWN,,0.0,0,MASKED_BY_TEXT_REVIEW
1.2.826.0.1.3680043.8.498.13162479706670045075896993021883562680,Lateral OA,anatomy_missing_or_wrong,True,"[""Cartilages normal.""]",UNKNOWN,,0.0,0,MASKED_BY_TEXT_REVIEW
1.2.826.0.1.3680043.8.498.13162479706670045075896993021883562680,Lateral OA,llm_review:Global cartilage normality statement; compartment not individually named.,False,"[""Cartilages normal.""]",UNKNOWN,,0.0,0,MASKED_BY_TEXT_REVIEW
1.2.826.0.1.3680043.8.498.13162479706670045075896993021883562680,Lateral OA,pilot_text_review_mask,False,"[""Cartilages normal.""]",UNKNOWN,,0.0,0,MASKED_BY_TEXT_REVIEW
1.2.826.0.1.3680043.8.498.13162479706670045075896993021883562680,PF OA,anatomy_missing_or_wrong,True,"[""Cartilages normal.""]",UNKNOWN,,0.0,0,MASKED_BY_TEXT_REVIEW
1.2.826.0.1.3680043.8.498.13162479706670045075896993021883562680,PF OA,llm_review:Global cartilage normality statement; compartment not individually named.,False,"[""Cartilages normal.""]",UNKNOWN,,0.0,0,MASKED_BY_TEXT_REVIEW
1.2.826.0.1.3680043.8.498.13162479706670045075896993021883562680,PF OA,pilot_text_review_mask,False,"[""Cartilages normal.""]",UNKNOWN,,0.0,0,MASKED_BY_TEXT_REVIEW
1.2.826.0.1.3680043.8.498.13162479706670045075896993021883562680,Fracture,uncertain_report,False,"[""bone fragment adjacent to medial border of patella and medial retinaculum suggestive of repeated patellar luxations.""]",UNKNOWN,,0.0,0,REVIEW_REQUIRED
1.2.826.0.1.3680043.8.498.13162479706670045075896993021883562680,Fracture,"llm_review:Bone fragment is described without a definite fracture diagnosis, fracture line, cortical disruption, or acute timing.",False,"[""bone fragment adjacent to medial border of patella and medial retinaculum suggestive of repeated patellar luxations.""]",UNKNOWN,,0.0,0,REVIEW_REQUIRED
1.2.826.0.1.3680043.8.498.13269841239774089690227054060975903636,ACL,explicit_subthreshold_or_alternative,False,"[""The contour of ACL is in a straight line and increase signal intensity inside on F/S T2WI, in favor of grade 1 injury."",""Grade 1 injury of ACL""]",NO,0.05,1.0,1,REVIEW_REQUIRED
1.2.826.0.1.3680043.8.498.13269841239774089690227054060975903636,ACL,llm_review:Injury timing is unspecified.,False,"[""The contour of ACL is in a straight line and increase signal intensity inside on F/S T2WI, in favor of grade 1 injury."",""Grade 1 injury of ACL""]",NO,0.05,1.0,1,REVIEW_REQUIRED
1.2.826.0.1.3680043.8.498.13269841239774089690227054060975903636,Medial Meniscus,side_or_compartment_scope_review,False,"[""Linear signal intensity in medial and lateral meniscus, with suspicious of extending into the surface of anterior horn of lateral meniscus, in favor of degeneration of meniscus and R/O  tear of anterior horn of lateral meniscus.""]",NO,0.05,1.0,1,REVIEW_REQUIRED
1.2.826.0.1.3680043.8.498.13269841239774089690227054060975903636,Medial Meniscus,explicit_subthreshold_or_alternative,False,"[""Linear signal intensity in medial and lateral meniscus, with suspicious of extending into the surface of anterior horn of lateral meniscus, in favor of degeneration of meniscus and R/O  tear of anterior horn of lateral meniscus.""]",NO,0.05,1.0,1,REVIEW_REQUIRED
1.2.826.0.1.3680043.8.498.13269841239774089690227054060975903636,Medial Meniscus,llm_review:Medial meniscal degeneration is described without a definite medial tear diagnosis.,False,"[""Linear signal intensity in medial and lateral meniscus, with suspicious of extending into the surface of anterior horn of lateral meniscus, in favor of degeneration of meniscus and R/O  tear of anterior horn of lateral meniscus.""]",NO,0.05,1.0,1,REVIEW_REQUIRED
1.2.826.0.1.3680043.8.498.13269841239774089690227054060975903636,Lateral Meniscus,side_or_compartment_scope_review,False,"[""Linear signal intensity in medial and lateral meniscus, with suspicious of extending into the surface of anterior horn of lateral meniscus, in favor of degeneration of meniscus and R/O  tear of anterior horn of lateral meniscus."",""Degeneration of meniscus and R/O tear of anterior horn of lateral meniscus.""]",UNKNOWN,0.45,0.25,1,REVIEW_REQUIRED
1.2.826.0.1.3680043.8.498.13269841239774089690227054060975903636,Lateral Meniscus,uncertain_report,False,"[""Linear signal intensity in medial and lateral meniscus, with suspicious of extending into the surface of anterior horn of lateral meniscus, in favor of degeneration of meniscus and R/O  tear of anterior horn of lateral meniscus."",""Degeneration of meniscus and R/O tear of anterior horn of lateral meniscus.""]",UNKNOWN,0.45,0.25,1,REVIEW_REQUIRED
1.2.826.0.1.3680043.8.498.13269841239774089690227054060975903636,Lateral Meniscus,llm_review:Possible anterior horn tear is described with suspicious surface extension and R/O wording; no definite tear diagnosis.,False,"[""Linear signal intensity in medial and lateral meniscus, with suspicious of extending into the surface of anterior horn of lateral meniscus, in favor of degeneration of meniscus and R/O  tear of anterior horn of lateral meniscus."",""Degeneration of meniscus and R/O tear of anterior horn of lateral meniscus.""]",UNKNOWN,0.45,0.25,1,REVIEW_REQUIRED
1.2.826.0.1.3680043.8.498.13269841239774089690227054060975903636,Medial OA,llm_review:Generic knee osteoarthritis is not separately localized to the medial tibiofemoral compartment.,False,[],UNKNOWN,,0.0,0,REVIEW_REQUIRED
1.2.826.0.1.3680043.8.498.13269841239774089690227054060975903636,Lateral OA,llm_review:Lateral patellofemoral disease does not establish lateral tibiofemoral osteoarthritis.,False,[],UNKNOWN,,0.0,0,REVIEW_REQUIRED
1.2.826.0.1.3680043.8.498.13269841239774089690227054060975903636,PF OA,criteria_anatomy_severity_extent_or_timing_insufficient,False,"[""Osteoarthritis of knee joint with spur formation and subchondral bone marrow edema/cysts and irregular thining of intra-articular cartilage, more severe at lateral patellofemoral joint with grade 3-4 chondromalacia and tiny subchondral cysts over femoral trochlea."",""Osteoarthritis of right knee, more severe at lateral patellofemoral joint with grade 4 chondral injury and suspicious of lateral sublucation .""]",UNKNOWN,,0.0,0,REVIEW_REQUIRED
1.2.826.0.1.3680043.8.498.13269841239774089690227054060975903636,PF OA,"llm_review:Chondral grading convention is unspecified, preventing definitive extraction of greater than 50% thickness loss.",False,"[""Osteoarthritis of knee joint with spur formation and subchondral bone marrow edema/cysts and irregular thining of intra-articular cartilage, more severe at lateral patellofemoral joint with grade 3-4 chondromalacia and tiny subchondral cysts over femoral trochlea."",""Osteoarthritis of right knee, more severe at lateral patellofemoral joint with grade 4 chondral injury and suspicious of lateral sublucation .""]",UNKNOWN,,0.0,0,REVIEW_REQUIRED
1.2.826.0.1.3680043.8.498.13269841239774089690227054060975903636,PF OA,llm_review:Cartilage lesion extent is not reported.,False,"[""Osteoarthritis of knee joint with spur formation and subchondral bone marrow edema/cysts and irregular thining of intra-articular cartilage, more severe at lateral patellofemoral joint with grade 3-4 chondromalacia and tiny subchondral cysts over femoral trochlea."",""Osteoarthritis of right knee, more severe at lateral patellofemoral joint with grade 4 chondral injury and suspicious of lateral sublucation .""]",UNKNOWN,,0.0,0,REVIEW_REQUIRED
1.2.826.0.1.3680043.8.498.13269841239774089690227054060975903636,Effusion,criteria_anatomy_severity_extent_or_timing_insufficient,False,"[""Joint effusion and suprapatellar bursitis""]",UNKNOWN,,0.0,0,REVIEW_REQUIRED
1.2.826.0.1.3680043.8.498.13269841239774089690227054060975903636,Effusion,llm_review:Effusion volume and joint distension are unspecified.,False,"[""Joint effusion and suprapatellar bursitis""]",UNKNOWN,,0.0,0,REVIEW_REQUIRED
1.2.826.0.1.3680043.8.498.13269841239774089690227054060975903636,Contusion,llm_review:Subchondral marrow edema is described in the context of osteoarthritis; no traumatic contusion is reported.,False,[],UNKNOWN,,0.0,0,MASKED_BY_TEXT_REVIEW
1.2.826.0.1.3680043.8.498.13269841239774089690227054060975903636,Contusion,pilot_text_review_mask,False,[],UNKNOWN,,0.0,0,MASKED_BY_TEXT_REVIEW
1.2.826.0.1.3680043.8.498.14024129019390041106306062001538710978,ACL,uncertain_report,False,"[""Prednji križni ligament je povišenog signala u smislu miksoidne degeneracije, potencijalno sa\narealima parcijalne rupture starijeg datuma.""]",UNKNOWN,0.15,0.25,1,REVIEW_REQUIRED
1.2.826.0.1.3680043.8.498.14024129019390041106306062001538710978,ACL,llm_review:Definite myxoid degeneration with only a possible old partial tear; tear grade is unspecified.,False,"[""Prednji križni ligament je povišenog signala u smislu miksoidne degeneracije, potencijalno sa\narealima parcijalne rupture starijeg datuma.""]",UNKNOWN,0.15,0.25,1,REVIEW_REQUIRED
1.2.826.0.1.3680043.8.498.14024129019390041106306062001538710978,Lateral Meniscus,explicit_subthreshold_or_alternative,False,"[""Lateralni menisk povišenog signala u smislu degeneracije.""]",NO,0.05,1.0,1,REVIEW_REQUIRED
1.2.826.0.1.3680043.8.498.14024129019390041106306062001538710978,Lateral Meniscus,llm_review:Only degenerative signal is described; no definite tear diagnosis.,False,"[""Lateralni menisk povišenog signala u smislu degeneracije.""]",NO,0.05,1.0,1,REVIEW_REQUIRED
1.2.826.0.1.3680043.8.498.14024129019390041106306062001538710978,Medial OA,criteria_anatomy_severity_extent_or_timing_insufficient,False,"[""Gotovo potpuna denudacija zglobnih ploha medijalnog kompartmenta FT zgloba."",""Promjene odgovaraju uznapredovaloj OA sa hondromalacijskim promjenama 4. stupnja.""]",UNKNOWN,0.85,0.25,1,REVIEW_REQUIRED
1.2.826.0.1.3680043.8.498.14024129019390041106306062001538710978,Medial OA,"llm_review:Near-complete denudation supports high-grade depth, but cartilage lesion extent is not measured.",False,"[""Gotovo potpuna denudacija zglobnih ploha medijalnog kompartmenta FT zgloba."",""Promjene odgovaraju uznapredovaloj OA sa hondromalacijskim promjenama 4. stupnja.""]",UNKNOWN,0.85,0.25,1,REVIEW_REQUIRED
1.2.826.0.1.3680043.8.498.14024129019390041106306062001538710978,Lateral OA,criteria_anatomy_severity_extent_or_timing_insufficient,False,"[""Stanjenje\nhrskavica lateralnog kompartmenta uz hondromalaciju 2. stupnja.""]",UNKNOWN,0.05,0.25,1,REVIEW_REQUIRED
1.2.826.0.1.3680043.8.498.14024129019390041106306062001538710978,Lateral OA,"llm_review:Cartilage thinning and grade 2 chondromalacia are reported without a stated grading convention, percentage thickness loss, or lesion extent.",False,"[""Stanjenje\nhrskavica lateralnog kompartmenta uz hondromalaciju 2. stupnja.""]",UNKNOWN,0.05,0.25,1,REVIEW_REQUIRED
1.2.826.0.1.3680043.8.498.14024129019390041106306062001538710978,PF OA,criteria_anatomy_severity_extent_or_timing_insufficient,False,"[""Povišen intenzitet signala\npatelarne hrskavice uz fisure te manji edem patele u smislu hondromalacije 4. stupnja.""]",UNKNOWN,0.55,0.25,1,REVIEW_REQUIRED
1.2.826.0.1.3680043.8.498.14024129019390041106306062001538710978,PF OA,"llm_review:Grade 4 chondromalacia is reported, but the grading convention and cartilage lesion extent are unspecified.",False,"[""Povišen intenzitet signala\npatelarne hrskavice uz fisure te manji edem patele u smislu hondromalacije 4. stupnja.""]",UNKNOWN,0.55,0.25,1,REVIEW_REQUIRED
1.2.826.0.1.3680043.8.498.14024129019390041106306062001538710978,Effusion,criteria_anatomy_severity_extent_or_timing_insufficient,False,"[""Umjereni izljev suprapatelarno.""]",UNKNOWN,0.7,0.25,1,REVIEW_REQUIRED
1.2.826.0.1.3680043.8.498.14024129019390041106306062001538710978,Effusion,llm_review:Moderate effusion is explicit; joint distension is not explicitly described.,False,"[""Umjereni izljev suprapatelarno.""]",UNKNOWN,0.7,0.25,1,REVIEW_REQUIRED
1.2.826.0.1.3680043.8.498.14024129019390041106306062001538710978,Baker's,anatomy_missing_or_wrong,True,"[""Bisagasta septirana poplitealna cista dimenzija oko 2x1.5 cm.""]",UNKNOWN,,0.0,0,MASKED_BY_TEXT_REVIEW
1.2.826.0.1.3680043.8.498.14024129019390041106306062001538710978,Baker's,criteria_anatomy_severity_extent_or_timing_insufficient,False,"[""Bisagasta septirana poplitealna cista dimenzija oko 2x1.5 cm.""]",UNKNOWN,,0.0,0,MASKED_BY_TEXT_REVIEW
1.2.826.0.1.3680043.8.498.14024129019390041106306062001538710978,Baker's,"llm_review:Popliteal cyst is described, but typical posteromedial location and moderate/large size classification are not established.",False,"[""Bisagasta septirana poplitealna cista dimenzija oko 2x1.5 cm.""]",UNKNOWN,,0.0,0,MASKED_BY_TEXT_REVIEW
1.2.826.0.1.3680043.8.498.14024129019390041106306062001538710978,Baker's,pilot_text_review_mask,False,"[""Bisagasta septirana poplitealna cista dimenzija oko 2x1.5 cm.""]",UNKNOWN,,0.0,0,MASKED_BY_TEXT_REVIEW
1.2.826.0.1.3680043.8.498.14024129019390041106306062001538710978,Contusion,timing_or_trauma_review,False,"[""Suženje zglobnog prostora FT zgloba, izraženije u medijalnom dijelu, uz šire zone koštanog\nedema medijalnih zglobnih ploha femura i tibije koji se uvlači i u rubne koštane apozicije.\nSubhondralno je vidljiva i sitna cistična pregradanja kosti."",""Promjene odgovaraju uznapredovaloj OA sa hondromalacijskim promjenama 4. stupnja."",""Povišen intenzitet signala\npatelarne hrskavice uz fisure te manji edem patele u smislu hondromalacije 4. stupnja.""]",NO,0.05,1.0,1,REVIEW_REQUIRED
1.2.826.0.1.3680043.8.498.14024129019390041106306062001538710978,Contusion,explicit_subthreshold_or_alternative,False,"[""Suženje zglobnog prostora FT zgloba, izraženije u medijalnom dijelu, uz šire zone koštanog\nedema medijalnih zglobnih ploha femura i tibije koji se uvlači i u rubne koštane apozicije.\nSubhondralno je vidljiva i sitna cistična pregradanja kosti."",""Promjene odgovaraju uznapredovaloj OA sa hondromalacijskim promjenama 4. stupnja."",""Povišen intenzitet signala\npatelarne hrskavice uz fisure te manji edem patele u smislu hondromalacije 4. stupnja.""]",NO,0.05,1.0,1,REVIEW_REQUIRED
1.2.826.0.1.3680043.8.498.14024129019390041106306062001538710978,Contusion,llm_review:Reported bone edema is associated with OA/chondromalacia; no traumatic contusion is diagnosed.,False,"[""Suženje zglobnog prostora FT zgloba, izraženije u medijalnom dijelu, uz šire zone koštanog\nedema medijalnih zglobnih ploha femura i tibije koji se uvlači i u rubne koštane apozicije.\nSubhondralno je vidljiva i sitna cistična pregradanja kosti."",""Promjene odgovaraju uznapredovaloj OA sa hondromalacijskim promjenama 4. stupnja."",""Povišen intenzitet signala\npatelarne hrskavice uz fisure te manji edem patele u smislu hondromalacije 4. stupnja.""]",NO,0.05,1.0,1,REVIEW_REQUIRED
1.2.826.0.1.3680043.8.498.14061227335828384505403558788548348446,ACL,history_or_postoperative_scope_review,False,"[""Autrement le ligament croisé antérieur, le ligament croisé postérieur, le mécanisme des extenseurs, le ligament collatéral interne, le semi-membraneux, le muscle et tendon du poplité, le biceps femoris distal, le ligament collatéral externe et la bandelette ilio-tibiale sont sans particularité.""]",NO,0.05,1.0,1,REVIEW_REQUIRED
1.2.826.0.1.3680043.8.498.14061227335828384505403558788548348446,MCL,history_or_postoperative_scope_review,False,"[""Autrement le ligament croisé antérieur, le ligament croisé postérieur, le mécanisme des extenseurs, le ligament collatéral interne, le semi-membraneux, le muscle et tendon du poplité, le biceps femoris distal, le ligament collatéral externe et la bandelette ilio-tibiale sont sans particularité.""]",NO,0.05,1.0,1,REVIEW_REQUIRED
1.2.826.0.1.3680043.8.498.14061227335828384505403558788548348446,Medial Meniscus,history_or_postoperative_scope_review,False,"[""Il y a des changements dégénératifs intrasubstance impliquant le corps et la corne postérieure du ménisque interne."",""Il y a une déchirure radiale complète de la racine postérieure avec extrusion du ménisque."",""Changements dégénératifs intrasubstance du ménisque interne, avec déchirure radiale complète de la racine postérieure avec extrusion du ménisque.""]",YES,0.95,1.0,1,REVIEW_REQUIRED
1.2.826.0.1.3680043.8.498.14061227335828384505403558788548348446,Medial Meniscus,llm_review:Tear timing is unspecified.,False,"[""Il y a des changements dégénératifs intrasubstance impliquant le corps et la corne postérieure du ménisque interne."",""Il y a une déchirure radiale complète de la racine postérieure avec extrusion du ménisque."",""Changements dégénératifs intrasubstance du ménisque interne, avec déchirure radiale complète de la racine postérieure avec extrusion du ménisque.""]",YES,0.95,1.0,1,REVIEW_REQUIRED
1.2.826.0.1.3680043.8.498.14061227335828384505403558788548348446,Medial OA,criteria_anatomy_severity_extent_or_timing_insufficient,False,"[""Il y a des changements dégénératifs modérés du compartiment interne avec amincissement modéré du cartilage à la partie centrale du condyle fémoral interne et du plafond tibial avec légers changements réactifs sous-chondraux.""]",UNKNOWN,,0.0,0,REVIEW_REQUIRED
1.2.826.0.1.3680043.8.498.14061227335828384505403558788548348446,Medial OA,llm_review:Moderate cartilage thinning does not quantify loss greater than 50%.,False,"[""Il y a des changements dégénératifs modérés du compartiment interne avec amincissement modéré du cartilage à la partie centrale du condyle fémoral interne et du plafond tibial avec légers changements réactifs sous-chondraux.""]",UNKNOWN,,0.0,0,REVIEW_REQUIRED
1.2.826.0.1.3680043.8.498.14061227335828384505403558788548348446,Medial OA,llm_review:Cartilage lesion extent in millimeters is unspecified.,False,"[""Il y a des changements dégénératifs modérés du compartiment interne avec amincissement modéré du cartilage à la partie centrale du condyle fémoral interne et du plafond tibial avec légers changements réactifs sous-chondraux.""]",UNKNOWN,,0.0,0,REVIEW_REQUIRED
1.2.826.0.1.3680043.8.498.14061227335828384505403558788548348446,Lateral OA,explicit_subthreshold_or_alternative,False,"[""Il y a un léger amincissement du cartilage des compartiments externes et patello-fémoral.""]",NO,0.05,1.0,1,REVIEW_REQUIRED
1.2.826.0.1.3680043.8.498.14061227335828384505403558788548348446,Lateral OA,llm_review:Only mild cartilage thinning is described; numerical depth and extent are unspecified.,False,"[""Il y a un léger amincissement du cartilage des compartiments externes et patello-fémoral.""]",NO,0.05,1.0,1,REVIEW_REQUIRED
1.2.826.0.1.3680043.8.498.14061227335828384505403558788548348446,PF OA,explicit_subthreshold_or_alternative,False,"[""Il y a un léger amincissement du cartilage des compartiments externes et patello-fémoral.""]",NO,0.05,1.0,1,REVIEW_REQUIRED
1.2.826.0.1.3680043.8.498.14061227335828384505403558788548348446,PF OA,llm_review:Only mild cartilage thinning is described; numerical depth and extent are unspecified.,False,"[""Il y a un léger amincissement du cartilage des compartiments externes et patello-fémoral.""]",NO,0.05,1.0,1,REVIEW_REQUIRED
1.2.826.0.1.3680043.8.498.14061227335828384505403558788548348446,Effusion,negation_scope_review,False,"[""Il y a un épanchement intra-articulaire modéré sans kyste poplité.""]",UNKNOWN,0.75,0.25,1,REVIEW_REQUIRED
1.2.826.0.1.3680043.8.498.14061227335828384505403558788548348446,Effusion,criteria_anatomy_severity_extent_or_timing_insufficient,False,"[""Il y a un épanchement intra-articulaire modéré sans kyste poplité.""]",UNKNOWN,0.75,0.25,1,REVIEW_REQUIRED
1.2.826.0.1.3680043.8.498.14061227335828384505403558788548348446,Effusion,"llm_review:Moderate intra-articular effusion is explicit, but joint distension is not described.",False,"[""Il y a un épanchement intra-articulaire modéré sans kyste poplité.""]",UNKNOWN,0.75,0.25,1,REVIEW_REQUIRED
1.2.826.0.1.3680043.8.498.15024602758408626305833210011882949904,Medial Meniscus,history_or_postoperative_scope_review,False,"[""Incomplete radial tear at the medial meniscus posterior root with adjacent reactive marrow edema."",""Incomplete radial tear at the medial meniscus posterior root with mild extrusion of the meniscal body.""]",YES,0.95,1.0,1,REVIEW_REQUIRED
1.2.826.0.1.3680043.8.498.15024602758408626305833210011882949904,Medial Meniscus,llm_review:Tear timing is unspecified.,False,"[""Incomplete radial tear at the medial meniscus posterior root with adjacent reactive marrow edema."",""Incomplete radial tear at the medial meniscus posterior root with mild extrusion of the meniscal body.""]",YES,0.95,1.0,1,REVIEW_REQUIRED
1.2.826.0.1.3680043.8.498.15024602758408626305833210011882949904,Medial OA,criteria_anatomy_severity_extent_or_timing_insufficient,False,"[""Medial compartment cartilage: High grade partial-thickness cartilage loss along the weightbearing medial femoral condyle and tibial plateau."",""Medial and patellofemoral compartment osteoarthritis, severe in the patellofemoral compartment, as described above.""]",UNKNOWN,,0.0,0,REVIEW_REQUIRED
1.2.826.0.1.3680043.8.498.15024602758408626305833210011882949904,Medial OA,llm_review:Cartilage loss extent is not measured; the approximately 10 mm threshold cannot be established.,False,"[""Medial compartment cartilage: High grade partial-thickness cartilage loss along the weightbearing medial femoral condyle and tibial plateau."",""Medial and patellofemoral compartment osteoarthritis, severe in the patellofemoral compartment, as described above.""]",UNKNOWN,,0.0,0,REVIEW_REQUIRED
1.2.826.0.1.3680043.8.498.15024602758408626305833210011882949904,Lateral OA,negation_scope_review,False,"[""Tricompartmental marginal osteophytes."",""Lateral compartment cartilage: No focal cartilage defects.""]",UNKNOWN,,0.0,0,REVIEW_REQUIRED
1.2.826.0.1.3680043.8.498.15024602758408626305833210011882949904,Lateral OA,criteria_anatomy_severity_extent_or_timing_insufficient,False,"[""Tricompartmental marginal osteophytes."",""Lateral compartment cartilage: No focal cartilage defects.""]",UNKNOWN,,0.0,0,REVIEW_REQUIRED
1.2.826.0.1.3680043.8.498.15024602758408626305833210011882949904,Lateral OA,llm_review:Tricompartmental osteophytes include the lateral compartment but do not establish qualifying cartilage loss.,False,"[""Tricompartmental marginal osteophytes."",""Lateral compartment cartilage: No focal cartilage defects.""]",UNKNOWN,,0.0,0,REVIEW_REQUIRED
1.2.826.0.1.3680043.8.498.15024602758408626305833210011882949904,Lateral OA,llm_review:No focal cartilage defects is a limited negative that does not exclude diffuse cartilage loss.,False,"[""Tricompartmental marginal osteophytes."",""Lateral compartment cartilage: No focal cartilage defects.""]",UNKNOWN,,0.0,0,REVIEW_REQUIRED
1.2.826.0.1.3680043.8.498.15024602758408626305833210011882949904,Lateral OA,llm_review:Cartilage loss depth and extent are unspecified.,False,"[""Tricompartmental marginal osteophytes."",""Lateral compartment cartilage: No focal cartilage defects.""]",UNKNOWN,,0.0,0,REVIEW_REQUIRED
1.2.826.0.1.3680043.8.498.15024602758408626305833210011882949904,PF OA,criteria_anatomy_severity_extent_or_timing_insufficient,False,"[""Full thickness cartilage loss along the lateral patellar facet with subchondral edema."",""Full-thickness cartilage loss along the inferolateral trochlea with subchondral edema/cystic changes."",""Medial and patellofemoral compartment osteoarthritis, severe in the patellofemoral compartment, as described above.""]",UNKNOWN,,0.0,0,REVIEW_REQUIRED
1.2.826.0.1.3680043.8.498.15024602758408626305833210011882949904,PF OA,llm_review:Cartilage loss extent is not measured; the approximately 10 mm threshold cannot be established.,False,"[""Full thickness cartilage loss along the lateral patellar facet with subchondral edema."",""Full-thickness cartilage loss along the inferolateral trochlea with subchondral edema/cystic changes."",""Medial and patellofemoral compartment osteoarthritis, severe in the patellofemoral compartment, as described above.""]",UNKNOWN,,0.0,0,REVIEW_REQUIRED
1.2.826.0.1.3680043.8.498.15024602758408626305833210011882949904,Effusion,criteria_anatomy_severity_extent_or_timing_insufficient,False,"[""Moderate joint effusion."",""Moderate knee joint effusion and Bakers cyst.""]",UNKNOWN,,0.0,0,REVIEW_REQUIRED
1.2.826.0.1.3680043.8.498.15024602758408626305833210011882949904,Effusion,"llm_review:Moderate effusion is explicit, but joint distension is not described.",False,"[""Moderate joint effusion."",""Moderate knee joint effusion and Bakers cyst.""]",UNKNOWN,,0.0,0,REVIEW_REQUIRED
1.2.826.0.1.3680043.8.498.15133818248365103660456294775831248835,PF OA,criteria_anatomy_severity_extent_or_timing_insufficient,False,"[""oppervlakkige kraakbeen letseltje laterale patellaire facet alsook een graad 4 kraakbeenletsel mediale patellaire facet met ge ïsoleerde focus van botoedeem nabij de subchondrale beenplaat."",""Patellaire chondromalacie.""]",UNKNOWN,,0.0,0,REVIEW_REQUIRED
1.2.826.0.1.3680043.8.498.15133818248365103660456294775831248835,PF OA,llm_review:Grade 4 is reported without an identified grading convention or explicit cartilage-loss depth.,False,"[""oppervlakkige kraakbeen letseltje laterale patellaire facet alsook een graad 4 kraakbeenletsel mediale patellaire facet met ge ïsoleerde focus van botoedeem nabij de subchondrale beenplaat."",""Patellaire chondromalacie.""]",UNKNOWN,,0.0,0,REVIEW_REQUIRED
1.2.826.0.1.3680043.8.498.15133818248365103660456294775831248835,PF OA,llm_review:Cartilage lesion extent is not reported.,False,"[""oppervlakkige kraakbeen letseltje laterale patellaire facet alsook een graad 4 kraakbeenletsel mediale patellaire facet met ge ïsoleerde focus van botoedeem nabij de subchondrale beenplaat."",""Patellaire chondromalacie.""]",UNKNOWN,,0.0,0,REVIEW_REQUIRED
1.2.826.0.1.3680043.8.498.15133818248365103660456294775831248835,PF OA,llm_review:Timing is unspecified.,False,"[""oppervlakkige kraakbeen letseltje laterale patellaire facet alsook een graad 4 kraakbeenletsel mediale patellaire facet met ge ïsoleerde focus van botoedeem nabij de subchondrale beenplaat."",""Patellaire chondromalacie.""]",UNKNOWN,,0.0,0,REVIEW_REQUIRED
1.2.826.0.1.3680043.8.498.15133818248365103660456294775831248835,Effusion,negative_scope_insufficient,False,"[""Geen opzetting van suprapatellaire bursa""]",UNKNOWN,,0.0,0,REVIEW_REQUIRED
1.2.826.0.1.3680043.8.498.15133818248365103660456294775831248835,Effusion,llm_review:The negative statement is limited to suprapatellar bursal distension; it does not explicitly exclude effusion throughout the joint.,False,"[""Geen opzetting van suprapatellaire bursa""]",UNKNOWN,,0.0,0,REVIEW_REQUIRED
1.2.826.0.1.3680043.8.498.15133818248365103660456294775831248835,Baker's,anatomy_missing_or_wrong,True,"[""een (niet met ruptuur verwikkelde Baker-cyste )/ multiloculaire T2-hyperintense structuur posterieur van de achterste kruisband (nabij de tibiale insertie interface posterieure capsuloligamentaire structuren) : ganglioncyste, afmetingen 1,9 x 1,2 x 0,6\\~cm.""]",UNKNOWN,,0.0,0,MASKED_BY_TEXT_REVIEW
1.2.826.0.1.3680043.8.498.15133818248365103660456294775831248835,Baker's,history_or_postoperative_scope_review,False,"[""een (niet met ruptuur verwikkelde Baker-cyste )/ multiloculaire T2-hyperintense structuur posterieur van de achterste kruisband (nabij de tibiale insertie interface posterieure capsuloligamentaire structuren) : ganglioncyste, afmetingen 1,9 x 1,2 x 0,6\\~cm.""]",UNKNOWN,,0.0,0,MASKED_BY_TEXT_REVIEW
1.2.826.0.1.3680043.8.498.15133818248365103660456294775831248835,Baker's,uncertain_report,False,"[""een (niet met ruptuur verwikkelde Baker-cyste )/ multiloculaire T2-hyperintense structuur posterieur van de achterste kruisband (nabij de tibiale insertie interface posterieure capsuloligamentaire structuren) : ganglioncyste, afmetingen 1,9 x 1,2 x 0,6\\~cm.""]",UNKNOWN,,0.0,0,MASKED_BY_TEXT_REVIEW
1.2.826.0.1.3680043.8.498.15133818248365103660456294775831248835,Baker's,llm_review:Slash-separated wording ambiguously mentions a Baker cyst and a posterior cruciate ganglion cyst.,False,"[""een (niet met ruptuur verwikkelde Baker-cyste )/ multiloculaire T2-hyperintense structuur posterieur van de achterste kruisband (nabij de tibiale insertie interface posterieure capsuloligamentaire structuren) : ganglioncyste, afmetingen 1,9 x 1,2 x 0,6\\~cm.""]",UNKNOWN,,0.0,0,MASKED_BY_TEXT_REVIEW
1.2.826.0.1.3680043.8.498.15133818248365103660456294775831248835,Baker's,llm_review:The reported dimensions cannot confidently be assigned to a separate Baker cyst.,False,"[""een (niet met ruptuur verwikkelde Baker-cyste )/ multiloculaire T2-hyperintense structuur posterieur van de achterste kruisband (nabij de tibiale insertie interface posterieure capsuloligamentaire structuren) : ganglioncyste, afmetingen 1,9 x 1,2 x 0,6\\~cm.""]",UNKNOWN,,0.0,0,MASKED_BY_TEXT_REVIEW
1.2.826.0.1.3680043.8.498.15133818248365103660456294775831248835,Baker's,llm_review:Moderate or large Baker cyst size and typical posteromedial location are not established.,False,"[""een (niet met ruptuur verwikkelde Baker-cyste )/ multiloculaire T2-hyperintense structuur posterieur van de achterste kruisband (nabij de tibiale insertie interface posterieure capsuloligamentaire structuren) : ganglioncyste, afmetingen 1,9 x 1,2 x 0,6\\~cm.""]",UNKNOWN,,0.0,0,MASKED_BY_TEXT_REVIEW
1.2.826.0.1.3680043.8.498.15133818248365103660456294775831248835,Baker's,pilot_text_review_mask,False,"[""een (niet met ruptuur verwikkelde Baker-cyste )/ multiloculaire T2-hyperintense structuur posterieur van de achterste kruisband (nabij de tibiale insertie interface posterieure capsuloligamentaire structuren) : ganglioncyste, afmetingen 1,9 x 1,2 x 0,6\\~cm.""]",UNKNOWN,,0.0,0,MASKED_BY_TEXT_REVIEW
1.2.826.0.1.3680043.8.498.15133818248365103660456294775831248835,Contusion,timing_or_trauma_review,False,"[""graad 4 kraakbeenletsel mediale patellaire facet met ge ïsoleerde focus van botoedeem nabij de subchondrale beenplaat.""]",NO,,0.0,0,MASKED_BY_TEXT_REVIEW
1.2.826.0.1.3680043.8.498.15133818248365103660456294775831248835,Contusion,explicit_subthreshold_or_alternative,False,"[""graad 4 kraakbeenletsel mediale patellaire facet met ge ïsoleerde focus van botoedeem nabij de subchondrale beenplaat.""]",NO,,0.0,0,MASKED_BY_TEXT_REVIEW
1.2.826.0.1.3680043.8.498.15133818248365103660456294775831248835,Contusion,llm_review:Reported marrow edema accompanies patellar cartilage disease; a traumatic contusion is not diagnosed.,False,"[""graad 4 kraakbeenletsel mediale patellaire facet met ge ïsoleerde focus van botoedeem nabij de subchondrale beenplaat.""]",NO,,0.0,0,MASKED_BY_TEXT_REVIEW
1.2.826.0.1.3680043.8.498.15133818248365103660456294775831248835,Contusion,llm_review:Fracture-line absence and injury timing are not stated.,False,"[""graad 4 kraakbeenletsel mediale patellaire facet met ge ïsoleerde focus van botoedeem nabij de subchondrale beenplaat.""]",NO,,0.0,0,MASKED_BY_TEXT_REVIEW
1.2.826.0.1.3680043.8.498.15133818248365103660456294775831248835,Contusion,pilot_text_review_mask,False,"[""graad 4 kraakbeenletsel mediale patellaire facet met ge ïsoleerde focus van botoedeem nabij de subchondrale beenplaat.""]",NO,,0.0,0,MASKED_BY_TEXT_REVIEW
1.2.826.0.1.3680043.8.498.15399233309269178192583032682669258885,Medial Meniscus,criteria_anatomy_severity_extent_or_timing_insufficient,False,"[""Вижда се увреда в заден рог на медиален менискус под формата на хиперинтензна лезия с кос ход, достигаща в близост до хрущяла и продължаваща под формата на дегенеративни промени в предния му рог."",""МР данни за лезия 2b стадий в заден рог на медиален менискус и дегенеративни промени в преддния му рог, както и в латералния менискус.""]",UNKNOWN,0.2,0.25,1,REVIEW_REQUIRED
1.2.826.0.1.3680043.8.498.15399233309269178192583032682669258885,Medial Meniscus,"llm_review:A stage 2b lesion and degeneration are reported, without an unequivocal tear diagnosis; proximity to cartilage does not establish articular surface contact.",False,"[""Вижда се увреда в заден рог на медиален менискус под формата на хиперинтензна лезия с кос ход, достигаща в близост до хрущяла и продължаваща под формата на дегенеративни промени в предния му рог."",""МР данни за лезия 2b стадий в заден рог на медиален менискус и дегенеративни промени в преддния му рог, както и в латералния менискус.""]",UNKNOWN,0.2,0.25,1,REVIEW_REQUIRED
1.2.826.0.1.3680043.8.498.15399233309269178192583032682669258885,Medial Meniscus,llm_review:The grading convention and lesion timing are unspecified.,False,"[""Вижда се увреда в заден рог на медиален менискус под формата на хиперинтензна лезия с кос ход, достигаща в близост до хрущяла и продължаваща под формата на дегенеративни промени в предния му рог."",""МР данни за лезия 2b стадий в заден рог на медиален менискус и дегенеративни промени в преддния му рог, както и в латералния менискус.""]",UNKNOWN,0.2,0.25,1,REVIEW_REQUIRED
1.2.826.0.1.3680043.8.498.15399233309269178192583032682669258885,Lateral Meniscus,explicit_subthreshold_or_alternative,False,"[""Дегенеративни промени в латералния менискус.""]",NO,0.05,1.0,1,REVIEW_REQUIRED
1.2.826.0.1.3680043.8.498.15399233309269178192583032682669258885,Lateral Meniscus,"llm_review:Only degenerative changes are described; severity, extent and timing are unspecified.",False,"[""Дегенеративни промени в латералния менискус.""]",NO,0.05,1.0,1,REVIEW_REQUIRED
1.2.826.0.1.3680043.8.498.15399233309269178192583032682669258885,PF OA,negative_scope_insufficient,False,"[""Патела, хрущял на пателата и  ретинакулуми на пателата – със запазена цялост.""]",UNKNOWN,,0.0,0,REVIEW_REQUIRED
1.2.826.0.1.3680043.8.498.15399233309269178192583032682669258885,PF OA,llm_review:Preserved patellar cartilage integrity does not explicitly establish preserved thickness throughout the patellofemoral compartment; trochlear cartilage and qualifying loss extent are unspecified.,False,"[""Патела, хрущял на пателата и  ретинакулуми на пателата – със запазена цялост.""]",UNKNOWN,,0.0,0,REVIEW_REQUIRED
1.2.826.0.1.3680043.8.498.15399233309269178192583032682669258885,Contusion,timing_or_trauma_review,False,"[""Виждат се дифузни зони на повишен сигнален интензитет в епифизата на тибията, предимно в областта на медиалния кондил, съответстващи на костномозъчен едем."",""Посттравматичен костномозъчене едем.""]",UNKNOWN,0.8,0.25,1,REVIEW_REQUIRED
1.2.826.0.1.3680043.8.498.15399233309269178192583032682669258885,Contusion,criteria_anatomy_severity_extent_or_timing_insufficient,False,"[""Виждат се дифузни зони на повишен сигнален интензитет в епифизата на тибията, предимно в областта на медиалния кондил, съответстващи на костномозъчен едем."",""Посттравматичен костномозъчене едем.""]",UNKNOWN,0.8,0.25,1,REVIEW_REQUIRED
1.2.826.0.1.3680043.8.498.15399233309269178192583032682669258885,Contusion,"llm_review:Traumatic marrow edema is explicit, but absence of a fracture line at the lesion is not explicitly established. Injury timing is unspecified.",False,"[""Виждат се дифузни зони на повишен сигнален интензитет в епифизата на тибията, предимно в областта на медиалния кондил, съответстващи на костномозъчен едем."",""Посттравматичен костномозъчене едем.""]",UNKNOWN,0.8,0.25,1,REVIEW_REQUIRED
1.2.826.0.1.3680043.8.498.15444316810805746453392291780593934328,ACL,explicit_subthreshold_or_alternative,False,"[""The contour of ACL is in a straight line but increase interstitial signal intensity inside, in favor of grade 1 injury."",""Grade 1 injury of ACL.""]",NO,0.05,1.0,1,REVIEW_REQUIRED
1.2.826.0.1.3680043.8.498.15444316810805746453392291780593934328,ACL,llm_review:Reported grade 1 injury is subthreshold; injury timing is unspecified.,False,"[""The contour of ACL is in a straight line but increase interstitial signal intensity inside, in favor of grade 1 injury."",""Grade 1 injury of ACL.""]",NO,0.05,1.0,1,REVIEW_REQUIRED
1.2.826.0.1.3680043.8.498.15444316810805746453392291780593934328,Medial Meniscus,history_or_postoperative_scope_review,False,"[""Linear signla intensity area in posterior horn of medial menisus without significant extending to articular surface, R/O degeneration.""]",UNKNOWN,0.1,0.25,1,REVIEW_REQUIRED
1.2.826.0.1.3680043.8.498.15444316810805746453392291780593934328,Medial Meniscus,uncertain_report,False,"[""Linear signla intensity area in posterior horn of medial menisus without significant extending to articular surface, R/O degeneration.""]",UNKNOWN,0.1,0.25,1,REVIEW_REQUIRED
1.2.826.0.1.3680043.8.498.15444316810805746453392291780593934328,Medial Meniscus,llm_review:Degeneration is suggested with R/O wording; no definite medial meniscal tear is diagnosed.,False,"[""Linear signla intensity area in posterior horn of medial menisus without significant extending to articular surface, R/O degeneration.""]",UNKNOWN,0.1,0.25,1,REVIEW_REQUIRED
1.2.826.0.1.3680043.8.498.15444316810805746453392291780593934328,Medial Meniscus,"llm_review:Without significant surface extension is a qualified finding, not an explicit exclusion of all tears.",False,"[""Linear signla intensity area in posterior horn of medial menisus without significant extending to articular surface, R/O degeneration.""]",UNKNOWN,0.1,0.25,1,REVIEW_REQUIRED
1.2.826.0.1.3680043.8.498.15444316810805746453392291780593934328,Lateral Meniscus,history_or_postoperative_scope_review,False,"[""Linear signal intensity in posterior horn of lateral meniscus and suspicious of extends into the surface; obliteration of anterior horn of lateral meniscus, R/O tear."",""C/W tear of lateral meniscus.""]",YES,0.95,1.0,1,REVIEW_REQUIRED
1.2.826.0.1.3680043.8.498.15444316810805746453392291780593934328,Lateral Meniscus,llm_review:Findings use suspicious and R/O wording; the impression diagnoses a tear with C/W wording.,False,"[""Linear signal intensity in posterior horn of lateral meniscus and suspicious of extends into the surface; obliteration of anterior horn of lateral meniscus, R/O tear."",""C/W tear of lateral meniscus.""]",YES,0.95,1.0,1,REVIEW_REQUIRED
1.2.826.0.1.3680043.8.498.15444316810805746453392291780593934328,Medial OA,llm_review:Generic knee osteoarthritis does not explicitly localize disease to the medial compartment.,False,[],UNKNOWN,,0.0,0,REVIEW_REQUIRED
1.2.826.0.1.3680043.8.498.15444316810805746453392291780593934328,Lateral OA,criteria_anatomy_severity_extent_or_timing_insufficient,False,"[""Osteoarthritis of knee joint with synovitis; more prominent at lateral compartment.""]",UNKNOWN,,0.0,0,REVIEW_REQUIRED
1.2.826.0.1.3680043.8.498.15444316810805746453392291780593934328,Lateral OA,llm_review:Lateral compartment osteoarthritis is reported without cartilage loss depth or measurable extent.,False,"[""Osteoarthritis of knee joint with synovitis; more prominent at lateral compartment.""]",UNKNOWN,,0.0,0,REVIEW_REQUIRED
1.2.826.0.1.3680043.8.498.15444316810805746453392291780593934328,PF OA,criteria_anatomy_severity_extent_or_timing_insufficient,False,"[""grade 2-3 chondromalacia at lateral facet of patella.""]",UNKNOWN,,0.0,0,REVIEW_REQUIRED
1.2.826.0.1.3680043.8.498.15444316810805746453392291780593934328,PF OA,llm_review:Grade 2-3 spans grades and the grading convention is unspecified; greater than 50% cartilage loss cannot be established.,False,"[""grade 2-3 chondromalacia at lateral facet of patella.""]",UNKNOWN,,0.0,0,REVIEW_REQUIRED
1.2.826.0.1.3680043.8.498.15444316810805746453392291780593934328,PF OA,llm_review:Cartilage lesion extent is not reported.,False,"[""grade 2-3 chondromalacia at lateral facet of patella.""]",UNKNOWN,,0.0,0,REVIEW_REQUIRED
1.2.826.0.1.3680043.8.498.15444316810805746453392291780593934328,Effusion,criteria_anatomy_severity_extent_or_timing_insufficient,False,"[""Joint effusion and suprapatellar bursitis with suprapatellar and medial plicae""]",UNKNOWN,,0.0,0,REVIEW_REQUIRED
1.2.826.0.1.3680043.8.498.15444316810805746453392291780593934328,Effusion,llm_review:Effusion size and joint distension are not reported.,False,"[""Joint effusion and suprapatellar bursitis with suprapatellar and medial plicae""]",UNKNOWN,,0.0,0,REVIEW_REQUIRED
1.2.826.0.1.3680043.8.498.15444316810805746453392291780593934328,Contusion,llm_review:Subchondral edema is described with degeneration and does not establish traumatic contusion.,False,[],UNKNOWN,,0.0,0,MASKED_BY_TEXT_REVIEW
1.2.826.0.1.3680043.8.498.15444316810805746453392291780593934328,Contusion,pilot_text_review_mask,False,[],UNKNOWN,,0.0,0,MASKED_BY_TEXT_REVIEW
1.2.826.0.1.3680043.8.498.17070139245390396445395414066427036835,Medial Meniscus,unresolved_contradiction,True,"[""Παθολογικό σήµα αναγνωρίζεται στο οπίσθιο κέρας του έσω µηνίσκου ο οποίος παρουσιάζει ήπιο υπεξάρθρηµα."",""Χωρίς παθολογικά ευρήµατα από τον έλεγχο των χιαστών και του έσω πλαγίου συνδέσµου, του εσω µηνίσκου."",""Απλή εκφύλιση χωρίς ρήξη, έσω µηνίσκου.""]",UNKNOWN,,0.0,0,MASKED_BY_TEXT_REVIEW
1.2.826.0.1.3680043.8.498.17070139245390396445395414066427036835,Medial Meniscus,negation_scope_review,False,"[""Παθολογικό σήµα αναγνωρίζεται στο οπίσθιο κέρας του έσω µηνίσκου ο οποίος παρουσιάζει ήπιο υπεξάρθρηµα."",""Χωρίς παθολογικά ευρήµατα από τον έλεγχο των χιαστών και του έσω πλαγίου συνδέσµου, του εσω µηνίσκου."",""Απλή εκφύλιση χωρίς ρήξη, έσω µηνίσκου.""]",UNKNOWN,,0.0,0,MASKED_BY_TEXT_REVIEW
1.2.826.0.1.3680043.8.498.17070139245390396445395414066427036835,Medial Meniscus,unresolved_contradiction,False,"[""Παθολογικό σήµα αναγνωρίζεται στο οπίσθιο κέρας του έσω µηνίσκου ο οποίος παρουσιάζει ήπιο υπεξάρθρηµα."",""Χωρίς παθολογικά ευρήµατα από τον έλεγχο των χιαστών και του έσω πλαγίου συνδέσµου, του εσω µηνίσκου."",""Απλή εκφύλιση χωρίς ρήξη, έσω µηνίσκου.""]",UNKNOWN,,0.0,0,MASKED_BY_TEXT_REVIEW
1.2.826.0.1.3680043.8.498.17070139245390396445395414066427036835,Medial Meniscus,llm_mapper_disagreement,False,"[""Παθολογικό σήµα αναγνωρίζεται στο οπίσθιο κέρας του έσω µηνίσκου ο οποίος παρουσιάζει ήπιο υπεξάρθρηµα."",""Χωρίς παθολογικά ευρήµατα από τον έλεγχο των χιαστών και του έσω πλαγίου συνδέσµου, του εσω µηνίσκου."",""Απλή εκφύλιση χωρίς ρήξη, έσω µηνίσκου.""]",UNKNOWN,,0.0,0,MASKED_BY_TEXT_REVIEW
1.2.826.0.1.3680043.8.498.17070139245390396445395414066427036835,Medial Meniscus,"llm_review:Medial meniscal abnormal signal, mild subluxation and degeneration conflict with the statement of no pathological medial meniscal findings.",False,"[""Παθολογικό σήµα αναγνωρίζεται στο οπίσθιο κέρας του έσω µηνίσκου ο οποίος παρουσιάζει ήπιο υπεξάρθρηµα."",""Χωρίς παθολογικά ευρήµατα από τον έλεγχο των χιαστών και του έσω πλαγίου συνδέσµου, του εσω µηνίσκου."",""Απλή εκφύλιση χωρίς ρήξη, έσω µηνίσκου.""]",UNKNOWN,,0.0,0,MASKED_BY_TEXT_REVIEW
1.2.826.0.1.3680043.8.498.17070139245390396445395414066427036835,Medial Meniscus,llm_review:The conclusion explicitly excludes a medial meniscal tear.,False,"[""Παθολογικό σήµα αναγνωρίζεται στο οπίσθιο κέρας του έσω µηνίσκου ο οποίος παρουσιάζει ήπιο υπεξάρθρηµα."",""Χωρίς παθολογικά ευρήµατα από τον έλεγχο των χιαστών και του έσω πλαγίου συνδέσµου, του εσω µηνίσκου."",""Απλή εκφύλιση χωρίς ρήξη, έσω µηνίσκου.""]",UNKNOWN,,0.0,0,MASKED_BY_TEXT_REVIEW
1.2.826.0.1.3680043.8.498.17070139245390396445395414066427036835,Medial Meniscus,pilot_text_review_mask,False,"[""Παθολογικό σήµα αναγνωρίζεται στο οπίσθιο κέρας του έσω µηνίσκου ο οποίος παρουσιάζει ήπιο υπεξάρθρηµα."",""Χωρίς παθολογικά ευρήµατα από τον έλεγχο των χιαστών και του έσω πλαγίου συνδέσµου, του εσω µηνίσκου."",""Απλή εκφύλιση χωρίς ρήξη, έσω µηνίσκου.""]",UNKNOWN,,0.0,0,MASKED_BY_TEXT_REVIEW
1.2.826.0.1.3680043.8.498.17070139245390396445395414066427036835,Medial OA,anatomy_missing_or_wrong,True,"[""Από τον έλεγχο του εκτατικού µηχανισµού, του αρθρικού χόνδρου και του οστικού µυελού δεν σηµειώθηκε αξιοσηµείωτη παθολογία.""]",UNKNOWN,,0.0,0,MASKED_BY_TEXT_REVIEW
1.2.826.0.1.3680043.8.498.17070139245390396445395414066427036835,Medial OA,llm_review:General articular cartilage negative; compartments are not individually named.,False,"[""Από τον έλεγχο του εκτατικού µηχανισµού, του αρθρικού χόνδρου και του οστικού µυελού δεν σηµειώθηκε αξιοσηµείωτη παθολογία.""]",UNKNOWN,,0.0,0,MASKED_BY_TEXT_REVIEW
1.2.826.0.1.3680043.8.498.17070139245390396445395414066427036835,Medial OA,pilot_text_review_mask,False,"[""Από τον έλεγχο του εκτατικού µηχανισµού, του αρθρικού χόνδρου και του οστικού µυελού δεν σηµειώθηκε αξιοσηµείωτη παθολογία.""]",UNKNOWN,,0.0,0,MASKED_BY_TEXT_REVIEW
1.2.826.0.1.3680043.8.498.17070139245390396445395414066427036835,Lateral OA,anatomy_missing_or_wrong,True,"[""Από τον έλεγχο του εκτατικού µηχανισµού, του αρθρικού χόνδρου και του οστικού µυελού δεν σηµειώθηκε αξιοσηµείωτη παθολογία.""]",UNKNOWN,,0.0,0,MASKED_BY_TEXT_REVIEW
1.2.826.0.1.3680043.8.498.17070139245390396445395414066427036835,Lateral OA,llm_review:General articular cartilage negative; compartments are not individually named.,False,"[""Από τον έλεγχο του εκτατικού µηχανισµού, του αρθρικού χόνδρου και του οστικού µυελού δεν σηµειώθηκε αξιοσηµείωτη παθολογία.""]",UNKNOWN,,0.0,0,MASKED_BY_TEXT_REVIEW
1.2.826.0.1.3680043.8.498.17070139245390396445395414066427036835,Lateral OA,pilot_text_review_mask,False,"[""Από τον έλεγχο του εκτατικού µηχανισµού, του αρθρικού χόνδρου και του οστικού µυελού δεν σηµειώθηκε αξιοσηµείωτη παθολογία.""]",UNKNOWN,,0.0,0,MASKED_BY_TEXT_REVIEW
1.2.826.0.1.3680043.8.498.17070139245390396445395414066427036835,PF OA,anatomy_missing_or_wrong,True,"[""Από τον έλεγχο του εκτατικού µηχανισµού, του αρθρικού χόνδρου και του οστικού µυελού δεν σηµειώθηκε αξιοσηµείωτη παθολογία.""]",UNKNOWN,,0.0,0,MASKED_BY_TEXT_REVIEW
1.2.826.0.1.3680043.8.498.17070139245390396445395414066427036835,PF OA,llm_review:General articular cartilage negative; compartments are not individually named.,False,"[""Από τον έλεγχο του εκτατικού µηχανισµού, του αρθρικού χόνδρου και του οστικού µυελού δεν σηµειώθηκε αξιοσηµείωτη παθολογία.""]",UNKNOWN,,0.0,0,MASKED_BY_TEXT_REVIEW
1.2.826.0.1.3680043.8.498.17070139245390396445395414066427036835,PF OA,pilot_text_review_mask,False,"[""Από τον έλεγχο του εκτατικού µηχανισµού, του αρθρικού χόνδρου και του οστικού µυελού δεν σηµειώθηκε αξιοσηµείωτη παθολογία.""]",UNKNOWN,,0.0,0,MASKED_BY_TEXT_REVIEW
1.2.826.0.1.3680043.8.498.17070139245390396445395414066427036835,Effusion,criteria_anatomy_severity_extent_or_timing_insufficient,False,"[""Αναγνωρίζεται µέτρια ποσότητα υγρού ενδαρθρικά."",""Σύµπλοκη ρήξη, κάθετη σώµατος και ακτινωτή οπισθίου κέρατος δισκοειδούς έξω µηνίσκου µε ύδραρθρο.""]",UNKNOWN,0.8,0.25,1,REVIEW_REQUIRED
1.2.826.0.1.3680043.8.498.17070139245390396445395414066427036835,Effusion,llm_review:Moderate intra-articular fluid is explicit; joint distension is not explicitly described.,False,"[""Αναγνωρίζεται µέτρια ποσότητα υγρού ενδαρθρικά."",""Σύµπλοκη ρήξη, κάθετη σώµατος και ακτινωτή οπισθίου κέρατος δισκοειδούς έξω µηνίσκου µε ύδραρθρο.""]",UNKNOWN,0.8,0.25,1,REVIEW_REQUIRED
1.2.826.0.1.3680043.8.498.17070139245390396445395414066427036835,Contusion,pilot_text_review_mask,False,"[""Από τον έλεγχο του εκτατικού µηχανισµού, του αρθρικού χόνδρου και του οστικού µυελού δεν σηµειώθηκε αξιοσηµείωτη παθολογία.""]",NO,,0.0,0,MASKED_BY_TEXT_REVIEW
1.2.826.0.1.3680043.8.498.17107696939614797679012793547913769707,ACL,criteria_anatomy_severity_extent_or_timing_insufficient,False,"[""Ruptura prednjeg križnog ligamenta.""]",UNKNOWN,,0.0,0,REVIEW_REQUIRED
1.2.826.0.1.3680043.8.498.17107696939614797679012793547913769707,ACL,"llm_review:ACL rupture is diagnosed, but partial versus complete rupture and tear grade are unspecified.",False,"[""Ruptura prednjeg križnog ligamenta.""]",UNKNOWN,,0.0,0,REVIEW_REQUIRED
1.2.826.0.1.3680043.8.498.17107696939614797679012793547913769707,ACL,llm_review:Injury timing is unspecified.,False,"[""Ruptura prednjeg križnog ligamenta.""]",UNKNOWN,,0.0,0,REVIEW_REQUIRED
1.2.826.0.1.3680043.8.498.17107696939614797679012793547913769707,Medial OA,anatomy_missing_or_wrong,True,"[""Prikazane artikulacijske hrskavice urednih su intenziteta signala.""]",UNKNOWN,,0.0,0,MASKED_BY_TEXT_REVIEW
1.2.826.0.1.3680043.8.498.17107696939614797679012793547913769707,Medial OA,negative_scope_insufficient,False,"[""Prikazane artikulacijske hrskavice urednih su intenziteta signala.""]",UNKNOWN,,0.0,0,MASKED_BY_TEXT_REVIEW
1.2.826.0.1.3680043.8.498.17107696939614797679012793547913769707,Medial OA,llm_review:The general cartilage negative describes normal signal only; it does not explicitly exclude qualifying cartilage thickness loss.,False,"[""Prikazane artikulacijske hrskavice urednih su intenziteta signala.""]",UNKNOWN,,0.0,0,MASKED_BY_TEXT_REVIEW
1.2.826.0.1.3680043.8.498.17107696939614797679012793547913769707,Medial OA,"llm_review:Medial compartment localization, cartilage depth and extent are unspecified.",False,"[""Prikazane artikulacijske hrskavice urednih su intenziteta signala.""]",UNKNOWN,,0.0,0,MASKED_BY_TEXT_REVIEW
1.2.826.0.1.3680043.8.498.17107696939614797679012793547913769707,Medial OA,pilot_text_review_mask,False,"[""Prikazane artikulacijske hrskavice urednih su intenziteta signala.""]",UNKNOWN,,0.0,0,MASKED_BY_TEXT_REVIEW
1.2.826.0.1.3680043.8.498.17107696939614797679012793547913769707,Lateral OA,anatomy_missing_or_wrong,True,"[""Prikazane artikulacijske hrskavice urednih su intenziteta signala.""]",UNKNOWN,,0.0,0,MASKED_BY_TEXT_REVIEW
1.2.826.0.1.3680043.8.498.17107696939614797679012793547913769707,Lateral OA,negative_scope_insufficient,False,"[""Prikazane artikulacijske hrskavice urednih su intenziteta signala.""]",UNKNOWN,,0.0,0,MASKED_BY_TEXT_REVIEW
1.2.826.0.1.3680043.8.498.17107696939614797679012793547913769707,Lateral OA,llm_review:The general cartilage negative describes normal signal only; it does not explicitly exclude qualifying cartilage thickness loss.,False,"[""Prikazane artikulacijske hrskavice urednih su intenziteta signala.""]",UNKNOWN,,0.0,0,MASKED_BY_TEXT_REVIEW
1.2.826.0.1.3680043.8.498.17107696939614797679012793547913769707,Lateral OA,"llm_review:Lateral compartment localization, cartilage depth and extent are unspecified.",False,"[""Prikazane artikulacijske hrskavice urednih su intenziteta signala.""]",UNKNOWN,,0.0,0,MASKED_BY_TEXT_REVIEW
1.2.826.0.1.3680043.8.498.17107696939614797679012793547913769707,Lateral OA,pilot_text_review_mask,False,"[""Prikazane artikulacijske hrskavice urednih su intenziteta signala.""]",UNKNOWN,,0.0,0,MASKED_BY_TEXT_REVIEW
1.2.826.0.1.3680043.8.498.17107696939614797679012793547913769707,PF OA,anatomy_missing_or_wrong,True,"[""Prikazane artikulacijske hrskavice urednih su intenziteta signala.""]",UNKNOWN,,0.0,0,MASKED_BY_TEXT_REVIEW
1.2.826.0.1.3680043.8.498.17107696939614797679012793547913769707,PF OA,negative_scope_insufficient,False,"[""Prikazane artikulacijske hrskavice urednih su intenziteta signala.""]",UNKNOWN,,0.0,0,MASKED_BY_TEXT_REVIEW
1.2.826.0.1.3680043.8.498.17107696939614797679012793547913769707,PF OA,llm_review:The general cartilage negative describes normal signal only; it does not explicitly exclude qualifying cartilage thickness loss.,False,"[""Prikazane artikulacijske hrskavice urednih su intenziteta signala.""]",UNKNOWN,,0.0,0,MASKED_BY_TEXT_REVIEW
1.2.826.0.1.3680043.8.498.17107696939614797679012793547913769707,PF OA,"llm_review:Patellofemoral compartment localization, cartilage depth and extent are unspecified.",False,"[""Prikazane artikulacijske hrskavice urednih su intenziteta signala.""]",UNKNOWN,,0.0,0,MASKED_BY_TEXT_REVIEW
1.2.826.0.1.3680043.8.498.17107696939614797679012793547913769707,PF OA,pilot_text_review_mask,False,"[""Prikazane artikulacijske hrskavice urednih su intenziteta signala.""]",UNKNOWN,,0.0,0,MASKED_BY_TEXT_REVIEW
1.2.826.0.1.3680043.8.498.17107696939614797679012793547913769707,Effusion,explicit_subthreshold_or_alternative,False,"[""Manja količina slobodne tekućine u zglobnom prostoru.""]",NO,0.05,1.0,1,REVIEW_REQUIRED
1.2.826.0.1.3680043.8.498.17427902052389033416295416299697276519,ACL,llm_review:Two reports are filed under this study; the second describes only a gross ligament assessment.,False,"[""Χιαστοί και πλάγιοι σύνδεσµοι, αρθρικός χόνδρος και εκτατικός µηχανισµός δεν παρουσιάζουν παθολογικά ευρήµατα."",""∆εν παρατηρούνται άξια λόγου ευρήµατα από τον αδρό έλεγχο των χιαστών και πλαγίων συνδέσµων.""]",NO,0.05,1.0,1,REVIEW_REQUIRED
1.2.826.0.1.3680043.8.498.17427902052389033416295416299697276519,MCL,llm_review:Two reports are filed under this study; the second describes only a gross ligament assessment.,False,"[""Χιαστοί και πλάγιοι σύνδεσµοι, αρθρικός χόνδρος και εκτατικός µηχανισµός δεν παρουσιάζουν παθολογικά ευρήµατα."",""∆εν παρατηρούνται άξια λόγου ευρήµατα από τον αδρό έλεγχο των χιαστών και πλαγίων συνδέσµων.""]",NO,0.05,1.0,1,REVIEW_REQUIRED
1.2.826.0.1.3680043.8.498.17427902052389033416295416299697276519,Medial Meniscus,llm_review:Tear extent and severity are unspecified; two reports are filed under this study.,False,"[""εκφυλιστική ρήξη του έσω µηνίσκου µε υπεξάρθρηµα αυτού"",""εκφυλιστική ρήξη και υπεξάρθρηµα του έσω µηνίσκου""]",YES,0.95,1.0,1,REVIEW_REQUIRED
1.2.826.0.1.3680043.8.498.17427902052389033416295416299697276519,Lateral Meniscus,negative_scope_insufficient,False,"[""Στο έξω µεσάρθριο διάστηµα δεν παρατηρούνται αξιόλογα ευρήµατα."",""Χωρίς άξια λόγου ευρήµατα στο έξω µεσάρθριο διάστηµα.""]",UNKNOWN,,0.0,0,REVIEW_REQUIRED
1.2.826.0.1.3680043.8.498.17427902052389033416295416299697276519,Lateral Meniscus,llm_review:The negative addresses noteworthy lateral-compartment findings without explicitly assessing the lateral meniscus or excluding every qualifying tear.,False,"[""Στο έξω µεσάρθριο διάστηµα δεν παρατηρούνται αξιόλογα ευρήµατα."",""Χωρίς άξια λόγου ευρήµατα στο έξω µεσάρθριο διάστηµα.""]",UNKNOWN,,0.0,0,REVIEW_REQUIRED
1.2.826.0.1.3680043.8.498.17427902052389033416295416299697276519,Medial OA,unresolved_contradiction,True,"[""Χιαστοί και πλάγιοι σύνδεσµοι, αρθρικός χόνδρος και εκτατικός µηχανισµός δεν παρουσιάζουν παθολογικά ευρήµατα."",""Αντίστοιχα µε το έσω µεσάρθριο διάστηµα σηµειώνονται υφολικού πάχους διαβρώσεις του αρθρικού χόνδρου, επιχείλιοι οστεοφυτικοί σχηµατισµοί""]",UNKNOWN,,0.0,0,MASKED_BY_TEXT_REVIEW
1.2.826.0.1.3680043.8.498.17427902052389033416295416299697276519,Medial OA,negation_scope_review,False,"[""Χιαστοί και πλάγιοι σύνδεσµοι, αρθρικός χόνδρος και εκτατικός µηχανισµός δεν παρουσιάζουν παθολογικά ευρήµατα."",""Αντίστοιχα µε το έσω µεσάρθριο διάστηµα σηµειώνονται υφολικού πάχους διαβρώσεις του αρθρικού χόνδρου, επιχείλιοι οστεοφυτικοί σχηµατισµοί""]",UNKNOWN,,0.0,0,MASKED_BY_TEXT_REVIEW
1.2.826.0.1.3680043.8.498.17427902052389033416295416299697276519,Medial OA,unresolved_contradiction,False,"[""Χιαστοί και πλάγιοι σύνδεσµοι, αρθρικός χόνδρος και εκτατικός µηχανισµός δεν παρουσιάζουν παθολογικά ευρήµατα."",""Αντίστοιχα µε το έσω µεσάρθριο διάστηµα σηµειώνονται υφολικού πάχους διαβρώσεις του αρθρικού χόνδρου, επιχείλιοι οστεοφυτικοί σχηµατισµοί""]",UNKNOWN,,0.0,0,MASKED_BY_TEXT_REVIEW
1.2.826.0.1.3680043.8.498.17427902052389033416295416299697276519,Medial OA,llm_review:Normal cartilage in the first report conflicts with subtotal-thickness medial cartilage erosions in the second; bilateral/report attribution requires review.,False,"[""Χιαστοί και πλάγιοι σύνδεσµοι, αρθρικός χόνδρος και εκτατικός µηχανισµός δεν παρουσιάζουν παθολογικά ευρήµατα."",""Αντίστοιχα µε το έσω µεσάρθριο διάστηµα σηµειώνονται υφολικού πάχους διαβρώσεις του αρθρικού χόνδρου, επιχείλιοι οστεοφυτικοί σχηµατισµοί""]",UNKNOWN,,0.0,0,MASKED_BY_TEXT_REVIEW
1.2.826.0.1.3680043.8.498.17427902052389033416295416299697276519,Medial OA,llm_review:Cartilage-loss extent is not reported.,False,"[""Χιαστοί και πλάγιοι σύνδεσµοι, αρθρικός χόνδρος και εκτατικός µηχανισµός δεν παρουσιάζουν παθολογικά ευρήµατα."",""Αντίστοιχα µε το έσω µεσάρθριο διάστηµα σηµειώνονται υφολικού πάχους διαβρώσεις του αρθρικού χόνδρου, επιχείλιοι οστεοφυτικοί σχηµατισµοί""]",UNKNOWN,,0.0,0,MASKED_BY_TEXT_REVIEW
1.2.826.0.1.3680043.8.498.17427902052389033416295416299697276519,Medial OA,pilot_text_review_mask,False,"[""Χιαστοί και πλάγιοι σύνδεσµοι, αρθρικός χόνδρος και εκτατικός µηχανισµός δεν παρουσιάζουν παθολογικά ευρήµατα."",""Αντίστοιχα µε το έσω µεσάρθριο διάστηµα σηµειώνονται υφολικού πάχους διαβρώσεις του αρθρικού χόνδρου, επιχείλιοι οστεοφυτικοί σχηµατισµοί""]",UNKNOWN,,0.0,0,MASKED_BY_TEXT_REVIEW
1.2.826.0.1.3680043.8.498.17427902052389033416295416299697276519,Lateral OA,llm_review:Two reports are filed under this study; the second gives a general lateral-compartment negative.,False,"[""Στο έξω µεσάρθριο διάστηµα δεν παρατηρούνται αξιόλογα ευρήµατα."",""Χιαστοί και πλάγιοι σύνδεσµοι, αρθρικός χόνδρος και εκτατικός µηχανισµός δεν παρουσιάζουν παθολογικά ευρήµατα."",""Χωρίς άξια λόγου ευρήµατα στο έξω µεσάρθριο διάστηµα.""]",NO,0.05,1.0,1,REVIEW_REQUIRED
1.2.826.0.1.3680043.8.498.17427902052389033416295416299697276519,PF OA,anatomy_missing_or_wrong,True,"[""Χιαστοί και πλάγιοι σύνδεσµοι, αρθρικός χόνδρος και εκτατικός µηχανισµός δεν παρουσιάζουν παθολογικά ευρήµατα.""]",UNKNOWN,,0.0,0,MASKED_BY_TEXT_REVIEW
1.2.826.0.1.3680043.8.498.17427902052389033416295416299697276519,PF OA,llm_review:The cartilage negative is general rather than explicitly patellofemoral; the second filed report does not specifically assess patellofemoral cartilage.,False,"[""Χιαστοί και πλάγιοι σύνδεσµοι, αρθρικός χόνδρος και εκτατικός µηχανισµός δεν παρουσιάζουν παθολογικά ευρήµατα.""]",UNKNOWN,,0.0,0,MASKED_BY_TEXT_REVIEW
1.2.826.0.1.3680043.8.498.17427902052389033416295416299697276519,PF OA,pilot_text_review_mask,False,"[""Χιαστοί και πλάγιοι σύνδεσµοι, αρθρικός χόνδρος και εκτατικός µηχανισµός δεν παρουσιάζουν παθολογικά ευρήµατα.""]",UNKNOWN,,0.0,0,MASKED_BY_TEXT_REVIEW
1.2.826.0.1.3680043.8.498.17427902052389033416295416299697276519,Effusion,criteria_anatomy_severity_extent_or_timing_insufficient,False,"[""Παρατηρειται ικανή ενδοαρθρική συλλογή"",""Ικανή ενδοαρθρική συλλογή υγρού""]",UNKNOWN,0.8,0.25,1,REVIEW_REQUIRED
1.2.826.0.1.3680043.8.498.17427902052389033416295416299697276519,Effusion,"llm_review:Substantial intra-articular fluid is reported, but joint distension is not explicit.",False,"[""Παρατηρειται ικανή ενδοαρθρική συλλογή"",""Ικανή ενδοαρθρική συλλογή υγρού""]",UNKNOWN,0.8,0.25,1,REVIEW_REQUIRED
1.2.826.0.1.3680043.8.498.17427902052389033416295416299697276519,Synovitis,llm_review:Reactive synovitis remains present and is described as pre-existing; severity and extent are unspecified.,False,"[""µε στοιχεία αντιδραστικής υµενίτιδας που προϋπήρχαν""]",YES,0.95,1.0,1,REVIEW_REQUIRED
1.2.826.0.1.3680043.8.498.17427902052389033416295416299697276519,Baker's,llm_review:The large measured cyst is described in the first filed report; the second does not repeat its size.,False,"[""ευµεγέθη κύστη Baker 4,5cm κεφαλουραίας διαµέτρου"",""Ικανή ενδοαρθρική συλλογή υγρού σε επικοινωνία µε Baker µε στοιχεία αντιδραστικής υµενίτιδας που προϋπήρχαν.""]",YES,0.95,1.0,1,REVIEW_REQUIRED
1.2.826.0.1.3680043.8.498.17427902052389033416295416299697276519,Contusion,uncertain_report,False,"[""παρουσία οστεοµυελικού οιδήµατος στην οφρύ του έσω κνηµιαίου κονδύλου. Το εύρηµα παριστά µικρής έκτασης µικροδοκιδώδες κάταγµα ανεπάρκειας."",""οστεοµυελικό οίδηµα υπαρθρικά στον έσω κνηµιαίο κόνδυλο, σε µόλις ήπια µικρότερη έκταση συγκριτικά µε τον προηγούµενο έλεγχο, ευρήµατα στο πλαίσιο εκφυλιστικών αλλοιώσεων.""]",UNKNOWN,0.02,0.25,1,REVIEW_REQUIRED
1.2.826.0.1.3680043.8.498.17427902052389033416295416299697276519,Contusion,llm_mapper_disagreement,False,"[""παρουσία οστεοµυελικού οιδήµατος στην οφρύ του έσω κνηµιαίου κονδύλου. Το εύρηµα παριστά µικρής έκτασης µικροδοκιδώδες κάταγµα ανεπάρκειας."",""οστεοµυελικό οίδηµα υπαρθρικά στον έσω κνηµιαίο κόνδυλο, σε µόλις ήπια µικρότερη έκταση συγκριτικά µε τον προηγούµενο έλεγχο, ευρήµατα στο πλαίσιο εκφυλιστικών αλλοιώσεων.""]",UNKNOWN,0.02,0.25,1,REVIEW_REQUIRED
1.2.826.0.1.3680043.8.498.17427902052389033416295416299697276519,Contusion,llm_review:Marrow edema is attributed to an insufficiency fracture in one report and degenerative changes in the other; no traumatic contusion is diagnosed.,False,"[""παρουσία οστεοµυελικού οιδήµατος στην οφρύ του έσω κνηµιαίου κονδύλου. Το εύρηµα παριστά µικρής έκτασης µικροδοκιδώδες κάταγµα ανεπάρκειας."",""οστεοµυελικό οίδηµα υπαρθρικά στον έσω κνηµιαίο κόνδυλο, σε µόλις ήπια µικρότερη έκταση συγκριτικά µε τον προηγούµενο έλεγχο, ευρήµατα στο πλαίσιο εκφυλιστικών αλλοιώσεων.""]",UNKNOWN,0.02,0.25,1,REVIEW_REQUIRED
1.2.826.0.1.3680043.8.498.17427902052389033416295416299697276519,Contusion,llm_review:No explicit fracture-line assessment is provided; the combined reports do not support a degenerative-only fact.,False,"[""παρουσία οστεοµυελικού οιδήµατος στην οφρύ του έσω κνηµιαίου κονδύλου. Το εύρηµα παριστά µικρής έκτασης µικροδοκιδώδες κάταγµα ανεπάρκειας."",""οστεοµυελικό οίδηµα υπαρθρικά στον έσω κνηµιαίο κόνδυλο, σε µόλις ήπια µικρότερη έκταση συγκριτικά µε τον προηγούµενο έλεγχο, ευρήµατα στο πλαίσιο εκφυλιστικών αλλοιώσεων.""]",UNKNOWN,0.02,0.25,1,REVIEW_REQUIRED
1.2.826.0.1.3680043.8.498.17427902052389033416295416299697276519,Fracture,timing_or_trauma_review,False,"[""Το εύρηµα παριστά µικρής έκτασης µικροδοκιδώδες κάταγµα ανεπάρκειας."",""παρουσία οστεοµυελικού οιδήµατος στην οφρύ του έσω κνηµιαίου κονδύλου.""]",UNKNOWN,,0.0,0,REVIEW_REQUIRED
1.2.826.0.1.3680043.8.498.17427902052389033416295416299697276519,Fracture,criteria_anatomy_severity_extent_or_timing_insufficient,False,"[""Το εύρηµα παριστά µικρής έκτασης µικροδοκιδώδες κάταγµα ανεπάρκειας."",""παρουσία οστεοµυελικού οιδήµατος στην οφρύ του έσω κνηµιαίου κονδύλου.""]",UNKNOWN,,0.0,0,REVIEW_REQUIRED
1.2.826.0.1.3680043.8.498.17427902052389033416295416299697276519,Fracture,"llm_review:An insufficiency microtrabecular fracture is diagnosed, but acuity and a fracture line or cortical disruption are not explicitly reported.",False,"[""Το εύρηµα παριστά µικρής έκτασης µικροδοκιδώδες κάταγµα ανεπάρκειας."",""παρουσία οστεοµυελικού οιδήµατος στην οφρύ του έσω κνηµιαίου κονδύλου.""]",UNKNOWN,,0.0,0,REVIEW_REQUIRED
1.2.826.0.1.3680043.8.498.17427902052389033416295416299697276519,Fracture,llm_review:The second filed report attributes persistent edema to degeneration without explicitly confirming or excluding fracture.,False,"[""Το εύρηµα παριστά µικρής έκτασης µικροδοκιδώδες κάταγµα ανεπάρκειας."",""παρουσία οστεοµυελικού οιδήµατος στην οφρύ του έσω κνηµιαίου κονδύλου.""]",UNKNOWN,,0.0,0,REVIEW_REQUIRED
1.2.826.0.1.3680043.8.498.17618734998753079190687719289815512319,Medial Meniscus,negation_scope_review,False,"[""Aumento de\nseñal central del cuerno posterior del menisco medial que no contacta la superficie articular."",""Fibrilación\nmarginal del cuerpo del menisco medial."",""Fibrilación marginal del menisco medial.""]",UNKNOWN,0.15,0.25,1,REVIEW_REQUIRED
1.2.826.0.1.3680043.8.498.17618734998753079190687719289815512319,Medial Meniscus,history_or_postoperative_scope_review,False,"[""Aumento de\nseñal central del cuerno posterior del menisco medial que no contacta la superficie articular."",""Fibrilación\nmarginal del cuerpo del menisco medial."",""Fibrilación marginal del menisco medial.""]",UNKNOWN,0.15,0.25,1,REVIEW_REQUIRED
1.2.826.0.1.3680043.8.498.17618734998753079190687719289815512319,Medial Meniscus,criteria_anatomy_severity_extent_or_timing_insufficient,False,"[""Aumento de\nseñal central del cuerno posterior del menisco medial que no contacta la superficie articular."",""Fibrilación\nmarginal del cuerpo del menisco medial."",""Fibrilación marginal del menisco medial.""]",UNKNOWN,0.15,0.25,1,REVIEW_REQUIRED
1.2.826.0.1.3680043.8.498.17618734998753079190687719289815512319,Medial Meniscus,"llm_review:Central signal does not contact the articular surface; marginal fibrillation is also described, without a definite tear diagnosis.",False,"[""Aumento de\nseñal central del cuerno posterior del menisco medial que no contacta la superficie articular."",""Fibrilación\nmarginal del cuerpo del menisco medial."",""Fibrilación marginal del menisco medial.""]",UNKNOWN,0.15,0.25,1,REVIEW_REQUIRED
1.2.826.0.1.3680043.8.498.17618734998753079190687719289815512319,Medial OA,negation_scope_review,False,"[""Úlceras condrales de espesor parcial de la zona de carga del compartimento femorotibial medial sin\ncambios óseos secundarios."",""Condropatía con lesiones grado dos y tres del compartimento femorotibial medial y patelofemoral.""]",UNKNOWN,,0.0,0,REVIEW_REQUIRED
1.2.826.0.1.3680043.8.498.17618734998753079190687719289815512319,Medial OA,criteria_anatomy_severity_extent_or_timing_insufficient,False,"[""Úlceras condrales de espesor parcial de la zona de carga del compartimento femorotibial medial sin\ncambios óseos secundarios."",""Condropatía con lesiones grado dos y tres del compartimento femorotibial medial y patelofemoral.""]",UNKNOWN,,0.0,0,REVIEW_REQUIRED
1.2.826.0.1.3680043.8.498.17618734998753079190687719289815512319,Medial OA,llm_review:Partial-thickness loss is described without a percentage or measured extent.,False,"[""Úlceras condrales de espesor parcial de la zona de carga del compartimento femorotibial medial sin\ncambios óseos secundarios."",""Condropatía con lesiones grado dos y tres del compartimento femorotibial medial y patelofemoral.""]",UNKNOWN,,0.0,0,REVIEW_REQUIRED
1.2.826.0.1.3680043.8.498.17618734998753079190687719289815512319,Medial OA,llm_review:The grading convention for grades two and three is unspecified.,False,"[""Úlceras condrales de espesor parcial de la zona de carga del compartimento femorotibial medial sin\ncambios óseos secundarios."",""Condropatía con lesiones grado dos y tres del compartimento femorotibial medial y patelofemoral.""]",UNKNOWN,,0.0,0,REVIEW_REQUIRED
1.2.826.0.1.3680043.8.498.17618734998753079190687719289815512319,Lateral OA,criteria_anatomy_severity_extent_or_timing_insufficient,False,"[""Úlceras condrales de espesor parcial y total del compartimento femorotibial lateral con cambios óseos\nsecundarios y proliferaciones óseas periféricas."",""Avanzados cambios degenerativos del compartimento femorotibial lateral.""]",UNKNOWN,,0.0,0,REVIEW_REQUIRED
1.2.826.0.1.3680043.8.498.17618734998753079190687719289815512319,Lateral OA,"llm_review:Full-thickness cartilage loss is present, but its extent is not specified.",False,"[""Úlceras condrales de espesor parcial y total del compartimento femorotibial lateral con cambios óseos\nsecundarios y proliferaciones óseas periféricas."",""Avanzados cambios degenerativos del compartimento femorotibial lateral.""]",UNKNOWN,,0.0,0,REVIEW_REQUIRED
1.2.826.0.1.3680043.8.498.17618734998753079190687719289815512319,PF OA,negation_scope_review,False,"[""Úlceras condrales de espesor parcial y total de distribución difusa de la tróclea femoral sin cambios óseos\nsecundarios."",""Finas úlceras condrales de espesor parcial de distribución difusa de la rótula."",""Condropatía con lesiones grado dos y tres del compartimento femorotibial medial y patelofemoral.""]",UNKNOWN,,0.0,0,REVIEW_REQUIRED
1.2.826.0.1.3680043.8.498.17618734998753079190687719289815512319,PF OA,criteria_anatomy_severity_extent_or_timing_insufficient,False,"[""Úlceras condrales de espesor parcial y total de distribución difusa de la tróclea femoral sin cambios óseos\nsecundarios."",""Finas úlceras condrales de espesor parcial de distribución difusa de la rótula."",""Condropatía con lesiones grado dos y tres del compartimento femorotibial medial y patelofemoral.""]",UNKNOWN,,0.0,0,REVIEW_REQUIRED
1.2.826.0.1.3680043.8.498.17618734998753079190687719289815512319,PF OA,llm_review:Diffuse distribution does not specify the extent of the high-grade cartilage loss.,False,"[""Úlceras condrales de espesor parcial y total de distribución difusa de la tróclea femoral sin cambios óseos\nsecundarios."",""Finas úlceras condrales de espesor parcial de distribución difusa de la rótula."",""Condropatía con lesiones grado dos y tres del compartimento femorotibial medial y patelofemoral.""]",UNKNOWN,,0.0,0,REVIEW_REQUIRED
1.2.826.0.1.3680043.8.498.17618734998753079190687719289815512319,PF OA,llm_review:The grading convention for grades two and three is unspecified.,False,"[""Úlceras condrales de espesor parcial y total de distribución difusa de la tróclea femoral sin cambios óseos\nsecundarios."",""Finas úlceras condrales de espesor parcial de distribución difusa de la rótula."",""Condropatía con lesiones grado dos y tres del compartimento femorotibial medial y patelofemoral.""]",UNKNOWN,,0.0,0,REVIEW_REQUIRED
1.2.826.0.1.3680043.8.498.17618734998753079190687719289815512319,Effusion,explicit_subthreshold_or_alternative,False,"[""Derrame articular con sinovitis difusa."",""Leve derrame articular con sinovitis difusa.""]",NO,0.05,1.0,1,REVIEW_REQUIRED
1.2.826.0.1.3680043.8.498.17618734998753079190687719289815512319,Effusion,llm_review:Distension is described for the posterolateral recess; the joint effusion is explicitly mild.,False,"[""Derrame articular con sinovitis difusa."",""Leve derrame articular con sinovitis difusa.""]",NO,0.05,1.0,1,REVIEW_REQUIRED
1.2.826.0.1.3680043.8.498.17618734998753079190687719289815512319,Baker's,"llm_review:The described fluid-filled recess is posterolateral, without a named Baker cyst or posteromedial cyst.",False,[],UNKNOWN,,0.0,0,REVIEW_REQUIRED
1.2.826.0.1.3680043.8.498.17618734998753079190687719289815512319,Contusion,pilot_text_review_mask,False,"[""No hay alteraciones de señal significativas de la médula ósea.""]",NO,,0.0,0,MASKED_BY_TEXT_REVIEW
1.2.826.0.1.3680043.8.498.18114567737638963627123562895002602285,MCL,timing_or_trauma_review,False,"[""Engrosamiento y aumento de señal del componente superficial y profundo del complejo\nligamentario medial con pérdida parcial de la continuidad ambos componentes en su tercio\nproximal, con edema las partes blandas regionales."",""Esguince grado II del componente superficial y profundo del complejo ligamentario medial en su\naspecto proximal, con edema las partes blandas adyacentes.""]",UNKNOWN,0.4,0.25,1,REVIEW_REQUIRED
1.2.826.0.1.3680043.8.498.18114567737638963627123562895002602285,MCL,criteria_anatomy_severity_extent_or_timing_insufficient,False,"[""Engrosamiento y aumento de señal del componente superficial y profundo del complejo\nligamentario medial con pérdida parcial de la continuidad ambos componentes en su tercio\nproximal, con edema las partes blandas regionales."",""Esguince grado II del componente superficial y profundo del complejo ligamentario medial en su\naspecto proximal, con edema las partes blandas adyacentes.""]",UNKNOWN,0.4,0.25,1,REVIEW_REQUIRED
1.2.826.0.1.3680043.8.498.18114567737638963627123562895002602285,MCL,llm_review:Grade II sprain and partial continuity loss establish partial injury but do not specify a high-grade partial tear.,False,"[""Engrosamiento y aumento de señal del componente superficial y profundo del complejo\nligamentario medial con pérdida parcial de la continuidad ambos componentes en su tercio\nproximal, con edema las partes blandas regionales."",""Esguince grado II del componente superficial y profundo del complejo ligamentario medial en su\naspecto proximal, con edema las partes blandas adyacentes.""]",UNKNOWN,0.4,0.25,1,REVIEW_REQUIRED
1.2.826.0.1.3680043.8.498.18114567737638963627123562895002602285,MCL,llm_review:Acute timing is not explicitly stated.,False,"[""Engrosamiento y aumento de señal del componente superficial y profundo del complejo\nligamentario medial con pérdida parcial de la continuidad ambos componentes en su tercio\nproximal, con edema las partes blandas regionales."",""Esguince grado II del componente superficial y profundo del complejo ligamentario medial en su\naspecto proximal, con edema las partes blandas adyacentes.""]",UNKNOWN,0.4,0.25,1,REVIEW_REQUIRED
1.2.826.0.1.3680043.8.498.18114567737638963627123562895002602285,Effusion,llm_review:The negative excludes significant effusion but does not assert complete absence of joint fluid.,False,"[""No hay significativo derrame articular.""]",NO,0.05,1.0,1,REVIEW_REQUIRED
1.2.826.0.1.3680043.8.498.18114567737638963627123562895002602285,Baker's,negation_scope_review,False,"[""Pequeño quiste poplíteo no complicado""]",NO,0.05,1.0,1,REVIEW_REQUIRED
1.2.826.0.1.3680043.8.498.18114567737638963627123562895002602285,Baker's,explicit_subthreshold_or_alternative,False,"[""Pequeño quiste poplíteo no complicado""]",NO,0.05,1.0,1,REVIEW_REQUIRED
1.2.826.0.1.3680043.8.498.18114567737638963627123562895002602285,Baker's,llm_review:Small popliteal cyst is below the moderate/large size threshold.,False,"[""Pequeño quiste poplíteo no complicado""]",NO,0.05,1.0,1,REVIEW_REQUIRED
1.2.826.0.1.3680043.8.498.18114567737638963627123562895002602285,Contusion,negative_scope_insufficient,False,"[""No hay alteraciones de señal significativas de la médula ósea.""]",UNKNOWN,,0.0,0,REVIEW_REQUIRED
1.2.826.0.1.3680043.8.498.18114567737638963627123562895002602285,Contusion,llm_review:The negative is limited to significant marrow signal abnormalities; it does not explicitly exclude all traumatic marrow edema.,False,"[""No hay alteraciones de señal significativas de la médula ósea.""]",UNKNOWN,,0.0,0,REVIEW_REQUIRED
1.2.826.0.1.3680043.8.498.18389676218363070462526838642303976332,Medial Meniscus,negation_scope_review,False,"[""Ménisque médial : Légers changements dégénératifs signalétiques du corps et de la corne postérieure sans signe de déchirure."",""Pas de signe de déchirures méniscales ou ligamentaires.""]",NO,0.05,1.0,1,REVIEW_REQUIRED
1.2.826.0.1.3680043.8.498.18389676218363070462526838642303976332,Medial Meniscus,history_or_postoperative_scope_review,False,"[""Ménisque médial : Légers changements dégénératifs signalétiques du corps et de la corne postérieure sans signe de déchirure."",""Pas de signe de déchirures méniscales ou ligamentaires.""]",NO,0.05,1.0,1,REVIEW_REQUIRED
1.2.826.0.1.3680043.8.498.18389676218363070462526838642303976332,Medial Meniscus,explicit_subthreshold_or_alternative,False,"[""Ménisque médial : Légers changements dégénératifs signalétiques du corps et de la corne postérieure sans signe de déchirure."",""Pas de signe de déchirures méniscales ou ligamentaires.""]",NO,0.05,1.0,1,REVIEW_REQUIRED
1.2.826.0.1.3680043.8.498.18389676218363070462526838642303976332,Medial OA,criteria_anatomy_severity_extent_or_timing_insufficient,False,"[""Chondropatie des compartiments médial et fémoropatellaire. Il y a un léger amincissement diffus du cartilage."",""Dans le compartiment médial, il y a une scissure profonde de délamination focale dans le condyle fémoral portant avec une petite zone d'œdème osseux réactionnel sous-chondral.""]",UNKNOWN,,0.0,0,REVIEW_REQUIRED
1.2.826.0.1.3680043.8.498.18389676218363070462526838642303976332,Medial OA,"llm_review:Deep focal delamination is described, but percentage cartilage thickness loss and extent in millimeters are unspecified.",False,"[""Chondropatie des compartiments médial et fémoropatellaire. Il y a un léger amincissement diffus du cartilage."",""Dans le compartiment médial, il y a une scissure profonde de délamination focale dans le condyle fémoral portant avec une petite zone d'œdème osseux réactionnel sous-chondral.""]",UNKNOWN,,0.0,0,REVIEW_REQUIRED
1.2.826.0.1.3680043.8.498.18389676218363070462526838642303976332,PF OA,criteria_anatomy_severity_extent_or_timing_insufficient,False,"[""Dans le compartiment fémoropatellaire, il y a des zones focales de chondropatie modérée à sévère impliquant la gorge trochléaire et la jonction entre la trochlée médiale et le condyle fémoral médial, avec de petits foyers de kystes et d'œdème sous-chondraux réactionnels."",""Chondropatie des compartiments médial et fémoropatellaire telle que décrite avec des zones focales de fissuration profonde.""]",UNKNOWN,,0.0,0,REVIEW_REQUIRED
1.2.826.0.1.3680043.8.498.18389676218363070462526838642303976332,PF OA,llm_review:Moderate-to-severe chondropathy does not specify percentage cartilage thickness loss or extent in millimeters.,False,"[""Dans le compartiment fémoropatellaire, il y a des zones focales de chondropatie modérée à sévère impliquant la gorge trochléaire et la jonction entre la trochlée médiale et le condyle fémoral médial, avec de petits foyers de kystes et d'œdème sous-chondraux réactionnels."",""Chondropatie des compartiments médial et fémoropatellaire telle que décrite avec des zones focales de fissuration profonde.""]",UNKNOWN,,0.0,0,REVIEW_REQUIRED
1.2.826.0.1.3680043.8.498.18389676218363070462526838642303976332,Effusion,explicit_subthreshold_or_alternative,False,"[""Épanchement articulaire : Minuscule épanchement articulaire."",""Petit épanchement articulaire et petit kyste de Baker non compliqué.""]",NO,0.05,1.0,1,REVIEW_REQUIRED
1.2.826.0.1.3680043.8.498.18389676218363070462526838642303976332,Baker's,explicit_subthreshold_or_alternative,False,"[""Kyste de Baker : Petit kyste de Baker non compliqué."",""Petit épanchement articulaire et petit kyste de Baker non compliqué.""]",NO,0.05,1.0,1,REVIEW_REQUIRED
1.2.826.0.1.3680043.8.498.18389676218363070462526838642303976332,Contusion,pilot_text_review_mask,False,"[""Dans le compartiment médial, il y a une scissure profonde de délamination focale dans le condyle fémoral portant avec une petite zone d'œdème osseux réactionnel sous-chondral."",""Dans le compartiment fémoropatellaire, il y a des zones focales de chondropatie modérée à sévère impliquant la gorge trochléaire et la jonction entre la trochlée médiale et le condyle fémoral médial, avec de petits foyers de kystes et d'œdème sous-chondraux réactionnels."",""Signal de la moelle osseuse :\nPar ailleurs normal.""]",NO,,0.0,0,MASKED_BY_TEXT_REVIEW
1.2.826.0.1.3680043.8.498.19124879088354547836118593585646705198,ACL,history_or_postoperative_scope_review,False,"[""Intact voorkomen van de anterieur en posterieure kruisband.""]",NO,0.05,1.0,1,REVIEW_REQUIRED
1.2.826.0.1.3680043.8.498.19124879088354547836118593585646705198,Medial Meniscus,history_or_postoperative_scope_review,False,"[""Muco ïde degeneratie op de overgang van corpus naar de posterieure hoorn van de mediale meniscus (zone 4)."",""Beginnende muco ïde degeneratie op de overgang van corpus naar posterieure hoorn van de mediale meniscus.""]",NO,0.05,1.0,1,REVIEW_REQUIRED
1.2.826.0.1.3680043.8.498.19124879088354547836118593585646705198,Medial Meniscus,explicit_subthreshold_or_alternative,False,"[""Muco ïde degeneratie op de overgang van corpus naar de posterieure hoorn van de mediale meniscus (zone 4)."",""Beginnende muco ïde degeneratie op de overgang van corpus naar posterieure hoorn van de mediale meniscus.""]",NO,0.05,1.0,1,REVIEW_REQUIRED
1.2.826.0.1.3680043.8.498.19124879088354547836118593585646705198,Medial Meniscus,llm_review:Mucoid degeneration is described without a definite tear diagnosis.,False,"[""Muco ïde degeneratie op de overgang van corpus naar de posterieure hoorn van de mediale meniscus (zone 4)."",""Beginnende muco ïde degeneratie op de overgang van corpus naar posterieure hoorn van de mediale meniscus.""]",NO,0.05,1.0,1,REVIEW_REQUIRED
1.2.826.0.1.3680043.8.498.19124879088354547836118593585646705198,PF OA,criteria_anatomy_severity_extent_or_timing_insufficient,False,"[""Sterk onregelmatige aflijning van het patellair kraakbeen met focaal kraakbeendefect aan de mediale zijde."",""Schuine fissurale doorloop van het kraakbeendefect naar laterocraniaal tot meer dan 50\\~% van de kraakbeendikte (graad 3)."",""Patellair kraakbeenlijden met kraakbeendefect mediaal en fissurale uitloper tot graad 3 .""]",UNKNOWN,,0.0,0,REVIEW_REQUIRED
1.2.826.0.1.3680043.8.498.19124879088354547836118593585646705198,PF OA,"llm_review:Depth exceeds 50%, but lesion extent of approximately 10 mm or more is not established.",False,"[""Sterk onregelmatige aflijning van het patellair kraakbeen met focaal kraakbeendefect aan de mediale zijde."",""Schuine fissurale doorloop van het kraakbeendefect naar laterocraniaal tot meer dan 50\\~% van de kraakbeendikte (graad 3)."",""Patellair kraakbeenlijden met kraakbeendefect mediaal en fissurale uitloper tot graad 3 .""]",UNKNOWN,,0.0,0,REVIEW_REQUIRED
1.2.826.0.1.3680043.8.498.19124879088354547836118593585646705198,Effusion,llm_review:The negative excludes significant effusion; trace fluid is not explicitly excluded.,False,"[""Geen significante hydrops van het kniegewricht.""]",NO,,0.0,0,MASKED_BY_TEXT_REVIEW
1.2.826.0.1.3680043.8.498.19124879088354547836118593585646705198,Effusion,pilot_text_review_mask,False,"[""Geen significante hydrops van het kniegewricht.""]",NO,,0.0,0,MASKED_BY_TEXT_REVIEW
1.2.826.0.1.3680043.8.498.19124879088354547836118593585646705198,Baker's,explicit_subthreshold_or_alternative,False,"[""Beperkte hoeveelheid vocht in de bursa semimembranosus gastrocnemius.""]",NO,0.05,1.0,1,REVIEW_REQUIRED
1.2.826.0.1.3680043.8.498.19124879088354547836118593585646705198,Baker's,llm_review:Limited fluid in the typical bursa is subthreshold; a moderate or large cyst is not described.,False,"[""Beperkte hoeveelheid vocht in de bursa semimembranosus gastrocnemius.""]",NO,0.05,1.0,1,REVIEW_REQUIRED
1.2.826.0.1.3680043.8.498.20301796413163444642416918108994411350,Medial Meniscus,history_or_postoperative_scope_review,False,"[""Medial menisküs posterior hornu ve gövde düzeyinde grade III dejenerasyon izlendi.""]",UNKNOWN,,0.0,0,REVIEW_REQUIRED
1.2.826.0.1.3680043.8.498.20301796413163444642416918108994411350,Medial Meniscus,criteria_anatomy_severity_extent_or_timing_insufficient,False,"[""Medial menisküs posterior hornu ve gövde düzeyinde grade III dejenerasyon izlendi.""]",UNKNOWN,,0.0,0,REVIEW_REQUIRED
1.2.826.0.1.3680043.8.498.20301796413163444642416918108994411350,Medial Meniscus,llm_review:Grade III degeneration is reported without an explicit tear diagnosis or a defined grading convention; a definite tear versus internal degeneration alone remains ambiguous.,False,"[""Medial menisküs posterior hornu ve gövde düzeyinde grade III dejenerasyon izlendi.""]",UNKNOWN,,0.0,0,REVIEW_REQUIRED
1.2.826.0.1.3680043.8.498.20301796413163444642416918108994411350,Medial Meniscus,llm_review:Timing is unspecified.,False,"[""Medial menisküs posterior hornu ve gövde düzeyinde grade III dejenerasyon izlendi.""]",UNKNOWN,,0.0,0,REVIEW_REQUIRED
1.2.826.0.1.3680043.8.498.20301796413163444642416918108994411350,Baker's,llm_review:The reported ganglion cysts adjacent to the medial gastrocnemius tendon do not establish a Baker cyst or its characteristic bursal location.,False,[],UNKNOWN,,0.0,0,REVIEW_REQUIRED
1.2.826.0.1.3680043.8.498.21584859831565112159503971937497384030,Medial OA,anatomy_missing_or_wrong,True,"[""Από τον έλεγχο, των µηνίσκων των χιαστών και πλαγίων συνδέσµων, του αρθρικού χόνδρου και του εκτατικού µηχανισµού δεν παρατηρούνται αξιόλογα ευρήµατα.""]",UNKNOWN,,0.0,0,MASKED_BY_TEXT_REVIEW
1.2.826.0.1.3680043.8.498.21584859831565112159503971937497384030,Medial OA,llm_review:The global cartilage negative applies across compartments; no individual compartment is named.,False,"[""Από τον έλεγχο, των µηνίσκων των χιαστών και πλαγίων συνδέσµων, του αρθρικού χόνδρου και του εκτατικού µηχανισµού δεν παρατηρούνται αξιόλογα ευρήµατα.""]",UNKNOWN,,0.0,0,MASKED_BY_TEXT_REVIEW
1.2.826.0.1.3680043.8.498.21584859831565112159503971937497384030,Medial OA,pilot_text_review_mask,False,"[""Από τον έλεγχο, των µηνίσκων των χιαστών και πλαγίων συνδέσµων, του αρθρικού χόνδρου και του εκτατικού µηχανισµού δεν παρατηρούνται αξιόλογα ευρήµατα.""]",UNKNOWN,,0.0,0,MASKED_BY_TEXT_REVIEW
1.2.826.0.1.3680043.8.498.21584859831565112159503971937497384030,Lateral OA,anatomy_missing_or_wrong,True,"[""Από τον έλεγχο, των µηνίσκων των χιαστών και πλαγίων συνδέσµων, του αρθρικού χόνδρου και του εκτατικού µηχανισµού δεν παρατηρούνται αξιόλογα ευρήµατα.""]",UNKNOWN,,0.0,0,MASKED_BY_TEXT_REVIEW
1.2.826.0.1.3680043.8.498.21584859831565112159503971937497384030,Lateral OA,llm_review:The global cartilage negative applies across compartments; no individual compartment is named.,False,"[""Από τον έλεγχο, των µηνίσκων των χιαστών και πλαγίων συνδέσµων, του αρθρικού χόνδρου και του εκτατικού µηχανισµού δεν παρατηρούνται αξιόλογα ευρήµατα.""]",UNKNOWN,,0.0,0,MASKED_BY_TEXT_REVIEW
1.2.826.0.1.3680043.8.498.21584859831565112159503971937497384030,Lateral OA,pilot_text_review_mask,False,"[""Από τον έλεγχο, των µηνίσκων των χιαστών και πλαγίων συνδέσµων, του αρθρικού χόνδρου και του εκτατικού µηχανισµού δεν παρατηρούνται αξιόλογα ευρήµατα.""]",UNKNOWN,,0.0,0,MASKED_BY_TEXT_REVIEW
1.2.826.0.1.3680043.8.498.21584859831565112159503971937497384030,PF OA,anatomy_missing_or_wrong,True,"[""Από τον έλεγχο, των µηνίσκων των χιαστών και πλαγίων συνδέσµων, του αρθρικού χόνδρου και του εκτατικού µηχανισµού δεν παρατηρούνται αξιόλογα ευρήµατα.""]",UNKNOWN,,0.0,0,MASKED_BY_TEXT_REVIEW
1.2.826.0.1.3680043.8.498.21584859831565112159503971937497384030,PF OA,llm_review:The global cartilage negative applies across compartments; the patellofemoral plicae description does not describe cartilage disease.,False,"[""Από τον έλεγχο, των µηνίσκων των χιαστών και πλαγίων συνδέσµων, του αρθρικού χόνδρου και του εκτατικού µηχανισµού δεν παρατηρούνται αξιόλογα ευρήµατα.""]",UNKNOWN,,0.0,0,MASKED_BY_TEXT_REVIEW
1.2.826.0.1.3680043.8.498.21584859831565112159503971937497384030,PF OA,pilot_text_review_mask,False,"[""Από τον έλεγχο, των µηνίσκων των χιαστών και πλαγίων συνδέσµων, του αρθρικού χόνδρου και του εκτατικού µηχανισµού δεν παρατηρούνται αξιόλογα ευρήµατα.""]",UNKNOWN,,0.0,0,MASKED_BY_TEXT_REVIEW
1.2.826.0.1.3680043.8.498.21584859831565112159503971937497384030,Effusion,explicit_subthreshold_or_alternative,False,"[""Μικρή συλλογή υγρού παρατηρείται ενδαρθρικά""]",NO,0.05,1.0,1,REVIEW_REQUIRED
1.2.826.0.1.3680043.8.498.21584859831565112159503971937497384030,Effusion,llm_review:Small effusion is subthreshold; joint distension and acute/chronic timing are not stated.,False,"[""Μικρή συλλογή υγρού παρατηρείται ενδαρθρικά""]",NO,0.05,1.0,1,REVIEW_REQUIRED
1.2.826.0.1.3680043.8.498.21584859831565112159503971937497384030,Synovitis,llm_review:Synovial plicae are described without synovial inflammation or thickening.,False,[],UNKNOWN,,0.0,0,REVIEW_REQUIRED
1.2.826.0.1.3680043.8.498.22803020644232321685575897661362804423,ACL,explicit_subthreshold_or_alternative,False,"[""Ön çapraz bağ sinyali özellikle proksimalde sinyal artışı vardır (grade I sprain).""]",NO,0.05,1.0,1,REVIEW_REQUIRED
1.2.826.0.1.3680043.8.498.22803020644232321685575897661362804423,ACL,llm_review:Low-grade sprain; injury timing unspecified.,False,"[""Ön çapraz bağ sinyali özellikle proksimalde sinyal artışı vardır (grade I sprain).""]",NO,0.05,1.0,1,REVIEW_REQUIRED
1.2.826.0.1.3680043.8.498.22803020644232321685575897661362804423,Medial Meniscus,history_or_postoperative_scope_review,False,"[""Medial menisküs posterior horn düzeyinde nonartiküler yüze açılan horizontal yırtık izlendi.""]",YES,0.95,1.0,1,REVIEW_REQUIRED
1.2.826.0.1.3680043.8.498.22803020644232321685575897661362804423,Medial Meniscus,llm_review:Tear severity and timing unspecified.,False,"[""Medial menisküs posterior horn düzeyinde nonartiküler yüze açılan horizontal yırtık izlendi.""]",YES,0.95,1.0,1,REVIEW_REQUIRED
1.2.826.0.1.3680043.8.498.22803020644232321685575897661362804423,Effusion,explicit_subthreshold_or_alternative,False,"[""Diz eklemi içerisinde hafif sıvı artışı izlenmiştir.""]",NO,0.05,1.0,1,REVIEW_REQUIRED
1.2.826.0.1.3680043.8.498.22803020644232321685575897661362804423,Effusion,llm_review:Mild fluid is subthreshold; joint distension and timing unspecified.,False,"[""Diz eklemi içerisinde hafif sıvı artışı izlenmiştir.""]",NO,0.05,1.0,1,REVIEW_REQUIRED
1.2.826.0.1.3680043.8.498.22803020644232321685575897661362804423,Baker's,criteria_anatomy_severity_extent_or_timing_insufficient,False,"[""Popliteal fossada yaklaşık 22x10 mm boyutlarında baker kisti izlendi.""]",UNKNOWN,,0.0,0,REVIEW_REQUIRED
1.2.826.0.1.3680043.8.498.22803020644232321685575897661362804423,Baker's,"llm_review:Dimensions are reported, but moderate/large severity is not established; timing unspecified.",False,"[""Popliteal fossada yaklaşık 22x10 mm boyutlarında baker kisti izlendi.""]",UNKNOWN,,0.0,0,REVIEW_REQUIRED
1.2.826.0.1.3680043.8.498.23378338408981699466914366379590099738,Medial Meniscus,history_or_postoperative_scope_review,False,"[""Linear signal intensity in posterior horn of medial meniscus, with suspicious of extending into the surface, R/O tear."",""Degeneration and R/O tear of posterior horn of medial meniscus.""]",UNKNOWN,0.5,0.25,1,REVIEW_REQUIRED
1.2.826.0.1.3680043.8.498.23378338408981699466914366379590099738,Medial Meniscus,uncertain_report,False,"[""Linear signal intensity in posterior horn of medial meniscus, with suspicious of extending into the surface, R/O tear."",""Degeneration and R/O tear of posterior horn of medial meniscus.""]",UNKNOWN,0.5,0.25,1,REVIEW_REQUIRED
1.2.826.0.1.3680043.8.498.23378338408981699466914366379590099738,Medial Meniscus,llm_review:Surface extension is suspicious and tear is stated as R/O; no definite tear diagnosis.,False,"[""Linear signal intensity in posterior horn of medial meniscus, with suspicious of extending into the surface, R/O tear."",""Degeneration and R/O tear of posterior horn of medial meniscus.""]",UNKNOWN,0.5,0.25,1,REVIEW_REQUIRED
1.2.826.0.1.3680043.8.498.23378338408981699466914366379590099738,Medial Meniscus,"llm_review:Degeneration is reported, but degeneration alone cannot be established because a tear remains possible.",False,"[""Linear signal intensity in posterior horn of medial meniscus, with suspicious of extending into the surface, R/O tear."",""Degeneration and R/O tear of posterior horn of medial meniscus.""]",UNKNOWN,0.5,0.25,1,REVIEW_REQUIRED
1.2.826.0.1.3680043.8.498.23378338408981699466914366379590099738,Lateral Meniscus,negative_scope_insufficient,False,"[""No strong MR evidence of tear of lateral meniscus.""]",UNKNOWN,,0.0,0,REVIEW_REQUIRED
1.2.826.0.1.3680043.8.498.23378338408981699466914366379590099738,Lateral Meniscus,llm_review:The qualified negative 'No strong MR evidence' does not unequivocally exclude all meniscal tears.,False,"[""No strong MR evidence of tear of lateral meniscus.""]",UNKNOWN,,0.0,0,REVIEW_REQUIRED
1.2.826.0.1.3680043.8.498.23378338408981699466914366379590099738,Medial OA,llm_review:Generic knee osteoarthritis is reported without localization to the medial tibiofemoral compartment.,False,[],UNKNOWN,,0.0,0,REVIEW_REQUIRED
1.2.826.0.1.3680043.8.498.23378338408981699466914366379590099738,Lateral OA,llm_review:Generic knee osteoarthritis is reported without localization to the lateral tibiofemoral compartment.,False,[],UNKNOWN,,0.0,0,REVIEW_REQUIRED
1.2.826.0.1.3680043.8.498.23378338408981699466914366379590099738,PF OA,unresolved_contradiction,True,"[""Tiny subchondral cysts in femoral trochlea"",""Focal wearing articular cartilage of medial patella, reflecting grade 2-3 chondromalacia."",""C/W osteoarthritis of left knee, with grade 3-4 chondromalacia of patellofemoral joint.""]",UNKNOWN,,0.0,0,MASKED_BY_TEXT_REVIEW
1.2.826.0.1.3680043.8.498.23378338408981699466914366379590099738,PF OA,unresolved_contradiction,False,"[""Tiny subchondral cysts in femoral trochlea"",""Focal wearing articular cartilage of medial patella, reflecting grade 2-3 chondromalacia."",""C/W osteoarthritis of left knee, with grade 3-4 chondromalacia of patellofemoral joint.""]",UNKNOWN,,0.0,0,MASKED_BY_TEXT_REVIEW
1.2.826.0.1.3680043.8.498.23378338408981699466914366379590099738,PF OA,"llm_review:Findings describe grade 2-3 medial patellar chondromalacia, whereas the impression describes grade 3-4 patellofemoral chondromalacia; the grade discrepancy requires review.",False,"[""Tiny subchondral cysts in femoral trochlea"",""Focal wearing articular cartilage of medial patella, reflecting grade 2-3 chondromalacia."",""C/W osteoarthritis of left knee, with grade 3-4 chondromalacia of patellofemoral joint.""]",UNKNOWN,,0.0,0,MASKED_BY_TEXT_REVIEW
1.2.826.0.1.3680043.8.498.23378338408981699466914366379590099738,PF OA,"llm_review:The grading convention is unspecified, so greater than 50% cartilage thickness loss cannot be established.",False,"[""Tiny subchondral cysts in femoral trochlea"",""Focal wearing articular cartilage of medial patella, reflecting grade 2-3 chondromalacia."",""C/W osteoarthritis of left knee, with grade 3-4 chondromalacia of patellofemoral joint.""]",UNKNOWN,,0.0,0,MASKED_BY_TEXT_REVIEW
1.2.826.0.1.3680043.8.498.23378338408981699466914366379590099738,PF OA,llm_review:Cartilage lesion dimensions are missing; 'Focal' does not establish extent of at least 10 mm.,False,"[""Tiny subchondral cysts in femoral trochlea"",""Focal wearing articular cartilage of medial patella, reflecting grade 2-3 chondromalacia."",""C/W osteoarthritis of left knee, with grade 3-4 chondromalacia of patellofemoral joint.""]",UNKNOWN,,0.0,0,MASKED_BY_TEXT_REVIEW
1.2.826.0.1.3680043.8.498.23378338408981699466914366379590099738,PF OA,pilot_text_review_mask,False,"[""Tiny subchondral cysts in femoral trochlea"",""Focal wearing articular cartilage of medial patella, reflecting grade 2-3 chondromalacia."",""C/W osteoarthritis of left knee, with grade 3-4 chondromalacia of patellofemoral joint.""]",UNKNOWN,,0.0,0,MASKED_BY_TEXT_REVIEW
1.2.826.0.1.3680043.8.498.23378338408981699466914366379590099738,Effusion,criteria_anatomy_severity_extent_or_timing_insufficient,False,"[""Joint effusion and suprapatellar bursitis with suprapatellar and medial plicae""]",UNKNOWN,,0.0,0,REVIEW_REQUIRED
1.2.826.0.1.3680043.8.498.23378338408981699466914366379590099738,Effusion,llm_review:Effusion volume and joint distension are not specified.,False,"[""Joint effusion and suprapatellar bursitis with suprapatellar and medial plicae""]",UNKNOWN,,0.0,0,REVIEW_REQUIRED
1.2.826.0.1.3680043.8.498.23378338408981699466914366379590099738,Effusion,llm_review:Suprapatellar bursitis does not independently establish moderate or large intra-articular effusion.,False,"[""Joint effusion and suprapatellar bursitis with suprapatellar and medial plicae""]",UNKNOWN,,0.0,0,REVIEW_REQUIRED
1.2.826.0.1.3680043.8.498.23378338408981699466914366379590099738,Baker's,explicit_subthreshold_or_alternative,False,"[""SMall Baker's cyst"",""Small Baker's cyst with perifocal edema over medial popliteal fossa.""]",NO,0.05,1.0,1,REVIEW_REQUIRED
1.2.826.0.1.3680043.8.498.23378338408981699466914366379590099738,Baker's,llm_review:The cyst is explicitly small and does not meet the moderate or large size criterion.,False,"[""SMall Baker's cyst"",""Small Baker's cyst with perifocal edema over medial popliteal fossa.""]",NO,0.05,1.0,1,REVIEW_REQUIRED
1.2.826.0.1.3680043.8.498.25206096958520407302630747466352252249,Effusion,explicit_subthreshold_or_alternative,False,"[""Αναγνωρίζεται ελάχιστη συλλογή υγρού ενδαρθικά.""]",NO,0.05,1.0,1,REVIEW_REQUIRED
1.2.826.0.1.3680043.8.498.25505153402978560400776672230220616863,Medial OA,anatomy_missing_or_wrong,True,"[""Changements dégénératifs :\nAucune.""]",UNKNOWN,,0.0,0,MASKED_BY_TEXT_REVIEW
1.2.826.0.1.3680043.8.498.25505153402978560400776672230220616863,Medial OA,llm_review:Global negative for degenerative changes; compartments are not individually named.,False,"[""Changements dégénératifs :\nAucune.""]",UNKNOWN,,0.0,0,MASKED_BY_TEXT_REVIEW
1.2.826.0.1.3680043.8.498.25505153402978560400776672230220616863,Medial OA,pilot_text_review_mask,False,"[""Changements dégénératifs :\nAucune.""]",UNKNOWN,,0.0,0,MASKED_BY_TEXT_REVIEW
1.2.826.0.1.3680043.8.498.25505153402978560400776672230220616863,Lateral OA,anatomy_missing_or_wrong,True,"[""Changements dégénératifs :\nAucune.""]",UNKNOWN,,0.0,0,MASKED_BY_TEXT_REVIEW
1.2.826.0.1.3680043.8.498.25505153402978560400776672230220616863,Lateral OA,llm_review:Global negative for degenerative changes; compartments are not individually named.,False,"[""Changements dégénératifs :\nAucune.""]",UNKNOWN,,0.0,0,MASKED_BY_TEXT_REVIEW
1.2.826.0.1.3680043.8.498.25505153402978560400776672230220616863,Lateral OA,pilot_text_review_mask,False,"[""Changements dégénératifs :\nAucune.""]",UNKNOWN,,0.0,0,MASKED_BY_TEXT_REVIEW
1.2.826.0.1.3680043.8.498.25505153402978560400776672230220616863,PF OA,anatomy_missing_or_wrong,True,"[""Changements dégénératifs :\nAucune.""]",UNKNOWN,,0.0,0,MASKED_BY_TEXT_REVIEW
1.2.826.0.1.3680043.8.498.25505153402978560400776672230220616863,PF OA,llm_review:Global negative for degenerative changes; compartments are not individually named.,False,"[""Changements dégénératifs :\nAucune.""]",UNKNOWN,,0.0,0,MASKED_BY_TEXT_REVIEW
1.2.826.0.1.3680043.8.498.25505153402978560400776672230220616863,PF OA,pilot_text_review_mask,False,"[""Changements dégénératifs :\nAucune.""]",UNKNOWN,,0.0,0,MASKED_BY_TEXT_REVIEW
1.2.826.0.1.3680043.8.498.25505153402978560400776672230220616863,Effusion,llm_review:No significant fluid excludes qualifying effusion but does not explicitly exclude trace fluid.,False,"[""Épanchement articulaire : Pas de liquide significatif.""]",NO,0.05,1.0,1,REVIEW_REQUIRED
1.2.826.0.1.3680043.8.498.27656830051511853680197276412365020780,Medial OA,negative_scope_insufficient,False,"[""Medial compartment cartilage: No focal cartilage defects.""]",UNKNOWN,,0.0,0,REVIEW_REQUIRED
1.2.826.0.1.3680043.8.498.27656830051511853680197276412365020780,Medial OA,llm_review:Negative statement is limited to focal cartilage defects; diffuse cartilage loss is not explicitly excluded. Cartilage depth and extent are unspecified.,False,"[""Medial compartment cartilage: No focal cartilage defects.""]",UNKNOWN,,0.0,0,REVIEW_REQUIRED
1.2.826.0.1.3680043.8.498.27656830051511853680197276412365020780,Lateral OA,negative_scope_insufficient,False,"[""Lateral compartment cartilage: No focal cartilage defects.""]",UNKNOWN,,0.0,0,REVIEW_REQUIRED
1.2.826.0.1.3680043.8.498.27656830051511853680197276412365020780,Lateral OA,llm_review:Negative statement is limited to focal cartilage defects; diffuse cartilage loss is not explicitly excluded. Cartilage depth and extent are unspecified.,False,"[""Lateral compartment cartilage: No focal cartilage defects.""]",UNKNOWN,,0.0,0,REVIEW_REQUIRED
1.2.826.0.1.3680043.8.498.27656830051511853680197276412365020780,PF OA,negative_scope_insufficient,False,"[""Patellofemoral compartment cartilage: No focal cartilage defects.""]",UNKNOWN,,0.0,0,REVIEW_REQUIRED
1.2.826.0.1.3680043.8.498.27656830051511853680197276412365020780,PF OA,llm_review:Negative statement is limited to focal cartilage defects; diffuse cartilage loss is not explicitly excluded. Cartilage depth and extent are unspecified.,False,"[""Patellofemoral compartment cartilage: No focal cartilage defects.""]",UNKNOWN,,0.0,0,REVIEW_REQUIRED
1.2.826.0.1.3680043.8.498.27656830051511853680197276412365020780,Contusion,uncertain_report,False,"[""Marrow edema along the peripheral aspect of the medial femoral condyle could represent a very small osseous contusion in the appropriate context."",""Small focus of mild marrow edema along the peripheral aspect of the medial femoral condyle which could represent a healing osseous contusion in the appropriate context.""]",UNKNOWN,0.4,0.25,1,REVIEW_REQUIRED
1.2.826.0.1.3680043.8.498.27656830051511853680197276412365020780,Contusion,"llm_review:Contusion is conditional on an appropriate clinical context; traumatic etiology is uncertain. Healing is suggested, but injury timing is unspecified. Absence of a fracture line at this lesion is not explicitly stated.",False,"[""Marrow edema along the peripheral aspect of the medial femoral condyle could represent a very small osseous contusion in the appropriate context."",""Small focus of mild marrow edema along the peripheral aspect of the medial femoral condyle which could represent a healing osseous contusion in the appropriate context.""]",UNKNOWN,0.4,0.25,1,REVIEW_REQUIRED
