StudyInstanceUID,category,report_hash,report_group_id,language,report_status,evidence,anatomy,severity,extent,temporal_status,facts,llm_meets_criteria,meets_criteria,target,weight,mask,review_reason,source,parse_status
1.2.826.0.1.3680043.8.498.10058298717414171145622092128156266866,ACL,25ed1b3348605063d91c719a951c175cdc4db5cdc05a9748c326dba0145eccd0,86529df67cb83ebbd09baecf3fbd375f38bfcce6534c49d209a475dcb238f87b,el,ABSENT,"[""Χιαστοί και πλάγιοι σύνδεσµοι απεικονίζονται εντός του φυσιολογικού.""]","{""code"":""ACL"",""text"":""Χιαστοί""}","{""grade"":""NONE"",""text"":""εντός του φυσιολογικού""}","""""",UNSPECIFIED,"{""class_absence_supported"":{""value"":true,""evidence"":[""Χιαστοί και πλάγιοι σύνδεσµοι απεικονίζονται εντός του φυσιολογικού.""]},""high_grade_tear"":{""value"":false,""evidence"":[""Χιαστοί και πλάγιοι σύνδεσµοι απεικονίζονται εντός του φυσιολογικού.""]},""low_grade_only"":{""value"":null,""evidence"":[]},""postoperative_only"":{""value"":null,""evidence"":[]}}",NO,NO,0.05,1.0,1,[],L1_REPORT_ONLY,OK
1.2.826.0.1.3680043.8.498.10058298717414171145622092128156266866,MCL,25ed1b3348605063d91c719a951c175cdc4db5cdc05a9748c326dba0145eccd0,86529df67cb83ebbd09baecf3fbd375f38bfcce6534c49d209a475dcb238f87b,el,ABSENT,"[""Χιαστοί και πλάγιοι σύνδεσµοι απεικονίζονται εντός του φυσιολογικού.""]","{""code"":""MCL"",""text"":""πλάγιοι σύνδεσµοι""}","{""grade"":""NONE"",""text"":""εντός του φυσιολογικού""}","""""",UNSPECIFIED,"{""class_absence_supported"":{""value"":true,""evidence"":[""Χιαστοί και πλάγιοι σύνδεσµοι απεικονίζονται εντός του φυσιολογικού.""]},""high_grade_tear"":{""value"":false,""evidence"":[""Χιαστοί και πλάγιοι σύνδεσµοι απεικονίζονται εντός του φυσιολογικού.""]},""acute_injury"":{""value"":null,""evidence"":[]},""low_grade_only"":{""value"":null,""evidence"":[]},""postoperative_only"":{""value"":null,""evidence"":[]}}",NO,NO,0.05,1.0,1,[],L1_REPORT_ONLY,OK
1.2.826.0.1.3680043.8.498.10058298717414171145622092128156266866,Medial Meniscus,25ed1b3348605063d91c719a951c175cdc4db5cdc05a9748c326dba0145eccd0,86529df67cb83ebbd09baecf3fbd375f38bfcce6534c49d209a475dcb238f87b,el,ABSENT,"[""Οι µηνίσκοι δεν παρουσιάζουν παθολογικά ευρήµατα.""]","{""code"":""MEDIAL_MENISCUS"",""text"":""Οι µηνίσκοι""}","{""grade"":""NONE"",""text"":""δεν παρουσιάζουν παθολογικά ευρήµατα""}","""""",UNSPECIFIED,"{""class_absence_supported"":{""value"":true,""evidence"":[""Οι µηνίσκοι δεν παρουσιάζουν παθολογικά ευρήµατα.""]},""definite_meniscal_tear"":{""value"":false,""evidence"":[""Οι µηνίσκοι δεν παρουσιάζουν παθολογικά ευρήµατα.""]},""internal_degeneration_only"":{""value"":null,""evidence"":[]},""postoperative_only"":{""value"":null,""evidence"":[]}}",NO,NO,0.05,1.0,1,[],L1_REPORT_ONLY,OK
1.2.826.0.1.3680043.8.498.10058298717414171145622092128156266866,Lateral Meniscus,25ed1b3348605063d91c719a951c175cdc4db5cdc05a9748c326dba0145eccd0,86529df67cb83ebbd09baecf3fbd375f38bfcce6534c49d209a475dcb238f87b,el,ABSENT,"[""Οι µηνίσκοι δεν παρουσιάζουν παθολογικά ευρήµατα.""]","{""code"":""LATERAL_MENISCUS"",""text"":""Οι µηνίσκοι""}","{""grade"":""NONE"",""text"":""δεν παρουσιάζουν παθολογικά ευρήµατα""}","""""",UNSPECIFIED,"{""class_absence_supported"":{""value"":true,""evidence"":[""Οι µηνίσκοι δεν παρουσιάζουν παθολογικά ευρήµατα.""]},""definite_meniscal_tear"":{""value"":false,""evidence"":[""Οι µηνίσκοι δεν παρουσιάζουν παθολογικά ευρήµατα.""]},""internal_degeneration_only"":{""value"":null,""evidence"":[]},""postoperative_only"":{""value"":null,""evidence"":[]}}",NO,NO,0.05,1.0,1,[],L1_REPORT_ONLY,OK
1.2.826.0.1.3680043.8.498.10058298717414171145622092128156266866,Medial OA,25ed1b3348605063d91c719a951c175cdc4db5cdc05a9748c326dba0145eccd0,86529df67cb83ebbd09baecf3fbd375f38bfcce6534c49d209a475dcb238f87b,el,ABSENT,"[""Ο αρθρικός χόνδρος σε έσω και έξω διαµέρισµα είναι φυσιολογικός.""]","{""code"":""MEDIAL_TIBIOFEMORAL"",""text"":""έσω""}","{""grade"":""NONE"",""text"":""φυσιολογικός""}","""""",UNSPECIFIED,"{""class_absence_supported"":{""value"":true,""evidence"":[""Ο αρθρικός χόνδρος σε έσω και έξω διαµέρισµα είναι φυσιολογικός.""]},""cartilage_loss_gt50pct"":{""value"":false,""evidence"":[""Ο αρθρικός χόνδρος σε έσω και έξω διαµέρισµα είναι φυσιολογικός.""]},""cartilage_extent_ge10mm"":{""value"":false,""evidence"":[""Ο αρθρικός χόνδρος σε έσω και έξω διαµέρισµα είναι φυσιολογικός.""]},""low_grade_only"":{""value"":null,""evidence"":[]}}",NO,NO,0.05,1.0,1,[],L1_REPORT_ONLY,OK
1.2.826.0.1.3680043.8.498.10058298717414171145622092128156266866,Lateral OA,25ed1b3348605063d91c719a951c175cdc4db5cdc05a9748c326dba0145eccd0,86529df67cb83ebbd09baecf3fbd375f38bfcce6534c49d209a475dcb238f87b,el,ABSENT,"[""Ο αρθρικός χόνδρος σε έσω και έξω διαµέρισµα είναι φυσιολογικός.""]","{""code"":""LATERAL_TIBIOFEMORAL"",""text"":""έξω διαµέρισµα""}","{""grade"":""NONE"",""text"":""φυσιολογικός""}","""""",UNSPECIFIED,"{""class_absence_supported"":{""value"":true,""evidence"":[""Ο αρθρικός χόνδρος σε έσω και έξω διαµέρισµα είναι φυσιολογικός.""]},""cartilage_loss_gt50pct"":{""value"":false,""evidence"":[""Ο αρθρικός χόνδρος σε έσω και έξω διαµέρισµα είναι φυσιολογικός.""]},""cartilage_extent_ge10mm"":{""value"":false,""evidence"":[""Ο αρθρικός χόνδρος σε έσω και έξω διαµέρισµα είναι φυσιολογικός.""]},""low_grade_only"":{""value"":null,""evidence"":[]}}",NO,NO,0.05,1.0,1,[],L1_REPORT_ONLY,OK
1.2.826.0.1.3680043.8.498.10058298717414171145622092128156266866,PF OA,25ed1b3348605063d91c719a951c175cdc4db5cdc05a9748c326dba0145eccd0,86529df67cb83ebbd09baecf3fbd375f38bfcce6534c49d209a475dcb238f87b,el,PRESENT,"[""Ευµέγεθες περίπου 1,5cm, οστεοχόνδρινο ξένο σώµα παρατηρείται στο έσω κόλπωµα της αρθρικής κοιλότητας."",""Η βλάβη έχει αποσπαστεί από την έσω µοίρα της µεσότητας της επιγονατίδας η οποία έχει µορφολογία Wiberg II.""]","{""code"":""PATELLOFEMORAL"",""text"":""έσω µοίρα της µεσότητας της επιγονατίδας""}","{""grade"":""UNSPECIFIED"",""text"":""""}","""""",UNSPECIFIED,"{""class_absence_supported"":{""value"":null,""evidence"":[]},""cartilage_loss_gt50pct"":{""value"":null,""evidence"":[]},""cartilage_extent_ge10mm"":{""value"":null,""evidence"":[]},""low_grade_only"":{""value"":null,""evidence"":[]}}",UNKNOWN,UNKNOWN,,0.0,0,"[""criteria_anatomy_severity_extent_or_timing_insufficient"",""llm_review:Degenerative etiology and acute/chronic timing are unspecified."",""llm_review:Patellar osteochondral detachment is described, but cartilage loss depth and donor-site extent are not quantified."",""llm_review:The approximately 1.5 cm measurement belongs to the loose body and cannot establish cartilage defect extent.""]",L1_REPORT_ONLY,OK
1.2.826.0.1.3680043.8.498.10058298717414171145622092128156266866,Effusion,25ed1b3348605063d91c719a951c175cdc4db5cdc05a9748c326dba0145eccd0,86529df67cb83ebbd09baecf3fbd375f38bfcce6534c49d209a475dcb238f87b,el,PRESENT,"[""Μικρό ύδραρθρο σηµειούται στην άρθρωση του γόνατος.""]","{""code"":""KNEE_JOINT"",""text"":""άρθρωση του γόνατος""}","{""grade"":""MILD"",""text"":""Μικρό ύδραρθρο""}","""""",UNSPECIFIED,"{""class_absence_supported"":{""value"":null,""evidence"":[]},""joint_distension"":{""value"":null,""evidence"":[]},""low_grade_only"":{""value"":true,""evidence"":[""Μικρό ύδραρθρο σηµειούται στην άρθρωση του γόνατος.""]}}",NO,NO,0.05,1.0,1,"[""explicit_subthreshold_or_alternative""]",L1_REPORT_ONLY,OK
1.2.826.0.1.3680043.8.498.10058298717414171145622092128156266866,Synovitis,25ed1b3348605063d91c719a951c175cdc4db5cdc05a9748c326dba0145eccd0,86529df67cb83ebbd09baecf3fbd375f38bfcce6534c49d209a475dcb238f87b,el,NOT_MENTIONED,[],"{""code"":""UNKNOWN"",""text"":""""}","{""grade"":""UNSPECIFIED"",""text"":""""}","""""",UNSPECIFIED,"{""class_absence_supported"":{""value"":null,""evidence"":[]},""direct_synovial_evidence"":{""value"":null,""evidence"":[]}}",UNKNOWN,UNKNOWN,,0.0,0,[],L1_REPORT_ONLY,OK
1.2.826.0.1.3680043.8.498.10058298717414171145622092128156266866,Baker's,25ed1b3348605063d91c719a951c175cdc4db5cdc05a9748c326dba0145eccd0,86529df67cb83ebbd09baecf3fbd375f38bfcce6534c49d209a475dcb238f87b,el,NOT_MENTIONED,[],"{""code"":""UNKNOWN"",""text"":""""}","{""grade"":""UNSPECIFIED"",""text"":""""}","""""",UNSPECIFIED,"{""class_absence_supported"":{""value"":null,""evidence"":[]},""typical_baker_location"":{""value"":null,""evidence"":[]},""low_grade_only"":{""value"":null,""evidence"":[]}}",UNKNOWN,UNKNOWN,,0.0,0,[],L1_REPORT_ONLY,OK
1.2.826.0.1.3680043.8.498.10058298717414171145622092128156266866,Contusion,25ed1b3348605063d91c719a951c175cdc4db5cdc05a9748c326dba0145eccd0,86529df67cb83ebbd09baecf3fbd375f38bfcce6534c49d209a475dcb238f87b,el,NOT_MENTIONED,[],"{""code"":""UNKNOWN"",""text"":""""}","{""grade"":""UNSPECIFIED"",""text"":""""}","""""",UNSPECIFIED,"{""class_absence_supported"":{""value"":null,""evidence"":[]},""traumatic_marrow_edema"":{""value"":null,""evidence"":[]},""fracture_line_present"":{""value"":null,""evidence"":[]},""degenerative_only"":{""value"":null,""evidence"":[]}}",UNKNOWN,UNKNOWN,,0.0,0,[],L1_REPORT_ONLY,OK
1.2.826.0.1.3680043.8.498.10058298717414171145622092128156266866,Fracture,25ed1b3348605063d91c719a951c175cdc4db5cdc05a9748c326dba0145eccd0,86529df67cb83ebbd09baecf3fbd375f38bfcce6534c49d209a475dcb238f87b,el,UNCERTAIN,"[""Η βλάβη έχει αποσπαστεί από την έσω µοίρα της µεσότητας της επιγονατίδας η οποία έχει µορφολογία Wiberg II."",""Ξένο σώµα οστεοχόνδρινης σύστασης στο έσω πλάγιο κόλπωµα της άρθρωσης, αποσπασθέν από την επιγονατίδα.""]","{""code"":""BONE"",""text"":""επιγονατίδα""}","{""grade"":""UNSPECIFIED"",""text"":""""}","""""",UNSPECIFIED,"{""class_absence_supported"":{""value"":null,""evidence"":[]},""fracture_line_present"":{""value"":null,""evidence"":[]},""acute_injury"":{""value"":null,""evidence"":[]},""procedure_only"":{""value"":null,""evidence"":[]}}",UNKNOWN,UNKNOWN,,0.0,0,"[""llm_review:An osteochondral fragment detached from the patella is described; an acute fracture diagnosis, fracture line, and injury timing are not specified."",""uncertain_report""]",L1_REPORT_ONLY,OK
1.2.826.0.1.3680043.8.498.10100718559177860518999368876392117659,ACL,e5bd2180650d1e70cb1a86a479f682f3721b0dfd532df9c779762699acc2b8ca,ccc1cde1638d01835466b416da9460cd2ef1d3c949f67d4577e2675429331b7d,en,ABSENT,"[""Anterior cruciate ligament (ACL): Normal with both bundles intact.""]","{""code"":""ACL"",""text"":""Anterior cruciate ligament (ACL)""}","{""grade"":""NONE"",""text"":""Normal with both bundles intact.""}","""""",UNSPECIFIED,"{""class_absence_supported"":{""value"":true,""evidence"":[""Anterior cruciate ligament (ACL): Normal with both bundles intact.""]},""high_grade_tear"":{""value"":false,""evidence"":[""Anterior cruciate ligament (ACL): Normal with both bundles intact.""]},""low_grade_only"":{""value"":null,""evidence"":[]},""postoperative_only"":{""value"":null,""evidence"":[]}}",NO,NO,0.05,1.0,1,[],L1_REPORT_ONLY,OK
1.2.826.0.1.3680043.8.498.10100718559177860518999368876392117659,MCL,e5bd2180650d1e70cb1a86a479f682f3721b0dfd532df9c779762699acc2b8ca,ccc1cde1638d01835466b416da9460cd2ef1d3c949f67d4577e2675429331b7d,en,ABSENT,"[""Medial collateral ligament (MCL): Normal.""]","{""code"":""MCL"",""text"":""Medial collateral ligament (MCL)""}","{""grade"":""NONE"",""text"":""Normal.""}","""""",UNSPECIFIED,"{""class_absence_supported"":{""value"":true,""evidence"":[""Medial collateral ligament (MCL): Normal.""]},""high_grade_tear"":{""value"":false,""evidence"":[""Medial collateral ligament (MCL): Normal.""]},""acute_injury"":{""value"":false,""evidence"":[""Medial collateral ligament (MCL): Normal.""]},""low_grade_only"":{""value"":null,""evidence"":[]},""postoperative_only"":{""value"":null,""evidence"":[]}}",NO,NO,0.05,1.0,1,[],L1_REPORT_ONLY,OK
1.2.826.0.1.3680043.8.498.10100718559177860518999368876392117659,Medial Meniscus,e5bd2180650d1e70cb1a86a479f682f3721b0dfd532df9c779762699acc2b8ca,ccc1cde1638d01835466b416da9460cd2ef1d3c949f67d4577e2675429331b7d,en,ABSENT,"[""Medial meniscus: Normal in morphology and signal."",""No MR evidence for medial meniscal tear.""]","{""code"":""MEDIAL_MENISCUS"",""text"":""Medial meniscus""}","{""grade"":""NONE"",""text"":""Normal in morphology and signal.""}","""""",UNSPECIFIED,"{""class_absence_supported"":{""value"":true,""evidence"":[""Medial meniscus: Normal in morphology and signal."",""No MR evidence for medial meniscal tear.""]},""definite_meniscal_tear"":{""value"":false,""evidence"":[""No MR evidence for medial meniscal tear.""]},""internal_degeneration_only"":{""value"":false,""evidence"":[""Medial meniscus: Normal in morphology and signal.""]},""postoperative_only"":{""value"":null,""evidence"":[]}}",NO,NO,0.05,1.0,1,[],L1_REPORT_ONLY,OK
1.2.826.0.1.3680043.8.498.10100718559177860518999368876392117659,Lateral Meniscus,e5bd2180650d1e70cb1a86a479f682f3721b0dfd532df9c779762699acc2b8ca,ccc1cde1638d01835466b416da9460cd2ef1d3c949f67d4577e2675429331b7d,en,ABSENT,"[""Lateral meniscus: Normal in morphology and signal.""]","{""code"":""LATERAL_MENISCUS"",""text"":""Lateral meniscus""}","{""grade"":""NONE"",""text"":""Normal in morphology and signal.""}","""""",UNSPECIFIED,"{""class_absence_supported"":{""value"":true,""evidence"":[""Lateral meniscus: Normal in morphology and signal.""]},""definite_meniscal_tear"":{""value"":false,""evidence"":[""Lateral meniscus: Normal in morphology and signal.""]},""internal_degeneration_only"":{""value"":false,""evidence"":[""Lateral meniscus: Normal in morphology and signal.""]},""postoperative_only"":{""value"":null,""evidence"":[]}}",NO,NO,0.05,1.0,1,[],L1_REPORT_ONLY,OK
1.2.826.0.1.3680043.8.498.10100718559177860518999368876392117659,Medial OA,e5bd2180650d1e70cb1a86a479f682f3721b0dfd532df9c779762699acc2b8ca,ccc1cde1638d01835466b416da9460cd2ef1d3c949f67d4577e2675429331b7d,en,ABSENT,"[""Medial compartment cartilage: No focal full-thickness cartilage defects.""]","{""code"":""MEDIAL_TIBIOFEMORAL"",""text"":""Medial compartment cartilage""}","{""grade"":""UNSPECIFIED"",""text"":""""}","""""",UNSPECIFIED,"{""class_absence_supported"":{""value"":null,""evidence"":[]},""cartilage_loss_gt50pct"":{""value"":null,""evidence"":[]},""cartilage_extent_ge10mm"":{""value"":null,""evidence"":[]},""low_grade_only"":{""value"":null,""evidence"":[]}}",UNKNOWN,UNKNOWN,,0.0,0,"[""llm_review:The negative excludes only focal full-thickness defects; qualifying partial-thickness cartilage loss is not excluded. Cartilage depth and extent are unspecified."",""negative_scope_insufficient""]",L1_REPORT_ONLY,OK
1.2.826.0.1.3680043.8.498.10100718559177860518999368876392117659,Lateral OA,e5bd2180650d1e70cb1a86a479f682f3721b0dfd532df9c779762699acc2b8ca,ccc1cde1638d01835466b416da9460cd2ef1d3c949f67d4577e2675429331b7d,en,ABSENT,"[""Lateral compartment cartilage: No focal full-thickness cartilage defects.""]","{""code"":""LATERAL_TIBIOFEMORAL"",""text"":""Lateral compartment cartilage""}","{""grade"":""UNSPECIFIED"",""text"":""""}","""""",UNSPECIFIED,"{""class_absence_supported"":{""value"":null,""evidence"":[]},""cartilage_loss_gt50pct"":{""value"":null,""evidence"":[]},""cartilage_extent_ge10mm"":{""value"":null,""evidence"":[]},""low_grade_only"":{""value"":null,""evidence"":[]}}",UNKNOWN,UNKNOWN,,0.0,0,"[""llm_review:The negative excludes only focal full-thickness defects; qualifying partial-thickness cartilage loss is not excluded. Cartilage depth and extent are unspecified."",""negative_scope_insufficient""]",L1_REPORT_ONLY,OK
1.2.826.0.1.3680043.8.498.10100718559177860518999368876392117659,PF OA,e5bd2180650d1e70cb1a86a479f682f3721b0dfd532df9c779762699acc2b8ca,ccc1cde1638d01835466b416da9460cd2ef1d3c949f67d4577e2675429331b7d,en,ABSENT,"[""Patellofemoral compartment cartilage: No focal full-thickness cartilage defects.""]","{""code"":""PATELLOFEMORAL"",""text"":""Patellofemoral compartment cartilage""}","{""grade"":""UNSPECIFIED"",""text"":""""}","""""",UNSPECIFIED,"{""class_absence_supported"":{""value"":null,""evidence"":[]},""cartilage_loss_gt50pct"":{""value"":null,""evidence"":[]},""cartilage_extent_ge10mm"":{""value"":null,""evidence"":[]},""low_grade_only"":{""value"":null,""evidence"":[]}}",UNKNOWN,UNKNOWN,,0.0,0,"[""llm_review:The negative excludes only focal full-thickness defects; qualifying partial-thickness cartilage loss is not excluded. Cartilage depth and extent are unspecified."",""negative_scope_insufficient""]",L1_REPORT_ONLY,OK
1.2.826.0.1.3680043.8.498.10100718559177860518999368876392117659,Effusion,e5bd2180650d1e70cb1a86a479f682f3721b0dfd532df9c779762699acc2b8ca,ccc1cde1638d01835466b416da9460cd2ef1d3c949f67d4577e2675429331b7d,en,ABSENT,"[""Physiologic joint fluid without large volume effusion.""]","{""code"":""KNEE_JOINT"",""text"":""joint fluid""}","{""grade"":""NONE"",""text"":""Physiologic joint fluid without large volume effusion.""}","""""",UNSPECIFIED,"{""class_absence_supported"":{""value"":true,""evidence"":[""Physiologic joint fluid without large volume effusion.""]},""joint_distension"":{""value"":null,""evidence"":[]},""low_grade_only"":{""value"":true,""evidence"":[""Physiologic joint fluid without large volume effusion.""]}}",NO,NO,0.05,1.0,1,[],L1_REPORT_ONLY,OK
1.2.826.0.1.3680043.8.498.10100718559177860518999368876392117659,Synovitis,e5bd2180650d1e70cb1a86a479f682f3721b0dfd532df9c779762699acc2b8ca,ccc1cde1638d01835466b416da9460cd2ef1d3c949f67d4577e2675429331b7d,en,NOT_MENTIONED,[],"{""code"":""UNKNOWN"",""text"":""""}","{""grade"":""UNSPECIFIED"",""text"":""""}","""""",UNSPECIFIED,"{""class_absence_supported"":{""value"":null,""evidence"":[]},""direct_synovial_evidence"":{""value"":null,""evidence"":[]}}",UNKNOWN,UNKNOWN,,0.0,0,[],L1_REPORT_ONLY,OK
1.2.826.0.1.3680043.8.498.10100718559177860518999368876392117659,Baker's,e5bd2180650d1e70cb1a86a479f682f3721b0dfd532df9c779762699acc2b8ca,ccc1cde1638d01835466b416da9460cd2ef1d3c949f67d4577e2675429331b7d,en,ABSENT,"[""No Baker's cyst.""]","{""code"":""POSTEROMEDIAL_POPLITEAL"",""text"":""Baker's cyst""}","{""grade"":""NONE"",""text"":""No Baker's cyst.""}","""""",UNSPECIFIED,"{""class_absence_supported"":{""value"":true,""evidence"":[""No Baker's cyst.""]},""typical_baker_location"":{""value"":null,""evidence"":[]},""low_grade_only"":{""value"":null,""evidence"":[]}}",NO,NO,0.05,1.0,1,[],L1_REPORT_ONLY,OK
1.2.826.0.1.3680043.8.498.10100718559177860518999368876392117659,Contusion,e5bd2180650d1e70cb1a86a479f682f3721b0dfd532df9c779762699acc2b8ca,ccc1cde1638d01835466b416da9460cd2ef1d3c949f67d4577e2675429331b7d,en,ABSENT,"[""No acute fracture or bone bruise."",""Background marrow signal is normal without infiltrative marrow process.""]","{""code"":""BONE"",""text"":""bone""}","{""grade"":""NONE"",""text"":""No acute fracture or bone bruise.""}","""""",UNSPECIFIED,"{""class_absence_supported"":{""value"":true,""evidence"":[""No acute fracture or bone bruise."",""Background marrow signal is normal without infiltrative marrow process.""]},""traumatic_marrow_edema"":{""value"":false,""evidence"":[""No acute fracture or bone bruise."",""Background marrow signal is normal without infiltrative marrow process.""]},""fracture_line_present"":{""value"":null,""evidence"":[]},""degenerative_only"":{""value"":null,""evidence"":[]}}",NO,NO,0.05,1.0,1,[],L1_REPORT_ONLY,OK
1.2.826.0.1.3680043.8.498.10100718559177860518999368876392117659,Fracture,e5bd2180650d1e70cb1a86a479f682f3721b0dfd532df9c779762699acc2b8ca,ccc1cde1638d01835466b416da9460cd2ef1d3c949f67d4577e2675429331b7d,en,ABSENT,"[""No acute fracture or bone bruise.""]","{""code"":""BONE"",""text"":""OSSEOUS STRUCTURES""}","{""grade"":""NONE"",""text"":""No acute fracture or bone bruise.""}","""""",UNSPECIFIED,"{""class_absence_supported"":{""value"":true,""evidence"":[""No acute fracture or bone bruise.""]},""fracture_line_present"":{""value"":null,""evidence"":[]},""acute_injury"":{""value"":false,""evidence"":[""No acute fracture or bone bruise.""]},""procedure_only"":{""value"":null,""evidence"":[]}}",NO,NO,0.05,1.0,1,[],L1_REPORT_ONLY,OK
1.2.826.0.1.3680043.8.498.10135587809070718435691939321937314104,ACL,b4c9a24299709da16ef9205bb296bcaea08528d8e69ee9e8e20cebb11cbe977f,6c24b51f9d0929c32bc6d09126666f39682565bc81e9223b6f84b9be180f56c4,es,ABSENT,"[""Ligamentos conservados y colaterales de grosor y señal conservados.""]","{""code"":""ACL"",""text"":""Ligamentos""}","{""grade"":""NONE"",""text"":""conservados""}","""""",UNSPECIFIED,"{""class_absence_supported"":{""value"":true,""evidence"":[""Ligamentos conservados y colaterales de grosor y señal conservados.""]},""high_grade_tear"":{""value"":false,""evidence"":[""Ligamentos conservados y colaterales de grosor y señal conservados.""]},""low_grade_only"":{""value"":null,""evidence"":[]},""postoperative_only"":{""value"":null,""evidence"":[]}}",NO,NO,0.05,1.0,1,"[""llm_review:ACL covered by a general statement of preserved ligaments; not individually named.""]",L1_REPORT_ONLY,OK
1.2.826.0.1.3680043.8.498.10135587809070718435691939321937314104,MCL,b4c9a24299709da16ef9205bb296bcaea08528d8e69ee9e8e20cebb11cbe977f,6c24b51f9d0929c32bc6d09126666f39682565bc81e9223b6f84b9be180f56c4,es,ABSENT,"[""Ligamentos conservados y colaterales de grosor y señal conservados.""]","{""code"":""MCL"",""text"":""colaterales""}","{""grade"":""NONE"",""text"":""de grosor y señal conservados""}","""""",UNSPECIFIED,"{""class_absence_supported"":{""value"":true,""evidence"":[""Ligamentos conservados y colaterales de grosor y señal conservados.""]},""high_grade_tear"":{""value"":false,""evidence"":[""Ligamentos conservados y colaterales de grosor y señal conservados.""]},""acute_injury"":{""value"":null,""evidence"":[]},""low_grade_only"":{""value"":null,""evidence"":[]},""postoperative_only"":{""value"":null,""evidence"":[]}}",NO,NO,0.05,1.0,1,[],L1_REPORT_ONLY,OK
1.2.826.0.1.3680043.8.498.10135587809070718435691939321937314104,Medial Meniscus,b4c9a24299709da16ef9205bb296bcaea08528d8e69ee9e8e20cebb11cbe977f,6c24b51f9d0929c32bc6d09126666f39682565bc81e9223b6f84b9be180f56c4,es,PRESENT,"[""Moderada extrusión del menisco medial, con rotura radial de los dos tercios internos del cuerno\nposterior."",""Rotura compleja de la región corporal, con fibrilación del borde libre, un componente\nvertical oblicuo y otro horizontal, que determina desplazamiento de tejido meniscal al receso\nmenisco tibial."",""Rotura radial prácticamente completa del cuerno posterior del menisco medial""]","{""code"":""MEDIAL_MENISCUS"",""text"":""menisco medial""}","{""grade"":""UNSPECIFIED"",""text"":""""}","""los dos tercios internos del cuerno\nposterior""",UNSPECIFIED,"{""class_absence_supported"":{""value"":null,""evidence"":[]},""definite_meniscal_tear"":{""value"":true,""evidence"":[""Rotura radial prácticamente completa del cuerno posterior del menisco medial""]},""internal_degeneration_only"":{""value"":false,""evidence"":[""Rotura radial prácticamente completa del cuerno posterior del menisco medial""]},""postoperative_only"":{""value"":null,""evidence"":[]}}",YES,YES,0.95,1.0,1,"[""history_or_postoperative_scope_review""]",L1_REPORT_ONLY,OK
1.2.826.0.1.3680043.8.498.10135587809070718435691939321937314104,Lateral Meniscus,b4c9a24299709da16ef9205bb296bcaea08528d8e69ee9e8e20cebb11cbe977f,6c24b51f9d0929c32bc6d09126666f39682565bc81e9223b6f84b9be180f56c4,es,PRESENT,"[""El menisco lateral presenta fibrilación difusa de su borde libre, con alteración de señal\nintrasustancia del cuerno anterior de carácter degenerativo."",""Cambios degenerativos del menisco lateral, con fibrilación difusa del borde libre.""]","{""code"":""LATERAL_MENISCUS"",""text"":""menisco lateral""}","{""grade"":""UNSPECIFIED"",""text"":""""}","""fibrilación difusa de su borde libre""",CURRENT_CHRONIC,"{""class_absence_supported"":{""value"":null,""evidence"":[]},""definite_meniscal_tear"":{""value"":null,""evidence"":[]},""internal_degeneration_only"":{""value"":true,""evidence"":[""Cambios degenerativos del menisco lateral, con fibrilación difusa del borde libre.""]},""postoperative_only"":{""value"":null,""evidence"":[]}}",NO,NO,0.05,1.0,1,"[""explicit_subthreshold_or_alternative"",""llm_review:Degenerative intrasubstance signal and free-edge fibrillation; no definite tear diagnosis.""]",L1_REPORT_ONLY,OK
1.2.826.0.1.3680043.8.498.10135587809070718435691939321937314104,Medial OA,b4c9a24299709da16ef9205bb296bcaea08528d8e69ee9e8e20cebb11cbe977f,6c24b51f9d0929c32bc6d09126666f39682565bc81e9223b6f84b9be180f56c4,es,PRESENT,"[""Adelgazamiento condral difuso de espesor total de la región anterior y central de carga del\ncompartimento femorotibial medial."",""Condropatía femorotibial medial difusa grado 4, con edema óseo regional sugerente de\nfenómenos de sobrecarga.""]","{""code"":""MEDIAL_TIBIOFEMORAL"",""text"":""compartimento femorotibial medial""}","{""grade"":""UNSPECIFIED"",""text"":""grado 4""}","""difuso de espesor total de la región anterior y central de carga""",CURRENT_CHRONIC,"{""class_absence_supported"":{""value"":null,""evidence"":[]},""cartilage_loss_gt50pct"":{""value"":true,""evidence"":[""Adelgazamiento condral difuso de espesor total de la región anterior y central de carga del\ncompartimento femorotibial medial.""]},""cartilage_extent_ge10mm"":{""value"":null,""evidence"":[]},""low_grade_only"":{""value"":false,""evidence"":[""Adelgazamiento condral difuso de espesor total de la región anterior y central de carga del\ncompartimento femorotibial medial.""]}}",UNKNOWN,UNKNOWN,0.9,0.25,1,"[""criteria_anatomy_severity_extent_or_timing_insufficient"",""llm_review:Diffuse full-thickness loss is described, but its extent is not quantified against the approximately 10 mm threshold.""]",L1_REPORT_ONLY,OK
1.2.826.0.1.3680043.8.498.10135587809070718435691939321937314104,Lateral OA,b4c9a24299709da16ef9205bb296bcaea08528d8e69ee9e8e20cebb11cbe977f,6c24b51f9d0929c32bc6d09126666f39682565bc81e9223b6f84b9be180f56c4,es,PRESENT,"[""Irregularidad superficial difusa del cartílago del compartimento femorotibial lateral."",""Condropatía femorotibial lateral grado 2.""]","{""code"":""LATERAL_TIBIOFEMORAL"",""text"":""compartimento femorotibial lateral""}","{""grade"":""UNSPECIFIED"",""text"":""grado 2""}","""Irregularidad superficial difusa""",CURRENT_CHRONIC,"{""class_absence_supported"":{""value"":null,""evidence"":[]},""cartilage_loss_gt50pct"":{""value"":false,""evidence"":[""Irregularidad superficial difusa del cartílago del compartimento femorotibial lateral.""]},""cartilage_extent_ge10mm"":{""value"":null,""evidence"":[]},""low_grade_only"":{""value"":true,""evidence"":[""Irregularidad superficial difusa del cartílago del compartimento femorotibial lateral.""]}}",NO,NO,0.05,1.0,1,"[""explicit_subthreshold_or_alternative"",""llm_review:Only superficial cartilage irregularity is described; grading convention and measured extent are unspecified.""]",L1_REPORT_ONLY,OK
1.2.826.0.1.3680043.8.498.10135587809070718435691939321937314104,PF OA,b4c9a24299709da16ef9205bb296bcaea08528d8e69ee9e8e20cebb11cbe977f,6c24b51f9d0929c32bc6d09126666f39682565bc81e9223b6f84b9be180f56c4,es,PRESENT,"[""Moderado adelgazamiento condral con úlceras de espesor total en la región central y faceta\nmedial de la patela."",""Irregularidad superficial difusa del cartílago troclear, con adelgazamiento de\nespesor moderado en la vertiente medial."",""Condropatía patelar grado 3-4 y troclear grado 2-3.""]","{""code"":""PATELLOFEMORAL"",""text"":""región central y faceta\nmedial de la patela""}","{""grade"":""MODERATE"",""text"":""Moderado adelgazamiento condral""}","""región central y faceta\nmedial de la patela""",CURRENT_CHRONIC,"{""class_absence_supported"":{""value"":null,""evidence"":[]},""cartilage_loss_gt50pct"":{""value"":true,""evidence"":[""Moderado adelgazamiento condral con úlceras de espesor total en la región central y faceta\nmedial de la patela.""]},""cartilage_extent_ge10mm"":{""value"":null,""evidence"":[]},""low_grade_only"":{""value"":false,""evidence"":[""Moderado adelgazamiento condral con úlceras de espesor total en la región central y faceta\nmedial de la patela.""]}}",UNKNOWN,UNKNOWN,0.65,0.25,1,"[""criteria_anatomy_severity_extent_or_timing_insufficient"",""llm_review:Full-thickness patellar ulcers are present, but their extent is not quantified.""]",L1_REPORT_ONLY,OK
1.2.826.0.1.3680043.8.498.10135587809070718435691939321937314104,Effusion,b4c9a24299709da16ef9205bb296bcaea08528d8e69ee9e8e20cebb11cbe977f,6c24b51f9d0929c32bc6d09126666f39682565bc81e9223b6f84b9be180f56c4,es,PRESENT,"[""Leve a moderado derrame articular""]","{""code"":""KNEE_JOINT"",""text"":""articular""}","{""grade"":""UNSPECIFIED"",""text"":""Leve a moderado""}","""""",UNSPECIFIED,"{""class_absence_supported"":{""value"":null,""evidence"":[]},""joint_distension"":{""value"":null,""evidence"":[]},""low_grade_only"":{""value"":null,""evidence"":[]}}",UNKNOWN,UNKNOWN,0.45,0.25,1,"[""criteria_anatomy_severity_extent_or_timing_insufficient"",""llm_review:Severity spans mild to moderate; joint distension is not described.""]",L1_REPORT_ONLY,OK
1.2.826.0.1.3680043.8.498.10135587809070718435691939321937314104,Synovitis,b4c9a24299709da16ef9205bb296bcaea08528d8e69ee9e8e20cebb11cbe977f,6c24b51f9d0929c32bc6d09126666f39682565bc81e9223b6f84b9be180f56c4,es,PRESENT,"[""leve engrosamiento sinovial difuso"",""leve sinovitis difusa""]","{""code"":""KNEE_SYNOVIUM"",""text"":""sinovial""}","{""grade"":""MILD"",""text"":""leve""}","""leve sinovitis difusa""",UNSPECIFIED,"{""class_absence_supported"":{""value"":null,""evidence"":[]},""direct_synovial_evidence"":{""value"":true,""evidence"":[""leve engrosamiento sinovial difuso"",""leve sinovitis difusa""]}}",YES,YES,0.95,1.0,1,[],L1_REPORT_ONLY,OK
1.2.826.0.1.3680043.8.498.10135587809070718435691939321937314104,Baker's,b4c9a24299709da16ef9205bb296bcaea08528d8e69ee9e8e20cebb11cbe977f,6c24b51f9d0929c32bc6d09126666f39682565bc81e9223b6f84b9be180f56c4,es,ABSENT,"[""No hay quistes\npoplíteos.""]","{""code"":""POSTEROMEDIAL_POPLITEAL"",""text"":""poplíteos""}","{""grade"":""NONE"",""text"":""No hay quistes\npoplíteos.""}","""""",UNSPECIFIED,"{""class_absence_supported"":{""value"":true,""evidence"":[""No hay quistes\npoplíteos.""]},""typical_baker_location"":{""value"":null,""evidence"":[]},""low_grade_only"":{""value"":null,""evidence"":[]}}",NO,NO,0.05,1.0,1,[],L1_REPORT_ONLY,OK
1.2.826.0.1.3680043.8.498.10135587809070718435691939321937314104,Contusion,b4c9a24299709da16ef9205bb296bcaea08528d8e69ee9e8e20cebb11cbe977f,6c24b51f9d0929c32bc6d09126666f39682565bc81e9223b6f84b9be180f56c4,es,PRESENT,"[""moderado edema óseo regional de ambas\nsuperficies, con esclerosis subcondral y osteofitos marginales."",""Condropatía femorotibial medial difusa grado 4, con edema óseo regional sugerente de\nfenómenos de sobrecarga.""]","{""code"":""BONE"",""text"":""ambas\nsuperficies""}","{""grade"":""MODERATE"",""text"":""moderado edema óseo regional""}","""ambas\nsuperficies""",CURRENT_CHRONIC,"{""class_absence_supported"":{""value"":null,""evidence"":[]},""traumatic_marrow_edema"":{""value"":null,""evidence"":[]},""fracture_line_present"":{""value"":null,""evidence"":[]},""degenerative_only"":{""value"":true,""evidence"":[""Condropatía femorotibial medial difusa grado 4, con edema óseo regional sugerente de\nfenómenos de sobrecarga.""]}}",NO,NO,0.05,1.0,1,"[""explicit_subthreshold_or_alternative"",""llm_review:The reported marrow edema accompanies degenerative chondropathy and is attributed to overload; no traumatic contusion diagnosis or lesion-specific fracture-line assessment is provided.""]",L1_REPORT_ONLY,OK
1.2.826.0.1.3680043.8.498.10135587809070718435691939321937314104,Fracture,b4c9a24299709da16ef9205bb296bcaea08528d8e69ee9e8e20cebb11cbe977f,6c24b51f9d0929c32bc6d09126666f39682565bc81e9223b6f84b9be180f56c4,es,NOT_MENTIONED,[],"{""code"":""UNKNOWN"",""text"":""""}","{""grade"":""UNSPECIFIED"",""text"":""""}","""""",UNSPECIFIED,"{""class_absence_supported"":{""value"":null,""evidence"":[]},""fracture_line_present"":{""value"":null,""evidence"":[]},""acute_injury"":{""value"":null,""evidence"":[]},""procedure_only"":{""value"":null,""evidence"":[]}}",UNKNOWN,UNKNOWN,,0.0,0,[],L1_REPORT_ONLY,OK
1.2.826.0.1.3680043.8.498.10147180484860577398303524379319212586,ACL,11cb3bba6623f22527640f68aad4a63e38db100063015bf3b756597f82daee6c,874773f768533d8554620c0629f47a1bca8c0c566b633328def032f754f44d4d,tr,PRESENT,"[""Anterior çapraz bağda mukoid dejenerasyona sekonder diffüz kalınlaşma ve sinyal artışı izlenmiştir.""]","{""code"":""ACL"",""text"":""Anterior çapraz bağda""}","{""grade"":""UNSPECIFIED"",""text"":""""}","""diffüz kalınlaşma ve sinyal artışı""",UNSPECIFIED,"{""class_absence_supported"":{""value"":null,""evidence"":[]},""high_grade_tear"":{""value"":null,""evidence"":[]},""low_grade_only"":{""value"":true,""evidence"":[""Anterior çapraz bağda mukoid dejenerasyona sekonder diffüz kalınlaşma ve sinyal artışı izlenmiştir.""]},""postoperative_only"":{""value"":null,""evidence"":[]}}",NO,NO,0.05,1.0,1,"[""explicit_subthreshold_or_alternative"",""llm_review:Mucoid degeneration is subthreshold; no definite high-grade tear is described."",""llm_review:Timing is unspecified.""]",L1_REPORT_ONLY,OK
1.2.826.0.1.3680043.8.498.10147180484860577398303524379319212586,MCL,11cb3bba6623f22527640f68aad4a63e38db100063015bf3b756597f82daee6c,874773f768533d8554620c0629f47a1bca8c0c566b633328def032f754f44d4d,tr,PRESENT,"[""Medial kollateral ligamende periligamentöz ödem izlenmiştir."",""Medial kollateral ligamande grade I sprain.""]","{""code"":""MCL"",""text"":""Medial kollateral ligamande""}","{""grade"":""MILD"",""text"":""grade I sprain""}","""""",UNSPECIFIED,"{""class_absence_supported"":{""value"":null,""evidence"":[]},""high_grade_tear"":{""value"":null,""evidence"":[]},""acute_injury"":{""value"":null,""evidence"":[]},""low_grade_only"":{""value"":true,""evidence"":[""Medial kollateral ligamande grade I sprain.""]},""postoperative_only"":{""value"":null,""evidence"":[]}}",NO,NO,0.05,1.0,1,"[""explicit_subthreshold_or_alternative"",""llm_review:Acute timing is not explicitly established."",""llm_review:Grade I sprain is subthreshold."",""timing_or_trauma_review""]",L1_REPORT_ONLY,OK
1.2.826.0.1.3680043.8.498.10147180484860577398303524379319212586,Medial Meniscus,11cb3bba6623f22527640f68aad4a63e38db100063015bf3b756597f82daee6c,874773f768533d8554620c0629f47a1bca8c0c566b633328def032f754f44d4d,tr,PRESENT,"[""Medial menisküs diz ekleminde 3.5 mm mediale ekstrüdedir."",""Menisküste volüm kaybı, posterior horn ve gövde kesimde grade III dejenerasyon izlenmiştir."",""Medial menisküste volüm kaybı, medial ekstrüzyon ve grade III meniskopatiler.""]","{""code"":""MEDIAL_MENISCUS"",""text"":""Medial menisküs""}","{""grade"":""UNSPECIFIED"",""text"":""grade III dejenerasyon""}","""posterior horn ve gövde kesimde""",UNSPECIFIED,"{""class_absence_supported"":{""value"":null,""evidence"":[]},""definite_meniscal_tear"":{""value"":null,""evidence"":[]},""internal_degeneration_only"":{""value"":null,""evidence"":[]},""postoperative_only"":{""value"":null,""evidence"":[]}}",UNKNOWN,UNKNOWN,,0.0,0,"[""criteria_anatomy_severity_extent_or_timing_insufficient"",""history_or_postoperative_scope_review"",""llm_review:Grade III degeneration/meniscopathy is reported without an explicit tear diagnosis or defined grading convention."",""llm_review:Timing is unspecified."",""llm_review:Volume loss and extrusion do not independently establish a tear.""]",L1_REPORT_ONLY,OK
1.2.826.0.1.3680043.8.498.10147180484860577398303524379319212586,Lateral Meniscus,11cb3bba6623f22527640f68aad4a63e38db100063015bf3b756597f82daee6c,874773f768533d8554620c0629f47a1bca8c0c566b633328def032f754f44d4d,tr,PRESENT,"[""Lateral menisküs anterior hornu ve gövde kesimde grade II dejenerasyon izlenmiştir."",""Lateral menisküste grade II meniskopati.""]","{""code"":""LATERAL_MENISCUS"",""text"":""Lateral menisküs""}","{""grade"":""UNSPECIFIED"",""text"":""grade II dejenerasyon""}","""anterior hornu ve gövde kesimde""",UNSPECIFIED,"{""class_absence_supported"":{""value"":null,""evidence"":[]},""definite_meniscal_tear"":{""value"":null,""evidence"":[]},""internal_degeneration_only"":{""value"":true,""evidence"":[""Lateral menisküs anterior hornu ve gövde kesimde grade II dejenerasyon izlenmiştir.""]},""postoperative_only"":{""value"":null,""evidence"":[]}}",NO,NO,0.05,1.0,1,"[""explicit_subthreshold_or_alternative"",""llm_review:Grade II degeneration is subthreshold; no definite tear diagnosis is reported."",""llm_review:Timing is unspecified.""]",L1_REPORT_ONLY,OK
1.2.826.0.1.3680043.8.498.10147180484860577398303524379319212586,Medial OA,11cb3bba6623f22527640f68aad4a63e38db100063015bf3b756597f82daee6c,874773f768533d8554620c0629f47a1bca8c0c566b633328def032f754f44d4d,tr,PRESENT,"[""Tibiofemoral eklem medialde eklem aralığında daralma, ekleme komşu femur medial kondilde subkondral milimetrik kistler ve ödem izlenmiştir."",""Bu düzeyde femoral ve tibial kartilajda incelme ve destrüksiyon izlenmiştir."",""bulgular dejeneratif artrit lehine yorumlandı.""]","{""code"":""MEDIAL_TIBIOFEMORAL"",""text"":""Tibiofemoral eklem medialde""}","{""grade"":""UNSPECIFIED"",""text"":""femoral ve tibial kartilajda incelme ve destrüksiyon""}","""""",CURRENT_CHRONIC,"{""class_absence_supported"":{""value"":null,""evidence"":[]},""cartilage_loss_gt50pct"":{""value"":null,""evidence"":[]},""cartilage_extent_ge10mm"":{""value"":null,""evidence"":[]},""low_grade_only"":{""value"":null,""evidence"":[]}}",UNKNOWN,UNKNOWN,,0.0,0,"[""criteria_anatomy_severity_extent_or_timing_insufficient"",""llm_review:Medial cartilage thinning and destruction are reported, but percentage thickness loss and cartilage lesion extent are unspecified."",""llm_review:Millimetric measurements refer to subchondral cysts, not cartilage loss extent.""]",L1_REPORT_ONLY,OK
1.2.826.0.1.3680043.8.498.10147180484860577398303524379319212586,Lateral OA,11cb3bba6623f22527640f68aad4a63e38db100063015bf3b756597f82daee6c,874773f768533d8554620c0629f47a1bca8c0c566b633328def032f754f44d4d,tr,PRESENT,"[""Diz eklemini oluşturan her üç kompartmanda santral-marjinal osteofit formasyonu izlenmiştir."",""Gonartroz""]","{""code"":""LATERAL_TIBIOFEMORAL"",""text"":""her üç kompartmanda""}","{""grade"":""UNSPECIFIED"",""text"":""""}","""""",CURRENT_CHRONIC,"{""class_absence_supported"":{""value"":null,""evidence"":[]},""cartilage_loss_gt50pct"":{""value"":null,""evidence"":[]},""cartilage_extent_ge10mm"":{""value"":null,""evidence"":[]},""low_grade_only"":{""value"":null,""evidence"":[]}}",UNKNOWN,UNKNOWN,,0.0,0,"[""criteria_anatomy_severity_extent_or_timing_insufficient"",""llm_review:Tricompartmental osteophytes support lateral degenerative disease, but lateral cartilage loss depth and extent are not reported.""]",L1_REPORT_ONLY,OK
1.2.826.0.1.3680043.8.498.10147180484860577398303524379319212586,PF OA,11cb3bba6623f22527640f68aad4a63e38db100063015bf3b756597f82daee6c,874773f768533d8554620c0629f47a1bca8c0c566b633328def032f754f44d4d,tr,PRESENT,"[""Diz eklemini oluşturan her üç kompartmanda santral-marjinal osteofit formasyonu izlenmiştir."",""Gonartroz""]","{""code"":""PATELLOFEMORAL"",""text"":""her üç kompartmanda""}","{""grade"":""UNSPECIFIED"",""text"":""""}","""""",CURRENT_CHRONIC,"{""class_absence_supported"":{""value"":null,""evidence"":[]},""cartilage_loss_gt50pct"":{""value"":null,""evidence"":[]},""cartilage_extent_ge10mm"":{""value"":null,""evidence"":[]},""low_grade_only"":{""value"":null,""evidence"":[]}}",UNKNOWN,UNKNOWN,,0.0,0,"[""criteria_anatomy_severity_extent_or_timing_insufficient"",""llm_review:Tricompartmental osteophytes support patellofemoral degenerative disease, but patellofemoral cartilage loss depth and extent are not reported.""]",L1_REPORT_ONLY,OK
1.2.826.0.1.3680043.8.498.10147180484860577398303524379319212586,Effusion,11cb3bba6623f22527640f68aad4a63e38db100063015bf3b756597f82daee6c,874773f768533d8554620c0629f47a1bca8c0c566b633328def032f754f44d4d,tr,PRESENT,"[""Suprapatellar bursa ve diz eklem mesafesinde sıvı artışı izlenmektedir.""]","{""code"":""KNEE_JOINT"",""text"":""diz eklem mesafesinde""}","{""grade"":""UNSPECIFIED"",""text"":""""}","""""",UNSPECIFIED,"{""class_absence_supported"":{""value"":null,""evidence"":[]},""joint_distension"":{""value"":null,""evidence"":[]},""low_grade_only"":{""value"":null,""evidence"":[]}}",UNKNOWN,UNKNOWN,,0.0,0,"[""criteria_anatomy_severity_extent_or_timing_insufficient"",""llm_review:Intra-articular fluid is increased, but volume severity and joint distension are unspecified."",""llm_review:Timing is unspecified.""]",L1_REPORT_ONLY,OK
1.2.826.0.1.3680043.8.498.10147180484860577398303524379319212586,Synovitis,11cb3bba6623f22527640f68aad4a63e38db100063015bf3b756597f82daee6c,874773f768533d8554620c0629f47a1bca8c0c566b633328def032f754f44d4d,tr,PRESENT,"[""diz ekleminde sinovit""]","{""code"":""KNEE_SYNOVIUM"",""text"":""diz ekleminde sinovit""}","{""grade"":""UNSPECIFIED"",""text"":""""}","""""",UNSPECIFIED,"{""class_absence_supported"":{""value"":null,""evidence"":[]},""direct_synovial_evidence"":{""value"":true,""evidence"":[""diz ekleminde sinovit""]}}",YES,YES,0.95,1.0,1,"[""llm_review:Severity and timing are unspecified.""]",L1_REPORT_ONLY,OK
1.2.826.0.1.3680043.8.498.10147180484860577398303524379319212586,Baker's,11cb3bba6623f22527640f68aad4a63e38db100063015bf3b756597f82daee6c,874773f768533d8554620c0629f47a1bca8c0c566b633328def032f754f44d4d,tr,NOT_MENTIONED,[],"{""code"":""UNKNOWN"",""text"":""""}","{""grade"":""UNSPECIFIED"",""text"":""""}","""""",UNSPECIFIED,"{""class_absence_supported"":{""value"":null,""evidence"":[]},""typical_baker_location"":{""value"":null,""evidence"":[]},""low_grade_only"":{""value"":null,""evidence"":[]}}",UNKNOWN,UNKNOWN,,0.0,0,[],L1_REPORT_ONLY,OK
1.2.826.0.1.3680043.8.498.10147180484860577398303524379319212586,Contusion,11cb3bba6623f22527640f68aad4a63e38db100063015bf3b756597f82daee6c,874773f768533d8554620c0629f47a1bca8c0c566b633328def032f754f44d4d,tr,UNCERTAIN,"[""Tibia interkondiler eminens anterior çapraz bağ yapışma düzeyinde medüller kemik iliğinde ödem ile uyumlu sinyal değişikliği izlenmiştir."",""Tibiofemoral eklem medialde eklem aralığında daralma, ekleme komşu femur medial kondilde subkondral milimetrik kistler ve ödem izlenmiştir."",""bulgular dejeneratif artrit lehine yorumlandı.""]","{""code"":""BONE"",""text"":""Tibia interkondiler eminens anterior çapraz bağ yapışma düzeyinde""}","{""grade"":""UNSPECIFIED"",""text"":""""}","""""",UNSPECIFIED,"{""class_absence_supported"":{""value"":null,""evidence"":[]},""traumatic_marrow_edema"":{""value"":null,""evidence"":[]},""fracture_line_present"":{""value"":null,""evidence"":[]},""degenerative_only"":{""value"":null,""evidence"":[]}}",UNKNOWN,UNKNOWN,,0.0,0,"[""llm_review:Medial femoral subchondral edema accompanies degenerative arthritis; the cause of tibial edema is unspecified."",""llm_review:Tibial marrow edema is reported without a traumatic attribution or explicit exclusion of a fracture line."",""llm_review:Timing is unspecified."",""uncertain_report""]",L1_REPORT_ONLY,OK
1.2.826.0.1.3680043.8.498.10147180484860577398303524379319212586,Fracture,11cb3bba6623f22527640f68aad4a63e38db100063015bf3b756597f82daee6c,874773f768533d8554620c0629f47a1bca8c0c566b633328def032f754f44d4d,tr,NOT_MENTIONED,[],"{""code"":""UNKNOWN"",""text"":""""}","{""grade"":""UNSPECIFIED"",""text"":""""}","""""",UNSPECIFIED,"{""class_absence_supported"":{""value"":null,""evidence"":[]},""fracture_line_present"":{""value"":null,""evidence"":[]},""acute_injury"":{""value"":null,""evidence"":[]},""procedure_only"":{""value"":null,""evidence"":[]}}",UNKNOWN,UNKNOWN,,0.0,0,[],L1_REPORT_ONLY,OK
1.2.826.0.1.3680043.8.498.10147717839726734017869499799005084725,ACL,feaf0dc659ea1f01a840fb484a5808369937b3078aed1dcb415b27da396d7ca8,0fe41dbfe81ed30dd8b8a23282243f0a133612a6235ef1eb4dea63156b7be5f8,tr,ABSENT,"[""Çapraz bağlar normal.""]","{""code"":""ACL"",""text"":""Çapraz bağlar""}","{""grade"":""NONE"",""text"":""normal""}","""""",UNSPECIFIED,"{""class_absence_supported"":{""value"":true,""evidence"":[""Çapraz bağlar normal.""]},""high_grade_tear"":{""value"":false,""evidence"":[""Çapraz bağlar normal.""]},""low_grade_only"":{""value"":null,""evidence"":[]},""postoperative_only"":{""value"":null,""evidence"":[]}}",NO,NO,0.05,1.0,1,[],L1_REPORT_ONLY,OK
1.2.826.0.1.3680043.8.498.10147717839726734017869499799005084725,MCL,feaf0dc659ea1f01a840fb484a5808369937b3078aed1dcb415b27da396d7ca8,0fe41dbfe81ed30dd8b8a23282243f0a133612a6235ef1eb4dea63156b7be5f8,tr,UNCERTAIN,"[""İç yan bağın femoral tarafındaki hafif kalınlaşma eski zedelenme sekeli olabilir.""]","{""code"":""MCL"",""text"":""İç yan bağın femoral tarafındaki""}","{""grade"":""MILD"",""text"":""hafif kalınlaşma""}","""""",CURRENT_CHRONIC,"{""class_absence_supported"":{""value"":null,""evidence"":[]},""high_grade_tear"":{""value"":null,""evidence"":[]},""acute_injury"":{""value"":null,""evidence"":[]},""low_grade_only"":{""value"":null,""evidence"":[]},""postoperative_only"":{""value"":null,""evidence"":[]}}",UNKNOWN,UNKNOWN,0.05,0.25,1,"[""llm_review:Mild thickening may represent an old injury sequela; an acute high-grade tear is not established."",""uncertain_report""]",L1_REPORT_ONLY,OK
1.2.826.0.1.3680043.8.498.10147717839726734017869499799005084725,Medial Meniscus,feaf0dc659ea1f01a840fb484a5808369937b3078aed1dcb415b27da396d7ca8,0fe41dbfe81ed30dd8b8a23282243f0a133612a6235ef1eb4dea63156b7be5f8,tr,PRESENT,"[""Medyal menisküsün arka boynuzundaki yapı içi dejenerasyon inferiyor eklem yüzeyine tek bir noktada (seri 4, görüntü 7) yırtık biçiminde ulaşıyor.""]","{""code"":""MEDIAL_MENISCUS"",""text"":""Medyal menisküsün arka boynuzundaki""}","{""grade"":""UNSPECIFIED"",""text"":""""}","""tek bir noktada (seri 4, görüntü 7)""",UNSPECIFIED,"{""class_absence_supported"":{""value"":null,""evidence"":[]},""definite_meniscal_tear"":{""value"":true,""evidence"":[""Medyal menisküsün arka boynuzundaki yapı içi dejenerasyon inferiyor eklem yüzeyine tek bir noktada (seri 4, görüntü 7) yırtık biçiminde ulaşıyor.""]},""internal_degeneration_only"":{""value"":false,""evidence"":[""Medyal menisküsün arka boynuzundaki yapı içi dejenerasyon inferiyor eklem yüzeyine tek bir noktada (seri 4, görüntü 7) yırtık biçiminde ulaşıyor.""]},""postoperative_only"":{""value"":null,""evidence"":[]}}",YES,YES,0.95,1.0,1,[],L1_REPORT_ONLY,OK
1.2.826.0.1.3680043.8.498.10147717839726734017869499799005084725,Lateral Meniscus,feaf0dc659ea1f01a840fb484a5808369937b3078aed1dcb415b27da396d7ca8,0fe41dbfe81ed30dd8b8a23282243f0a133612a6235ef1eb4dea63156b7be5f8,tr,UNCERTAIN,"[""Lateral menisküsün korpus kesiminde serbest kenardaki yırtık püsküllenme biçiminde olabilir.""]","{""code"":""LATERAL_MENISCUS"",""text"":""Lateral menisküsün korpus kesiminde serbest kenardaki""}","{""grade"":""UNSPECIFIED"",""text"":""""}","""""",UNSPECIFIED,"{""class_absence_supported"":{""value"":null,""evidence"":[]},""definite_meniscal_tear"":{""value"":null,""evidence"":[]},""internal_degeneration_only"":{""value"":null,""evidence"":[]},""postoperative_only"":{""value"":null,""evidence"":[]}}",UNKNOWN,UNKNOWN,0.6,0.25,1,"[""llm_review:The wording may qualify the tear itself or only its fraying morphology."",""uncertain_report""]",L1_REPORT_ONLY,OK
1.2.826.0.1.3680043.8.498.10147717839726734017869499799005084725,Medial OA,feaf0dc659ea1f01a840fb484a5808369937b3078aed1dcb415b27da396d7ca8,0fe41dbfe81ed30dd8b8a23282243f0a133612a6235ef1eb4dea63156b7be5f8,tr,PRESENT,"[""Diz eklemindeki trikompartmantal dejeneratif eklem hastalığı""]","{""code"":""MEDIAL_TIBIOFEMORAL"",""text"":""trikompartmantal""}","{""grade"":""UNSPECIFIED"",""text"":""""}","""""",CURRENT_CHRONIC,"{""class_absence_supported"":{""value"":null,""evidence"":[]},""cartilage_loss_gt50pct"":{""value"":null,""evidence"":[]},""cartilage_extent_ge10mm"":{""value"":null,""evidence"":[]},""low_grade_only"":{""value"":null,""evidence"":[]}}",UNKNOWN,UNKNOWN,,0.0,0,"[""criteria_anatomy_severity_extent_or_timing_insufficient"",""llm_review:Tricompartmental disease includes the medial compartment, but medial cartilage-loss depth and extent are unspecified.""]",L1_REPORT_ONLY,OK
1.2.826.0.1.3680043.8.498.10147717839726734017869499799005084725,Lateral OA,feaf0dc659ea1f01a840fb484a5808369937b3078aed1dcb415b27da396d7ca8,0fe41dbfe81ed30dd8b8a23282243f0a133612a6235ef1eb4dea63156b7be5f8,tr,PRESENT,"[""Diz eklemindeki trikompartmantal dejeneratif eklem hastalığı""]","{""code"":""LATERAL_TIBIOFEMORAL"",""text"":""trikompartmantal""}","{""grade"":""UNSPECIFIED"",""text"":""""}","""""",CURRENT_CHRONIC,"{""class_absence_supported"":{""value"":null,""evidence"":[]},""cartilage_loss_gt50pct"":{""value"":null,""evidence"":[]},""cartilage_extent_ge10mm"":{""value"":null,""evidence"":[]},""low_grade_only"":{""value"":null,""evidence"":[]}}",UNKNOWN,UNKNOWN,,0.0,0,"[""criteria_anatomy_severity_extent_or_timing_insufficient"",""llm_review:Tricompartmental disease includes the lateral compartment, but lateral cartilage-loss depth and extent are unspecified.""]",L1_REPORT_ONLY,OK
1.2.826.0.1.3680043.8.498.10147717839726734017869499799005084725,PF OA,feaf0dc659ea1f01a840fb484a5808369937b3078aed1dcb415b27da396d7ca8,0fe41dbfe81ed30dd8b8a23282243f0a133612a6235ef1eb4dea63156b7be5f8,tr,PRESENT,"[""Diz eklemindeki trikompartmantal dejeneratif eklem hastalığı patellofemoral kompartmanda en belirgin ve lateral patellar faset ile patella apeksinde tam kata ulaşan eklem kıkırdağı kaybı ve dejenerasyonu, subkondral medüller fibrokistik ve fibrovasküler değişiklikler ve marjinal osteofitlerle karakterize.""]","{""code"":""PATELLOFEMORAL"",""text"":""lateral patellar faset ile patella apeksinde""}","{""grade"":""UNSPECIFIED"",""text"":""tam kata ulaşan eklem kıkırdağı kaybı""}","""""",CURRENT_CHRONIC,"{""class_absence_supported"":{""value"":null,""evidence"":[]},""cartilage_loss_gt50pct"":{""value"":true,""evidence"":[""lateral patellar faset ile patella apeksinde tam kata ulaşan eklem kıkırdağı kaybı""]},""cartilage_extent_ge10mm"":{""value"":null,""evidence"":[]},""low_grade_only"":{""value"":false,""evidence"":[""tam kata ulaşan eklem kıkırdağı kaybı""]}}",UNKNOWN,UNKNOWN,,0.0,0,"[""criteria_anatomy_severity_extent_or_timing_insufficient"",""llm_review:Full-thickness cartilage loss is reported, but its extent is not measured.""]",L1_REPORT_ONLY,OK
1.2.826.0.1.3680043.8.498.10147717839726734017869499799005084725,Effusion,feaf0dc659ea1f01a840fb484a5808369937b3078aed1dcb415b27da396d7ca8,0fe41dbfe81ed30dd8b8a23282243f0a133612a6235ef1eb4dea63156b7be5f8,tr,PRESENT,"[""Diz eklemi içi sıvı miktarı minimal artmış.""]","{""code"":""KNEE_JOINT"",""text"":""Diz eklemi içi""}","{""grade"":""MILD"",""text"":""minimal artmış""}","""""",UNSPECIFIED,"{""class_absence_supported"":{""value"":null,""evidence"":[]},""joint_distension"":{""value"":null,""evidence"":[]},""low_grade_only"":{""value"":true,""evidence"":[""Diz eklemi içi sıvı miktarı minimal artmış.""]}}",NO,NO,0.05,1.0,1,"[""explicit_subthreshold_or_alternative""]",L1_REPORT_ONLY,OK
1.2.826.0.1.3680043.8.498.10147717839726734017869499799005084725,Synovitis,feaf0dc659ea1f01a840fb484a5808369937b3078aed1dcb415b27da396d7ca8,0fe41dbfe81ed30dd8b8a23282243f0a133612a6235ef1eb4dea63156b7be5f8,tr,NOT_MENTIONED,[],"{""code"":""UNKNOWN"",""text"":""""}","{""grade"":""UNSPECIFIED"",""text"":""""}","""""",UNSPECIFIED,"{""class_absence_supported"":{""value"":null,""evidence"":[]},""direct_synovial_evidence"":{""value"":null,""evidence"":[]}}",UNKNOWN,UNKNOWN,,0.0,0,[],L1_REPORT_ONLY,OK
1.2.826.0.1.3680043.8.498.10147717839726734017869499799005084725,Baker's,feaf0dc659ea1f01a840fb484a5808369937b3078aed1dcb415b27da396d7ca8,0fe41dbfe81ed30dd8b8a23282243f0a133612a6235ef1eb4dea63156b7be5f8,tr,NOT_MENTIONED,[],"{""code"":""UNKNOWN"",""text"":""""}","{""grade"":""UNSPECIFIED"",""text"":""""}","""""",UNSPECIFIED,"{""class_absence_supported"":{""value"":null,""evidence"":[]},""typical_baker_location"":{""value"":null,""evidence"":[]},""low_grade_only"":{""value"":null,""evidence"":[]}}",UNKNOWN,UNKNOWN,,0.0,0,[],L1_REPORT_ONLY,OK
1.2.826.0.1.3680043.8.498.10147717839726734017869499799005084725,Contusion,feaf0dc659ea1f01a840fb484a5808369937b3078aed1dcb415b27da396d7ca8,0fe41dbfe81ed30dd8b8a23282243f0a133612a6235ef1eb4dea63156b7be5f8,tr,NOT_MENTIONED,[],"{""code"":""UNKNOWN"",""text"":""""}","{""grade"":""UNSPECIFIED"",""text"":""""}","""""",UNSPECIFIED,"{""class_absence_supported"":{""value"":null,""evidence"":[]},""traumatic_marrow_edema"":{""value"":null,""evidence"":[]},""fracture_line_present"":{""value"":null,""evidence"":[]},""degenerative_only"":{""value"":null,""evidence"":[]}}",UNKNOWN,UNKNOWN,,0.0,0,[],L1_REPORT_ONLY,OK
1.2.826.0.1.3680043.8.498.10147717839726734017869499799005084725,Fracture,feaf0dc659ea1f01a840fb484a5808369937b3078aed1dcb415b27da396d7ca8,0fe41dbfe81ed30dd8b8a23282243f0a133612a6235ef1eb4dea63156b7be5f8,tr,NOT_MENTIONED,[],"{""code"":""UNKNOWN"",""text"":""""}","{""grade"":""UNSPECIFIED"",""text"":""""}","""""",UNSPECIFIED,"{""class_absence_supported"":{""value"":null,""evidence"":[]},""fracture_line_present"":{""value"":null,""evidence"":[]},""acute_injury"":{""value"":null,""evidence"":[]},""procedure_only"":{""value"":null,""evidence"":[]}}",UNKNOWN,UNKNOWN,,0.0,0,[],L1_REPORT_ONLY,OK
1.2.826.0.1.3680043.8.498.10207134048598925821261298801127950516,ACL,12c52bf5b530341daf9b99c3ee7e8b80b12d148a91ee14c6c8fc8925cb3f6af1,16317b650591ee80914865d9bdec9f53b161238357a80b9afadfd269dc58d62b,fr,ABSENT,"[""Autrement le ligament croisé antérieur, le ligament croisé postérieur, le ménisque interne, le ménisque externe, le mécanisme des extenseurs, le ligament collatéral interne, le semi-membraneux, le muscle et tendon du poplité, le biceps femoris distal, le ligament collatéral externe et la bandelette ilio-tibiale sont sans particularité.""]","{""code"":""ACL"",""text"":""le ligament croisé antérieur""}","{""grade"":""NONE"",""text"":""sans particularité""}","""""",UNSPECIFIED,"{""class_absence_supported"":{""value"":true,""evidence"":[""Autrement le ligament croisé antérieur, le ligament croisé postérieur, le ménisque interne, le ménisque externe, le mécanisme des extenseurs, le ligament collatéral interne, le semi-membraneux, le muscle et tendon du poplité, le biceps femoris distal, le ligament collatéral externe et la bandelette ilio-tibiale sont sans particularité.""]},""high_grade_tear"":{""value"":false,""evidence"":[""Autrement le ligament croisé antérieur, le ligament croisé postérieur, le ménisque interne, le ménisque externe, le mécanisme des extenseurs, le ligament collatéral interne, le semi-membraneux, le muscle et tendon du poplité, le biceps femoris distal, le ligament collatéral externe et la bandelette ilio-tibiale sont sans particularité.""]},""low_grade_only"":{""value"":null,""evidence"":[]},""postoperative_only"":{""value"":null,""evidence"":[]}}",NO,NO,0.05,1.0,1,"[""history_or_postoperative_scope_review""]",L1_REPORT_ONLY,OK
1.2.826.0.1.3680043.8.498.10207134048598925821261298801127950516,MCL,12c52bf5b530341daf9b99c3ee7e8b80b12d148a91ee14c6c8fc8925cb3f6af1,16317b650591ee80914865d9bdec9f53b161238357a80b9afadfd269dc58d62b,fr,ABSENT,"[""Autrement le ligament croisé antérieur, le ligament croisé postérieur, le ménisque interne, le ménisque externe, le mécanisme des extenseurs, le ligament collatéral interne, le semi-membraneux, le muscle et tendon du poplité, le biceps femoris distal, le ligament collatéral externe et la bandelette ilio-tibiale sont sans particularité.""]","{""code"":""MCL"",""text"":""le ligament collatéral interne""}","{""grade"":""NONE"",""text"":""sans particularité""}","""""",UNSPECIFIED,"{""class_absence_supported"":{""value"":true,""evidence"":[""Autrement le ligament croisé antérieur, le ligament croisé postérieur, le ménisque interne, le ménisque externe, le mécanisme des extenseurs, le ligament collatéral interne, le semi-membraneux, le muscle et tendon du poplité, le biceps femoris distal, le ligament collatéral externe et la bandelette ilio-tibiale sont sans particularité.""]},""high_grade_tear"":{""value"":false,""evidence"":[""Autrement le ligament croisé antérieur, le ligament croisé postérieur, le ménisque interne, le ménisque externe, le mécanisme des extenseurs, le ligament collatéral interne, le semi-membraneux, le muscle et tendon du poplité, le biceps femoris distal, le ligament collatéral externe et la bandelette ilio-tibiale sont sans particularité.""]},""acute_injury"":{""value"":null,""evidence"":[]},""low_grade_only"":{""value"":null,""evidence"":[]},""postoperative_only"":{""value"":null,""evidence"":[]}}",NO,NO,0.05,1.0,1,"[""history_or_postoperative_scope_review""]",L1_REPORT_ONLY,OK
1.2.826.0.1.3680043.8.498.10207134048598925821261298801127950516,Medial Meniscus,12c52bf5b530341daf9b99c3ee7e8b80b12d148a91ee14c6c8fc8925cb3f6af1,16317b650591ee80914865d9bdec9f53b161238357a80b9afadfd269dc58d62b,fr,ABSENT,"[""Autrement le ligament croisé antérieur, le ligament croisé postérieur, le ménisque interne, le ménisque externe, le mécanisme des extenseurs, le ligament collatéral interne, le semi-membraneux, le muscle et tendon du poplité, le biceps femoris distal, le ligament collatéral externe et la bandelette ilio-tibiale sont sans particularité.""]","{""code"":""MEDIAL_MENISCUS"",""text"":""le ménisque interne""}","{""grade"":""NONE"",""text"":""sans particularité""}","""""",UNSPECIFIED,"{""class_absence_supported"":{""value"":true,""evidence"":[""Autrement le ligament croisé antérieur, le ligament croisé postérieur, le ménisque interne, le ménisque externe, le mécanisme des extenseurs, le ligament collatéral interne, le semi-membraneux, le muscle et tendon du poplité, le biceps femoris distal, le ligament collatéral externe et la bandelette ilio-tibiale sont sans particularité.""]},""definite_meniscal_tear"":{""value"":false,""evidence"":[""Autrement le ligament croisé antérieur, le ligament croisé postérieur, le ménisque interne, le ménisque externe, le mécanisme des extenseurs, le ligament collatéral interne, le semi-membraneux, le muscle et tendon du poplité, le biceps femoris distal, le ligament collatéral externe et la bandelette ilio-tibiale sont sans particularité.""]},""internal_degeneration_only"":{""value"":null,""evidence"":[]},""postoperative_only"":{""value"":null,""evidence"":[]}}",NO,NO,0.05,1.0,1,"[""history_or_postoperative_scope_review"",""side_or_compartment_scope_review""]",L1_REPORT_ONLY,OK
1.2.826.0.1.3680043.8.498.10207134048598925821261298801127950516,Lateral Meniscus,12c52bf5b530341daf9b99c3ee7e8b80b12d148a91ee14c6c8fc8925cb3f6af1,16317b650591ee80914865d9bdec9f53b161238357a80b9afadfd269dc58d62b,fr,ABSENT,"[""Autrement le ligament croisé antérieur, le ligament croisé postérieur, le ménisque interne, le ménisque externe, le mécanisme des extenseurs, le ligament collatéral interne, le semi-membraneux, le muscle et tendon du poplité, le biceps femoris distal, le ligament collatéral externe et la bandelette ilio-tibiale sont sans particularité.""]","{""code"":""LATERAL_MENISCUS"",""text"":""le ménisque externe""}","{""grade"":""NONE"",""text"":""sans particularité""}","""""",UNSPECIFIED,"{""class_absence_supported"":{""value"":true,""evidence"":[""Autrement le ligament croisé antérieur, le ligament croisé postérieur, le ménisque interne, le ménisque externe, le mécanisme des extenseurs, le ligament collatéral interne, le semi-membraneux, le muscle et tendon du poplité, le biceps femoris distal, le ligament collatéral externe et la bandelette ilio-tibiale sont sans particularité.""]},""definite_meniscal_tear"":{""value"":false,""evidence"":[""Autrement le ligament croisé antérieur, le ligament croisé postérieur, le ménisque interne, le ménisque externe, le mécanisme des extenseurs, le ligament collatéral interne, le semi-membraneux, le muscle et tendon du poplité, le biceps femoris distal, le ligament collatéral externe et la bandelette ilio-tibiale sont sans particularité.""]},""internal_degeneration_only"":{""value"":null,""evidence"":[]},""postoperative_only"":{""value"":null,""evidence"":[]}}",NO,NO,0.05,1.0,1,"[""history_or_postoperative_scope_review"",""side_or_compartment_scope_review""]",L1_REPORT_ONLY,OK
1.2.826.0.1.3680043.8.498.10207134048598925821261298801127950516,Medial OA,12c52bf5b530341daf9b99c3ee7e8b80b12d148a91ee14c6c8fc8925cb3f6af1,16317b650591ee80914865d9bdec9f53b161238357a80b9afadfd269dc58d62b,fr,ABSENT,"[""Le cartilage articulaire est préservé.""]","{""code"":""UNKNOWN"",""text"":""Le cartilage articulaire""}","{""grade"":""NONE"",""text"":""préservé""}","""""",UNSPECIFIED,"{""class_absence_supported"":{""value"":true,""evidence"":[""Le cartilage articulaire est préservé.""]},""cartilage_loss_gt50pct"":{""value"":false,""evidence"":[""Le cartilage articulaire est préservé.""]},""cartilage_extent_ge10mm"":{""value"":null,""evidence"":[]},""low_grade_only"":{""value"":null,""evidence"":[]}}",NO,UNKNOWN,,0.0,0,"[""anatomy_missing_or_wrong"",""llm_review:Global cartilage preservation supports absence across compartments; the medial compartment is not individually named."",""pilot_text_review_mask""]",L1_REPORT_ONLY,OK
1.2.826.0.1.3680043.8.498.10207134048598925821261298801127950516,Lateral OA,12c52bf5b530341daf9b99c3ee7e8b80b12d148a91ee14c6c8fc8925cb3f6af1,16317b650591ee80914865d9bdec9f53b161238357a80b9afadfd269dc58d62b,fr,ABSENT,"[""Le cartilage articulaire est préservé.""]","{""code"":""UNKNOWN"",""text"":""Le cartilage articulaire""}","{""grade"":""NONE"",""text"":""préservé""}","""""",UNSPECIFIED,"{""class_absence_supported"":{""value"":true,""evidence"":[""Le cartilage articulaire est préservé.""]},""cartilage_loss_gt50pct"":{""value"":false,""evidence"":[""Le cartilage articulaire est préservé.""]},""cartilage_extent_ge10mm"":{""value"":null,""evidence"":[]},""low_grade_only"":{""value"":null,""evidence"":[]}}",NO,UNKNOWN,,0.0,0,"[""anatomy_missing_or_wrong"",""llm_review:Global cartilage preservation supports absence across compartments; the lateral compartment is not individually named."",""pilot_text_review_mask""]",L1_REPORT_ONLY,OK
1.2.826.0.1.3680043.8.498.10207134048598925821261298801127950516,PF OA,12c52bf5b530341daf9b99c3ee7e8b80b12d148a91ee14c6c8fc8925cb3f6af1,16317b650591ee80914865d9bdec9f53b161238357a80b9afadfd269dc58d62b,fr,ABSENT,"[""Le cartilage articulaire est préservé.""]","{""code"":""UNKNOWN"",""text"":""Le cartilage articulaire""}","{""grade"":""NONE"",""text"":""préservé""}","""""",UNSPECIFIED,"{""class_absence_supported"":{""value"":true,""evidence"":[""Le cartilage articulaire est préservé.""]},""cartilage_loss_gt50pct"":{""value"":false,""evidence"":[""Le cartilage articulaire est préservé.""]},""cartilage_extent_ge10mm"":{""value"":null,""evidence"":[]},""low_grade_only"":{""value"":null,""evidence"":[]}}",NO,UNKNOWN,,0.0,0,"[""anatomy_missing_or_wrong"",""llm_review:Global cartilage preservation supports absence across compartments; the patellofemoral compartment is not individually named."",""pilot_text_review_mask""]",L1_REPORT_ONLY,OK
1.2.826.0.1.3680043.8.498.10207134048598925821261298801127950516,Effusion,12c52bf5b530341daf9b99c3ee7e8b80b12d148a91ee14c6c8fc8925cb3f6af1,16317b650591ee80914865d9bdec9f53b161238357a80b9afadfd269dc58d62b,fr,ABSENT,"[""Il n'y a pas d'épanchement significatif ou de kyste poplité.""]","{""code"":""KNEE_JOINT"",""text"":""épanchement""}","{""grade"":""NONE"",""text"":""Il n'y a pas d'épanchement significatif""}","""""",UNSPECIFIED,"{""class_absence_supported"":{""value"":true,""evidence"":[""Il n'y a pas d'épanchement significatif ou de kyste poplité.""]},""joint_distension"":{""value"":null,""evidence"":[]},""low_grade_only"":{""value"":null,""evidence"":[]}}",NO,NO,0.05,1.0,1,"[""llm_review:The negative excludes significant effusion but does not explicitly exclude trace fluid.""]",L1_REPORT_ONLY,OK
1.2.826.0.1.3680043.8.498.10207134048598925821261298801127950516,Synovitis,12c52bf5b530341daf9b99c3ee7e8b80b12d148a91ee14c6c8fc8925cb3f6af1,16317b650591ee80914865d9bdec9f53b161238357a80b9afadfd269dc58d62b,fr,NOT_MENTIONED,[],"{""code"":""UNKNOWN"",""text"":""""}","{""grade"":""UNSPECIFIED"",""text"":""""}","""""",UNSPECIFIED,"{""class_absence_supported"":{""value"":null,""evidence"":[]},""direct_synovial_evidence"":{""value"":null,""evidence"":[]}}",UNKNOWN,UNKNOWN,,0.0,0,[],L1_REPORT_ONLY,OK
1.2.826.0.1.3680043.8.498.10207134048598925821261298801127950516,Baker's,12c52bf5b530341daf9b99c3ee7e8b80b12d148a91ee14c6c8fc8925cb3f6af1,16317b650591ee80914865d9bdec9f53b161238357a80b9afadfd269dc58d62b,fr,ABSENT,"[""Il n'y a pas d'épanchement significatif ou de kyste poplité.""]","{""code"":""POSTEROMEDIAL_POPLITEAL"",""text"":""kyste poplité""}","{""grade"":""NONE"",""text"":""Il n'y a pas d'épanchement significatif ou de kyste poplité.""}","""""",UNSPECIFIED,"{""class_absence_supported"":{""value"":true,""evidence"":[""Il n'y a pas d'épanchement significatif ou de kyste poplité.""]},""typical_baker_location"":{""value"":null,""evidence"":[]},""low_grade_only"":{""value"":null,""evidence"":[]}}",NO,NO,0.05,1.0,1,[],L1_REPORT_ONLY,OK
1.2.826.0.1.3680043.8.498.10207134048598925821261298801127950516,Contusion,12c52bf5b530341daf9b99c3ee7e8b80b12d148a91ee14c6c8fc8925cb3f6af1,16317b650591ee80914865d9bdec9f53b161238357a80b9afadfd269dc58d62b,fr,ABSENT,"[""Le signal de la moelle osseuse est normal.""]","{""code"":""BONE"",""text"":""la moelle osseuse""}","{""grade"":""NONE"",""text"":""normal""}","""""",UNSPECIFIED,"{""class_absence_supported"":{""value"":true,""evidence"":[""Le signal de la moelle osseuse est normal.""]},""traumatic_marrow_edema"":{""value"":false,""evidence"":[""Le signal de la moelle osseuse est normal.""]},""fracture_line_present"":{""value"":null,""evidence"":[]},""degenerative_only"":{""value"":null,""evidence"":[]}}",NO,NO,0.05,1.0,1,[],L1_REPORT_ONLY,OK
1.2.826.0.1.3680043.8.498.10207134048598925821261298801127950516,Fracture,12c52bf5b530341daf9b99c3ee7e8b80b12d148a91ee14c6c8fc8925cb3f6af1,16317b650591ee80914865d9bdec9f53b161238357a80b9afadfd269dc58d62b,fr,NOT_MENTIONED,[],"{""code"":""UNKNOWN"",""text"":""""}","{""grade"":""UNSPECIFIED"",""text"":""""}","""""",UNSPECIFIED,"{""class_absence_supported"":{""value"":null,""evidence"":[]},""fracture_line_present"":{""value"":null,""evidence"":[]},""acute_injury"":{""value"":null,""evidence"":[]},""procedure_only"":{""value"":null,""evidence"":[]}}",UNKNOWN,UNKNOWN,,0.0,0,[],L1_REPORT_ONLY,OK
1.2.826.0.1.3680043.8.498.10274956886032850418742861294277331382,ACL,cab45615e007575406990a1e1a7bac9d54898d67cec76cf50b49e04cea698d45,4d284de6faabb4a10676cc4bf9a12d4f7e1e8843bdfde71dbe0caef541438718,en,ABSENT,"[""Anterior cruciate ligament (ACL): Normal with both bundles intact.""]","{""code"":""ACL"",""text"":""Anterior cruciate ligament (ACL)""}","{""grade"":""NONE"",""text"":""Normal with both bundles intact.""}","""""",UNSPECIFIED,"{""class_absence_supported"":{""value"":true,""evidence"":[""Anterior cruciate ligament (ACL): Normal with both bundles intact.""]},""high_grade_tear"":{""value"":false,""evidence"":[""Anterior cruciate ligament (ACL): Normal with both bundles intact.""]},""low_grade_only"":{""value"":null,""evidence"":[]},""postoperative_only"":{""value"":null,""evidence"":[]}}",NO,NO,0.05,1.0,1,[],L1_REPORT_ONLY,OK
1.2.826.0.1.3680043.8.498.10274956886032850418742861294277331382,MCL,cab45615e007575406990a1e1a7bac9d54898d67cec76cf50b49e04cea698d45,4d284de6faabb4a10676cc4bf9a12d4f7e1e8843bdfde71dbe0caef541438718,en,ABSENT,"[""Medial collateral ligament (MCL): Normal.""]","{""code"":""MCL"",""text"":""Medial collateral ligament (MCL)""}","{""grade"":""NONE"",""text"":""Normal.""}","""""",UNSPECIFIED,"{""class_absence_supported"":{""value"":true,""evidence"":[""Medial collateral ligament (MCL): Normal.""]},""high_grade_tear"":{""value"":false,""evidence"":[""Medial collateral ligament (MCL): Normal.""]},""acute_injury"":{""value"":false,""evidence"":[""Medial collateral ligament (MCL): Normal.""]},""low_grade_only"":{""value"":null,""evidence"":[]},""postoperative_only"":{""value"":null,""evidence"":[]}}",NO,NO,0.05,1.0,1,[],L1_REPORT_ONLY,OK
1.2.826.0.1.3680043.8.498.10274956886032850418742861294277331382,Medial Meniscus,cab45615e007575406990a1e1a7bac9d54898d67cec76cf50b49e04cea698d45,4d284de6faabb4a10676cc4bf9a12d4f7e1e8843bdfde71dbe0caef541438718,en,ABSENT,"[""Medial meniscus: Normal in morphology and signal.""]","{""code"":""MEDIAL_MENISCUS"",""text"":""Medial meniscus""}","{""grade"":""NONE"",""text"":""Normal in morphology and signal.""}","""""",UNSPECIFIED,"{""class_absence_supported"":{""value"":true,""evidence"":[""Medial meniscus: Normal in morphology and signal.""]},""definite_meniscal_tear"":{""value"":false,""evidence"":[""Medial meniscus: Normal in morphology and signal.""]},""internal_degeneration_only"":{""value"":null,""evidence"":[]},""postoperative_only"":{""value"":null,""evidence"":[]}}",NO,NO,0.05,1.0,1,[],L1_REPORT_ONLY,OK
1.2.826.0.1.3680043.8.498.10274956886032850418742861294277331382,Lateral Meniscus,cab45615e007575406990a1e1a7bac9d54898d67cec76cf50b49e04cea698d45,4d284de6faabb4a10676cc4bf9a12d4f7e1e8843bdfde71dbe0caef541438718,en,ABSENT,"[""Lateral meniscus: Normal in morphology and signal.""]","{""code"":""LATERAL_MENISCUS"",""text"":""Lateral meniscus""}","{""grade"":""NONE"",""text"":""Normal in morphology and signal.""}","""""",UNSPECIFIED,"{""class_absence_supported"":{""value"":true,""evidence"":[""Lateral meniscus: Normal in morphology and signal.""]},""definite_meniscal_tear"":{""value"":false,""evidence"":[""Lateral meniscus: Normal in morphology and signal.""]},""internal_degeneration_only"":{""value"":null,""evidence"":[]},""postoperative_only"":{""value"":null,""evidence"":[]}}",NO,NO,0.05,1.0,1,[],L1_REPORT_ONLY,OK
1.2.826.0.1.3680043.8.498.10274956886032850418742861294277331382,Medial OA,cab45615e007575406990a1e1a7bac9d54898d67cec76cf50b49e04cea698d45,4d284de6faabb4a10676cc4bf9a12d4f7e1e8843bdfde71dbe0caef541438718,en,ABSENT,"[""Medial compartment cartilage: No focal cartilage defects.""]","{""code"":""MEDIAL_TIBIOFEMORAL"",""text"":""Medial compartment cartilage""}","{""grade"":""UNSPECIFIED"",""text"":""""}","""""",UNSPECIFIED,"{""class_absence_supported"":{""value"":null,""evidence"":[]},""cartilage_loss_gt50pct"":{""value"":null,""evidence"":[]},""cartilage_extent_ge10mm"":{""value"":null,""evidence"":[]},""low_grade_only"":{""value"":null,""evidence"":[]}}",UNKNOWN,UNKNOWN,,0.0,0,"[""llm_review:Negative statement is limited to focal cartilage defects; diffuse cartilage thinning is not explicitly excluded."",""negative_scope_insufficient""]",L1_REPORT_ONLY,OK
1.2.826.0.1.3680043.8.498.10274956886032850418742861294277331382,Lateral OA,cab45615e007575406990a1e1a7bac9d54898d67cec76cf50b49e04cea698d45,4d284de6faabb4a10676cc4bf9a12d4f7e1e8843bdfde71dbe0caef541438718,en,ABSENT,"[""Lateral compartment cartilage: No focal cartilage defects.""]","{""code"":""LATERAL_TIBIOFEMORAL"",""text"":""Lateral compartment cartilage""}","{""grade"":""UNSPECIFIED"",""text"":""""}","""""",UNSPECIFIED,"{""class_absence_supported"":{""value"":null,""evidence"":[]},""cartilage_loss_gt50pct"":{""value"":null,""evidence"":[]},""cartilage_extent_ge10mm"":{""value"":null,""evidence"":[]},""low_grade_only"":{""value"":null,""evidence"":[]}}",UNKNOWN,UNKNOWN,,0.0,0,"[""llm_review:Negative statement is limited to focal cartilage defects; diffuse cartilage thinning is not explicitly excluded."",""negative_scope_insufficient""]",L1_REPORT_ONLY,OK
1.2.826.0.1.3680043.8.498.10274956886032850418742861294277331382,PF OA,cab45615e007575406990a1e1a7bac9d54898d67cec76cf50b49e04cea698d45,4d284de6faabb4a10676cc4bf9a12d4f7e1e8843bdfde71dbe0caef541438718,en,PRESENT,"[""Full-thickness cartilage fissuring medial patellar facet and median ridge with subchondral bone marrow edema."",""Partial-thickness cartilage loss lateral patellar facet."",""Full-thickness cartilage fissuring central trochlea with subchondral cystic change and intense subchondral bone marrow edema."",""Findings of active lateral patellar maltracking with high grade patellofemoral chondrosis.""]","{""code"":""PATELLOFEMORAL"",""text"":""Patellofemoral compartment cartilage""}","{""grade"":""SEVERE"",""text"":""high grade patellofemoral chondrosis""}","""""",UNSPECIFIED,"{""class_absence_supported"":{""value"":null,""evidence"":[]},""cartilage_loss_gt50pct"":{""value"":null,""evidence"":[]},""cartilage_extent_ge10mm"":{""value"":null,""evidence"":[]},""low_grade_only"":{""value"":false,""evidence"":[""high grade patellofemoral chondrosis""]}}",UNKNOWN,UNKNOWN,,0.0,0,"[""criteria_anatomy_severity_extent_or_timing_insufficient"",""llm_review:Cartilage lesion extent is not reported; the TT-TG measurement is not cartilage lesion extent."",""llm_review:Full-thickness fissuring is described, but cartilage thickness loss greater than 50% is not explicitly established."",""llm_review:Timing is unspecified.""]",L1_REPORT_ONLY,OK
1.2.826.0.1.3680043.8.498.10274956886032850418742861294277331382,Effusion,cab45615e007575406990a1e1a7bac9d54898d67cec76cf50b49e04cea698d45,4d284de6faabb4a10676cc4bf9a12d4f7e1e8843bdfde71dbe0caef541438718,en,ABSENT,"[""No joint effusion.""]","{""code"":""KNEE_JOINT"",""text"":""joint""}","{""grade"":""NONE"",""text"":""No joint effusion.""}","""""",UNSPECIFIED,"{""class_absence_supported"":{""value"":true,""evidence"":[""No joint effusion.""]},""joint_distension"":{""value"":null,""evidence"":[]},""low_grade_only"":{""value"":null,""evidence"":[]}}",NO,NO,0.05,1.0,1,[],L1_REPORT_ONLY,OK
1.2.826.0.1.3680043.8.498.10274956886032850418742861294277331382,Synovitis,cab45615e007575406990a1e1a7bac9d54898d67cec76cf50b49e04cea698d45,4d284de6faabb4a10676cc4bf9a12d4f7e1e8843bdfde71dbe0caef541438718,en,NOT_MENTIONED,[],"{""code"":""UNKNOWN"",""text"":""""}","{""grade"":""UNSPECIFIED"",""text"":""""}","""""",UNSPECIFIED,"{""class_absence_supported"":{""value"":null,""evidence"":[]},""direct_synovial_evidence"":{""value"":null,""evidence"":[]}}",UNKNOWN,UNKNOWN,,0.0,0,[],L1_REPORT_ONLY,OK
1.2.826.0.1.3680043.8.498.10274956886032850418742861294277331382,Baker's,cab45615e007575406990a1e1a7bac9d54898d67cec76cf50b49e04cea698d45,4d284de6faabb4a10676cc4bf9a12d4f7e1e8843bdfde71dbe0caef541438718,en,PRESENT,"[""Small partially ruptured Baker's cyst.""]","{""code"":""POSTEROMEDIAL_POPLITEAL"",""text"":""Baker's cyst""}","{""grade"":""MILD"",""text"":""Small""}","""Small""",UNSPECIFIED,"{""class_absence_supported"":{""value"":null,""evidence"":[]},""typical_baker_location"":{""value"":true,""evidence"":[""Small partially ruptured Baker's cyst.""]},""low_grade_only"":{""value"":true,""evidence"":[""Small partially ruptured Baker's cyst.""]}}",NO,NO,0.05,1.0,1,"[""explicit_subthreshold_or_alternative"",""llm_review:Partial rupture is described; timing is unspecified."",""llm_review:Small cyst is below the moderate/large size threshold.""]",L1_REPORT_ONLY,OK
1.2.826.0.1.3680043.8.498.10274956886032850418742861294277331382,Contusion,cab45615e007575406990a1e1a7bac9d54898d67cec76cf50b49e04cea698d45,4d284de6faabb4a10676cc4bf9a12d4f7e1e8843bdfde71dbe0caef541438718,en,ABSENT,"[""No acute fracture or bone bruise.""]","{""code"":""BONE"",""text"":""OSSEOUS STRUCTURES""}","{""grade"":""NONE"",""text"":""No acute fracture or bone bruise.""}","""""",UNSPECIFIED,"{""class_absence_supported"":{""value"":true,""evidence"":[""No acute fracture or bone bruise.""]},""traumatic_marrow_edema"":{""value"":false,""evidence"":[""No acute fracture or bone bruise.""]},""fracture_line_present"":{""value"":false,""evidence"":[""No acute fracture or bone bruise.""]},""degenerative_only"":{""value"":null,""evidence"":[]}}",NO,NO,0.05,1.0,1,[],L1_REPORT_ONLY,OK
1.2.826.0.1.3680043.8.498.10274956886032850418742861294277331382,Fracture,cab45615e007575406990a1e1a7bac9d54898d67cec76cf50b49e04cea698d45,4d284de6faabb4a10676cc4bf9a12d4f7e1e8843bdfde71dbe0caef541438718,en,ABSENT,"[""No acute fracture or bone bruise.""]","{""code"":""BONE"",""text"":""OSSEOUS STRUCTURES""}","{""grade"":""NONE"",""text"":""No acute fracture or bone bruise.""}","""""",UNSPECIFIED,"{""class_absence_supported"":{""value"":true,""evidence"":[""No acute fracture or bone bruise.""]},""fracture_line_present"":{""value"":false,""evidence"":[""No acute fracture or bone bruise.""]},""acute_injury"":{""value"":false,""evidence"":[""No acute fracture or bone bruise.""]},""procedure_only"":{""value"":null,""evidence"":[]}}",NO,NO,0.05,1.0,1,[],L1_REPORT_ONLY,OK
1.2.826.0.1.3680043.8.498.10459901081962705567398560859229437818,ACL,8eb4a7b364d4565c864d9db4c92fd9cb7314b6e7c527bb2e90af0dfb87a8f40a,51aff3e52ad99c2088fbcda4f8616f8741d54f83f3ed6c6658328106de324ab1,en,PRESENT,"[""Complete loss of normal ACL with deformed residual distal ACL part is detected."",""Complete tear of ACL""]","{""code"":""ACL"",""text"":""ACL""}","{""grade"":""UNSPECIFIED"",""text"":""""}","""Complete tear of ACL""",UNSPECIFIED,"{""class_absence_supported"":{""value"":null,""evidence"":[]},""high_grade_tear"":{""value"":true,""evidence"":[""Complete tear of ACL""]},""low_grade_only"":{""value"":false,""evidence"":[""Complete tear of ACL""]},""postoperative_only"":{""value"":null,""evidence"":[]}}",YES,YES,0.95,1.0,1,"[""llm_review:Tear timing is unspecified.""]",L1_REPORT_ONLY,OK
1.2.826.0.1.3680043.8.498.10459901081962705567398560859229437818,MCL,8eb4a7b364d4565c864d9db4c92fd9cb7314b6e7c527bb2e90af0dfb87a8f40a,51aff3e52ad99c2088fbcda4f8616f8741d54f83f3ed6c6658328106de324ab1,en,PRESENT,"[""Mild thickened hyperintense deep proximal MCL attached site , associated with small bone fragment, about 8x4mm., at the medial femoral condyle, could be old avulsion injury of  deep proximal MCL"",""Old avulsion injury of  deep proximal MCL""]","{""code"":""MCL"",""text"":""deep proximal MCL""}","{""grade"":""MILD"",""text"":""Mild thickened hyperintense deep proximal MCL attached site""}","""small bone fragment, about 8x4mm.""",CURRENT_CHRONIC,"{""class_absence_supported"":{""value"":null,""evidence"":[]},""high_grade_tear"":{""value"":null,""evidence"":[]},""acute_injury"":{""value"":false,""evidence"":[""Old avulsion injury of  deep proximal MCL""]},""low_grade_only"":{""value"":null,""evidence"":[]},""postoperative_only"":{""value"":null,""evidence"":[]}}",NO,UNKNOWN,0.01,0.25,1,"[""criteria_anatomy_severity_extent_or_timing_insufficient"",""history_or_postoperative_scope_review"",""llm_mapper_disagreement"",""llm_review:Findings hedge the avulsion diagnosis; the conclusion states it definitively."",""llm_review:Mild describes thickening and signal, not a tear grade."",""llm_review:Old avulsion injury with current residual findings; does not establish an acute MCL tear.""]",L1_REPORT_ONLY,OK
1.2.826.0.1.3680043.8.498.10459901081962705567398560859229437818,Medial Meniscus,8eb4a7b364d4565c864d9db4c92fd9cb7314b6e7c527bb2e90af0dfb87a8f40a,51aff3e52ad99c2088fbcda4f8616f8741d54f83f3ed6c6658328106de324ab1,en,PRESENT,"[""Oblique vertical tear at posterior horn of the medial meniscus with small extension to the posterior root is noted.""]","{""code"":""MEDIAL_MENISCUS"",""text"":""posterior horn of the medial meniscus""}","{""grade"":""UNSPECIFIED"",""text"":""""}","""with small extension to the posterior root""",UNSPECIFIED,"{""class_absence_supported"":{""value"":null,""evidence"":[]},""definite_meniscal_tear"":{""value"":true,""evidence"":[""Oblique vertical tear at posterior horn of the medial meniscus with small extension to the posterior root is noted.""]},""internal_degeneration_only"":{""value"":false,""evidence"":[""Oblique vertical tear at posterior horn of the medial meniscus with small extension to the posterior root is noted.""]},""postoperative_only"":{""value"":null,""evidence"":[]}}",YES,YES,0.95,1.0,1,"[""history_or_postoperative_scope_review"",""llm_review:Tear severity and timing are unspecified.""]",L1_REPORT_ONLY,OK
1.2.826.0.1.3680043.8.498.10459901081962705567398560859229437818,Lateral Meniscus,8eb4a7b364d4565c864d9db4c92fd9cb7314b6e7c527bb2e90af0dfb87a8f40a,51aff3e52ad99c2088fbcda4f8616f8741d54f83f3ed6c6658328106de324ab1,en,PRESENT,"[""Oblique vertical tear at posterior horn of the lateral meniscus extended to posterior root is detected."",""Horizontal tear at posterior meniscal body is observed.""]","{""code"":""LATERAL_MENISCUS"",""text"":""posterior horn of the lateral meniscus""}","{""grade"":""UNSPECIFIED"",""text"":""""}","""extended to posterior root""",UNSPECIFIED,"{""class_absence_supported"":{""value"":null,""evidence"":[]},""definite_meniscal_tear"":{""value"":true,""evidence"":[""Oblique vertical tear at posterior horn of the lateral meniscus extended to posterior root is detected.""]},""internal_degeneration_only"":{""value"":false,""evidence"":[""Oblique vertical tear at posterior horn of the lateral meniscus extended to posterior root is detected.""]},""postoperative_only"":{""value"":null,""evidence"":[]}}",YES,YES,0.95,1.0,1,"[""history_or_postoperative_scope_review"",""llm_review:Tear severity and timing are unspecified."",""llm_review:The horizontal posterior body tear has no explicit meniscal side; the separately localized lateral posterior horn tear establishes this category.""]",L1_REPORT_ONLY,OK
1.2.826.0.1.3680043.8.498.10459901081962705567398560859229437818,Medial OA,8eb4a7b364d4565c864d9db4c92fd9cb7314b6e7c527bb2e90af0dfb87a8f40a,51aff3e52ad99c2088fbcda4f8616f8741d54f83f3ed6c6658328106de324ab1,en,NOT_MENTIONED,[],"{""code"":""UNKNOWN"",""text"":""""}","{""grade"":""UNSPECIFIED"",""text"":""""}","""""",UNSPECIFIED,"{""class_absence_supported"":{""value"":null,""evidence"":[]},""cartilage_loss_gt50pct"":{""value"":null,""evidence"":[]},""cartilage_extent_ge10mm"":{""value"":null,""evidence"":[]},""low_grade_only"":{""value"":null,""evidence"":[]}}",UNKNOWN,UNKNOWN,,0.0,0,[],L1_REPORT_ONLY,OK
1.2.826.0.1.3680043.8.498.10459901081962705567398560859229437818,Lateral OA,8eb4a7b364d4565c864d9db4c92fd9cb7314b6e7c527bb2e90af0dfb87a8f40a,51aff3e52ad99c2088fbcda4f8616f8741d54f83f3ed6c6658328106de324ab1,en,NOT_MENTIONED,[],"{""code"":""UNKNOWN"",""text"":""""}","{""grade"":""UNSPECIFIED"",""text"":""""}","""""",UNSPECIFIED,"{""class_absence_supported"":{""value"":null,""evidence"":[]},""cartilage_loss_gt50pct"":{""value"":null,""evidence"":[]},""cartilage_extent_ge10mm"":{""value"":null,""evidence"":[]},""low_grade_only"":{""value"":null,""evidence"":[]}}",UNKNOWN,UNKNOWN,,0.0,0,[],L1_REPORT_ONLY,OK
1.2.826.0.1.3680043.8.498.10459901081962705567398560859229437818,PF OA,8eb4a7b364d4565c864d9db4c92fd9cb7314b6e7c527bb2e90af0dfb87a8f40a,51aff3e52ad99c2088fbcda4f8616f8741d54f83f3ed6c6658328106de324ab1,en,ABSENT,"[""PF joint and joint surface are preserved.""]","{""code"":""PATELLOFEMORAL"",""text"":""PF joint""}","{""grade"":""NONE"",""text"":""PF joint and joint surface are preserved.""}","""""",UNSPECIFIED,"{""class_absence_supported"":{""value"":true,""evidence"":[""PF joint and joint surface are preserved.""]},""cartilage_loss_gt50pct"":{""value"":false,""evidence"":[""PF joint and joint surface are preserved.""]},""cartilage_extent_ge10mm"":{""value"":null,""evidence"":[]},""low_grade_only"":{""value"":null,""evidence"":[]}}",NO,NO,0.05,1.0,1,[],L1_REPORT_ONLY,OK
1.2.826.0.1.3680043.8.498.10459901081962705567398560859229437818,Effusion,8eb4a7b364d4565c864d9db4c92fd9cb7314b6e7c527bb2e90af0dfb87a8f40a,51aff3e52ad99c2088fbcda4f8616f8741d54f83f3ed6c6658328106de324ab1,en,PRESENT,"[""Minimal joint effusion with fluid distended suprapatellar bursa is observed."",""Reactive joint effusion.""]","{""code"":""KNEE_JOINT"",""text"":""suprapatellar bursa""}","{""grade"":""MILD"",""text"":""Minimal joint effusion""}","""fluid distended suprapatellar bursa""",UNSPECIFIED,"{""class_absence_supported"":{""value"":null,""evidence"":[]},""joint_distension"":{""value"":true,""evidence"":[""Minimal joint effusion with fluid distended suprapatellar bursa is observed.""]},""low_grade_only"":{""value"":true,""evidence"":[""Minimal joint effusion""]}}",NO,NO,0.05,1.0,1,"[""explicit_subthreshold_or_alternative"",""llm_review:Minimal effusion is subthreshold despite reported suprapatellar distension.""]",L1_REPORT_ONLY,OK
1.2.826.0.1.3680043.8.498.10459901081962705567398560859229437818,Synovitis,8eb4a7b364d4565c864d9db4c92fd9cb7314b6e7c527bb2e90af0dfb87a8f40a,51aff3e52ad99c2088fbcda4f8616f8741d54f83f3ed6c6658328106de324ab1,en,NOT_MENTIONED,[],"{""code"":""UNKNOWN"",""text"":""""}","{""grade"":""UNSPECIFIED"",""text"":""""}","""""",UNSPECIFIED,"{""class_absence_supported"":{""value"":null,""evidence"":[]},""direct_synovial_evidence"":{""value"":null,""evidence"":[]}}",UNKNOWN,UNKNOWN,,0.0,0,[],L1_REPORT_ONLY,OK
1.2.826.0.1.3680043.8.498.10459901081962705567398560859229437818,Baker's,8eb4a7b364d4565c864d9db4c92fd9cb7314b6e7c527bb2e90af0dfb87a8f40a,51aff3e52ad99c2088fbcda4f8616f8741d54f83f3ed6c6658328106de324ab1,en,NOT_MENTIONED,[],"{""code"":""UNKNOWN"",""text"":""""}","{""grade"":""UNSPECIFIED"",""text"":""""}","""""",UNSPECIFIED,"{""class_absence_supported"":{""value"":null,""evidence"":[]},""typical_baker_location"":{""value"":null,""evidence"":[]},""low_grade_only"":{""value"":null,""evidence"":[]}}",UNKNOWN,UNKNOWN,,0.0,0,[],L1_REPORT_ONLY,OK
1.2.826.0.1.3680043.8.498.10459901081962705567398560859229437818,Contusion,8eb4a7b364d4565c864d9db4c92fd9cb7314b6e7c527bb2e90af0dfb87a8f40a,51aff3e52ad99c2088fbcda4f8616f8741d54f83f3ed6c6658328106de324ab1,en,PRESENT,"[""Mild bone contusion at mid lateral femoral condyle and lateral proximal tibia is observed."",""No fracture is detected.""]","{""code"":""BONE"",""text"":""mid lateral femoral condyle and lateral proximal tibia""}","{""grade"":""MILD"",""text"":""Mild bone contusion""}","""mid lateral femoral condyle and lateral proximal tibia""",UNSPECIFIED,"{""class_absence_supported"":{""value"":null,""evidence"":[]},""traumatic_marrow_edema"":{""value"":true,""evidence"":[""Mild bone contusion at mid lateral femoral condyle and lateral proximal tibia is observed.""]},""fracture_line_present"":{""value"":false,""evidence"":[""No fracture is detected.""]},""degenerative_only"":{""value"":false,""evidence"":[""Mild bone contusion at mid lateral femoral condyle and lateral proximal tibia is observed.""]}}",YES,YES,0.95,1.0,1,"[""llm_review:Contusion timing is unspecified; explicit bone contusion diagnosis supports traumatic marrow injury."",""negation_scope_review"",""timing_or_trauma_review""]",L1_REPORT_ONLY,OK
1.2.826.0.1.3680043.8.498.10459901081962705567398560859229437818,Fracture,8eb4a7b364d4565c864d9db4c92fd9cb7314b6e7c527bb2e90af0dfb87a8f40a,51aff3e52ad99c2088fbcda4f8616f8741d54f83f3ed6c6658328106de324ab1,en,ABSENT,"[""No fracture is detected."",""Old avulsion injury of  deep proximal MCL""]","{""code"":""BONE"",""text"":""medial femoral condyle""}","{""grade"":""NONE"",""text"":""No fracture is detected.""}","""small bone fragment, about 8x4mm.""",UNSPECIFIED,"{""class_absence_supported"":{""value"":true,""evidence"":[""No fracture is detected.""]},""fracture_line_present"":{""value"":false,""evidence"":[""No fracture is detected.""]},""acute_injury"":{""value"":null,""evidence"":[]},""procedure_only"":{""value"":null,""evidence"":[]}}",NO,NO,0.05,1.0,1,"[""history_or_postoperative_scope_review"",""llm_review:Current fracture is explicitly excluded. The medial femoral condyle fragment is attributed to an old avulsion injury and does not establish an acute fracture.""]",L1_REPORT_ONLY,OK
1.2.826.0.1.3680043.8.498.10522585237725235866013737575867341946,ACL,bc35ac1474e76bbbbfd3ab2a9662c195f9f516dbc3c50df7f7c79f9a2d5d7ca5,5a5d2e1e00a430d9482c21fa0cd631ff916b8dcec658e3268a30a037e3c141f8,tr,PRESENT,"[""Ön çapraz bağda miksoid dejenerasyon ile uyumlu sinyal artışı izlendi.""]","{""code"":""ACL"",""text"":""Ön çapraz bağda""}","{""grade"":""UNSPECIFIED"",""text"":""""}","""""",UNSPECIFIED,"{""class_absence_supported"":{""value"":null,""evidence"":[]},""high_grade_tear"":{""value"":null,""evidence"":[]},""low_grade_only"":{""value"":true,""evidence"":[""Ön çapraz bağda miksoid dejenerasyon ile uyumlu sinyal artışı izlendi.""]},""postoperative_only"":{""value"":null,""evidence"":[]}}",NO,NO,0.05,1.0,1,"[""explicit_subthreshold_or_alternative"",""llm_review:Only mucoid degeneration and increased signal are described; timing is unspecified.""]",L1_REPORT_ONLY,OK
1.2.826.0.1.3680043.8.498.10522585237725235866013737575867341946,MCL,bc35ac1474e76bbbbfd3ab2a9662c195f9f516dbc3c50df7f7c79f9a2d5d7ca5,5a5d2e1e00a430d9482c21fa0cd631ff916b8dcec658e3268a30a037e3c141f8,tr,PRESENT,"[""Medial ve lateral  kollateral ligamen çevresinde ligamentöz ödem mevcuttur ( grade I  sprain ).""]","{""code"":""MCL"",""text"":""Medial ve lateral  kollateral ligamen""}","{""grade"":""MILD"",""text"":""grade I  sprain""}","""""",UNSPECIFIED,"{""class_absence_supported"":{""value"":null,""evidence"":[]},""high_grade_tear"":{""value"":null,""evidence"":[]},""acute_injury"":{""value"":null,""evidence"":[]},""low_grade_only"":{""value"":true,""evidence"":[""Medial ve lateral  kollateral ligamen çevresinde ligamentöz ödem mevcuttur ( grade I  sprain ).""]},""postoperative_only"":{""value"":null,""evidence"":[]}}",NO,NO,0.05,1.0,1,"[""explicit_subthreshold_or_alternative"",""llm_review:Grade I sprain is subthreshold; acute timing is not explicitly established."",""timing_or_trauma_review""]",L1_REPORT_ONLY,OK
1.2.826.0.1.3680043.8.498.10522585237725235866013737575867341946,Medial Meniscus,bc35ac1474e76bbbbfd3ab2a9662c195f9f516dbc3c50df7f7c79f9a2d5d7ca5,5a5d2e1e00a430d9482c21fa0cd631ff916b8dcec658e3268a30a037e3c141f8,tr,PRESENT,"[""Medial menisküste grade III dejenerasyon ve posterior hornunda  horizyontal yırtık izlendi ."",""Medial menisküs ekstrüe görünümdedir.""]","{""code"":""MEDIAL_MENISCUS"",""text"":""Medial menisküste""}","{""grade"":""UNSPECIFIED"",""text"":""""}","""posterior hornunda""",UNSPECIFIED,"{""class_absence_supported"":{""value"":null,""evidence"":[]},""definite_meniscal_tear"":{""value"":true,""evidence"":[""Medial menisküste grade III dejenerasyon ve posterior hornunda  horizyontal yırtık izlendi .""]},""internal_degeneration_only"":{""value"":false,""evidence"":[""Medial menisküste grade III dejenerasyon ve posterior hornunda  horizyontal yırtık izlendi .""]},""postoperative_only"":{""value"":null,""evidence"":[]}}",YES,YES,0.95,1.0,1,"[""history_or_postoperative_scope_review"",""llm_review:Grade III describes degeneration rather than tear severity; timing is unspecified.""]",L1_REPORT_ONLY,OK
1.2.826.0.1.3680043.8.498.10522585237725235866013737575867341946,Lateral Meniscus,bc35ac1474e76bbbbfd3ab2a9662c195f9f516dbc3c50df7f7c79f9a2d5d7ca5,5a5d2e1e00a430d9482c21fa0cd631ff916b8dcec658e3268a30a037e3c141f8,tr,PRESENT,"[""Lateral menisküste maserasyon , volüm kaybı ve horizontal yırtık izlendi.""]","{""code"":""LATERAL_MENISCUS"",""text"":""Lateral menisküste""}","{""grade"":""UNSPECIFIED"",""text"":""""}","""""",UNSPECIFIED,"{""class_absence_supported"":{""value"":null,""evidence"":[]},""definite_meniscal_tear"":{""value"":true,""evidence"":[""Lateral menisküste maserasyon , volüm kaybı ve horizontal yırtık izlendi.""]},""internal_degeneration_only"":{""value"":false,""evidence"":[""Lateral menisküste maserasyon , volüm kaybı ve horizontal yırtık izlendi.""]},""postoperative_only"":{""value"":null,""evidence"":[]}}",YES,YES,0.95,1.0,1,"[""llm_review:Tear segment, severity and timing are unspecified.""]",L1_REPORT_ONLY,OK
1.2.826.0.1.3680043.8.498.10522585237725235866013737575867341946,Medial OA,bc35ac1474e76bbbbfd3ab2a9662c195f9f516dbc3c50df7f7c79f9a2d5d7ca5,5a5d2e1e00a430d9482c21fa0cd631ff916b8dcec658e3268a30a037e3c141f8,tr,UNCERTAIN,"[""Diz eklemini oluşturan kemik yapılarda osteofitik sivrileşmeler tibiofemoral eklem mesafesinde daralma , komşu kartilajlarda incelme izlendi ( dejeneratif artrit bulguları ).""]","{""code"":""UNKNOWN"",""text"":""tibiofemoral eklem""}","{""grade"":""UNSPECIFIED"",""text"":""""}","""""",CURRENT_CHRONIC,"{""class_absence_supported"":{""value"":null,""evidence"":[]},""cartilage_loss_gt50pct"":{""value"":null,""evidence"":[]},""cartilage_extent_ge10mm"":{""value"":null,""evidence"":[]},""low_grade_only"":{""value"":null,""evidence"":[]}}",UNKNOWN,UNKNOWN,,0.0,0,"[""anatomy_missing_or_wrong"",""llm_review:Tibiofemoral degeneration is not localized to the medial compartment; cartilage loss depth and extent are unspecified."",""uncertain_report"",""pilot_text_review_mask""]",L1_REPORT_ONLY,OK
1.2.826.0.1.3680043.8.498.10522585237725235866013737575867341946,Lateral OA,bc35ac1474e76bbbbfd3ab2a9662c195f9f516dbc3c50df7f7c79f9a2d5d7ca5,5a5d2e1e00a430d9482c21fa0cd631ff916b8dcec658e3268a30a037e3c141f8,tr,UNCERTAIN,"[""Diz eklemini oluşturan kemik yapılarda osteofitik sivrileşmeler tibiofemoral eklem mesafesinde daralma , komşu kartilajlarda incelme izlendi ( dejeneratif artrit bulguları ).""]","{""code"":""UNKNOWN"",""text"":""tibiofemoral eklem""}","{""grade"":""UNSPECIFIED"",""text"":""""}","""""",CURRENT_CHRONIC,"{""class_absence_supported"":{""value"":null,""evidence"":[]},""cartilage_loss_gt50pct"":{""value"":null,""evidence"":[]},""cartilage_extent_ge10mm"":{""value"":null,""evidence"":[]},""low_grade_only"":{""value"":null,""evidence"":[]}}",UNKNOWN,UNKNOWN,,0.0,0,"[""anatomy_missing_or_wrong"",""llm_review:Tibiofemoral degeneration is not localized to the lateral compartment; cartilage loss depth and extent are unspecified."",""uncertain_report"",""pilot_text_review_mask""]",L1_REPORT_ONLY,OK
1.2.826.0.1.3680043.8.498.10522585237725235866013737575867341946,PF OA,bc35ac1474e76bbbbfd3ab2a9662c195f9f516dbc3c50df7f7c79f9a2d5d7ca5,5a5d2e1e00a430d9482c21fa0cd631ff916b8dcec658e3268a30a037e3c141f8,tr,PRESENT,"[""Patellofemoral eklem lateral fasette komşu kıkırdaklarda incelme eklem mesafesinde daralma ve subkondral kemik iliği ödemleri izlendi(artroz)."",""Ayrıca lateral fasette 10x4 mm boyutlarında osteokondral defekt izlendi.""]","{""code"":""PATELLOFEMORAL"",""text"":""Patellofemoral eklem lateral fasette""}","{""grade"":""UNSPECIFIED"",""text"":""""}","""10x4 mm boyutlarında""",CURRENT_CHRONIC,"{""class_absence_supported"":{""value"":null,""evidence"":[]},""cartilage_loss_gt50pct"":{""value"":null,""evidence"":[]},""cartilage_extent_ge10mm"":{""value"":true,""evidence"":[""Ayrıca lateral fasette 10x4 mm boyutlarında osteokondral defekt izlendi.""]},""low_grade_only"":{""value"":null,""evidence"":[]}}",UNKNOWN,UNKNOWN,,0.0,0,"[""criteria_anatomy_severity_extent_or_timing_insufficient"",""llm_review:The osteochondral defect measures 10 mm in one dimension, but cartilage loss exceeding 50% thickness is not established.""]",L1_REPORT_ONLY,OK
1.2.826.0.1.3680043.8.498.10522585237725235866013737575867341946,Effusion,bc35ac1474e76bbbbfd3ab2a9662c195f9f516dbc3c50df7f7c79f9a2d5d7ca5,5a5d2e1e00a430d9482c21fa0cd631ff916b8dcec658e3268a30a037e3c141f8,tr,PRESENT,"[""Suprapatellar bursada sıvı artışı , lateral reseslerde , suprapatellar bursada ve diz eklemi içerisinde  yaygın sıvı artışları izlendi.""]","{""code"":""KNEE_JOINT"",""text"":""diz eklemi içerisinde""}","{""grade"":""UNSPECIFIED"",""text"":""""}","""lateral reseslerde , suprapatellar bursada ve diz eklemi içerisinde""",UNSPECIFIED,"{""class_absence_supported"":{""value"":null,""evidence"":[]},""joint_distension"":{""value"":null,""evidence"":[]},""low_grade_only"":{""value"":null,""evidence"":[]}}",UNKNOWN,UNKNOWN,,0.0,0,"[""criteria_anatomy_severity_extent_or_timing_insufficient"",""llm_review:Widespread increased fluid is described, but moderate/large volume and joint distension are not explicitly established; timing is unspecified.""]",L1_REPORT_ONLY,OK
1.2.826.0.1.3680043.8.498.10522585237725235866013737575867341946,Synovitis,bc35ac1474e76bbbbfd3ab2a9662c195f9f516dbc3c50df7f7c79f9a2d5d7ca5,5a5d2e1e00a430d9482c21fa0cd631ff916b8dcec658e3268a30a037e3c141f8,tr,NOT_MENTIONED,[],"{""code"":""UNKNOWN"",""text"":""""}","{""grade"":""UNSPECIFIED"",""text"":""""}","""""",UNSPECIFIED,"{""class_absence_supported"":{""value"":null,""evidence"":[]},""direct_synovial_evidence"":{""value"":null,""evidence"":[]}}",UNKNOWN,UNKNOWN,,0.0,0,[],L1_REPORT_ONLY,OK
1.2.826.0.1.3680043.8.498.10522585237725235866013737575867341946,Baker's,bc35ac1474e76bbbbfd3ab2a9662c195f9f516dbc3c50df7f7c79f9a2d5d7ca5,5a5d2e1e00a430d9482c21fa0cd631ff916b8dcec658e3268a30a037e3c141f8,tr,PRESENT,"[""Popliteal fossada 22 mm boyutlarında baker kisti izlendi.""]","{""code"":""POSTEROMEDIAL_POPLITEAL"",""text"":""Popliteal fossada""}","{""grade"":""UNSPECIFIED"",""text"":""""}","""22 mm boyutlarında""",UNSPECIFIED,"{""class_absence_supported"":{""value"":null,""evidence"":[]},""typical_baker_location"":{""value"":true,""evidence"":[""Popliteal fossada 22 mm boyutlarında baker kisti izlendi.""]},""low_grade_only"":{""value"":null,""evidence"":[]}}",UNKNOWN,UNKNOWN,,0.0,0,"[""criteria_anatomy_severity_extent_or_timing_insufficient"",""llm_review:A 22 mm Baker cyst is reported without a moderate/large size classification; timing is unspecified.""]",L1_REPORT_ONLY,OK
1.2.826.0.1.3680043.8.498.10522585237725235866013737575867341946,Contusion,bc35ac1474e76bbbbfd3ab2a9662c195f9f516dbc3c50df7f7c79f9a2d5d7ca5,5a5d2e1e00a430d9482c21fa0cd631ff916b8dcec658e3268a30a037e3c141f8,tr,UNCERTAIN,"[""Tibia interkondiler tübrkul lateral düzeyde subkondral kemik iliği ödemi izlendi."",""Patellofemoral eklem lateral fasette komşu kıkırdaklarda incelme eklem mesafesinde daralma ve subkondral kemik iliği ödemleri izlendi(artroz).""]","{""code"":""BONE"",""text"":""Tibia interkondiler tübrkul lateral düzeyde""}","{""grade"":""UNSPECIFIED"",""text"":""""}","""""",UNSPECIFIED,"{""class_absence_supported"":{""value"":null,""evidence"":[]},""traumatic_marrow_edema"":{""value"":null,""evidence"":[]},""fracture_line_present"":{""value"":null,""evidence"":[]},""degenerative_only"":{""value"":null,""evidence"":[]}}",UNKNOWN,UNKNOWN,,0.0,0,"[""llm_review:Patellofemoral edema accompanies arthrosis; the tibial edema has no explicit traumatic or degenerative attribution. Absence of a fracture line and acute timing are not established."",""uncertain_report""]",L1_REPORT_ONLY,OK
1.2.826.0.1.3680043.8.498.10522585237725235866013737575867341946,Fracture,bc35ac1474e76bbbbfd3ab2a9662c195f9f516dbc3c50df7f7c79f9a2d5d7ca5,5a5d2e1e00a430d9482c21fa0cd631ff916b8dcec658e3268a30a037e3c141f8,tr,NOT_MENTIONED,[],"{""code"":""UNKNOWN"",""text"":""""}","{""grade"":""UNSPECIFIED"",""text"":""""}","""""",UNSPECIFIED,"{""class_absence_supported"":{""value"":null,""evidence"":[]},""fracture_line_present"":{""value"":null,""evidence"":[]},""acute_injury"":{""value"":null,""evidence"":[]},""procedure_only"":{""value"":null,""evidence"":[]}}",UNKNOWN,UNKNOWN,,0.0,0,[],L1_REPORT_ONLY,OK
1.2.826.0.1.3680043.8.498.10546313646515875953943156661172963953,ACL,ea1d10f9f37e15e02c4a3a18f92d6021f590b1c3bde13ccfb0a9df9ceb0d33fc,52feab2460b226e3670f6110c482ccf719c24ce31d2a074642bc29fba3cd8782,en,ABSENT,"[""Anterior cruciate ligament (ACL): Normal with both bundles intact.""]","{""code"":""ACL"",""text"":""Anterior cruciate ligament (ACL)""}","{""grade"":""NONE"",""text"":""Normal with both bundles intact.""}","""""",UNSPECIFIED,"{""class_absence_supported"":{""value"":true,""evidence"":[""Anterior cruciate ligament (ACL): Normal with both bundles intact.""]},""high_grade_tear"":{""value"":false,""evidence"":[""Anterior cruciate ligament (ACL): Normal with both bundles intact.""]},""low_grade_only"":{""value"":null,""evidence"":[]},""postoperative_only"":{""value"":null,""evidence"":[]}}",NO,NO,0.05,1.0,1,[],L1_REPORT_ONLY,OK
1.2.826.0.1.3680043.8.498.10546313646515875953943156661172963953,MCL,ea1d10f9f37e15e02c4a3a18f92d6021f590b1c3bde13ccfb0a9df9ceb0d33fc,52feab2460b226e3670f6110c482ccf719c24ce31d2a074642bc29fba3cd8782,en,ABSENT,"[""Medial collateral ligament (MCL): Normal.""]","{""code"":""MCL"",""text"":""Medial collateral ligament (MCL)""}","{""grade"":""NONE"",""text"":""Normal.""}","""""",UNSPECIFIED,"{""class_absence_supported"":{""value"":true,""evidence"":[""Medial collateral ligament (MCL): Normal.""]},""high_grade_tear"":{""value"":false,""evidence"":[""Medial collateral ligament (MCL): Normal.""]},""acute_injury"":{""value"":false,""evidence"":[""Medial collateral ligament (MCL): Normal.""]},""low_grade_only"":{""value"":null,""evidence"":[]},""postoperative_only"":{""value"":null,""evidence"":[]}}",NO,NO,0.05,1.0,1,[],L1_REPORT_ONLY,OK
1.2.826.0.1.3680043.8.498.10546313646515875953943156661172963953,Medial Meniscus,ea1d10f9f37e15e02c4a3a18f92d6021f590b1c3bde13ccfb0a9df9ceb0d33fc,52feab2460b226e3670f6110c482ccf719c24ce31d2a074642bc29fba3cd8782,en,ABSENT,"[""Medial meniscus: Normal in morphology and signal.""]","{""code"":""MEDIAL_MENISCUS"",""text"":""Medial meniscus""}","{""grade"":""NONE"",""text"":""Normal in morphology and signal.""}","""""",UNSPECIFIED,"{""class_absence_supported"":{""value"":true,""evidence"":[""Medial meniscus: Normal in morphology and signal.""]},""definite_meniscal_tear"":{""value"":false,""evidence"":[""Medial meniscus: Normal in morphology and signal.""]},""internal_degeneration_only"":{""value"":false,""evidence"":[""Medial meniscus: Normal in morphology and signal.""]},""postoperative_only"":{""value"":null,""evidence"":[]}}",NO,NO,0.05,1.0,1,[],L1_REPORT_ONLY,OK
1.2.826.0.1.3680043.8.498.10546313646515875953943156661172963953,Lateral Meniscus,ea1d10f9f37e15e02c4a3a18f92d6021f590b1c3bde13ccfb0a9df9ceb0d33fc,52feab2460b226e3670f6110c482ccf719c24ce31d2a074642bc29fba3cd8782,en,ABSENT,"[""Lateral meniscus: Normal in morphology and signal.""]","{""code"":""LATERAL_MENISCUS"",""text"":""Lateral meniscus""}","{""grade"":""NONE"",""text"":""Normal in morphology and signal.""}","""""",UNSPECIFIED,"{""class_absence_supported"":{""value"":true,""evidence"":[""Lateral meniscus: Normal in morphology and signal.""]},""definite_meniscal_tear"":{""value"":false,""evidence"":[""Lateral meniscus: Normal in morphology and signal.""]},""internal_degeneration_only"":{""value"":false,""evidence"":[""Lateral meniscus: Normal in morphology and signal.""]},""postoperative_only"":{""value"":null,""evidence"":[]}}",NO,NO,0.05,1.0,1,[],L1_REPORT_ONLY,OK
1.2.826.0.1.3680043.8.498.10546313646515875953943156661172963953,Medial OA,ea1d10f9f37e15e02c4a3a18f92d6021f590b1c3bde13ccfb0a9df9ceb0d33fc,52feab2460b226e3670f6110c482ccf719c24ce31d2a074642bc29fba3cd8782,en,ABSENT,"[""Medial compartment cartilage: No focal cartilage defects."",""Normal exam.""]","{""code"":""MEDIAL_TIBIOFEMORAL"",""text"":""Medial compartment cartilage""}","{""grade"":""NONE"",""text"":""No focal cartilage defects.""}","""""",UNSPECIFIED,"{""class_absence_supported"":{""value"":true,""evidence"":[""Medial compartment cartilage: No focal cartilage defects."",""Normal exam.""]},""cartilage_loss_gt50pct"":{""value"":false,""evidence"":[""Medial compartment cartilage: No focal cartilage defects."",""Normal exam.""]},""cartilage_extent_ge10mm"":{""value"":null,""evidence"":[]},""low_grade_only"":{""value"":null,""evidence"":[]}}",NO,NO,0.05,1.0,1,[],L1_REPORT_ONLY,OK
1.2.826.0.1.3680043.8.498.10546313646515875953943156661172963953,Lateral OA,ea1d10f9f37e15e02c4a3a18f92d6021f590b1c3bde13ccfb0a9df9ceb0d33fc,52feab2460b226e3670f6110c482ccf719c24ce31d2a074642bc29fba3cd8782,en,ABSENT,"[""Lateral compartment cartilage: No focal cartilage defects."",""Normal exam.""]","{""code"":""LATERAL_TIBIOFEMORAL"",""text"":""Lateral compartment cartilage""}","{""grade"":""NONE"",""text"":""No focal cartilage defects.""}","""""",UNSPECIFIED,"{""class_absence_supported"":{""value"":true,""evidence"":[""Lateral compartment cartilage: No focal cartilage defects."",""Normal exam.""]},""cartilage_loss_gt50pct"":{""value"":false,""evidence"":[""Lateral compartment cartilage: No focal cartilage defects."",""Normal exam.""]},""cartilage_extent_ge10mm"":{""value"":null,""evidence"":[]},""low_grade_only"":{""value"":null,""evidence"":[]}}",NO,NO,0.05,1.0,1,[],L1_REPORT_ONLY,OK
1.2.826.0.1.3680043.8.498.10546313646515875953943156661172963953,PF OA,ea1d10f9f37e15e02c4a3a18f92d6021f590b1c3bde13ccfb0a9df9ceb0d33fc,52feab2460b226e3670f6110c482ccf719c24ce31d2a074642bc29fba3cd8782,en,ABSENT,"[""Patellofemoral compartment cartilage: No focal cartilage defects."",""Normal exam.""]","{""code"":""PATELLOFEMORAL"",""text"":""Patellofemoral compartment cartilage""}","{""grade"":""NONE"",""text"":""No focal cartilage defects.""}","""""",UNSPECIFIED,"{""class_absence_supported"":{""value"":true,""evidence"":[""Patellofemoral compartment cartilage: No focal cartilage defects."",""Normal exam.""]},""cartilage_loss_gt50pct"":{""value"":false,""evidence"":[""Patellofemoral compartment cartilage: No focal cartilage defects."",""Normal exam.""]},""cartilage_extent_ge10mm"":{""value"":null,""evidence"":[]},""low_grade_only"":{""value"":null,""evidence"":[]}}",NO,NO,0.05,1.0,1,[],L1_REPORT_ONLY,OK
1.2.826.0.1.3680043.8.498.10546313646515875953943156661172963953,Effusion,ea1d10f9f37e15e02c4a3a18f92d6021f590b1c3bde13ccfb0a9df9ceb0d33fc,52feab2460b226e3670f6110c482ccf719c24ce31d2a074642bc29fba3cd8782,en,ABSENT,"[""No joint effusion.""]","{""code"":""KNEE_JOINT"",""text"":""joint""}","{""grade"":""NONE"",""text"":""No joint effusion.""}","""""",UNSPECIFIED,"{""class_absence_supported"":{""value"":true,""evidence"":[""No joint effusion.""]},""joint_distension"":{""value"":null,""evidence"":[]},""low_grade_only"":{""value"":null,""evidence"":[]}}",NO,NO,0.05,1.0,1,[],L1_REPORT_ONLY,OK
1.2.826.0.1.3680043.8.498.10546313646515875953943156661172963953,Synovitis,ea1d10f9f37e15e02c4a3a18f92d6021f590b1c3bde13ccfb0a9df9ceb0d33fc,52feab2460b226e3670f6110c482ccf719c24ce31d2a074642bc29fba3cd8782,en,NOT_MENTIONED,[],"{""code"":""UNKNOWN"",""text"":""""}","{""grade"":""UNSPECIFIED"",""text"":""""}","""""",UNSPECIFIED,"{""class_absence_supported"":{""value"":null,""evidence"":[]},""direct_synovial_evidence"":{""value"":null,""evidence"":[]}}",UNKNOWN,UNKNOWN,,0.0,0,[],L1_REPORT_ONLY,OK
1.2.826.0.1.3680043.8.498.10546313646515875953943156661172963953,Baker's,ea1d10f9f37e15e02c4a3a18f92d6021f590b1c3bde13ccfb0a9df9ceb0d33fc,52feab2460b226e3670f6110c482ccf719c24ce31d2a074642bc29fba3cd8782,en,ABSENT,"[""No Baker cyst.""]","{""code"":""POSTEROMEDIAL_POPLITEAL"",""text"":""Baker cyst""}","{""grade"":""NONE"",""text"":""No Baker cyst.""}","""""",UNSPECIFIED,"{""class_absence_supported"":{""value"":true,""evidence"":[""No Baker cyst.""]},""typical_baker_location"":{""value"":null,""evidence"":[]},""low_grade_only"":{""value"":null,""evidence"":[]}}",NO,NO,0.05,1.0,1,[],L1_REPORT_ONLY,OK
1.2.826.0.1.3680043.8.498.10546313646515875953943156661172963953,Contusion,ea1d10f9f37e15e02c4a3a18f92d6021f590b1c3bde13ccfb0a9df9ceb0d33fc,52feab2460b226e3670f6110c482ccf719c24ce31d2a074642bc29fba3cd8782,en,ABSENT,"[""Bone marrow signal is normal."",""No acute fracture or bone bruise.""]","{""code"":""BONE"",""text"":""Bone marrow""}","{""grade"":""NONE"",""text"":""Bone marrow signal is normal.""}","""""",UNSPECIFIED,"{""class_absence_supported"":{""value"":true,""evidence"":[""Bone marrow signal is normal."",""No acute fracture or bone bruise.""]},""traumatic_marrow_edema"":{""value"":false,""evidence"":[""Bone marrow signal is normal."",""No acute fracture or bone bruise.""]},""fracture_line_present"":{""value"":false,""evidence"":[""No acute fracture or bone bruise.""]},""degenerative_only"":{""value"":null,""evidence"":[]}}",NO,NO,0.05,1.0,1,[],L1_REPORT_ONLY,OK
1.2.826.0.1.3680043.8.498.10546313646515875953943156661172963953,Fracture,ea1d10f9f37e15e02c4a3a18f92d6021f590b1c3bde13ccfb0a9df9ceb0d33fc,52feab2460b226e3670f6110c482ccf719c24ce31d2a074642bc29fba3cd8782,en,ABSENT,"[""No acute fracture or bone bruise.""]","{""code"":""BONE"",""text"":""OSSEOUS STRUCTURES""}","{""grade"":""NONE"",""text"":""No acute fracture or bone bruise.""}","""""",UNSPECIFIED,"{""class_absence_supported"":{""value"":true,""evidence"":[""No acute fracture or bone bruise.""]},""fracture_line_present"":{""value"":false,""evidence"":[""No acute fracture or bone bruise.""]},""acute_injury"":{""value"":false,""evidence"":[""No acute fracture or bone bruise.""]},""procedure_only"":{""value"":null,""evidence"":[]}}",NO,NO,0.05,1.0,1,[],L1_REPORT_ONLY,OK
1.2.826.0.1.3680043.8.498.10603952065748622499432940419853732241,ACL,2e0fc967fca966dd40866015156c6053967baf754a927f950019b6890ee2f5d1,02d3b229e3947568d28e181d20965b36eb6b00254bb8313ea81847014166ac22,nl,ABSENT,"[""Kruisbanden en laterale banden intact.""]","{""code"":""ACL"",""text"":""Kruisbanden""}","{""grade"":""NONE"",""text"":""intact""}","""""",UNSPECIFIED,"{""class_absence_supported"":{""value"":true,""evidence"":[""Kruisbanden en laterale banden intact.""]},""high_grade_tear"":{""value"":false,""evidence"":[""Kruisbanden en laterale banden intact.""]},""low_grade_only"":{""value"":null,""evidence"":[]},""postoperative_only"":{""value"":null,""evidence"":[]}}",NO,NO,0.05,1.0,1,[],L1_REPORT_ONLY,OK
1.2.826.0.1.3680043.8.498.10603952065748622499432940419853732241,MCL,2e0fc967fca966dd40866015156c6053967baf754a927f950019b6890ee2f5d1,02d3b229e3947568d28e181d20965b36eb6b00254bb8313ea81847014166ac22,nl,NOT_MENTIONED,[],"{""code"":""UNKNOWN"",""text"":""""}","{""grade"":""UNSPECIFIED"",""text"":""""}","""""",UNSPECIFIED,"{""class_absence_supported"":{""value"":null,""evidence"":[]},""high_grade_tear"":{""value"":null,""evidence"":[]},""acute_injury"":{""value"":null,""evidence"":[]},""low_grade_only"":{""value"":null,""evidence"":[]},""postoperative_only"":{""value"":null,""evidence"":[]}}",UNKNOWN,UNKNOWN,,0.0,0,"[""llm_review:The statement about lateral ligaments does not explicitly identify the MCL.""]",L1_REPORT_ONLY,OK
1.2.826.0.1.3680043.8.498.10603952065748622499432940419853732241,Medial Meniscus,2e0fc967fca966dd40866015156c6053967baf754a927f950019b6890ee2f5d1,02d3b229e3947568d28e181d20965b36eb6b00254bb8313ea81847014166ac22,nl,ABSENT,"[""Normaal voorkomen menisci.""]","{""code"":""MEDIAL_MENISCUS"",""text"":""menisci""}","{""grade"":""NONE"",""text"":""Normaal voorkomen""}","""""",UNSPECIFIED,"{""class_absence_supported"":{""value"":true,""evidence"":[""Normaal voorkomen menisci.""]},""definite_meniscal_tear"":{""value"":false,""evidence"":[""Normaal voorkomen menisci.""]},""internal_degeneration_only"":{""value"":null,""evidence"":[]},""postoperative_only"":{""value"":null,""evidence"":[]}}",NO,NO,0.05,1.0,1,[],L1_REPORT_ONLY,OK
1.2.826.0.1.3680043.8.498.10603952065748622499432940419853732241,Lateral Meniscus,2e0fc967fca966dd40866015156c6053967baf754a927f950019b6890ee2f5d1,02d3b229e3947568d28e181d20965b36eb6b00254bb8313ea81847014166ac22,nl,ABSENT,"[""Normaal voorkomen menisci.""]","{""code"":""LATERAL_MENISCUS"",""text"":""menisci""}","{""grade"":""NONE"",""text"":""Normaal voorkomen""}","""""",UNSPECIFIED,"{""class_absence_supported"":{""value"":true,""evidence"":[""Normaal voorkomen menisci.""]},""definite_meniscal_tear"":{""value"":false,""evidence"":[""Normaal voorkomen menisci.""]},""internal_degeneration_only"":{""value"":null,""evidence"":[]},""postoperative_only"":{""value"":null,""evidence"":[]}}",NO,NO,0.05,1.0,1,[],L1_REPORT_ONLY,OK
1.2.826.0.1.3680043.8.498.10603952065748622499432940419853732241,Medial OA,2e0fc967fca966dd40866015156c6053967baf754a927f950019b6890ee2f5d1,02d3b229e3947568d28e181d20965b36eb6b00254bb8313ea81847014166ac22,nl,NOT_MENTIONED,[],"{""code"":""UNKNOWN"",""text"":""""}","{""grade"":""UNSPECIFIED"",""text"":""""}","""""",UNSPECIFIED,"{""class_absence_supported"":{""value"":null,""evidence"":[]},""cartilage_loss_gt50pct"":{""value"":null,""evidence"":[]},""cartilage_extent_ge10mm"":{""value"":null,""evidence"":[]},""low_grade_only"":{""value"":null,""evidence"":[]}}",UNKNOWN,UNKNOWN,,0.0,0,[],L1_REPORT_ONLY,OK
1.2.826.0.1.3680043.8.498.10603952065748622499432940419853732241,Lateral OA,2e0fc967fca966dd40866015156c6053967baf754a927f950019b6890ee2f5d1,02d3b229e3947568d28e181d20965b36eb6b00254bb8313ea81847014166ac22,nl,NOT_MENTIONED,[],"{""code"":""UNKNOWN"",""text"":""""}","{""grade"":""UNSPECIFIED"",""text"":""""}","""""",UNSPECIFIED,"{""class_absence_supported"":{""value"":null,""evidence"":[]},""cartilage_loss_gt50pct"":{""value"":null,""evidence"":[]},""cartilage_extent_ge10mm"":{""value"":null,""evidence"":[]},""low_grade_only"":{""value"":null,""evidence"":[]}}",UNKNOWN,UNKNOWN,,0.0,0,[],L1_REPORT_ONLY,OK
1.2.826.0.1.3680043.8.498.10603952065748622499432940419853732241,PF OA,2e0fc967fca966dd40866015156c6053967baf754a927f950019b6890ee2f5d1,02d3b229e3947568d28e181d20965b36eb6b00254bb8313ea81847014166ac22,nl,PRESENT,"[""Meerdere diepe kraakbeen fissuren centraal op de crista patellaris en laterale facet van de patella"",""Matig femoropatellair kraakbeenlijden graad 3.""]","{""code"":""PATELLOFEMORAL"",""text"":""crista patellaris en laterale facet van de patella""}","{""grade"":""MODERATE"",""text"":""Matig femoropatellair kraakbeenlijden graad 3.""}","""""",UNSPECIFIED,"{""class_absence_supported"":{""value"":null,""evidence"":[]},""cartilage_loss_gt50pct"":{""value"":null,""evidence"":[]},""cartilage_extent_ge10mm"":{""value"":null,""evidence"":[]},""low_grade_only"":{""value"":null,""evidence"":[]}}",UNKNOWN,UNKNOWN,,0.0,0,"[""criteria_anatomy_severity_extent_or_timing_insufficient"",""llm_review:Cartilage lesion extent is not measured."",""llm_review:Grade 3 grading convention is unspecified; deep fissures do not quantify percentage thickness loss."",""llm_review:Timing is unspecified.""]",L1_REPORT_ONLY,OK
1.2.826.0.1.3680043.8.498.10603952065748622499432940419853732241,Effusion,2e0fc967fca966dd40866015156c6053967baf754a927f950019b6890ee2f5d1,02d3b229e3947568d28e181d20965b36eb6b00254bb8313ea81847014166ac22,nl,PRESENT,"[""Matige opzetting van suprapatellaire recessus."",""Matige hydrops.""]","{""code"":""KNEE_JOINT"",""text"":""suprapatellaire recessus""}","{""grade"":""MODERATE"",""text"":""Matige hydrops.""}","""""",UNSPECIFIED,"{""class_absence_supported"":{""value"":null,""evidence"":[]},""joint_distension"":{""value"":true,""evidence"":[""Matige opzetting van suprapatellaire recessus.""]},""low_grade_only"":{""value"":false,""evidence"":[""Matige hydrops.""]}}",YES,YES,0.95,1.0,1,[],L1_REPORT_ONLY,OK
1.2.826.0.1.3680043.8.498.10603952065748622499432940419853732241,Synovitis,2e0fc967fca966dd40866015156c6053967baf754a927f950019b6890ee2f5d1,02d3b229e3947568d28e181d20965b36eb6b00254bb8313ea81847014166ac22,nl,NOT_MENTIONED,[],"{""code"":""UNKNOWN"",""text"":""""}","{""grade"":""UNSPECIFIED"",""text"":""""}","""""",UNSPECIFIED,"{""class_absence_supported"":{""value"":null,""evidence"":[]},""direct_synovial_evidence"":{""value"":null,""evidence"":[]}}",UNKNOWN,UNKNOWN,,0.0,0,[],L1_REPORT_ONLY,OK
1.2.826.0.1.3680043.8.498.10603952065748622499432940419853732241,Baker's,2e0fc967fca966dd40866015156c6053967baf754a927f950019b6890ee2f5d1,02d3b229e3947568d28e181d20965b36eb6b00254bb8313ea81847014166ac22,nl,PRESENT,"[""Volumineuze Bakerse cyste, met recente ruptuur en vochtinfiltratie langsheen de oppervlakte van de musculus gastrocnemius medialis"",""Volumineuze bakercyste, met recente ruptuur.""]","{""code"":""POSTEROMEDIAL_POPLITEAL"",""text"":""Bakerse cyste""}","{""grade"":""SEVERE"",""text"":""Volumineuze""}","""vochtinfiltratie langsheen de oppervlakte van de musculus gastrocnemius medialis""",CURRENT_ACUTE,"{""class_absence_supported"":{""value"":null,""evidence"":[]},""typical_baker_location"":{""value"":true,""evidence"":[""Volumineuze Bakerse cyste""]},""low_grade_only"":{""value"":false,""evidence"":[""Volumineuze Bakerse cyste""]}}",YES,YES,0.95,1.0,1,[],L1_REPORT_ONLY,OK
1.2.826.0.1.3680043.8.498.10603952065748622499432940419853732241,Contusion,2e0fc967fca966dd40866015156c6053967baf754a927f950019b6890ee2f5d1,02d3b229e3947568d28e181d20965b36eb6b00254bb8313ea81847014166ac22,nl,UNCERTAIN,"[""Meerdere diepe kraakbeen fissuren centraal op de crista patellaris en laterale facet van de patella, gepaard gaand met beperkt botoedeem op de onderpool van de patella.""]","{""code"":""BONE"",""text"":""onderpool van de patella""}","{""grade"":""MILD"",""text"":""beperkt botoedeem""}","""""",UNSPECIFIED,"{""class_absence_supported"":{""value"":null,""evidence"":[]},""traumatic_marrow_edema"":{""value"":null,""evidence"":[]},""fracture_line_present"":{""value"":null,""evidence"":[]},""degenerative_only"":{""value"":null,""evidence"":[]}}",UNKNOWN,UNKNOWN,,0.0,0,"[""llm_review:Edema etiology, timing, and absence of a fracture line at the lesion are not explicitly established."",""llm_review:Patellar bone edema accompanies cartilage fissures; traumatic contusion is not diagnosed."",""uncertain_report""]",L1_REPORT_ONLY,OK
1.2.826.0.1.3680043.8.498.10603952065748622499432940419853732241,Fracture,2e0fc967fca966dd40866015156c6053967baf754a927f950019b6890ee2f5d1,02d3b229e3947568d28e181d20965b36eb6b00254bb8313ea81847014166ac22,nl,NOT_MENTIONED,[],"{""code"":""UNKNOWN"",""text"":""""}","{""grade"":""UNSPECIFIED"",""text"":""""}","""""",UNSPECIFIED,"{""class_absence_supported"":{""value"":null,""evidence"":[]},""fracture_line_present"":{""value"":null,""evidence"":[]},""acute_injury"":{""value"":null,""evidence"":[]},""procedure_only"":{""value"":null,""evidence"":[]}}",UNKNOWN,UNKNOWN,,0.0,0,[],L1_REPORT_ONLY,OK
1.2.826.0.1.3680043.8.498.10852517092524464338210061305792376636,ACL,615f7f98b14f309f0fcb9873c27a5ee0ec841a6bdb9f2d59309553360c3cbb83,c5c92e8d6307c5048c75dcd331f6ce0bdfc151d2dbdcc9abb76c872f30641829,en,UNCERTAIN,"[""R/O Complete ACL tear.""]","{""code"":""ACL"",""text"":""ACL""}","{""grade"":""UNSPECIFIED"",""text"":""Complete""}","""""",UNSPECIFIED,"{""class_absence_supported"":{""value"":null,""evidence"":[]},""high_grade_tear"":{""value"":null,""evidence"":[]},""low_grade_only"":{""value"":null,""evidence"":[]},""postoperative_only"":{""value"":null,""evidence"":[]}}",UNKNOWN,UNKNOWN,,0.0,0,"[""llm_review:Complete tear is qualified by R/O."",""llm_review:Timing is unspecified."",""uncertain_report""]",L1_REPORT_ONLY,OK
1.2.826.0.1.3680043.8.498.10852517092524464338210061305792376636,MCL,615f7f98b14f309f0fcb9873c27a5ee0ec841a6bdb9f2d59309553360c3cbb83,c5c92e8d6307c5048c75dcd331f6ce0bdfc151d2dbdcc9abb76c872f30641829,en,UNCERTAIN,"[""R/O Mild medial & lateral collateral ligament sprain.""]","{""code"":""MCL"",""text"":""medial & lateral collateral ligament""}","{""grade"":""MILD"",""text"":""Mild""}","""""",UNSPECIFIED,"{""class_absence_supported"":{""value"":null,""evidence"":[]},""high_grade_tear"":{""value"":null,""evidence"":[]},""acute_injury"":{""value"":null,""evidence"":[]},""low_grade_only"":{""value"":null,""evidence"":[]},""postoperative_only"":{""value"":null,""evidence"":[]}}",NO,UNKNOWN,0.05,0.25,1,"[""llm_mapper_disagreement"",""llm_review:Acute timing is unspecified."",""llm_review:Only a suspected mild sprain is described."",""uncertain_report""]",L1_REPORT_ONLY,OK
1.2.826.0.1.3680043.8.498.10852517092524464338210061305792376636,Medial Meniscus,615f7f98b14f309f0fcb9873c27a5ee0ec841a6bdb9f2d59309553360c3cbb83,c5c92e8d6307c5048c75dcd331f6ce0bdfc151d2dbdcc9abb76c872f30641829,en,PRESENT,"[""Tear of posterior horn of medial meniscus.""]","{""code"":""MEDIAL_MENISCUS"",""text"":""posterior horn of medial meniscus""}","{""grade"":""UNSPECIFIED"",""text"":""""}","""posterior horn""",UNSPECIFIED,"{""class_absence_supported"":{""value"":null,""evidence"":[]},""definite_meniscal_tear"":{""value"":true,""evidence"":[""Tear of posterior horn of medial meniscus.""]},""internal_degeneration_only"":{""value"":false,""evidence"":[""Tear of posterior horn of medial meniscus.""]},""postoperative_only"":{""value"":null,""evidence"":[]}}",YES,YES,0.95,1.0,1,"[""history_or_postoperative_scope_review""]",L1_REPORT_ONLY,OK
1.2.826.0.1.3680043.8.498.10852517092524464338210061305792376636,Lateral Meniscus,615f7f98b14f309f0fcb9873c27a5ee0ec841a6bdb9f2d59309553360c3cbb83,c5c92e8d6307c5048c75dcd331f6ce0bdfc151d2dbdcc9abb76c872f30641829,en,UNCERTAIN,"[""Equivocal tear over posterior horn of lateral meniscus.""]","{""code"":""LATERAL_MENISCUS"",""text"":""posterior horn of lateral meniscus""}","{""grade"":""UNSPECIFIED"",""text"":""""}","""posterior horn""",UNSPECIFIED,"{""class_absence_supported"":{""value"":null,""evidence"":[]},""definite_meniscal_tear"":{""value"":null,""evidence"":[]},""internal_degeneration_only"":{""value"":null,""evidence"":[]},""postoperative_only"":{""value"":null,""evidence"":[]}}",UNKNOWN,UNKNOWN,,0.0,0,"[""history_or_postoperative_scope_review"",""llm_review:Tear diagnosis is equivocal."",""uncertain_report""]",L1_REPORT_ONLY,OK
1.2.826.0.1.3680043.8.498.10852517092524464338210061305792376636,Medial OA,615f7f98b14f309f0fcb9873c27a5ee0ec841a6bdb9f2d59309553360c3cbb83,c5c92e8d6307c5048c75dcd331f6ce0bdfc151d2dbdcc9abb76c872f30641829,en,NOT_MENTIONED,[],"{""code"":""UNKNOWN"",""text"":""""}","{""grade"":""UNSPECIFIED"",""text"":""""}","""""",UNSPECIFIED,"{""class_absence_supported"":{""value"":null,""evidence"":[]},""cartilage_loss_gt50pct"":{""value"":null,""evidence"":[]},""cartilage_extent_ge10mm"":{""value"":null,""evidence"":[]},""low_grade_only"":{""value"":null,""evidence"":[]}}",UNKNOWN,UNKNOWN,,0.0,0,[],L1_REPORT_ONLY,OK
1.2.826.0.1.3680043.8.498.10852517092524464338210061305792376636,Lateral OA,615f7f98b14f309f0fcb9873c27a5ee0ec841a6bdb9f2d59309553360c3cbb83,c5c92e8d6307c5048c75dcd331f6ce0bdfc151d2dbdcc9abb76c872f30641829,en,NOT_MENTIONED,[],"{""code"":""UNKNOWN"",""text"":""""}","{""grade"":""UNSPECIFIED"",""text"":""""}","""""",UNSPECIFIED,"{""class_absence_supported"":{""value"":null,""evidence"":[]},""cartilage_loss_gt50pct"":{""value"":null,""evidence"":[]},""cartilage_extent_ge10mm"":{""value"":null,""evidence"":[]},""low_grade_only"":{""value"":null,""evidence"":[]}}",UNKNOWN,UNKNOWN,,0.0,0,[],L1_REPORT_ONLY,OK
1.2.826.0.1.3680043.8.498.10852517092524464338210061305792376636,PF OA,615f7f98b14f309f0fcb9873c27a5ee0ec841a6bdb9f2d59309553360c3cbb83,c5c92e8d6307c5048c75dcd331f6ce0bdfc151d2dbdcc9abb76c872f30641829,en,ABSENT,"[""Intact patellar cartilage.""]","{""code"":""PATELLOFEMORAL"",""text"":""patellar cartilage""}","{""grade"":""NONE"",""text"":""Intact""}","""""",UNSPECIFIED,"{""class_absence_supported"":{""value"":null,""evidence"":[]},""cartilage_loss_gt50pct"":{""value"":null,""evidence"":[]},""cartilage_extent_ge10mm"":{""value"":null,""evidence"":[]},""low_grade_only"":{""value"":null,""evidence"":[]}}",UNKNOWN,UNKNOWN,,0.0,0,"[""llm_review:The negative covers patellar cartilage only; trochlear cartilage is not assessed explicitly."",""negative_scope_insufficient""]",L1_REPORT_ONLY,OK
1.2.826.0.1.3680043.8.498.10852517092524464338210061305792376636,Effusion,615f7f98b14f309f0fcb9873c27a5ee0ec841a6bdb9f2d59309553360c3cbb83,c5c92e8d6307c5048c75dcd331f6ce0bdfc151d2dbdcc9abb76c872f30641829,en,PRESENT,"[""Mild to moderate knee joint effusion with synovial hypertrophy.""]","{""code"":""KNEE_JOINT"",""text"":""knee joint""}","{""grade"":""UNSPECIFIED"",""text"":""Mild to moderate""}","""""",UNSPECIFIED,"{""class_absence_supported"":{""value"":null,""evidence"":[]},""joint_distension"":{""value"":null,""evidence"":[]},""low_grade_only"":{""value"":null,""evidence"":[]}}",UNKNOWN,UNKNOWN,,0.0,0,"[""criteria_anatomy_severity_extent_or_timing_insufficient"",""llm_review:Joint distension is not explicitly described."",""llm_review:Severity spans mild and moderate.""]",L1_REPORT_ONLY,OK
1.2.826.0.1.3680043.8.498.10852517092524464338210061305792376636,Synovitis,615f7f98b14f309f0fcb9873c27a5ee0ec841a6bdb9f2d59309553360c3cbb83,c5c92e8d6307c5048c75dcd331f6ce0bdfc151d2dbdcc9abb76c872f30641829,en,PRESENT,"[""Mild to moderate knee joint effusion with synovial hypertrophy. R/O Synovitis."",""Mild to moderate knee joint effusion with synovitis.""]","{""code"":""KNEE_SYNOVIUM"",""text"":""synovial""}","{""grade"":""UNSPECIFIED"",""text"":""""}","""""",UNSPECIFIED,"{""class_absence_supported"":{""value"":null,""evidence"":[]},""direct_synovial_evidence"":{""value"":true,""evidence"":[""synovial hypertrophy"",""Mild to moderate knee joint effusion with synovitis.""]}}",YES,YES,0.95,1.0,1,"[""llm_review:Findings qualify the diagnosis with R/O, but directly describe synovial hypertrophy; the impression states synovitis.""]",L1_REPORT_ONLY,OK
1.2.826.0.1.3680043.8.498.10852517092524464338210061305792376636,Baker's,615f7f98b14f309f0fcb9873c27a5ee0ec841a6bdb9f2d59309553360c3cbb83,c5c92e8d6307c5048c75dcd331f6ce0bdfc151d2dbdcc9abb76c872f30641829,en,NOT_MENTIONED,[],"{""code"":""UNKNOWN"",""text"":""""}","{""grade"":""UNSPECIFIED"",""text"":""""}","""""",UNSPECIFIED,"{""class_absence_supported"":{""value"":null,""evidence"":[]},""typical_baker_location"":{""value"":null,""evidence"":[]},""low_grade_only"":{""value"":null,""evidence"":[]}}",UNKNOWN,UNKNOWN,,0.0,0,[],L1_REPORT_ONLY,OK
1.2.826.0.1.3680043.8.498.10852517092524464338210061305792376636,Contusion,615f7f98b14f309f0fcb9873c27a5ee0ec841a6bdb9f2d59309553360c3cbb83,c5c92e8d6307c5048c75dcd331f6ce0bdfc151d2dbdcc9abb76c872f30641829,en,PRESENT,"[""Bone marrow edema in medial & lateral femoral condyle, lateral tibial plateau, likely bone contusion."",""Bone contusion in medial & lateral femoral condyle, lateral tibial plateau.""]","{""code"":""BONE"",""text"":""medial & lateral femoral condyle, lateral tibial plateau""}","{""grade"":""UNSPECIFIED"",""text"":""""}","""""",UNSPECIFIED,"{""class_absence_supported"":{""value"":null,""evidence"":[]},""traumatic_marrow_edema"":{""value"":true,""evidence"":[""Bone marrow edema in medial & lateral femoral condyle, lateral tibial plateau, likely bone contusion."",""Bone contusion in medial & lateral femoral condyle, lateral tibial plateau.""]},""fracture_line_present"":{""value"":null,""evidence"":[]},""degenerative_only"":{""value"":false,""evidence"":[""Bone contusion in medial & lateral femoral condyle, lateral tibial plateau.""]}}",UNKNOWN,UNKNOWN,,0.0,0,"[""criteria_anatomy_severity_extent_or_timing_insufficient"",""llm_review:Bone contusion is diagnosed, but absence of a fracture line at these lesions is not explicitly documented."",""llm_review:Timing is unspecified."",""timing_or_trauma_review""]",L1_REPORT_ONLY,OK
1.2.826.0.1.3680043.8.498.10852517092524464338210061305792376636,Fracture,615f7f98b14f309f0fcb9873c27a5ee0ec841a6bdb9f2d59309553360c3cbb83,c5c92e8d6307c5048c75dcd331f6ce0bdfc151d2dbdcc9abb76c872f30641829,en,NOT_MENTIONED,[],"{""code"":""UNKNOWN"",""text"":""""}","{""grade"":""UNSPECIFIED"",""text"":""""}","""""",UNSPECIFIED,"{""class_absence_supported"":{""value"":null,""evidence"":[]},""fracture_line_present"":{""value"":null,""evidence"":[]},""acute_injury"":{""value"":null,""evidence"":[]},""procedure_only"":{""value"":null,""evidence"":[]}}",UNKNOWN,UNKNOWN,,0.0,0,[],L1_REPORT_ONLY,OK
1.2.826.0.1.3680043.8.498.11040296449332764126530525726037541310,ACL,884f5518830d1c33d13bbd66d13fa5e4a6105936bfdea087e156c1817a407ddd,451594c2db1e60ce3e770e4f9624e76277177487b75f01d53cd6cb80bcb591a5,de,PRESENT,"[""VKB distal ausgeprägt mukoid mit deutlicher Elongation ventral in die Notch sowie mit begleitenden Zysten und Knochenödem in der ventralen und mittleren Eminentia interkondylaris.""]","{""code"":""ACL"",""text"":""VKB""}","{""grade"":""SEVERE"",""text"":""ausgeprägt mukoid""}","""distal""",UNSPECIFIED,"{""class_absence_supported"":{""value"":null,""evidence"":[]},""high_grade_tear"":{""value"":null,""evidence"":[]},""low_grade_only"":{""value"":true,""evidence"":[""VKB distal ausgeprägt mukoid mit deutlicher Elongation ventral in die Notch sowie mit begleitenden Zysten und Knochenödem in der ventralen und mittleren Eminentia interkondylaris.""]},""postoperative_only"":{""value"":null,""evidence"":[]}}",NO,NO,0.05,1.0,1,"[""explicit_subthreshold_or_alternative"",""llm_review:Mucoid degeneration and elongation are described without a tear diagnosis; severe mucoid change does not establish a high-grade tear.""]",L1_REPORT_ONLY,OK
1.2.826.0.1.3680043.8.498.11040296449332764126530525726037541310,MCL,884f5518830d1c33d13bbd66d13fa5e4a6105936bfdea087e156c1817a407ddd,451594c2db1e60ce3e770e4f9624e76277177487b75f01d53cd6cb80bcb591a5,de,ABSENT,"[""HKB und Kollateralbänder intakt.""]","{""code"":""MCL"",""text"":""Kollateralbänder""}","{""grade"":""NONE"",""text"":""intakt""}","""""",UNSPECIFIED,"{""class_absence_supported"":{""value"":true,""evidence"":[""HKB und Kollateralbänder intakt.""]},""high_grade_tear"":{""value"":false,""evidence"":[""HKB und Kollateralbänder intakt.""]},""acute_injury"":{""value"":null,""evidence"":[]},""low_grade_only"":{""value"":null,""evidence"":[]},""postoperative_only"":{""value"":null,""evidence"":[]}}",NO,NO,0.05,1.0,1,[],L1_REPORT_ONLY,OK
1.2.826.0.1.3680043.8.498.11040296449332764126530525726037541310,Medial Meniscus,884f5518830d1c33d13bbd66d13fa5e4a6105936bfdea087e156c1817a407ddd,451594c2db1e60ce3e770e4f9624e76277177487b75f01d53cd6cb80bcb591a5,de,PRESENT,"[""Innenmeniskus deutlich mukoide mit horizontaler Rissbildung Pars intermedia und Hinterhorn links bzw. nach ventral umgeschlagenem Lappenriss aus der Pars intermedia (3/86).""]","{""code"":""MEDIAL_MENISCUS"",""text"":""Innenmeniskus""}","{""grade"":""UNSPECIFIED"",""text"":""""}","""Pars intermedia und Hinterhorn""",UNSPECIFIED,"{""class_absence_supported"":{""value"":null,""evidence"":[]},""definite_meniscal_tear"":{""value"":true,""evidence"":[""horizontaler Rissbildung Pars intermedia und Hinterhorn links bzw. nach ventral umgeschlagenem Lappenriss aus der Pars intermedia""]},""internal_degeneration_only"":{""value"":false,""evidence"":[""Innenmeniskus deutlich mukoide mit horizontaler Rissbildung Pars intermedia und Hinterhorn links bzw. nach ventral umgeschlagenem Lappenriss aus der Pars intermedia (3/86).""]},""postoperative_only"":{""value"":null,""evidence"":[]}}",YES,YES,0.95,1.0,1,"[""llm_review:Tear timing and severity are unspecified.""]",L1_REPORT_ONLY,OK
1.2.826.0.1.3680043.8.498.11040296449332764126530525726037541310,Lateral Meniscus,884f5518830d1c33d13bbd66d13fa5e4a6105936bfdea087e156c1817a407ddd,451594c2db1e60ce3e770e4f9624e76277177487b75f01d53cd6cb80bcb591a5,de,PRESENT,"[""Außenmeniskus gering extrudiert und mukoid signalalteriert bei aufgefaserter Hinterhornwurzel.""]","{""code"":""LATERAL_MENISCUS"",""text"":""Außenmeniskus""}","{""grade"":""UNSPECIFIED"",""text"":""""}","""Hinterhornwurzel""",UNSPECIFIED,"{""class_absence_supported"":{""value"":null,""evidence"":[]},""definite_meniscal_tear"":{""value"":null,""evidence"":[]},""internal_degeneration_only"":{""value"":null,""evidence"":[]},""postoperative_only"":{""value"":null,""evidence"":[]}}",UNKNOWN,UNKNOWN,0.35,0.25,1,"[""criteria_anatomy_severity_extent_or_timing_insufficient"",""llm_review:Posterior root fraying is described without a definite tear diagnosis; the findings are not limited explicitly to internal degeneration.""]",L1_REPORT_ONLY,OK
1.2.826.0.1.3680043.8.498.11040296449332764126530525726037541310,Medial OA,884f5518830d1c33d13bbd66d13fa5e4a6105936bfdea087e156c1817a407ddd,451594c2db1e60ce3e770e4f9624e76277177487b75f01d53cd6cb80bcb591a5,de,PRESENT,"[""Oberflächliche, zum Rand hin progrediente Chondropathie auch im medialen Gelenkkompartiment.""]","{""code"":""MEDIAL_TIBIOFEMORAL"",""text"":""medialen Gelenkkompartiment""}","{""grade"":""MILD"",""text"":""Oberflächliche""}","""zum Rand hin progrediente""",UNSPECIFIED,"{""class_absence_supported"":{""value"":null,""evidence"":[]},""cartilage_loss_gt50pct"":{""value"":false,""evidence"":[""Oberflächliche, zum Rand hin progrediente Chondropathie auch im medialen Gelenkkompartiment.""]},""cartilage_extent_ge10mm"":{""value"":null,""evidence"":[]},""low_grade_only"":{""value"":true,""evidence"":[""Oberflächliche, zum Rand hin progrediente Chondropathie auch im medialen Gelenkkompartiment.""]}}",NO,NO,0.05,1.0,1,"[""explicit_subthreshold_or_alternative"",""llm_review:Superficial chondropathy is subthreshold; numeric extent is unspecified.""]",L1_REPORT_ONLY,OK
1.2.826.0.1.3680043.8.498.11040296449332764126530525726037541310,Lateral OA,884f5518830d1c33d13bbd66d13fa5e4a6105936bfdea087e156c1817a407ddd,451594c2db1e60ce3e770e4f9624e76277177487b75f01d53cd6cb80bcb591a5,de,PRESENT,"[""Teils vollschichtige Chondropathie femorotibial lateral, führend in der dorsalen Belastungszone, mit fokal subchondraler Stressreaktion tibial.""]","{""code"":""LATERAL_TIBIOFEMORAL"",""text"":""femorotibial lateral""}","{""grade"":""SEVERE"",""text"":""Teils vollschichtige""}","""führend in der dorsalen Belastungszone""",UNSPECIFIED,"{""class_absence_supported"":{""value"":null,""evidence"":[]},""cartilage_loss_gt50pct"":{""value"":true,""evidence"":[""Teils vollschichtige Chondropathie femorotibial lateral""]},""cartilage_extent_ge10mm"":{""value"":null,""evidence"":[]},""low_grade_only"":{""value"":false,""evidence"":[""Teils vollschichtige Chondropathie femorotibial lateral""]}}",UNKNOWN,UNKNOWN,0.6,0.25,1,"[""criteria_anatomy_severity_extent_or_timing_insufficient"",""llm_review:Full-thickness loss supports the depth threshold, but extent of at least approximately 10 mm is not established.""]",L1_REPORT_ONLY,OK
1.2.826.0.1.3680043.8.498.11040296449332764126530525726037541310,PF OA,884f5518830d1c33d13bbd66d13fa5e4a6105936bfdea087e156c1817a407ddd,451594c2db1e60ce3e770e4f9624e76277177487b75f01d53cd6cb80bcb591a5,de,PRESENT,"[""Fokal vollschichtige Chondropathie mit subchondraler Zysten- und Ödembildung am Patellafirst.""]","{""code"":""PATELLOFEMORAL"",""text"":""am Patellafirst""}","{""grade"":""SEVERE"",""text"":""vollschichtige""}","""Fokal""",UNSPECIFIED,"{""class_absence_supported"":{""value"":null,""evidence"":[]},""cartilage_loss_gt50pct"":{""value"":true,""evidence"":[""Fokal vollschichtige Chondropathie mit subchondraler Zysten- und Ödembildung am Patellafirst.""]},""cartilage_extent_ge10mm"":{""value"":null,""evidence"":[]},""low_grade_only"":{""value"":false,""evidence"":[""Fokal vollschichtige Chondropathie mit subchondraler Zysten- und Ödembildung am Patellafirst.""]}}",UNKNOWN,UNKNOWN,0.45,0.25,1,"[""criteria_anatomy_severity_extent_or_timing_insufficient"",""llm_review:Full-thickness loss supports the depth threshold; focal extent is unmeasured.""]",L1_REPORT_ONLY,OK
1.2.826.0.1.3680043.8.498.11040296449332764126530525726037541310,Effusion,884f5518830d1c33d13bbd66d13fa5e4a6105936bfdea087e156c1817a407ddd,451594c2db1e60ce3e770e4f9624e76277177487b75f01d53cd6cb80bcb591a5,de,PRESENT,"[""Geringer Gelenkerguss""]","{""code"":""KNEE_JOINT"",""text"":""Gelenkerguss""}","{""grade"":""MILD"",""text"":""Geringer""}","""""",UNSPECIFIED,"{""class_absence_supported"":{""value"":null,""evidence"":[]},""joint_distension"":{""value"":null,""evidence"":[]},""low_grade_only"":{""value"":true,""evidence"":[""Geringer Gelenkerguss""]}}",NO,NO,0.05,1.0,1,"[""explicit_subthreshold_or_alternative"",""llm_review:Small effusion is subthreshold; joint distension is not described.""]",L1_REPORT_ONLY,OK
1.2.826.0.1.3680043.8.498.11040296449332764126530525726037541310,Synovitis,884f5518830d1c33d13bbd66d13fa5e4a6105936bfdea087e156c1817a407ddd,451594c2db1e60ce3e770e4f9624e76277177487b75f01d53cd6cb80bcb591a5,de,PRESENT,"[""Reizsynovialitis""]","{""code"":""KNEE_SYNOVIUM"",""text"":""Reizsynovialitis""}","{""grade"":""UNSPECIFIED"",""text"":""""}","""""",UNSPECIFIED,"{""class_absence_supported"":{""value"":null,""evidence"":[]},""direct_synovial_evidence"":{""value"":true,""evidence"":[""Reizsynovialitis""]}}",YES,YES,0.95,1.0,1,[],L1_REPORT_ONLY,OK
1.2.826.0.1.3680043.8.498.11040296449332764126530525726037541310,Baker's,884f5518830d1c33d13bbd66d13fa5e4a6105936bfdea087e156c1817a407ddd,451594c2db1e60ce3e770e4f9624e76277177487b75f01d53cd6cb80bcb591a5,de,PRESENT,"[""deutlich Flüssigkeit gefüllte Baker-Zyste mit CC knapp 5 cm""]","{""code"":""POSTEROMEDIAL_POPLITEAL"",""text"":""Baker-Zyste""}","{""grade"":""UNSPECIFIED"",""text"":""""}","""CC knapp 5 cm""",UNSPECIFIED,"{""class_absence_supported"":{""value"":null,""evidence"":[]},""typical_baker_location"":{""value"":true,""evidence"":[""Baker-Zyste""]},""low_grade_only"":{""value"":false,""evidence"":[""deutlich Flüssigkeit gefüllte Baker-Zyste mit CC knapp 5 cm""]}}",YES,UNKNOWN,0.85,0.25,1,"[""criteria_anatomy_severity_extent_or_timing_insufficient"",""llm_mapper_disagreement"",""llm_review:Nearly 5 cm craniocaudal size and marked fluid filling support qualifying size, although no explicit moderate/large grade is stated.""]",L1_REPORT_ONLY,OK
1.2.826.0.1.3680043.8.498.11040296449332764126530525726037541310,Contusion,884f5518830d1c33d13bbd66d13fa5e4a6105936bfdea087e156c1817a407ddd,451594c2db1e60ce3e770e4f9624e76277177487b75f01d53cd6cb80bcb591a5,de,NOT_MENTIONED,[],"{""code"":""UNKNOWN"",""text"":""""}","{""grade"":""UNSPECIFIED"",""text"":""""}","""""",UNSPECIFIED,"{""class_absence_supported"":{""value"":null,""evidence"":[]},""traumatic_marrow_edema"":{""value"":null,""evidence"":[]},""fracture_line_present"":{""value"":null,""evidence"":[]},""degenerative_only"":{""value"":null,""evidence"":[]}}",UNKNOWN,UNKNOWN,,0.0,0,"[""pilot_text_review_mask""]",L1_REPORT_ONLY,OK
1.2.826.0.1.3680043.8.498.11040296449332764126530525726037541310,Fracture,884f5518830d1c33d13bbd66d13fa5e4a6105936bfdea087e156c1817a407ddd,451594c2db1e60ce3e770e4f9624e76277177487b75f01d53cd6cb80bcb591a5,de,NOT_MENTIONED,[],"{""code"":""UNKNOWN"",""text"":""""}","{""grade"":""UNSPECIFIED"",""text"":""""}","""""",UNSPECIFIED,"{""class_absence_supported"":{""value"":null,""evidence"":[]},""fracture_line_present"":{""value"":null,""evidence"":[]},""acute_injury"":{""value"":null,""evidence"":[]},""procedure_only"":{""value"":null,""evidence"":[]}}",UNKNOWN,UNKNOWN,,0.0,0,[],L1_REPORT_ONLY,OK
1.2.826.0.1.3680043.8.498.11079556243110299049578981210837702995,ACL,be06c1283646e6bdbc04220ffcc238fbd7758c9b870cc68c6fb89294eb8f5361,8369edcb663cde01bae0ea9e9f63f70b7aa8edda9e889ca8b9f083ba1d804caa,hr_sr_bs,PRESENT,"[""Uznapredovale degenerativne promjene prednjeg križnog ligamenta."",""U području distalne insercije\nje vidljiv fokalni hiperintenzitet koji može odgovarati manjoj intrasupstancijskoj rupturi.""]","{""code"":""ACL"",""text"":""prednjeg križnog ligamenta""}","{""grade"":""UNSPECIFIED"",""text"":""Uznapredovale degenerativne promjene""}","""U području distalne insercije""",CURRENT_CHRONIC,"{""class_absence_supported"":{""value"":null,""evidence"":[]},""high_grade_tear"":{""value"":null,""evidence"":[]},""low_grade_only"":{""value"":null,""evidence"":[]},""postoperative_only"":{""value"":null,""evidence"":[]}}",UNKNOWN,UNKNOWN,0.1,0.25,1,"[""criteria_anatomy_severity_extent_or_timing_insufficient"",""llm_review:Definite degeneration with a possible small intrasubstance tear; tear grade is unspecified.""]",L1_REPORT_ONLY,OK
1.2.826.0.1.3680043.8.498.11079556243110299049578981210837702995,MCL,be06c1283646e6bdbc04220ffcc238fbd7758c9b870cc68c6fb89294eb8f5361,8369edcb663cde01bae0ea9e9f63f70b7aa8edda9e889ca8b9f083ba1d804caa,hr_sr_bs,ABSENT,"[""Lateralni i medijalni kolateralni ligamenti su primjerenih intenziteta signala, održanog\nkontinuiteta.""]","{""code"":""MCL"",""text"":""medijalni kolateralni ligamenti""}","{""grade"":""NONE"",""text"":""primjerenih intenziteta signala, održanog\nkontinuiteta""}","""""",UNSPECIFIED,"{""class_absence_supported"":{""value"":true,""evidence"":[""Lateralni i medijalni kolateralni ligamenti su primjerenih intenziteta signala, održanog\nkontinuiteta.""]},""high_grade_tear"":{""value"":false,""evidence"":[""Lateralni i medijalni kolateralni ligamenti su primjerenih intenziteta signala, održanog\nkontinuiteta.""]},""acute_injury"":{""value"":null,""evidence"":[]},""low_grade_only"":{""value"":null,""evidence"":[]},""postoperative_only"":{""value"":null,""evidence"":[]}}",NO,NO,0.05,1.0,1,[],L1_REPORT_ONLY,OK
1.2.826.0.1.3680043.8.498.11079556243110299049578981210837702995,Medial Meniscus,be06c1283646e6bdbc04220ffcc238fbd7758c9b870cc68c6fb89294eb8f5361,8369edcb663cde01bae0ea9e9f63f70b7aa8edda9e889ca8b9f083ba1d804caa,hr_sr_bs,PRESENT,"[""U području stražnjeg dijela tijela te stražnjeg roga i korijena medijalnog meniska vidljivo je\nstanje po kompleksnoj rupturi na podlozi degenerativnih promjena.""]","{""code"":""MEDIAL_MENISCUS"",""text"":""medijalnog meniska""}","{""grade"":""UNSPECIFIED"",""text"":""""}","""stražnjeg dijela tijela te stražnjeg roga i korijena medijalnog meniska""",HISTORY_ONLY,"{""class_absence_supported"":{""value"":null,""evidence"":[]},""definite_meniscal_tear"":{""value"":true,""evidence"":[""stanje po kompleksnoj rupturi na podlozi degenerativnih promjena""]},""internal_degeneration_only"":{""value"":null,""evidence"":[]},""postoperative_only"":{""value"":null,""evidence"":[]}}",UNKNOWN,UNKNOWN,,0.0,0,"[""history_only_no_current_assessment"",""llm_review:No surgery is explicitly reported."",""llm_review:The phrase 'stanje po kompleksnoj rupturi' describes a prior tear or its sequelae; whether a current persistent tear is intended is ambiguous.""]",L1_REPORT_ONLY,OK
1.2.826.0.1.3680043.8.498.11079556243110299049578981210837702995,Lateral Meniscus,be06c1283646e6bdbc04220ffcc238fbd7758c9b870cc68c6fb89294eb8f5361,8369edcb663cde01bae0ea9e9f63f70b7aa8edda9e889ca8b9f083ba1d804caa,hr_sr_bs,ABSENT,"[""Lateralni menisk bez znakova rupture ili degeneracije.""]","{""code"":""LATERAL_MENISCUS"",""text"":""Lateralni menisk""}","{""grade"":""NONE"",""text"":""bez znakova rupture ili degeneracije""}","""""",UNSPECIFIED,"{""class_absence_supported"":{""value"":true,""evidence"":[""Lateralni menisk bez znakova rupture ili degeneracije.""]},""definite_meniscal_tear"":{""value"":false,""evidence"":[""Lateralni menisk bez znakova rupture ili degeneracije.""]},""internal_degeneration_only"":{""value"":false,""evidence"":[""Lateralni menisk bez znakova rupture ili degeneracije.""]},""postoperative_only"":{""value"":null,""evidence"":[]}}",NO,NO,0.05,1.0,1,[],L1_REPORT_ONLY,OK
1.2.826.0.1.3680043.8.498.11079556243110299049578981210837702995,Medial OA,be06c1283646e6bdbc04220ffcc238fbd7758c9b870cc68c6fb89294eb8f5361,8369edcb663cde01bae0ea9e9f63f70b7aa8edda9e889ca8b9f083ba1d804caa,hr_sr_bs,PRESENT,"[""Reducirana je debljina hrskavice u medijalnom kompartmentu FT zgloba uz hondromalaciji I-II.\nstupnja.""]","{""code"":""MEDIAL_TIBIOFEMORAL"",""text"":""medijalnom kompartmentu FT zgloba""}","{""grade"":""MILD"",""text"":""hondromalaciji I-II.\nstupnja""}","""""",CURRENT_CHRONIC,"{""class_absence_supported"":{""value"":null,""evidence"":[]},""cartilage_loss_gt50pct"":{""value"":null,""evidence"":[]},""cartilage_extent_ge10mm"":{""value"":null,""evidence"":[]},""low_grade_only"":{""value"":true,""evidence"":[""hondromalaciji I-II.\nstupnja""]}}",NO,NO,0.05,1.0,1,"[""explicit_subthreshold_or_alternative"",""llm_review:Low-grade chondromalacia is reported; cartilage loss percentage and lesion extent are unspecified.""]",L1_REPORT_ONLY,OK
1.2.826.0.1.3680043.8.498.11079556243110299049578981210837702995,Lateral OA,be06c1283646e6bdbc04220ffcc238fbd7758c9b870cc68c6fb89294eb8f5361,8369edcb663cde01bae0ea9e9f63f70b7aa8edda9e889ca8b9f083ba1d804caa,hr_sr_bs,NOT_MENTIONED,[],"{""code"":""UNKNOWN"",""text"":""""}","{""grade"":""UNSPECIFIED"",""text"":""""}","""""",UNSPECIFIED,"{""class_absence_supported"":{""value"":null,""evidence"":[]},""cartilage_loss_gt50pct"":{""value"":null,""evidence"":[]},""cartilage_extent_ge10mm"":{""value"":null,""evidence"":[]},""low_grade_only"":{""value"":null,""evidence"":[]}}",UNKNOWN,UNKNOWN,,0.0,0,[],L1_REPORT_ONLY,OK
1.2.826.0.1.3680043.8.498.11079556243110299049578981210837702995,PF OA,be06c1283646e6bdbc04220ffcc238fbd7758c9b870cc68c6fb89294eb8f5361,8369edcb663cde01bae0ea9e9f63f70b7aa8edda9e889ca8b9f083ba1d804caa,hr_sr_bs,NOT_MENTIONED,[],"{""code"":""UNKNOWN"",""text"":""""}","{""grade"":""UNSPECIFIED"",""text"":""""}","""""",UNSPECIFIED,"{""class_absence_supported"":{""value"":null,""evidence"":[]},""cartilage_loss_gt50pct"":{""value"":null,""evidence"":[]},""cartilage_extent_ge10mm"":{""value"":null,""evidence"":[]},""low_grade_only"":{""value"":null,""evidence"":[]}}",UNKNOWN,UNKNOWN,,0.0,0,[],L1_REPORT_ONLY,OK
1.2.826.0.1.3680043.8.498.11079556243110299049578981210837702995,Effusion,be06c1283646e6bdbc04220ffcc238fbd7758c9b870cc68c6fb89294eb8f5361,8369edcb663cde01bae0ea9e9f63f70b7aa8edda9e889ca8b9f083ba1d804caa,hr_sr_bs,PRESENT,"[""Umjerena količina izljeva u suprapatelarnoj burzi, izraženije u lateralnom dijelu.""]","{""code"":""KNEE_JOINT"",""text"":""suprapatelarnoj burzi""}","{""grade"":""MODERATE"",""text"":""Umjerena količina izljeva""}","""izraženije u lateralnom dijelu""",UNSPECIFIED,"{""class_absence_supported"":{""value"":null,""evidence"":[]},""joint_distension"":{""value"":null,""evidence"":[]},""low_grade_only"":{""value"":false,""evidence"":[""Umjerena količina izljeva u suprapatelarnoj burzi, izraženije u lateralnom dijelu.""]}}",UNKNOWN,UNKNOWN,0.7,0.25,1,"[""criteria_anatomy_severity_extent_or_timing_insufficient"",""llm_review:Moderate effusion is explicit, but joint distension and timing are unspecified.""]",L1_REPORT_ONLY,OK
1.2.826.0.1.3680043.8.498.11079556243110299049578981210837702995,Synovitis,be06c1283646e6bdbc04220ffcc238fbd7758c9b870cc68c6fb89294eb8f5361,8369edcb663cde01bae0ea9e9f63f70b7aa8edda9e889ca8b9f083ba1d804caa,hr_sr_bs,NOT_MENTIONED,[],"{""code"":""UNKNOWN"",""text"":""""}","{""grade"":""UNSPECIFIED"",""text"":""""}","""""",UNSPECIFIED,"{""class_absence_supported"":{""value"":null,""evidence"":[]},""direct_synovial_evidence"":{""value"":null,""evidence"":[]}}",UNKNOWN,UNKNOWN,,0.0,0,[],L1_REPORT_ONLY,OK
1.2.826.0.1.3680043.8.498.11079556243110299049578981210837702995,Baker's,be06c1283646e6bdbc04220ffcc238fbd7758c9b870cc68c6fb89294eb8f5361,8369edcb663cde01bae0ea9e9f63f70b7aa8edda9e889ca8b9f083ba1d804caa,hr_sr_bs,ABSENT,"[""Manji izljev u burzi tetive m. semimembranosus, bez formirane poplitealne ciste.""]","{""code"":""POSTEROMEDIAL_POPLITEAL"",""text"":""burzi tetive m. semimembranosus""}","{""grade"":""NONE"",""text"":""bez formirane poplitealne ciste""}","""""",UNSPECIFIED,"{""class_absence_supported"":{""value"":true,""evidence"":[""bez formirane poplitealne ciste""]},""typical_baker_location"":{""value"":null,""evidence"":[]},""low_grade_only"":{""value"":null,""evidence"":[]}}",NO,NO,0.05,1.0,1,"[""llm_review:Small semimembranosus bursal fluid is described with explicit absence of a formed popliteal cyst.""]",L1_REPORT_ONLY,OK
1.2.826.0.1.3680043.8.498.11079556243110299049578981210837702995,Contusion,be06c1283646e6bdbc04220ffcc238fbd7758c9b870cc68c6fb89294eb8f5361,8369edcb663cde01bae0ea9e9f63f70b7aa8edda9e889ca8b9f083ba1d804caa,hr_sr_bs,NOT_MENTIONED,[],"{""code"":""UNKNOWN"",""text"":""""}","{""grade"":""UNSPECIFIED"",""text"":""""}","""""",UNSPECIFIED,"{""class_absence_supported"":{""value"":null,""evidence"":[]},""traumatic_marrow_edema"":{""value"":null,""evidence"":[]},""fracture_line_present"":{""value"":null,""evidence"":[]},""degenerative_only"":{""value"":null,""evidence"":[]}}",UNKNOWN,UNKNOWN,,0.0,0,[],L1_REPORT_ONLY,OK
1.2.826.0.1.3680043.8.498.11079556243110299049578981210837702995,Fracture,be06c1283646e6bdbc04220ffcc238fbd7758c9b870cc68c6fb89294eb8f5361,8369edcb663cde01bae0ea9e9f63f70b7aa8edda9e889ca8b9f083ba1d804caa,hr_sr_bs,NOT_MENTIONED,[],"{""code"":""UNKNOWN"",""text"":""""}","{""grade"":""UNSPECIFIED"",""text"":""""}","""""",UNSPECIFIED,"{""class_absence_supported"":{""value"":null,""evidence"":[]},""fracture_line_present"":{""value"":null,""evidence"":[]},""acute_injury"":{""value"":null,""evidence"":[]},""procedure_only"":{""value"":null,""evidence"":[]}}",UNKNOWN,UNKNOWN,,0.0,0,[],L1_REPORT_ONLY,OK
1.2.826.0.1.3680043.8.498.11232674915186872899189440191805868376,ACL,4ac147787ecd06b84d2bdc0a8fd804c7070239b3161a2e5056747249f977448e,7143a97e1d281df9c8035c96b9b3ab9f8984c8f9cf6660e0cbb8001745b871af,en,ABSENT,"[""the anterior cruciate ligament is intact.""]","{""code"":""ACL"",""text"":""anterior cruciate ligament""}","{""grade"":""NONE"",""text"":""intact""}","""""",UNSPECIFIED,"{""class_absence_supported"":{""value"":true,""evidence"":[""the anterior cruciate ligament is intact.""]},""high_grade_tear"":{""value"":false,""evidence"":[""the anterior cruciate ligament is intact.""]},""low_grade_only"":{""value"":null,""evidence"":[]},""postoperative_only"":{""value"":null,""evidence"":[]}}",NO,NO,0.05,1.0,1,[],L1_REPORT_ONLY,OK
1.2.826.0.1.3680043.8.498.11232674915186872899189440191805868376,MCL,4ac147787ecd06b84d2bdc0a8fd804c7070239b3161a2e5056747249f977448e,7143a97e1d281df9c8035c96b9b3ab9f8984c8f9cf6660e0cbb8001745b871af,en,PRESENT,"[""There is grade I ligamentous sprain of the medial collateral ligament.""]","{""code"":""MCL"",""text"":""medial collateral ligament""}","{""grade"":""MILD"",""text"":""grade I ligamentous sprain""}","""""",UNSPECIFIED,"{""class_absence_supported"":{""value"":null,""evidence"":[]},""high_grade_tear"":{""value"":false,""evidence"":[""There is grade I ligamentous sprain of the medial collateral ligament.""]},""acute_injury"":{""value"":null,""evidence"":[]},""low_grade_only"":{""value"":true,""evidence"":[""There is grade I ligamentous sprain of the medial collateral ligament.""]},""postoperative_only"":{""value"":null,""evidence"":[]}}",NO,NO,0.05,1.0,1,"[""explicit_subthreshold_or_alternative"",""llm_review:Grade I sprain is subthreshold; injury timing is unspecified."",""timing_or_trauma_review""]",L1_REPORT_ONLY,OK
1.2.826.0.1.3680043.8.498.11232674915186872899189440191805868376,Medial Meniscus,4ac147787ecd06b84d2bdc0a8fd804c7070239b3161a2e5056747249f977448e,7143a97e1d281df9c8035c96b9b3ab9f8984c8f9cf6660e0cbb8001745b871af,en,ABSENT,"[""In the medial compartment, the meniscus is not torn""]","{""code"":""MEDIAL_MENISCUS"",""text"":""In the medial compartment, the meniscus""}","{""grade"":""NONE"",""text"":""not torn""}","""""",UNSPECIFIED,"{""class_absence_supported"":{""value"":true,""evidence"":[""In the medial compartment, the meniscus is not torn""]},""definite_meniscal_tear"":{""value"":false,""evidence"":[""In the medial compartment, the meniscus is not torn""]},""internal_degeneration_only"":{""value"":null,""evidence"":[]},""postoperative_only"":{""value"":null,""evidence"":[]}}",NO,NO,0.05,1.0,1,[],L1_REPORT_ONLY,OK
1.2.826.0.1.3680043.8.498.11232674915186872899189440191805868376,Lateral Meniscus,4ac147787ecd06b84d2bdc0a8fd804c7070239b3161a2e5056747249f977448e,7143a97e1d281df9c8035c96b9b3ab9f8984c8f9cf6660e0cbb8001745b871af,en,ABSENT,"[""The lateral compartment, the meniscus is not torn""]","{""code"":""LATERAL_MENISCUS"",""text"":""The lateral compartment, the meniscus""}","{""grade"":""NONE"",""text"":""not torn""}","""""",UNSPECIFIED,"{""class_absence_supported"":{""value"":true,""evidence"":[""The lateral compartment, the meniscus is not torn""]},""definite_meniscal_tear"":{""value"":false,""evidence"":[""The lateral compartment, the meniscus is not torn""]},""internal_degeneration_only"":{""value"":null,""evidence"":[]},""postoperative_only"":{""value"":null,""evidence"":[]}}",NO,NO,0.05,1.0,1,[],L1_REPORT_ONLY,OK
1.2.826.0.1.3680043.8.498.11232674915186872899189440191805868376,Medial OA,4ac147787ecd06b84d2bdc0a8fd804c7070239b3161a2e5056747249f977448e,7143a97e1d281df9c8035c96b9b3ab9f8984c8f9cf6660e0cbb8001745b871af,en,ABSENT,"[""In the medial compartment, the meniscus is not torn and there is no focal chondrosis or chondral injury.""]","{""code"":""MEDIAL_TIBIOFEMORAL"",""text"":""medial compartment""}","{""grade"":""UNSPECIFIED"",""text"":""""}","""""",UNSPECIFIED,"{""class_absence_supported"":{""value"":null,""evidence"":[]},""cartilage_loss_gt50pct"":{""value"":null,""evidence"":[]},""cartilage_extent_ge10mm"":{""value"":null,""evidence"":[]},""low_grade_only"":{""value"":null,""evidence"":[]}}",UNKNOWN,UNKNOWN,,0.0,0,"[""llm_review:The negative is limited to focal chondrosis or chondral injury and does not explicitly exclude diffuse qualifying cartilage loss."",""negative_scope_insufficient""]",L1_REPORT_ONLY,OK
1.2.826.0.1.3680043.8.498.11232674915186872899189440191805868376,Lateral OA,4ac147787ecd06b84d2bdc0a8fd804c7070239b3161a2e5056747249f977448e,7143a97e1d281df9c8035c96b9b3ab9f8984c8f9cf6660e0cbb8001745b871af,en,ABSENT,"[""The lateral compartment, the meniscus is not torn and there is no focal chondrosis or chondral injury.""]","{""code"":""LATERAL_TIBIOFEMORAL"",""text"":""lateral compartment""}","{""grade"":""UNSPECIFIED"",""text"":""""}","""""",UNSPECIFIED,"{""class_absence_supported"":{""value"":null,""evidence"":[]},""cartilage_loss_gt50pct"":{""value"":null,""evidence"":[]},""cartilage_extent_ge10mm"":{""value"":null,""evidence"":[]},""low_grade_only"":{""value"":null,""evidence"":[]}}",UNKNOWN,UNKNOWN,,0.0,0,"[""llm_review:The negative is limited to focal chondrosis or chondral injury and does not explicitly exclude diffuse qualifying cartilage loss."",""negative_scope_insufficient""]",L1_REPORT_ONLY,OK
1.2.826.0.1.3680043.8.498.11232674915186872899189440191805868376,PF OA,4ac147787ecd06b84d2bdc0a8fd804c7070239b3161a2e5056747249f977448e,7143a97e1d281df9c8035c96b9b3ab9f8984c8f9cf6660e0cbb8001745b871af,en,ABSENT,"[""The patellofemoral joint, the patellar and trochlear cartilage appears congruent without chondral lesion.""]","{""code"":""PATELLOFEMORAL"",""text"":""patellofemoral joint""}","{""grade"":""NONE"",""text"":""without chondral lesion""}","""""",UNSPECIFIED,"{""class_absence_supported"":{""value"":true,""evidence"":[""The patellofemoral joint, the patellar and trochlear cartilage appears congruent without chondral lesion.""]},""cartilage_loss_gt50pct"":{""value"":false,""evidence"":[""The patellofemoral joint, the patellar and trochlear cartilage appears congruent without chondral lesion.""]},""cartilage_extent_ge10mm"":{""value"":null,""evidence"":[]},""low_grade_only"":{""value"":null,""evidence"":[]}}",NO,NO,0.05,1.0,1,[],L1_REPORT_ONLY,OK
1.2.826.0.1.3680043.8.498.11232674915186872899189440191805868376,Effusion,4ac147787ecd06b84d2bdc0a8fd804c7070239b3161a2e5056747249f977448e,7143a97e1d281df9c8035c96b9b3ab9f8984c8f9cf6660e0cbb8001745b871af,en,PRESENT,"[""Large amount of left knee effusion with synovitis is present.""]","{""code"":""KNEE_JOINT"",""text"":""left knee""}","{""grade"":""SEVERE"",""text"":""Large amount""}","""""",UNSPECIFIED,"{""class_absence_supported"":{""value"":null,""evidence"":[]},""joint_distension"":{""value"":null,""evidence"":[]},""low_grade_only"":{""value"":false,""evidence"":[""Large amount of left knee effusion with synovitis is present.""]}}",UNKNOWN,UNKNOWN,,0.0,0,"[""criteria_anatomy_severity_extent_or_timing_insufficient"",""llm_review:Large effusion is explicit, but joint distension is not explicitly described.""]",L1_REPORT_ONLY,OK
1.2.826.0.1.3680043.8.498.11232674915186872899189440191805868376,Synovitis,4ac147787ecd06b84d2bdc0a8fd804c7070239b3161a2e5056747249f977448e,7143a97e1d281df9c8035c96b9b3ab9f8984c8f9cf6660e0cbb8001745b871af,en,PRESENT,"[""Large amount of left knee effusion with synovitis is present.""]","{""code"":""KNEE_SYNOVIUM"",""text"":""left knee""}","{""grade"":""UNSPECIFIED"",""text"":""""}","""""",UNSPECIFIED,"{""class_absence_supported"":{""value"":null,""evidence"":[]},""direct_synovial_evidence"":{""value"":true,""evidence"":[""Large amount of left knee effusion with synovitis is present.""]}}",YES,YES,0.95,1.0,1,[],L1_REPORT_ONLY,OK
1.2.826.0.1.3680043.8.498.11232674915186872899189440191805868376,Baker's,4ac147787ecd06b84d2bdc0a8fd804c7070239b3161a2e5056747249f977448e,7143a97e1d281df9c8035c96b9b3ab9f8984c8f9cf6660e0cbb8001745b871af,en,NOT_MENTIONED,[],"{""code"":""UNKNOWN"",""text"":""""}","{""grade"":""UNSPECIFIED"",""text"":""""}","""""",UNSPECIFIED,"{""class_absence_supported"":{""value"":null,""evidence"":[]},""typical_baker_location"":{""value"":null,""evidence"":[]},""low_grade_only"":{""value"":null,""evidence"":[]}}",UNKNOWN,UNKNOWN,,0.0,0,[],L1_REPORT_ONLY,OK
1.2.826.0.1.3680043.8.498.11232674915186872899189440191805868376,Contusion,4ac147787ecd06b84d2bdc0a8fd804c7070239b3161a2e5056747249f977448e,7143a97e1d281df9c8035c96b9b3ab9f8984c8f9cf6660e0cbb8001745b871af,en,ABSENT,"[""There is no fracture or bone contusion.""]","{""code"":""BONE"",""text"":""bone""}","{""grade"":""NONE"",""text"":""no fracture or bone contusion""}","""""",UNSPECIFIED,"{""class_absence_supported"":{""value"":true,""evidence"":[""There is no fracture or bone contusion.""]},""traumatic_marrow_edema"":{""value"":null,""evidence"":[]},""fracture_line_present"":{""value"":false,""evidence"":[""There is no fracture or bone contusion.""]},""degenerative_only"":{""value"":null,""evidence"":[]}}",NO,NO,0.05,1.0,1,[],L1_REPORT_ONLY,OK
1.2.826.0.1.3680043.8.498.11232674915186872899189440191805868376,Fracture,4ac147787ecd06b84d2bdc0a8fd804c7070239b3161a2e5056747249f977448e,7143a97e1d281df9c8035c96b9b3ab9f8984c8f9cf6660e0cbb8001745b871af,en,ABSENT,"[""There is no fracture or bone contusion.""]","{""code"":""BONE"",""text"":""bone""}","{""grade"":""NONE"",""text"":""no fracture""}","""""",UNSPECIFIED,"{""class_absence_supported"":{""value"":true,""evidence"":[""There is no fracture or bone contusion.""]},""fracture_line_present"":{""value"":false,""evidence"":[""There is no fracture or bone contusion.""]},""acute_injury"":{""value"":null,""evidence"":[]},""procedure_only"":{""value"":null,""evidence"":[]}}",NO,NO,0.05,1.0,1,[],L1_REPORT_ONLY,OK
1.2.826.0.1.3680043.8.498.11282706861378379965012380644125662529,ACL,9b84079cdb32c3038678a3b76fe0ec88bf4b77fbfe1ce319a56234cd3c725926,ffb2e06eb08bbd77cc5bd2a684b15e2fa4e1bfc3023ce61c1a6ca3c57b6dc749,en,UNCERTAIN,"[""There is thickening hyperintense strands in the proximal to distal ACL."",""Probably intrasubstance partial tear ACL""]","{""code"":""ACL"",""text"":""proximal to distal ACL""}","{""grade"":""UNSPECIFIED"",""text"":""""}","""proximal to distal ACL""",UNSPECIFIED,"{""class_absence_supported"":{""value"":null,""evidence"":[]},""high_grade_tear"":{""value"":null,""evidence"":[]},""low_grade_only"":{""value"":null,""evidence"":[]},""postoperative_only"":{""value"":null,""evidence"":[]}}",UNKNOWN,UNKNOWN,,0.0,0,"[""llm_review:Partial tear is described as probable; high-grade involvement and timing are unspecified."",""uncertain_report""]",L1_REPORT_ONLY,OK
1.2.826.0.1.3680043.8.498.11282706861378379965012380644125662529,MCL,9b84079cdb32c3038678a3b76fe0ec88bf4b77fbfe1ce319a56234cd3c725926,ffb2e06eb08bbd77cc5bd2a684b15e2fa4e1bfc3023ce61c1a6ca3c57b6dc749,en,ABSENT,"[""MCL is intact.""]","{""code"":""MCL"",""text"":""MCL""}","{""grade"":""UNSPECIFIED"",""text"":""""}","""""",UNSPECIFIED,"{""class_absence_supported"":{""value"":true,""evidence"":[""MCL is intact.""]},""high_grade_tear"":{""value"":false,""evidence"":[""MCL is intact.""]},""acute_injury"":{""value"":null,""evidence"":[]},""low_grade_only"":{""value"":null,""evidence"":[]},""postoperative_only"":{""value"":null,""evidence"":[]}}",NO,NO,0.05,1.0,1,[],L1_REPORT_ONLY,OK
1.2.826.0.1.3680043.8.498.11282706861378379965012380644125662529,Medial Meniscus,9b84079cdb32c3038678a3b76fe0ec88bf4b77fbfe1ce319a56234cd3c725926,ffb2e06eb08bbd77cc5bd2a684b15e2fa4e1bfc3023ce61c1a6ca3c57b6dc749,en,UNCERTAIN,"[""Hyperintense along posterior meniscocapsular region is noted."",""Probably posterior meniscocapsular injury of the medial meniscus""]","{""code"":""MEDIAL_MENISCUS"",""text"":""posterior meniscocapsular injury of the medial meniscus""}","{""grade"":""UNSPECIFIED"",""text"":""""}","""posterior meniscocapsular region""",UNSPECIFIED,"{""class_absence_supported"":{""value"":null,""evidence"":[]},""definite_meniscal_tear"":{""value"":null,""evidence"":[]},""internal_degeneration_only"":{""value"":null,""evidence"":[]},""postoperative_only"":{""value"":null,""evidence"":[]}}",UNKNOWN,UNKNOWN,,0.0,0,"[""history_or_postoperative_scope_review"",""llm_review:Probable meniscocapsular injury does not establish a definite meniscal tear; severity and timing are unspecified."",""uncertain_report""]",L1_REPORT_ONLY,OK
1.2.826.0.1.3680043.8.498.11282706861378379965012380644125662529,Lateral Meniscus,9b84079cdb32c3038678a3b76fe0ec88bf4b77fbfe1ce319a56234cd3c725926,ffb2e06eb08bbd77cc5bd2a684b15e2fa4e1bfc3023ce61c1a6ca3c57b6dc749,en,ABSENT,"[""Lateral meniscus is not torn.""]","{""code"":""LATERAL_MENISCUS"",""text"":""Lateral meniscus""}","{""grade"":""UNSPECIFIED"",""text"":""""}","""""",UNSPECIFIED,"{""class_absence_supported"":{""value"":true,""evidence"":[""Lateral meniscus is not torn.""]},""definite_meniscal_tear"":{""value"":false,""evidence"":[""Lateral meniscus is not torn.""]},""internal_degeneration_only"":{""value"":null,""evidence"":[]},""postoperative_only"":{""value"":null,""evidence"":[]}}",NO,NO,0.05,1.0,1,[],L1_REPORT_ONLY,OK
1.2.826.0.1.3680043.8.498.11282706861378379965012380644125662529,Medial OA,9b84079cdb32c3038678a3b76fe0ec88bf4b77fbfe1ce319a56234cd3c725926,ffb2e06eb08bbd77cc5bd2a684b15e2fa4e1bfc3023ce61c1a6ca3c57b6dc749,en,NOT_MENTIONED,[],"{""code"":""UNKNOWN"",""text"":""""}","{""grade"":""UNSPECIFIED"",""text"":""""}","""""",UNSPECIFIED,"{""class_absence_supported"":{""value"":null,""evidence"":[]},""cartilage_loss_gt50pct"":{""value"":null,""evidence"":[]},""cartilage_extent_ge10mm"":{""value"":null,""evidence"":[]},""low_grade_only"":{""value"":null,""evidence"":[]}}",UNKNOWN,UNKNOWN,,0.0,0,[],L1_REPORT_ONLY,OK
1.2.826.0.1.3680043.8.498.11282706861378379965012380644125662529,Lateral OA,9b84079cdb32c3038678a3b76fe0ec88bf4b77fbfe1ce319a56234cd3c725926,ffb2e06eb08bbd77cc5bd2a684b15e2fa4e1bfc3023ce61c1a6ca3c57b6dc749,en,NOT_MENTIONED,[],"{""code"":""UNKNOWN"",""text"":""""}","{""grade"":""UNSPECIFIED"",""text"":""""}","""""",UNSPECIFIED,"{""class_absence_supported"":{""value"":null,""evidence"":[]},""cartilage_loss_gt50pct"":{""value"":null,""evidence"":[]},""cartilage_extent_ge10mm"":{""value"":null,""evidence"":[]},""low_grade_only"":{""value"":null,""evidence"":[]}}",UNKNOWN,UNKNOWN,,0.0,0,[],L1_REPORT_ONLY,OK
1.2.826.0.1.3680043.8.498.11282706861378379965012380644125662529,PF OA,9b84079cdb32c3038678a3b76fe0ec88bf4b77fbfe1ce319a56234cd3c725926,ffb2e06eb08bbd77cc5bd2a684b15e2fa4e1bfc3023ce61c1a6ca3c57b6dc749,en,ABSENT,"[""The PF joint and joint surface are preserved.""]","{""code"":""PATELLOFEMORAL"",""text"":""PF joint and joint surface""}","{""grade"":""UNSPECIFIED"",""text"":""""}","""""",UNSPECIFIED,"{""class_absence_supported"":{""value"":true,""evidence"":[""The PF joint and joint surface are preserved.""]},""cartilage_loss_gt50pct"":{""value"":false,""evidence"":[""The PF joint and joint surface are preserved.""]},""cartilage_extent_ge10mm"":{""value"":null,""evidence"":[]},""low_grade_only"":{""value"":null,""evidence"":[]}}",NO,NO,0.05,1.0,1,[],L1_REPORT_ONLY,OK
1.2.826.0.1.3680043.8.498.11282706861378379965012380644125662529,Effusion,9b84079cdb32c3038678a3b76fe0ec88bf4b77fbfe1ce319a56234cd3c725926,ffb2e06eb08bbd77cc5bd2a684b15e2fa4e1bfc3023ce61c1a6ca3c57b6dc749,en,PRESENT,"[""Minimal joint effusion is seen.""]","{""code"":""KNEE_JOINT"",""text"":""joint""}","{""grade"":""MILD"",""text"":""Minimal""}","""""",UNSPECIFIED,"{""class_absence_supported"":{""value"":null,""evidence"":[]},""joint_distension"":{""value"":null,""evidence"":[]},""low_grade_only"":{""value"":true,""evidence"":[""Minimal joint effusion is seen.""]}}",NO,NO,0.05,1.0,1,"[""explicit_subthreshold_or_alternative"",""llm_review:Minimal effusion is below the moderate/large threshold.""]",L1_REPORT_ONLY,OK
1.2.826.0.1.3680043.8.498.11282706861378379965012380644125662529,Synovitis,9b84079cdb32c3038678a3b76fe0ec88bf4b77fbfe1ce319a56234cd3c725926,ffb2e06eb08bbd77cc5bd2a684b15e2fa4e1bfc3023ce61c1a6ca3c57b6dc749,en,NOT_MENTIONED,[],"{""code"":""UNKNOWN"",""text"":""""}","{""grade"":""UNSPECIFIED"",""text"":""""}","""""",UNSPECIFIED,"{""class_absence_supported"":{""value"":null,""evidence"":[]},""direct_synovial_evidence"":{""value"":null,""evidence"":[]}}",UNKNOWN,UNKNOWN,,0.0,0,[],L1_REPORT_ONLY,OK
1.2.826.0.1.3680043.8.498.11282706861378379965012380644125662529,Baker's,9b84079cdb32c3038678a3b76fe0ec88bf4b77fbfe1ce319a56234cd3c725926,ffb2e06eb08bbd77cc5bd2a684b15e2fa4e1bfc3023ce61c1a6ca3c57b6dc749,en,NOT_MENTIONED,[],"{""code"":""UNKNOWN"",""text"":""""}","{""grade"":""UNSPECIFIED"",""text"":""""}","""""",UNSPECIFIED,"{""class_absence_supported"":{""value"":null,""evidence"":[]},""typical_baker_location"":{""value"":null,""evidence"":[]},""low_grade_only"":{""value"":null,""evidence"":[]}}",UNKNOWN,UNKNOWN,,0.0,0,[],L1_REPORT_ONLY,OK
1.2.826.0.1.3680043.8.498.11282706861378379965012380644125662529,Contusion,9b84079cdb32c3038678a3b76fe0ec88bf4b77fbfe1ce319a56234cd3c725926,ffb2e06eb08bbd77cc5bd2a684b15e2fa4e1bfc3023ce61c1a6ca3c57b6dc749,en,PRESENT,"[""Mild focal bone contusion at posterior lateral proximal tibia and mid lateral femoral condyle is noted."",""no definite fracture line noted.""]","{""code"":""BONE"",""text"":""posterior lateral proximal tibia and mid lateral femoral condyle""}","{""grade"":""MILD"",""text"":""Mild""}","""focal""",UNSPECIFIED,"{""class_absence_supported"":{""value"":null,""evidence"":[]},""traumatic_marrow_edema"":{""value"":true,""evidence"":[""Mild focal bone contusion at posterior lateral proximal tibia and mid lateral femoral condyle is noted.""]},""fracture_line_present"":{""value"":false,""evidence"":[""no definite fracture line noted.""]},""degenerative_only"":{""value"":false,""evidence"":[""Mild focal bone contusion at posterior lateral proximal tibia and mid lateral femoral condyle is noted.""]}}",YES,YES,0.95,1.0,1,"[""history_or_postoperative_scope_review"",""llm_review:Timing is unspecified."",""negation_scope_review"",""timing_or_trauma_review""]",L1_REPORT_ONLY,OK
1.2.826.0.1.3680043.8.498.11282706861378379965012380644125662529,Fracture,9b84079cdb32c3038678a3b76fe0ec88bf4b77fbfe1ce319a56234cd3c725926,ffb2e06eb08bbd77cc5bd2a684b15e2fa4e1bfc3023ce61c1a6ca3c57b6dc749,en,ABSENT,"[""no definite fracture line noted.""]","{""code"":""BONE"",""text"":""""}","{""grade"":""UNSPECIFIED"",""text"":""""}","""""",UNSPECIFIED,"{""class_absence_supported"":{""value"":true,""evidence"":[""no definite fracture line noted.""]},""fracture_line_present"":{""value"":false,""evidence"":[""no definite fracture line noted.""]},""acute_injury"":{""value"":null,""evidence"":[]},""procedure_only"":{""value"":null,""evidence"":[]}}",NO,NO,0.05,1.0,1,[],L1_REPORT_ONLY,OK
1.2.826.0.1.3680043.8.498.11345369648571407541082013397591193473,ACL,75ca6b52cb76f737c0d09cde0a3820d726927104d904a083c1bf3cfbd9165eab,c1e74ae9b86798804145ab685c50c5c9481cc4acb4de3cdbbf9bf1293dcc935f,en,ABSENT,"[""Intercondylar compartment (anterior and posterior cruciate ligaments):\nNormal.""]","{""code"":""ACL"",""text"":""anterior and posterior cruciate ligaments""}","{""grade"":""NONE"",""text"":""Normal.""}","""""",UNSPECIFIED,"{""class_absence_supported"":{""value"":true,""evidence"":[""Intercondylar compartment (anterior and posterior cruciate ligaments):\nNormal.""]},""high_grade_tear"":{""value"":false,""evidence"":[""Intercondylar compartment (anterior and posterior cruciate ligaments):\nNormal.""]},""low_grade_only"":{""value"":null,""evidence"":[]},""postoperative_only"":{""value"":null,""evidence"":[]}}",NO,NO,0.05,1.0,1,"[""history_or_postoperative_scope_review""]",L1_REPORT_ONLY,OK
1.2.826.0.1.3680043.8.498.11345369648571407541082013397591193473,MCL,75ca6b52cb76f737c0d09cde0a3820d726927104d904a083c1bf3cfbd9165eab,c1e74ae9b86798804145ab685c50c5c9481cc4acb4de3cdbbf9bf1293dcc935f,en,ABSENT,"[""The medial collateral ligament is intact.""]","{""code"":""MCL"",""text"":""medial collateral ligament""}","{""grade"":""NONE"",""text"":""intact""}","""""",UNSPECIFIED,"{""class_absence_supported"":{""value"":true,""evidence"":[""The medial collateral ligament is intact.""]},""high_grade_tear"":{""value"":false,""evidence"":[""The medial collateral ligament is intact.""]},""acute_injury"":{""value"":null,""evidence"":[]},""low_grade_only"":{""value"":null,""evidence"":[]},""postoperative_only"":{""value"":null,""evidence"":[]}}",NO,NO,0.05,1.0,1,[],L1_REPORT_ONLY,OK
1.2.826.0.1.3680043.8.498.11345369648571407541082013397591193473,Medial Meniscus,75ca6b52cb76f737c0d09cde0a3820d726927104d904a083c1bf3cfbd9165eab,c1e74ae9b86798804145ab685c50c5c9481cc4acb4de3cdbbf9bf1293dcc935f,en,PRESENT,"[""Multidirectional tear of the body of the medial meniscus with marked maceration of the meniscus and a flipped fragment of meniscus identified within the superior aspect of the medial joint recess."",""This represents an unstable medial meniscal tear.""]","{""code"":""MEDIAL_MENISCUS"",""text"":""body of the medial meniscus""}","{""grade"":""UNSPECIFIED"",""text"":""marked maceration""}","""a flipped fragment of meniscus identified within the superior aspect of the medial joint recess""",UNSPECIFIED,"{""class_absence_supported"":{""value"":null,""evidence"":[]},""definite_meniscal_tear"":{""value"":true,""evidence"":[""This represents an unstable medial meniscal tear.""]},""internal_degeneration_only"":{""value"":false,""evidence"":[""This represents an unstable medial meniscal tear.""]},""postoperative_only"":{""value"":null,""evidence"":[]}}",YES,YES,0.95,1.0,1,[],L1_REPORT_ONLY,OK
1.2.826.0.1.3680043.8.498.11345369648571407541082013397591193473,Lateral Meniscus,75ca6b52cb76f737c0d09cde0a3820d726927104d904a083c1bf3cfbd9165eab,c1e74ae9b86798804145ab685c50c5c9481cc4acb4de3cdbbf9bf1293dcc935f,en,PRESENT,"[""There is a focal small tear or defect involving the free edge of the junction of the body and anterior horn of the lateral meniscus."",""Focal small tear involving the free edge of the lateral meniscus."",""Unstable, undisplaced radial oblique tear involving the body and anterior horn of the lateral meniscus.""]","{""code"":""LATERAL_MENISCUS"",""text"":""body and anterior horn of the lateral meniscus""}","{""grade"":""UNSPECIFIED"",""text"":""""}","""free edge of the junction of the body and anterior horn of the lateral meniscus""",UNSPECIFIED,"{""class_absence_supported"":{""value"":null,""evidence"":[]},""definite_meniscal_tear"":{""value"":true,""evidence"":[""Unstable, undisplaced radial oblique tear involving the body and anterior horn of the lateral meniscus.""]},""internal_degeneration_only"":{""value"":false,""evidence"":[""Unstable, undisplaced radial oblique tear involving the body and anterior horn of the lateral meniscus.""]},""postoperative_only"":{""value"":null,""evidence"":[]}}",YES,YES,0.95,1.0,1,"[""llm_review:Findings describe a small free-edge tear or defect; the conclusion provides a definite tear diagnosis with additional morphology.""]",L1_REPORT_ONLY,OK
1.2.826.0.1.3680043.8.498.11345369648571407541082013397591193473,Medial OA,75ca6b52cb76f737c0d09cde0a3820d726927104d904a083c1bf3cfbd9165eab,c1e74ae9b86798804145ab685c50c5c9481cc4acb4de3cdbbf9bf1293dcc935f,en,PRESENT,"[""There is mild cartilage thinning and irregularity of the weightbearing surface of the medial femoral condyle.""]","{""code"":""MEDIAL_TIBIOFEMORAL"",""text"":""weightbearing surface of the medial femoral condyle""}","{""grade"":""MILD"",""text"":""mild cartilage thinning and irregularity""}","""""",UNSPECIFIED,"{""class_absence_supported"":{""value"":null,""evidence"":[]},""cartilage_loss_gt50pct"":{""value"":null,""evidence"":[]},""cartilage_extent_ge10mm"":{""value"":null,""evidence"":[]},""low_grade_only"":{""value"":true,""evidence"":[""There is mild cartilage thinning and irregularity of the weightbearing surface of the medial femoral condyle.""]}}",NO,NO,0.05,1.0,1,"[""explicit_subthreshold_or_alternative"",""llm_review:Only mild cartilage changes are reported; numerical depth and extent are unspecified.""]",L1_REPORT_ONLY,OK
1.2.826.0.1.3680043.8.498.11345369648571407541082013397591193473,Lateral OA,75ca6b52cb76f737c0d09cde0a3820d726927104d904a083c1bf3cfbd9165eab,c1e74ae9b86798804145ab685c50c5c9481cc4acb4de3cdbbf9bf1293dcc935f,en,ABSENT,"[""Lateral compartment (meniscus, collateral ligament complex, cartilage):"",""The articular cartilage appears unremarkable.""]","{""code"":""LATERAL_TIBIOFEMORAL"",""text"":""Lateral compartment""}","{""grade"":""NONE"",""text"":""unremarkable""}","""""",UNSPECIFIED,"{""class_absence_supported"":{""value"":true,""evidence"":[""Lateral compartment (meniscus, collateral ligament complex, cartilage):"",""The articular cartilage appears unremarkable.""]},""cartilage_loss_gt50pct"":{""value"":false,""evidence"":[""Lateral compartment (meniscus, collateral ligament complex, cartilage):"",""The articular cartilage appears unremarkable.""]},""cartilage_extent_ge10mm"":{""value"":null,""evidence"":[]},""low_grade_only"":{""value"":null,""evidence"":[]}}",NO,NO,0.05,1.0,1,[],L1_REPORT_ONLY,OK
1.2.826.0.1.3680043.8.498.11345369648571407541082013397591193473,PF OA,75ca6b52cb76f737c0d09cde0a3820d726927104d904a083c1bf3cfbd9165eab,c1e74ae9b86798804145ab685c50c5c9481cc4acb4de3cdbbf9bf1293dcc935f,en,PRESENT,"[""Severe chondropathy of the median ridge and medial facet of the patella, with associated subchondral focal bone marrow reactive signal intensity change."",""There is mild thinning of the central trochlear articular cartilage without any bone changes.""]","{""code"":""PATELLOFEMORAL"",""text"":""median ridge and medial facet of the patella""}","{""grade"":""SEVERE"",""text"":""Severe chondropathy""}","""""",UNSPECIFIED,"{""class_absence_supported"":{""value"":null,""evidence"":[]},""cartilage_loss_gt50pct"":{""value"":null,""evidence"":[]},""cartilage_extent_ge10mm"":{""value"":null,""evidence"":[]},""low_grade_only"":{""value"":false,""evidence"":[""Severe chondropathy of the median ridge and medial facet of the patella, with associated subchondral focal bone marrow reactive signal intensity change.""]}}",UNKNOWN,UNKNOWN,,0.0,0,"[""criteria_anatomy_severity_extent_or_timing_insufficient"",""llm_review:Cartilage lesion extent is not quantified."",""llm_review:Severe chondropathy does not establish a specific percentage of cartilage loss."",""negation_scope_review""]",L1_REPORT_ONLY,OK
1.2.826.0.1.3680043.8.498.11345369648571407541082013397591193473,Effusion,75ca6b52cb76f737c0d09cde0a3820d726927104d904a083c1bf3cfbd9165eab,c1e74ae9b86798804145ab685c50c5c9481cc4acb4de3cdbbf9bf1293dcc935f,en,PRESENT,"[""Moderate right knee joint effusion.""]","{""code"":""KNEE_JOINT"",""text"":""right knee joint""}","{""grade"":""MODERATE"",""text"":""Moderate""}","""""",UNSPECIFIED,"{""class_absence_supported"":{""value"":null,""evidence"":[]},""joint_distension"":{""value"":null,""evidence"":[]},""low_grade_only"":{""value"":false,""evidence"":[""Moderate right knee joint effusion.""]}}",UNKNOWN,UNKNOWN,,0.0,0,"[""criteria_anatomy_severity_extent_or_timing_insufficient"",""llm_review:Moderate intra-articular effusion is explicit, but joint distension is not described.""]",L1_REPORT_ONLY,OK
1.2.826.0.1.3680043.8.498.11345369648571407541082013397591193473,Synovitis,75ca6b52cb76f737c0d09cde0a3820d726927104d904a083c1bf3cfbd9165eab,c1e74ae9b86798804145ab685c50c5c9481cc4acb4de3cdbbf9bf1293dcc935f,en,NOT_MENTIONED,[],"{""code"":""UNKNOWN"",""text"":""""}","{""grade"":""UNSPECIFIED"",""text"":""""}","""""",UNSPECIFIED,"{""class_absence_supported"":{""value"":null,""evidence"":[]},""direct_synovial_evidence"":{""value"":null,""evidence"":[]}}",UNKNOWN,UNKNOWN,,0.0,0,[],L1_REPORT_ONLY,OK
1.2.826.0.1.3680043.8.498.11345369648571407541082013397591193473,Baker's,75ca6b52cb76f737c0d09cde0a3820d726927104d904a083c1bf3cfbd9165eab,c1e74ae9b86798804145ab685c50c5c9481cc4acb4de3cdbbf9bf1293dcc935f,en,ABSENT,"[""No popliteal cyst.""]","{""code"":""POSTEROMEDIAL_POPLITEAL"",""text"":""popliteal""}","{""grade"":""NONE"",""text"":""No popliteal cyst.""}","""""",UNSPECIFIED,"{""class_absence_supported"":{""value"":true,""evidence"":[""No popliteal cyst.""]},""typical_baker_location"":{""value"":null,""evidence"":[]},""low_grade_only"":{""value"":null,""evidence"":[]}}",NO,NO,0.05,1.0,1,[],L1_REPORT_ONLY,OK
1.2.826.0.1.3680043.8.498.11345369648571407541082013397591193473,Contusion,75ca6b52cb76f737c0d09cde0a3820d726927104d904a083c1bf3cfbd9165eab,c1e74ae9b86798804145ab685c50c5c9481cc4acb4de3cdbbf9bf1293dcc935f,en,NOT_MENTIONED,[],"{""code"":""UNKNOWN"",""text"":""""}","{""grade"":""UNSPECIFIED"",""text"":""""}","""""",UNSPECIFIED,"{""class_absence_supported"":{""value"":null,""evidence"":[]},""traumatic_marrow_edema"":{""value"":null,""evidence"":[]},""fracture_line_present"":{""value"":null,""evidence"":[]},""degenerative_only"":{""value"":null,""evidence"":[]}}",UNKNOWN,UNKNOWN,,0.0,0,"[""llm_review:Patellar subchondral reactive marrow signal is associated with chondropathy; it does not establish traumatic contusion.""]",L1_REPORT_ONLY,OK
1.2.826.0.1.3680043.8.498.11345369648571407541082013397591193473,Fracture,75ca6b52cb76f737c0d09cde0a3820d726927104d904a083c1bf3cfbd9165eab,c1e74ae9b86798804145ab685c50c5c9481cc4acb4de3cdbbf9bf1293dcc935f,en,NOT_MENTIONED,[],"{""code"":""UNKNOWN"",""text"":""""}","{""grade"":""UNSPECIFIED"",""text"":""""}","""""",UNSPECIFIED,"{""class_absence_supported"":{""value"":null,""evidence"":[]},""fracture_line_present"":{""value"":null,""evidence"":[]},""acute_injury"":{""value"":null,""evidence"":[]},""procedure_only"":{""value"":null,""evidence"":[]}}",UNKNOWN,UNKNOWN,,0.0,0,[],L1_REPORT_ONLY,OK
1.2.826.0.1.3680043.8.498.11440217845998767853986099058965644463,ACL,1e86d4b01c6376b7af3e6b10d2156080d496e8026da1da1e18dd48e628bd53f2,f24f1574afc1dfbe3b755df96d89eef927d70a5c2a47994f4b7113393aa86e14,hr_sr_bs,ABSENT,"[""Prednji križni ligament se prati u kontinuitetu, bez znakova rupture, održane napetosti.""]","{""code"":""ACL"",""text"":""Prednji križni ligament""}","{""grade"":""NONE"",""text"":""bez znakova rupture""}","""""",UNSPECIFIED,"{""class_absence_supported"":{""value"":true,""evidence"":[""Prednji križni ligament se prati u kontinuitetu, bez znakova rupture, održane napetosti.""]},""high_grade_tear"":{""value"":false,""evidence"":[""Prednji križni ligament se prati u kontinuitetu, bez znakova rupture, održane napetosti.""]},""low_grade_only"":{""value"":null,""evidence"":[]},""postoperative_only"":{""value"":null,""evidence"":[]}}",NO,NO,0.05,1.0,1,[],L1_REPORT_ONLY,OK
1.2.826.0.1.3680043.8.498.11440217845998767853986099058965644463,MCL,1e86d4b01c6376b7af3e6b10d2156080d496e8026da1da1e18dd48e628bd53f2,f24f1574afc1dfbe3b755df96d89eef927d70a5c2a47994f4b7113393aa86e14,hr_sr_bs,PRESENT,"[""Medijalni kolateralni ligament je smanjene napetosti i izmjenjenog intenziteta signala pri\nfemoralnom hvatištu u smislu parcijalne rupture uz vidjiv formirani manji kalcifikat.""]","{""code"":""MCL"",""text"":""Medijalni kolateralni ligament""}","{""grade"":""UNSPECIFIED"",""text"":""parcijalne rupture""}","""pri\nfemoralnom hvatištu""",UNSPECIFIED,"{""class_absence_supported"":{""value"":null,""evidence"":[]},""high_grade_tear"":{""value"":null,""evidence"":[]},""acute_injury"":{""value"":null,""evidence"":[]},""low_grade_only"":{""value"":null,""evidence"":[]},""postoperative_only"":{""value"":null,""evidence"":[]}}",UNKNOWN,UNKNOWN,,0.0,0,"[""criteria_anatomy_severity_extent_or_timing_insufficient"",""llm_review:Associated calcification is described; it does not establish injury age."",""llm_review:Partial tear is described without a high-grade designation or explicit acute timing."",""timing_or_trauma_review""]",L1_REPORT_ONLY,OK
1.2.826.0.1.3680043.8.498.11440217845998767853986099058965644463,Medial Meniscus,1e86d4b01c6376b7af3e6b10d2156080d496e8026da1da1e18dd48e628bd53f2,f24f1574afc1dfbe3b755df96d89eef927d70a5c2a47994f4b7113393aa86e14,hr_sr_bs,PRESENT,"[""Kompleksna ruptura medijalnog mensika na prijelazu prednjeg roga u korupus, seže do obje\nartikulacijske povrišne uz vidljiv veći radijalni defekt meniska."",""Ekstruzija meniska van zglobne\npovršine za do 3mm.""]","{""code"":""MEDIAL_MENISCUS"",""text"":""medijalnog mensika""}","{""grade"":""UNSPECIFIED"",""text"":""""}","""na prijelazu prednjeg roga u korupus""",UNSPECIFIED,"{""class_absence_supported"":{""value"":null,""evidence"":[]},""definite_meniscal_tear"":{""value"":true,""evidence"":[""Kompleksna ruptura medijalnog mensika na prijelazu prednjeg roga u korupus, seže do obje\nartikulacijske povrišne uz vidljiv veći radijalni defekt meniska.""]},""internal_degeneration_only"":{""value"":false,""evidence"":[""Kompleksna ruptura medijalnog mensika na prijelazu prednjeg roga u korupus, seže do obje\nartikulacijske povrišne uz vidljiv veći radijalni defekt meniska.""]},""postoperative_only"":{""value"":null,""evidence"":[]}}",YES,YES,0.95,1.0,1,[],L1_REPORT_ONLY,OK
1.2.826.0.1.3680043.8.498.11440217845998767853986099058965644463,Lateral Meniscus,1e86d4b01c6376b7af3e6b10d2156080d496e8026da1da1e18dd48e628bd53f2,f24f1574afc1dfbe3b755df96d89eef927d70a5c2a47994f4b7113393aa86e14,hr_sr_bs,PRESENT,"[""Kompleksna ruptura prijelaza korupusa u stražnji rog lateralnog meniska koja seže u obje\nartikualcijske površine."",""Degenerativne promjene meniska.""]","{""code"":""LATERAL_MENISCUS"",""text"":""lateralnog meniska""}","{""grade"":""UNSPECIFIED"",""text"":""""}","""prijelaza korupusa u stražnji rog""",UNSPECIFIED,"{""class_absence_supported"":{""value"":null,""evidence"":[]},""definite_meniscal_tear"":{""value"":true,""evidence"":[""Kompleksna ruptura prijelaza korupusa u stražnji rog lateralnog meniska koja seže u obje\nartikualcijske površine.""]},""internal_degeneration_only"":{""value"":false,""evidence"":[""Kompleksna ruptura prijelaza korupusa u stražnji rog lateralnog meniska koja seže u obje\nartikualcijske površine.""]},""postoperative_only"":{""value"":null,""evidence"":[]}}",YES,YES,0.95,1.0,1,[],L1_REPORT_ONLY,OK
1.2.826.0.1.3680043.8.498.11440217845998767853986099058965644463,Medial OA,1e86d4b01c6376b7af3e6b10d2156080d496e8026da1da1e18dd48e628bd53f2,f24f1574afc1dfbe3b755df96d89eef927d70a5c2a47994f4b7113393aa86e14,hr_sr_bs,PRESENT,"[""Obostrano hondromalacija IV. femoralnih kondila\nuz manje zone priležećeg koštanog edema."",""Obostrano OA promjene FT""]","{""code"":""MEDIAL_TIBIOFEMORAL"",""text"":""Obostrano OA promjene FT""}","{""grade"":""UNSPECIFIED"",""text"":""hondromalacija IV.""}","""""",UNSPECIFIED,"{""class_absence_supported"":{""value"":null,""evidence"":[]},""cartilage_loss_gt50pct"":{""value"":null,""evidence"":[]},""cartilage_extent_ge10mm"":{""value"":null,""evidence"":[]},""low_grade_only"":{""value"":null,""evidence"":[]}}",UNKNOWN,UNKNOWN,,0.0,0,"[""criteria_anatomy_severity_extent_or_timing_insufficient"",""llm_review:Both femoral condyles and both FT compartments are described; compartment-specific lesion extent is missing."",""llm_review:The 7 x5mm measurement describes an intercondylar osteochondral lesion/subchondral cyst and cannot establish medial cartilage extent."",""llm_review:The cartilage grading convention is unspecified, so grade IV alone does not establish the required depth threshold.""]",L1_REPORT_ONLY,OK
1.2.826.0.1.3680043.8.498.11440217845998767853986099058965644463,Lateral OA,1e86d4b01c6376b7af3e6b10d2156080d496e8026da1da1e18dd48e628bd53f2,f24f1574afc1dfbe3b755df96d89eef927d70a5c2a47994f4b7113393aa86e14,hr_sr_bs,PRESENT,"[""Hondromalacija III° lateralnog tibijalnog platoa."",""Obostrano hondromalacija IV. femoralnih kondila\nuz manje zone priležećeg koštanog edema."",""Obostrano OA promjene FT""]","{""code"":""LATERAL_TIBIOFEMORAL"",""text"":""lateralnog tibijalnog platoa""}","{""grade"":""UNSPECIFIED"",""text"":""Hondromalacija III° lateralnog tibijalnog platoa.""}","""""",UNSPECIFIED,"{""class_absence_supported"":{""value"":null,""evidence"":[]},""cartilage_loss_gt50pct"":{""value"":null,""evidence"":[]},""cartilage_extent_ge10mm"":{""value"":null,""evidence"":[]},""low_grade_only"":{""value"":null,""evidence"":[]}}",UNKNOWN,UNKNOWN,,0.0,0,"[""criteria_anatomy_severity_extent_or_timing_insufficient"",""llm_review:Lateral cartilage lesion extent is not reported."",""llm_review:The cartilage grading convention is unspecified, so grades III/IV alone do not establish the required depth threshold.""]",L1_REPORT_ONLY,OK
1.2.826.0.1.3680043.8.498.11440217845998767853986099058965644463,PF OA,1e86d4b01c6376b7af3e6b10d2156080d496e8026da1da1e18dd48e628bd53f2,f24f1574afc1dfbe3b755df96d89eef927d70a5c2a47994f4b7113393aa86e14,hr_sr_bs,PRESENT,"[""Stanjenje patelarne i trohlearne hrskavice uz vidljivu hondromalaciju II° trohlearne hrskavice."",""početne OA promjene FP zgloba.""]","{""code"":""PATELLOFEMORAL"",""text"":""patelarne i trohlearne hrskavice""}","{""grade"":""MILD"",""text"":""početne OA promjene""}","""""",UNSPECIFIED,"{""class_absence_supported"":{""value"":null,""evidence"":[]},""cartilage_loss_gt50pct"":{""value"":null,""evidence"":[]},""cartilage_extent_ge10mm"":{""value"":null,""evidence"":[]},""low_grade_only"":{""value"":null,""evidence"":[]}}",UNKNOWN,UNKNOWN,,0.0,0,"[""criteria_anatomy_severity_extent_or_timing_insufficient"",""llm_review:Early PF OA and cartilage thinning are reported without quantified thickness loss or lesion extent."",""llm_review:The grading convention for trochlear grade II chondromalacia is unspecified.""]",L1_REPORT_ONLY,OK
1.2.826.0.1.3680043.8.498.11440217845998767853986099058965644463,Effusion,1e86d4b01c6376b7af3e6b10d2156080d496e8026da1da1e18dd48e628bd53f2,f24f1574afc1dfbe3b755df96d89eef927d70a5c2a47994f4b7113393aa86e14,hr_sr_bs,PRESENT,"[""Umjereni Izljev u koljenu.""]","{""code"":""KNEE_JOINT"",""text"":""u koljenu""}","{""grade"":""MODERATE"",""text"":""Umjereni""}","""""",UNSPECIFIED,"{""class_absence_supported"":{""value"":null,""evidence"":[]},""joint_distension"":{""value"":null,""evidence"":[]},""low_grade_only"":{""value"":false,""evidence"":[""Umjereni Izljev u koljenu.""]}}",UNKNOWN,UNKNOWN,,0.0,0,"[""criteria_anatomy_severity_extent_or_timing_insufficient"",""llm_review:Moderate knee effusion is explicit; joint distension is not explicitly described.""]",L1_REPORT_ONLY,OK
1.2.826.0.1.3680043.8.498.11440217845998767853986099058965644463,Synovitis,1e86d4b01c6376b7af3e6b10d2156080d496e8026da1da1e18dd48e628bd53f2,f24f1574afc1dfbe3b755df96d89eef927d70a5c2a47994f4b7113393aa86e14,hr_sr_bs,PRESENT,"[""Sinovitis medijalnog kompartmenta FT zgloba.""]","{""code"":""KNEE_SYNOVIUM"",""text"":""medijalnog kompartmenta FT zgloba""}","{""grade"":""UNSPECIFIED"",""text"":""""}","""medijalnog kompartmenta FT zgloba""",UNSPECIFIED,"{""class_absence_supported"":{""value"":null,""evidence"":[]},""direct_synovial_evidence"":{""value"":true,""evidence"":[""Sinovitis medijalnog kompartmenta FT zgloba.""]}}",YES,YES,0.95,1.0,1,[],L1_REPORT_ONLY,OK
1.2.826.0.1.3680043.8.498.11440217845998767853986099058965644463,Baker's,1e86d4b01c6376b7af3e6b10d2156080d496e8026da1da1e18dd48e628bd53f2,f24f1574afc1dfbe3b755df96d89eef927d70a5c2a47994f4b7113393aa86e14,hr_sr_bs,PRESENT,"[""Kolabirana poplitealna cista veličine 21x9mm.""]","{""code"":""POSTEROMEDIAL_POPLITEAL"",""text"":""poplitealna cista""}","{""grade"":""UNSPECIFIED"",""text"":""""}","""21x9mm""",UNSPECIFIED,"{""class_absence_supported"":{""value"":null,""evidence"":[]},""typical_baker_location"":{""value"":true,""evidence"":[""Kolabirana poplitealna cista veličine 21x9mm.""]},""low_grade_only"":{""value"":null,""evidence"":[]}}",UNKNOWN,UNKNOWN,,0.0,0,"[""criteria_anatomy_severity_extent_or_timing_insufficient"",""llm_review:A collapsed popliteal cyst is reported with dimensions, but moderate/large severity is not established.""]",L1_REPORT_ONLY,OK
1.2.826.0.1.3680043.8.498.11440217845998767853986099058965644463,Contusion,1e86d4b01c6376b7af3e6b10d2156080d496e8026da1da1e18dd48e628bd53f2,f24f1574afc1dfbe3b755df96d89eef927d70a5c2a47994f4b7113393aa86e14,hr_sr_bs,UNCERTAIN,"[""Koštani edem medijalnog tibijalnog platoa s medijalne strane."",""Obostrano hondromalacija IV. femoralnih kondila\nuz manje zone priležećeg koštanog edema.""]","{""code"":""BONE"",""text"":""medijalnog tibijalnog platoa""}","{""grade"":""UNSPECIFIED"",""text"":""""}","""s medijalne strane""",UNSPECIFIED,"{""class_absence_supported"":{""value"":null,""evidence"":[]},""traumatic_marrow_edema"":{""value"":null,""evidence"":[]},""fracture_line_present"":{""value"":null,""evidence"":[]},""degenerative_only"":{""value"":null,""evidence"":[]}}",UNKNOWN,UNKNOWN,,0.0,0,"[""llm_review:Femoral condylar edema accompanies chondromalacia; it does not establish a traumatic contusion."",""llm_review:Femoral metaphyseal signal is explicitly attributed to red marrow reconversion."",""llm_review:Medial tibial plateau marrow edema has no specified traumatic cause or timing, and fracture-line status is not reported."",""uncertain_report""]",L1_REPORT_ONLY,OK
1.2.826.0.1.3680043.8.498.11440217845998767853986099058965644463,Fracture,1e86d4b01c6376b7af3e6b10d2156080d496e8026da1da1e18dd48e628bd53f2,f24f1574afc1dfbe3b755df96d89eef927d70a5c2a47994f4b7113393aa86e14,hr_sr_bs,NOT_MENTIONED,[],"{""code"":""UNKNOWN"",""text"":""""}","{""grade"":""UNSPECIFIED"",""text"":""""}","""""",UNSPECIFIED,"{""class_absence_supported"":{""value"":null,""evidence"":[]},""fracture_line_present"":{""value"":null,""evidence"":[]},""acute_injury"":{""value"":null,""evidence"":[]},""procedure_only"":{""value"":null,""evidence"":[]}}",UNKNOWN,UNKNOWN,,0.0,0,[],L1_REPORT_ONLY,OK
1.2.826.0.1.3680043.8.498.11498239309891927151456629915927889165,ACL,831f069954868964dc2aab96042dc6d940ff8bf3ce13ccfb85c4a3d96121aed0,87a1cc64d07f453e54bbafd7d035b1e3275278432494dc994500140f4dbed905,nl,ABSENT,"[""Intacte voorste kruisband.""]","{""code"":""ACL"",""text"":""voorste kruisband""}","{""grade"":""NONE"",""text"":""Intacte""}","""""",UNSPECIFIED,"{""class_absence_supported"":{""value"":true,""evidence"":[""Intacte voorste kruisband.""]},""high_grade_tear"":{""value"":false,""evidence"":[""Intacte voorste kruisband.""]},""low_grade_only"":{""value"":null,""evidence"":[]},""postoperative_only"":{""value"":null,""evidence"":[]}}",NO,NO,0.05,1.0,1,[],L1_REPORT_ONLY,OK
1.2.826.0.1.3680043.8.498.11498239309891927151456629915927889165,MCL,831f069954868964dc2aab96042dc6d940ff8bf3ce13ccfb85c4a3d96121aed0,87a1cc64d07f453e54bbafd7d035b1e3275278432494dc994500140f4dbed905,nl,ABSENT,"[""Intact mediaal collateraal ligament.""]","{""code"":""MCL"",""text"":""mediaal collateraal ligament""}","{""grade"":""NONE"",""text"":""Intact""}","""""",UNSPECIFIED,"{""class_absence_supported"":{""value"":true,""evidence"":[""Intact mediaal collateraal ligament.""]},""high_grade_tear"":{""value"":false,""evidence"":[""Intact mediaal collateraal ligament.""]},""acute_injury"":{""value"":null,""evidence"":[]},""low_grade_only"":{""value"":null,""evidence"":[]},""postoperative_only"":{""value"":null,""evidence"":[]}}",NO,NO,0.05,1.0,1,[],L1_REPORT_ONLY,OK
1.2.826.0.1.3680043.8.498.11498239309891927151456629915927889165,Medial Meniscus,831f069954868964dc2aab96042dc6d940ff8bf3ce13ccfb85c4a3d96121aed0,87a1cc64d07f453e54bbafd7d035b1e3275278432494dc994500140f4dbed905,nl,ABSENT,"[""Intacte mediale meniscus.""]","{""code"":""MEDIAL_MENISCUS"",""text"":""mediale meniscus""}","{""grade"":""NONE"",""text"":""Intacte""}","""""",UNSPECIFIED,"{""class_absence_supported"":{""value"":true,""evidence"":[""Intacte mediale meniscus.""]},""definite_meniscal_tear"":{""value"":false,""evidence"":[""Intacte mediale meniscus.""]},""internal_degeneration_only"":{""value"":null,""evidence"":[]},""postoperative_only"":{""value"":null,""evidence"":[]}}",NO,NO,0.05,1.0,1,[],L1_REPORT_ONLY,OK
1.2.826.0.1.3680043.8.498.11498239309891927151456629915927889165,Lateral Meniscus,831f069954868964dc2aab96042dc6d940ff8bf3ce13ccfb85c4a3d96121aed0,87a1cc64d07f453e54bbafd7d035b1e3275278432494dc994500140f4dbed905,nl,ABSENT,"[""Intacte laterale meniscus.""]","{""code"":""LATERAL_MENISCUS"",""text"":""laterale meniscus""}","{""grade"":""NONE"",""text"":""Intacte""}","""""",UNSPECIFIED,"{""class_absence_supported"":{""value"":true,""evidence"":[""Intacte laterale meniscus.""]},""definite_meniscal_tear"":{""value"":false,""evidence"":[""Intacte laterale meniscus.""]},""internal_degeneration_only"":{""value"":null,""evidence"":[]},""postoperative_only"":{""value"":null,""evidence"":[]}}",NO,NO,0.05,1.0,1,[],L1_REPORT_ONLY,OK
1.2.826.0.1.3680043.8.498.11498239309891927151456629915927889165,Medial OA,831f069954868964dc2aab96042dc6d940ff8bf3ce13ccfb85c4a3d96121aed0,87a1cc64d07f453e54bbafd7d035b1e3275278432494dc994500140f4dbed905,nl,ABSENT,"[""Geen majeure kraakbeendefecten mediaal en lateraal femorotibiaal.""]","{""code"":""MEDIAL_TIBIOFEMORAL"",""text"":""mediaal en lateraal femorotibiaal""}","{""grade"":""UNSPECIFIED"",""text"":""""}","""""",UNSPECIFIED,"{""class_absence_supported"":{""value"":null,""evidence"":[]},""cartilage_loss_gt50pct"":{""value"":null,""evidence"":[]},""cartilage_extent_ge10mm"":{""value"":null,""evidence"":[]},""low_grade_only"":{""value"":null,""evidence"":[]}}",UNKNOWN,UNKNOWN,,0.0,0,"[""llm_review:The negative is limited to major cartilage defects; cartilage loss depth and extent are unspecified, so qualifying disease is not fully excluded."",""negative_scope_insufficient""]",L1_REPORT_ONLY,OK
1.2.826.0.1.3680043.8.498.11498239309891927151456629915927889165,Lateral OA,831f069954868964dc2aab96042dc6d940ff8bf3ce13ccfb85c4a3d96121aed0,87a1cc64d07f453e54bbafd7d035b1e3275278432494dc994500140f4dbed905,nl,ABSENT,"[""Geen majeure kraakbeendefecten mediaal en lateraal femorotibiaal.""]","{""code"":""LATERAL_TIBIOFEMORAL"",""text"":""mediaal en lateraal femorotibiaal""}","{""grade"":""UNSPECIFIED"",""text"":""""}","""""",UNSPECIFIED,"{""class_absence_supported"":{""value"":null,""evidence"":[]},""cartilage_loss_gt50pct"":{""value"":null,""evidence"":[]},""cartilage_extent_ge10mm"":{""value"":null,""evidence"":[]},""low_grade_only"":{""value"":null,""evidence"":[]}}",UNKNOWN,UNKNOWN,,0.0,0,"[""llm_review:The negative is limited to major cartilage defects; cartilage loss depth and extent are unspecified, so qualifying disease is not fully excluded."",""negative_scope_insufficient""]",L1_REPORT_ONLY,OK
1.2.826.0.1.3680043.8.498.11498239309891927151456629915927889165,PF OA,831f069954868964dc2aab96042dc6d940ff8bf3ce13ccfb85c4a3d96121aed0,87a1cc64d07f453e54bbafd7d035b1e3275278432494dc994500140f4dbed905,nl,ABSENT,"[""Geen majeure kraakbeendefecten patellofemoraal.""]","{""code"":""PATELLOFEMORAL"",""text"":""patellofemoraal""}","{""grade"":""UNSPECIFIED"",""text"":""""}","""""",UNSPECIFIED,"{""class_absence_supported"":{""value"":null,""evidence"":[]},""cartilage_loss_gt50pct"":{""value"":null,""evidence"":[]},""cartilage_extent_ge10mm"":{""value"":null,""evidence"":[]},""low_grade_only"":{""value"":null,""evidence"":[]}}",UNKNOWN,UNKNOWN,,0.0,0,"[""llm_review:The negative is limited to major cartilage defects; cartilage loss depth and extent are unspecified, so qualifying disease is not fully excluded."",""negative_scope_insufficient""]",L1_REPORT_ONLY,OK
1.2.826.0.1.3680043.8.498.11498239309891927151456629915927889165,Effusion,831f069954868964dc2aab96042dc6d940ff8bf3ce13ccfb85c4a3d96121aed0,87a1cc64d07f453e54bbafd7d035b1e3275278432494dc994500140f4dbed905,nl,ABSENT,"[""Geen significante hydrops.""]","{""code"":""KNEE_JOINT"",""text"":""hydrops""}","{""grade"":""UNSPECIFIED"",""text"":""""}","""""",UNSPECIFIED,"{""class_absence_supported"":{""value"":true,""evidence"":[""Geen significante hydrops.""]},""joint_distension"":{""value"":null,""evidence"":[]},""low_grade_only"":{""value"":null,""evidence"":[]}}",NO,NO,0.05,1.0,1,[],L1_REPORT_ONLY,OK
1.2.826.0.1.3680043.8.498.11498239309891927151456629915927889165,Synovitis,831f069954868964dc2aab96042dc6d940ff8bf3ce13ccfb85c4a3d96121aed0,87a1cc64d07f453e54bbafd7d035b1e3275278432494dc994500140f4dbed905,nl,NOT_MENTIONED,[],"{""code"":""UNKNOWN"",""text"":""""}","{""grade"":""UNSPECIFIED"",""text"":""""}","""""",UNSPECIFIED,"{""class_absence_supported"":{""value"":null,""evidence"":[]},""direct_synovial_evidence"":{""value"":null,""evidence"":[]}}",UNKNOWN,UNKNOWN,,0.0,0,[],L1_REPORT_ONLY,OK
1.2.826.0.1.3680043.8.498.11498239309891927151456629915927889165,Baker's,831f069954868964dc2aab96042dc6d940ff8bf3ce13ccfb85c4a3d96121aed0,87a1cc64d07f453e54bbafd7d035b1e3275278432494dc994500140f4dbed905,nl,NOT_MENTIONED,[],"{""code"":""UNKNOWN"",""text"":""""}","{""grade"":""UNSPECIFIED"",""text"":""""}","""""",UNSPECIFIED,"{""class_absence_supported"":{""value"":null,""evidence"":[]},""typical_baker_location"":{""value"":null,""evidence"":[]},""low_grade_only"":{""value"":null,""evidence"":[]}}",UNKNOWN,UNKNOWN,,0.0,0,[],L1_REPORT_ONLY,OK
1.2.826.0.1.3680043.8.498.11498239309891927151456629915927889165,Contusion,831f069954868964dc2aab96042dc6d940ff8bf3ce13ccfb85c4a3d96121aed0,87a1cc64d07f453e54bbafd7d035b1e3275278432494dc994500140f4dbed905,nl,ABSENT,"[""Geen botoedeem.""]","{""code"":""BONE"",""text"":""botoedeem""}","{""grade"":""NONE"",""text"":""Geen botoedeem.""}","""""",UNSPECIFIED,"{""class_absence_supported"":{""value"":true,""evidence"":[""Geen botoedeem.""]},""traumatic_marrow_edema"":{""value"":false,""evidence"":[""Geen botoedeem.""]},""fracture_line_present"":{""value"":null,""evidence"":[]},""degenerative_only"":{""value"":null,""evidence"":[]}}",NO,NO,0.05,1.0,1,[],L1_REPORT_ONLY,OK
1.2.826.0.1.3680043.8.498.11498239309891927151456629915927889165,Fracture,831f069954868964dc2aab96042dc6d940ff8bf3ce13ccfb85c4a3d96121aed0,87a1cc64d07f453e54bbafd7d035b1e3275278432494dc994500140f4dbed905,nl,NOT_MENTIONED,[],"{""code"":""UNKNOWN"",""text"":""""}","{""grade"":""UNSPECIFIED"",""text"":""""}","""""",UNSPECIFIED,"{""class_absence_supported"":{""value"":null,""evidence"":[]},""fracture_line_present"":{""value"":null,""evidence"":[]},""acute_injury"":{""value"":null,""evidence"":[]},""procedure_only"":{""value"":null,""evidence"":[]}}",UNKNOWN,UNKNOWN,,0.0,0,[],L1_REPORT_ONLY,OK
1.2.826.0.1.3680043.8.498.11569601172991867969672947467467392425,ACL,1c90d60254eb53fd47f5fd9e9604313b0008a14fdc0d02c6f2ce1c95af826ba8,e1cd5fb931de3c96b0948745d79653f901ac27425870880c955e6a8f8088fca1,en,ABSENT,"[""Anterior cruciate ligament (ACL): Normal with both bundles intact.""]","{""code"":""ACL"",""text"":""Anterior cruciate ligament (ACL)""}","{""grade"":""NONE"",""text"":""Normal with both bundles intact.""}","""""",UNSPECIFIED,"{""class_absence_supported"":{""value"":true,""evidence"":[""Anterior cruciate ligament (ACL): Normal with both bundles intact.""]},""high_grade_tear"":{""value"":false,""evidence"":[""Anterior cruciate ligament (ACL): Normal with both bundles intact.""]},""low_grade_only"":{""value"":null,""evidence"":[]},""postoperative_only"":{""value"":null,""evidence"":[]}}",NO,NO,0.05,1.0,1,[],L1_REPORT_ONLY,OK
1.2.826.0.1.3680043.8.498.11569601172991867969672947467467392425,MCL,1c90d60254eb53fd47f5fd9e9604313b0008a14fdc0d02c6f2ce1c95af826ba8,e1cd5fb931de3c96b0948745d79653f901ac27425870880c955e6a8f8088fca1,en,PRESENT,"[""Mild to moderate sprain of the medial collateral ligament with focal thickening and heterogeneous signal intensity at the proximal fibers, and edema surrounding the mid to distal fibers.""]","{""code"":""MCL"",""text"":""medial collateral ligament""}","{""grade"":""UNSPECIFIED"",""text"":""Mild to moderate sprain""}","""at the proximal fibers, and edema surrounding the mid to distal fibers""",UNSPECIFIED,"{""class_absence_supported"":{""value"":null,""evidence"":[]},""high_grade_tear"":{""value"":null,""evidence"":[]},""acute_injury"":{""value"":null,""evidence"":[]},""low_grade_only"":{""value"":true,""evidence"":[""Mild to moderate sprain of the medial collateral ligament""]},""postoperative_only"":{""value"":null,""evidence"":[]}}",NO,NO,0.05,1.0,1,"[""explicit_subthreshold_or_alternative"",""llm_review:Mild-to-moderate sprain; no high-grade tear diagnosis. Acute timing is not explicitly stated."",""timing_or_trauma_review""]",L1_REPORT_ONLY,OK
1.2.826.0.1.3680043.8.498.11569601172991867969672947467467392425,Medial Meniscus,1c90d60254eb53fd47f5fd9e9604313b0008a14fdc0d02c6f2ce1c95af826ba8,e1cd5fb931de3c96b0948745d79653f901ac27425870880c955e6a8f8088fca1,en,PRESENT,"[""Complex medial meniscal tears including an oblique component at the posterior horn extending to the free edge."",""Tears at the undersurface of the body, with subluxation of the body into the medial gutter measuring 2 mm.""]","{""code"":""MEDIAL_MENISCUS"",""text"":""Medial meniscus""}","{""grade"":""UNSPECIFIED"",""text"":""""}","""posterior horn and body""",UNSPECIFIED,"{""class_absence_supported"":{""value"":null,""evidence"":[]},""definite_meniscal_tear"":{""value"":true,""evidence"":[""Complex medial meniscal tears of the posterior horn and body with inferior and medial subluxation of the body into the medial gutter.""]},""internal_degeneration_only"":{""value"":false,""evidence"":[""Complex medial meniscal tears including an oblique component at the posterior horn extending to the free edge.""]},""postoperative_only"":{""value"":null,""evidence"":[]}}",YES,YES,0.95,1.0,1,"[""history_or_postoperative_scope_review""]",L1_REPORT_ONLY,OK
1.2.826.0.1.3680043.8.498.11569601172991867969672947467467392425,Lateral Meniscus,1c90d60254eb53fd47f5fd9e9604313b0008a14fdc0d02c6f2ce1c95af826ba8,e1cd5fb931de3c96b0948745d79653f901ac27425870880c955e6a8f8088fca1,en,ABSENT,"[""Lateral meniscus: Mild intrasubstance heterogeneous signal intensity in the body without definite tear.""]","{""code"":""LATERAL_MENISCUS"",""text"":""Lateral meniscus""}","{""grade"":""MILD"",""text"":""Mild intrasubstance heterogeneous signal intensity""}","""in the body""",UNSPECIFIED,"{""class_absence_supported"":{""value"":true,""evidence"":[""Lateral meniscus: Mild intrasubstance heterogeneous signal intensity in the body without definite tear.""]},""definite_meniscal_tear"":{""value"":false,""evidence"":[""without definite tear""]},""internal_degeneration_only"":{""value"":true,""evidence"":[""Mild intrasubstance heterogeneous signal intensity in the body without definite tear.""]},""postoperative_only"":{""value"":null,""evidence"":[]}}",NO,NO,,0.0,0,"[""llm_review:Internal signal abnormality is reported, without definite tear."",""pilot_text_review_mask""]",L1_REPORT_ONLY,OK
1.2.826.0.1.3680043.8.498.11569601172991867969672947467467392425,Medial OA,1c90d60254eb53fd47f5fd9e9604313b0008a14fdc0d02c6f2ce1c95af826ba8,e1cd5fb931de3c96b0948745d79653f901ac27425870880c955e6a8f8088fca1,en,PRESENT,"[""Broad-based area of grade 4 chondrosis along the central the anterior weightbearing surface of the medial femoral condyle extending over 1.0 cm mediolateral dimension, and up to 1.9 cm anterior posterior dimension."",""Diffuse thinning of the cartilage of the medial tibial plateau with areas of up to grade 3 chondrosis medially."",""Moderate to advanced medial compartment osteoarthritis with areas of to grade 4 chondrosis in the medial femoral condyle.""]","{""code"":""MEDIAL_TIBIOFEMORAL"",""text"":""medial compartment""}","{""grade"":""UNSPECIFIED"",""text"":""Moderate to advanced""}","""extending over 1.0 cm mediolateral dimension, and up to 1.9 cm anterior posterior dimension""",CURRENT_CHRONIC,"{""class_absence_supported"":{""value"":null,""evidence"":[]},""cartilage_loss_gt50pct"":{""value"":null,""evidence"":[]},""cartilage_extent_ge10mm"":{""value"":true,""evidence"":[""Broad-based area of grade 4 chondrosis along the central the anterior weightbearing surface of the medial femoral condyle extending over 1.0 cm mediolateral dimension, and up to 1.9 cm anterior posterior dimension.""]},""low_grade_only"":{""value"":null,""evidence"":[]}}",UNKNOWN,UNKNOWN,0.9,0.25,1,"[""criteria_anatomy_severity_extent_or_timing_insufficient"",""history_or_postoperative_scope_review"",""llm_review:Grade 4 chondrosis spans at least 10 mm, but the grading convention and percentage cartilage depth loss are not explicitly specified.""]",L1_REPORT_ONLY,OK
1.2.826.0.1.3680043.8.498.11569601172991867969672947467467392425,Lateral OA,1c90d60254eb53fd47f5fd9e9604313b0008a14fdc0d02c6f2ce1c95af826ba8,e1cd5fb931de3c96b0948745d79653f901ac27425870880c955e6a8f8088fca1,en,ABSENT,"[""Lateral compartment cartilage: No focal cartilage defects.""]","{""code"":""LATERAL_TIBIOFEMORAL"",""text"":""Lateral compartment cartilage""}","{""grade"":""NONE"",""text"":""No focal cartilage defects.""}","""""",UNSPECIFIED,"{""class_absence_supported"":{""value"":null,""evidence"":[]},""cartilage_loss_gt50pct"":{""value"":null,""evidence"":[]},""cartilage_extent_ge10mm"":{""value"":null,""evidence"":[]},""low_grade_only"":{""value"":null,""evidence"":[]}}",UNKNOWN,UNKNOWN,,0.0,0,"[""llm_review:The negative excludes focal cartilage defects but does not explicitly exclude diffuse qualifying cartilage loss."",""negative_scope_insufficient""]",L1_REPORT_ONLY,OK
1.2.826.0.1.3680043.8.498.11569601172991867969672947467467392425,PF OA,1c90d60254eb53fd47f5fd9e9604313b0008a14fdc0d02c6f2ce1c95af826ba8,e1cd5fb931de3c96b0948745d79653f901ac27425870880c955e6a8f8088fca1,en,PRESENT,"[""Scattered areas of up to grade 2/3 chondrosis at the medial patellar facet measuring up to 0.5 cm mediolateral dimension."",""Grade 2/3 chondrosis in the medial trochlea."",""Moderate patellofemoral osteoarthritis with areas of grade 2/3 chondrosis.""]","{""code"":""PATELLOFEMORAL"",""text"":""patellofemoral""}","{""grade"":""MODERATE"",""text"":""Moderate""}","""measuring up to 0.5 cm mediolateral dimension""",CURRENT_CHRONIC,"{""class_absence_supported"":{""value"":null,""evidence"":[]},""cartilage_loss_gt50pct"":{""value"":null,""evidence"":[]},""cartilage_extent_ge10mm"":{""value"":null,""evidence"":[]},""low_grade_only"":{""value"":null,""evidence"":[]}}",UNKNOWN,UNKNOWN,0.2,0.25,1,"[""criteria_anatomy_severity_extent_or_timing_insufficient"",""llm_review:Grade 2/3 and its grading convention do not establish greater than 50% depth loss. The patellar lesion measures 5 mm; trochlear extent is unspecified.""]",L1_REPORT_ONLY,OK
1.2.826.0.1.3680043.8.498.11569601172991867969672947467467392425,Effusion,1c90d60254eb53fd47f5fd9e9604313b0008a14fdc0d02c6f2ce1c95af826ba8,e1cd5fb931de3c96b0948745d79653f901ac27425870880c955e6a8f8088fca1,en,PRESENT,"[""Moderate-to-large joint effusion.""]","{""code"":""KNEE_JOINT"",""text"":""joint""}","{""grade"":""UNSPECIFIED"",""text"":""Moderate-to-large""}","""""",UNSPECIFIED,"{""class_absence_supported"":{""value"":null,""evidence"":[]},""joint_distension"":{""value"":null,""evidence"":[]},""low_grade_only"":{""value"":false,""evidence"":[""Moderate-to-large joint effusion.""]}}",UNKNOWN,UNKNOWN,0.9,0.25,1,"[""criteria_anatomy_severity_extent_or_timing_insufficient"",""llm_review:Moderate-to-large effusion is explicit; joint distension is not separately described.""]",L1_REPORT_ONLY,OK
1.2.826.0.1.3680043.8.498.11569601172991867969672947467467392425,Synovitis,1c90d60254eb53fd47f5fd9e9604313b0008a14fdc0d02c6f2ce1c95af826ba8,e1cd5fb931de3c96b0948745d79653f901ac27425870880c955e6a8f8088fca1,en,NOT_MENTIONED,[],"{""code"":""UNKNOWN"",""text"":""""}","{""grade"":""UNSPECIFIED"",""text"":""""}","""""",UNSPECIFIED,"{""class_absence_supported"":{""value"":null,""evidence"":[]},""direct_synovial_evidence"":{""value"":null,""evidence"":[]}}",UNKNOWN,UNKNOWN,,0.0,0,[],L1_REPORT_ONLY,OK
1.2.826.0.1.3680043.8.498.11569601172991867969672947467467392425,Baker's,1c90d60254eb53fd47f5fd9e9604313b0008a14fdc0d02c6f2ce1c95af826ba8,e1cd5fb931de3c96b0948745d79653f901ac27425870880c955e6a8f8088fca1,en,PRESENT,"[""Minute Baker's cyst.""]","{""code"":""POSTEROMEDIAL_POPLITEAL"",""text"":""Baker's cyst""}","{""grade"":""MILD"",""text"":""Minute""}","""""",UNSPECIFIED,"{""class_absence_supported"":{""value"":null,""evidence"":[]},""typical_baker_location"":{""value"":true,""evidence"":[""Minute Baker's cyst.""]},""low_grade_only"":{""value"":true,""evidence"":[""Minute Baker's cyst.""]}}",NO,NO,0.05,1.0,1,"[""explicit_subthreshold_or_alternative"",""llm_review:Minute cyst is below the moderate/large threshold.""]",L1_REPORT_ONLY,OK
1.2.826.0.1.3680043.8.498.11569601172991867969672947467467392425,Contusion,1c90d60254eb53fd47f5fd9e9604313b0008a14fdc0d02c6f2ce1c95af826ba8,e1cd5fb931de3c96b0948745d79653f901ac27425870880c955e6a8f8088fca1,en,NOT_MENTIONED,[],"{""code"":""UNKNOWN"",""text"":""""}","{""grade"":""UNSPECIFIED"",""text"":""""}","""""",UNSPECIFIED,"{""class_absence_supported"":{""value"":null,""evidence"":[]},""traumatic_marrow_edema"":{""value"":null,""evidence"":[]},""fracture_line_present"":{""value"":null,""evidence"":[]},""degenerative_only"":{""value"":null,""evidence"":[]}}",UNKNOWN,UNKNOWN,,0.0,0,"[""pilot_text_review_mask""]",L1_REPORT_ONLY,OK
1.2.826.0.1.3680043.8.498.11569601172991867969672947467467392425,Fracture,1c90d60254eb53fd47f5fd9e9604313b0008a14fdc0d02c6f2ce1c95af826ba8,e1cd5fb931de3c96b0948745d79653f901ac27425870880c955e6a8f8088fca1,en,PRESENT,"[""There is a stress fracture of the medial tibial plateau with curvilinear low signal intensity in the subcortical bone measuring up to 1.0 cm anterior posterior by 0.9 cm mediolateral dimension with surrounding marrow edema.""]","{""code"":""BONE"",""text"":""medial tibial plateau""}","{""grade"":""UNSPECIFIED"",""text"":""""}","""measuring up to 1.0 cm anterior posterior by 0.9 cm mediolateral dimension""",UNSPECIFIED,"{""class_absence_supported"":{""value"":null,""evidence"":[]},""fracture_line_present"":{""value"":true,""evidence"":[""There is a stress fracture of the medial tibial plateau with curvilinear low signal intensity in the subcortical bone""]},""acute_injury"":{""value"":null,""evidence"":[]},""procedure_only"":{""value"":null,""evidence"":[]}}",UNKNOWN,UNKNOWN,0.8,0.25,1,"[""criteria_anatomy_severity_extent_or_timing_insufficient"",""history_or_postoperative_scope_review"",""llm_review:Current stress fracture with surrounding marrow edema is described, but fracture age and acute timing are unspecified."",""timing_or_trauma_review""]",L1_REPORT_ONLY,OK
1.2.826.0.1.3680043.8.498.11574480940878399452466699512074769686,ACL,e4c4ab91517fb9ba26f4a57afad055a4d465081cf789e17777cd59e15a665c97,f9b58508c6fbbf8a5cf33d5f2cae4f0e230d1902cf6d83974b1d04a8bcc1439c,UNKNOWN,PRESENT,"[""Vidi se kompletna ruptura prednjeg križnog ligamenta pri femoralnom hvatištu uz vidljivu\ngraničnu prednju tibijalnu translaciju (7.3mm).""]","{""code"":""ACL"",""text"":""prednjeg križnog ligamenta pri femoralnom hvatištu""}","{""grade"":""UNSPECIFIED"",""text"":""kompletna ruptura""}","""pri femoralnom hvatištu""",UNSPECIFIED,"{""class_absence_supported"":{""value"":null,""evidence"":[]},""high_grade_tear"":{""value"":true,""evidence"":[""Vidi se kompletna ruptura prednjeg križnog ligamenta pri femoralnom hvatištu""]},""low_grade_only"":{""value"":false,""evidence"":[""Vidi se kompletna ruptura prednjeg križnog ligamenta pri femoralnom hvatištu""]},""postoperative_only"":{""value"":null,""evidence"":[]}}",YES,YES,0.95,1.0,1,"[""llm_review:Tear timing is unspecified.""]",L1_REPORT_ONLY,OK
1.2.826.0.1.3680043.8.498.11574480940878399452466699512074769686,MCL,e4c4ab91517fb9ba26f4a57afad055a4d465081cf789e17777cd59e15a665c97,f9b58508c6fbbf8a5cf33d5f2cae4f0e230d1902cf6d83974b1d04a8bcc1439c,UNKNOWN,NOT_MENTIONED,[],"{""code"":""UNKNOWN"",""text"":""""}","{""grade"":""UNSPECIFIED"",""text"":""""}","""""",UNSPECIFIED,"{""class_absence_supported"":{""value"":null,""evidence"":[]},""high_grade_tear"":{""value"":null,""evidence"":[]},""acute_injury"":{""value"":null,""evidence"":[]},""low_grade_only"":{""value"":null,""evidence"":[]},""postoperative_only"":{""value"":null,""evidence"":[]}}",UNKNOWN,UNKNOWN,,0.0,0,"[""llm_review:The MCL is referenced as an anatomical landmark for probable meniscocapsular separation; no MCL injury or normality is stated.""]",L1_REPORT_ONLY,OK
1.2.826.0.1.3680043.8.498.11574480940878399452466699512074769686,Medial Meniscus,e4c4ab91517fb9ba26f4a57afad055a4d465081cf789e17777cd59e15a665c97,f9b58508c6fbbf8a5cf33d5f2cae4f0e230d1902cf6d83974b1d04a8bcc1439c,UNKNOWN,PRESENT,"[""Kompleksna \""parrot beak\"" ruptura trupa medijanog meniska sa širenjem u stražnji rog te manjim\nflapom interkondilarno."",""Tanka hiperintenzivna linija između trupa medijalnog meniska i medijalnog\nkolateralnog ligamenta, vjerojatno u sklopu meniskokapsularne separacije.""]","{""code"":""MEDIAL_MENISCUS"",""text"":""trupa medijanog meniska""}","{""grade"":""UNSPECIFIED"",""text"":""""}","""sa širenjem u stražnji rog te manjim\nflapom interkondilarno""",UNSPECIFIED,"{""class_absence_supported"":{""value"":null,""evidence"":[]},""definite_meniscal_tear"":{""value"":true,""evidence"":[""Kompleksna \""parrot beak\"" ruptura trupa medijanog meniska sa širenjem u stražnji rog te manjim\nflapom interkondilarno.""]},""internal_degeneration_only"":{""value"":false,""evidence"":[""Kompleksna \""parrot beak\"" ruptura trupa medijanog meniska""]},""postoperative_only"":{""value"":null,""evidence"":[]}}",YES,YES,0.95,1.0,1,"[""llm_review:Associated meniscocapsular separation is probable rather than definite."",""llm_review:Tear timing and severity grade are unspecified.""]",L1_REPORT_ONLY,OK
1.2.826.0.1.3680043.8.498.11574480940878399452466699512074769686,Lateral Meniscus,e4c4ab91517fb9ba26f4a57afad055a4d465081cf789e17777cd59e15a665c97,f9b58508c6fbbf8a5cf33d5f2cae4f0e230d1902cf6d83974b1d04a8bcc1439c,UNKNOWN,PRESENT,"[""Longitudinalna ruptura prednjeg roga i anteriornog dijela trupa lateralnog meniska koja se širi u\nobje zglobne površine.""]","{""code"":""LATERAL_MENISCUS"",""text"":""prednjeg roga i anteriornog dijela trupa lateralnog meniska""}","{""grade"":""UNSPECIFIED"",""text"":""""}","""prednjeg roga i anteriornog dijela trupa lateralnog meniska koja se širi u\nobje zglobne površine""",UNSPECIFIED,"{""class_absence_supported"":{""value"":null,""evidence"":[]},""definite_meniscal_tear"":{""value"":true,""evidence"":[""Longitudinalna ruptura prednjeg roga i anteriornog dijela trupa lateralnog meniska koja se širi u\nobje zglobne površine.""]},""internal_degeneration_only"":{""value"":false,""evidence"":[""Longitudinalna ruptura prednjeg roga i anteriornog dijela trupa lateralnog meniska""]},""postoperative_only"":{""value"":null,""evidence"":[]}}",YES,YES,0.95,1.0,1,"[""llm_review:Tear timing and severity grade are unspecified.""]",L1_REPORT_ONLY,OK
1.2.826.0.1.3680043.8.498.11574480940878399452466699512074769686,Medial OA,e4c4ab91517fb9ba26f4a57afad055a4d465081cf789e17777cd59e15a665c97,f9b58508c6fbbf8a5cf33d5f2cae4f0e230d1902cf6d83974b1d04a8bcc1439c,UNKNOWN,ABSENT,"[""Zglobne hrskavice su primjerenog intenziteta signala, primjerene debljine.""]","{""code"":""UNKNOWN"",""text"":""Zglobne hrskavice""}","{""grade"":""NONE"",""text"":""primjerenog intenziteta signala, primjerene debljine""}","""""",UNSPECIFIED,"{""class_absence_supported"":{""value"":true,""evidence"":[""Zglobne hrskavice su primjerenog intenziteta signala, primjerene debljine.""]},""cartilage_loss_gt50pct"":{""value"":false,""evidence"":[""Zglobne hrskavice su primjerenog intenziteta signala, primjerene debljine.""]},""cartilage_extent_ge10mm"":{""value"":null,""evidence"":[]},""low_grade_only"":{""value"":null,""evidence"":[]}}",NO,UNKNOWN,,0.0,0,"[""anatomy_missing_or_wrong"",""llm_review:The unrestricted normal cartilage statement supports absence across compartments; the medial compartment is not separately named."",""pilot_text_review_mask""]",L1_REPORT_ONLY,OK
1.2.826.0.1.3680043.8.498.11574480940878399452466699512074769686,Lateral OA,e4c4ab91517fb9ba26f4a57afad055a4d465081cf789e17777cd59e15a665c97,f9b58508c6fbbf8a5cf33d5f2cae4f0e230d1902cf6d83974b1d04a8bcc1439c,UNKNOWN,ABSENT,"[""Zglobne hrskavice su primjerenog intenziteta signala, primjerene debljine.""]","{""code"":""UNKNOWN"",""text"":""Zglobne hrskavice""}","{""grade"":""NONE"",""text"":""primjerenog intenziteta signala, primjerene debljine""}","""""",UNSPECIFIED,"{""class_absence_supported"":{""value"":true,""evidence"":[""Zglobne hrskavice su primjerenog intenziteta signala, primjerene debljine.""]},""cartilage_loss_gt50pct"":{""value"":false,""evidence"":[""Zglobne hrskavice su primjerenog intenziteta signala, primjerene debljine.""]},""cartilage_extent_ge10mm"":{""value"":null,""evidence"":[]},""low_grade_only"":{""value"":null,""evidence"":[]}}",NO,UNKNOWN,,0.0,0,"[""anatomy_missing_or_wrong"",""llm_review:The unrestricted normal cartilage statement supports absence across compartments; the lateral compartment is not separately named."",""pilot_text_review_mask""]",L1_REPORT_ONLY,OK
1.2.826.0.1.3680043.8.498.11574480940878399452466699512074769686,PF OA,e4c4ab91517fb9ba26f4a57afad055a4d465081cf789e17777cd59e15a665c97,f9b58508c6fbbf8a5cf33d5f2cae4f0e230d1902cf6d83974b1d04a8bcc1439c,UNKNOWN,ABSENT,"[""Zglobne hrskavice su primjerenog intenziteta signala, primjerene debljine.""]","{""code"":""UNKNOWN"",""text"":""Zglobne hrskavice""}","{""grade"":""NONE"",""text"":""primjerenog intenziteta signala, primjerene debljine""}","""""",UNSPECIFIED,"{""class_absence_supported"":{""value"":true,""evidence"":[""Zglobne hrskavice su primjerenog intenziteta signala, primjerene debljine.""]},""cartilage_loss_gt50pct"":{""value"":false,""evidence"":[""Zglobne hrskavice su primjerenog intenziteta signala, primjerene debljine.""]},""cartilage_extent_ge10mm"":{""value"":null,""evidence"":[]},""low_grade_only"":{""value"":null,""evidence"":[]}}",NO,UNKNOWN,,0.0,0,"[""anatomy_missing_or_wrong"",""llm_review:The unrestricted normal cartilage statement supports absence across compartments; the patellofemoral compartment is not separately named."",""pilot_text_review_mask""]",L1_REPORT_ONLY,OK
1.2.826.0.1.3680043.8.498.11574480940878399452466699512074769686,Effusion,e4c4ab91517fb9ba26f4a57afad055a4d465081cf789e17777cd59e15a665c97,f9b58508c6fbbf8a5cf33d5f2cae4f0e230d1902cf6d83974b1d04a8bcc1439c,UNKNOWN,PRESENT,"[""Izljev u suprapatelarnom recessusu s lateralne strane.""]","{""code"":""KNEE_JOINT"",""text"":""u suprapatelarnom recessusu s lateralne strane""}","{""grade"":""UNSPECIFIED"",""text"":""""}","""""",UNSPECIFIED,"{""class_absence_supported"":{""value"":null,""evidence"":[]},""joint_distension"":{""value"":null,""evidence"":[]},""low_grade_only"":{""value"":null,""evidence"":[]}}",UNKNOWN,UNKNOWN,,0.0,0,"[""criteria_anatomy_severity_extent_or_timing_insufficient"",""llm_review:Effusion volume, joint distension and timing are unspecified.""]",L1_REPORT_ONLY,OK
1.2.826.0.1.3680043.8.498.11574480940878399452466699512074769686,Synovitis,e4c4ab91517fb9ba26f4a57afad055a4d465081cf789e17777cd59e15a665c97,f9b58508c6fbbf8a5cf33d5f2cae4f0e230d1902cf6d83974b1d04a8bcc1439c,UNKNOWN,NOT_MENTIONED,[],"{""code"":""UNKNOWN"",""text"":""""}","{""grade"":""UNSPECIFIED"",""text"":""""}","""""",UNSPECIFIED,"{""class_absence_supported"":{""value"":null,""evidence"":[]},""direct_synovial_evidence"":{""value"":null,""evidence"":[]}}",UNKNOWN,UNKNOWN,,0.0,0,[],L1_REPORT_ONLY,OK
1.2.826.0.1.3680043.8.498.11574480940878399452466699512074769686,Baker's,e4c4ab91517fb9ba26f4a57afad055a4d465081cf789e17777cd59e15a665c97,f9b58508c6fbbf8a5cf33d5f2cae4f0e230d1902cf6d83974b1d04a8bcc1439c,UNKNOWN,NOT_MENTIONED,[],"{""code"":""UNKNOWN"",""text"":""""}","{""grade"":""UNSPECIFIED"",""text"":""""}","""""",UNSPECIFIED,"{""class_absence_supported"":{""value"":null,""evidence"":[]},""typical_baker_location"":{""value"":null,""evidence"":[]},""low_grade_only"":{""value"":null,""evidence"":[]}}",UNKNOWN,UNKNOWN,,0.0,0,[],L1_REPORT_ONLY,OK
1.2.826.0.1.3680043.8.498.11574480940878399452466699512074769686,Contusion,e4c4ab91517fb9ba26f4a57afad055a4d465081cf789e17777cd59e15a665c97,f9b58508c6fbbf8a5cf33d5f2cae4f0e230d1902cf6d83974b1d04a8bcc1439c,UNKNOWN,UNCERTAIN,"[""Koštani edem posteriornog aspekta medijalnog femoralnog kondila te manji koštani edem\nposteromedijalnog apsekta lateralnog tibijalnog platoa.""]","{""code"":""BONE"",""text"":""posteriornog aspekta medijalnog femoralnog kondila te manji koštani edem\nposteromedijalnog apsekta lateralnog tibijalnog platoa""}","{""grade"":""UNSPECIFIED"",""text"":""""}","""""",UNSPECIFIED,"{""class_absence_supported"":{""value"":null,""evidence"":[]},""traumatic_marrow_edema"":{""value"":null,""evidence"":[]},""fracture_line_present"":{""value"":null,""evidence"":[]},""degenerative_only"":{""value"":null,""evidence"":[]}}",UNKNOWN,UNKNOWN,,0.0,0,"[""history_or_postoperative_scope_review"",""llm_review:Bone edema is present, but traumatic etiology, absence of a fracture line and timing are not stated."",""llm_review:The smaller tibial edema description does not establish overall contusion severity."",""uncertain_report""]",L1_REPORT_ONLY,OK
1.2.826.0.1.3680043.8.498.11574480940878399452466699512074769686,Fracture,e4c4ab91517fb9ba26f4a57afad055a4d465081cf789e17777cd59e15a665c97,f9b58508c6fbbf8a5cf33d5f2cae4f0e230d1902cf6d83974b1d04a8bcc1439c,UNKNOWN,NOT_MENTIONED,[],"{""code"":""UNKNOWN"",""text"":""""}","{""grade"":""UNSPECIFIED"",""text"":""""}","""""",UNSPECIFIED,"{""class_absence_supported"":{""value"":null,""evidence"":[]},""fracture_line_present"":{""value"":null,""evidence"":[]},""acute_injury"":{""value"":null,""evidence"":[]},""procedure_only"":{""value"":null,""evidence"":[]}}",UNKNOWN,UNKNOWN,,0.0,0,[],L1_REPORT_ONLY,OK
1.2.826.0.1.3680043.8.498.11762352496600661264881556836248251400,ACL,cb2e99937083a45b2761d63b52f2955cf6291f782cccedc80c33470f190d0a4d,d7f54c3f47ba1ea13f7e370805f5d0d8a5aa20eede1f092d0596779328b1a9ce,en,ABSENT,"[""Normal ACL, PCL, MCL and LCL.""]","{""code"":""ACL"",""text"":""ACL""}","{""grade"":""NONE"",""text"":""Normal ACL, PCL, MCL and LCL.""}","""""",UNSPECIFIED,"{""class_absence_supported"":{""value"":true,""evidence"":[""Normal ACL, PCL, MCL and LCL.""]},""high_grade_tear"":{""value"":false,""evidence"":[""Normal ACL, PCL, MCL and LCL.""]},""low_grade_only"":{""value"":null,""evidence"":[]},""postoperative_only"":{""value"":null,""evidence"":[]}}",NO,NO,0.05,1.0,1,[],L1_REPORT_ONLY,OK
1.2.826.0.1.3680043.8.498.11762352496600661264881556836248251400,MCL,cb2e99937083a45b2761d63b52f2955cf6291f782cccedc80c33470f190d0a4d,d7f54c3f47ba1ea13f7e370805f5d0d8a5aa20eede1f092d0596779328b1a9ce,en,ABSENT,"[""Normal ACL, PCL, MCL and LCL.""]","{""code"":""MCL"",""text"":""MCL""}","{""grade"":""NONE"",""text"":""Normal ACL, PCL, MCL and LCL.""}","""""",UNSPECIFIED,"{""class_absence_supported"":{""value"":true,""evidence"":[""Normal ACL, PCL, MCL and LCL.""]},""high_grade_tear"":{""value"":false,""evidence"":[""Normal ACL, PCL, MCL and LCL.""]},""acute_injury"":{""value"":null,""evidence"":[]},""low_grade_only"":{""value"":null,""evidence"":[]},""postoperative_only"":{""value"":null,""evidence"":[]}}",NO,NO,0.05,1.0,1,[],L1_REPORT_ONLY,OK
1.2.826.0.1.3680043.8.498.11762352496600661264881556836248251400,Medial Meniscus,cb2e99937083a45b2761d63b52f2955cf6291f782cccedc80c33470f190d0a4d,d7f54c3f47ba1ea13f7e370805f5d0d8a5aa20eede1f092d0596779328b1a9ce,en,ABSENT,"[""Normal medial meniscus."",""No medial meniscal tear.""]","{""code"":""MEDIAL_MENISCUS"",""text"":""medial meniscus""}","{""grade"":""NONE"",""text"":""Normal medial meniscus.""}","""""",UNSPECIFIED,"{""class_absence_supported"":{""value"":true,""evidence"":[""Normal medial meniscus."",""No medial meniscal tear.""]},""definite_meniscal_tear"":{""value"":false,""evidence"":[""No medial meniscal tear.""]},""internal_degeneration_only"":{""value"":null,""evidence"":[]},""postoperative_only"":{""value"":null,""evidence"":[]}}",NO,NO,0.05,1.0,1,[],L1_REPORT_ONLY,OK
1.2.826.0.1.3680043.8.498.11762352496600661264881556836248251400,Lateral Meniscus,cb2e99937083a45b2761d63b52f2955cf6291f782cccedc80c33470f190d0a4d,d7f54c3f47ba1ea13f7e370805f5d0d8a5aa20eede1f092d0596779328b1a9ce,en,PRESENT,"[""A small free edge radial tear of the body of lateral meniscus is noted."",""Small free edge radial tear of the lateral meniscus.""]","{""code"":""LATERAL_MENISCUS"",""text"":""body of lateral meniscus""}","{""grade"":""UNSPECIFIED"",""text"":""""}","""small free edge radial tear of the body of lateral meniscus""",UNSPECIFIED,"{""class_absence_supported"":{""value"":null,""evidence"":[]},""definite_meniscal_tear"":{""value"":true,""evidence"":[""A small free edge radial tear of the body of lateral meniscus is noted.""]},""internal_degeneration_only"":{""value"":false,""evidence"":[""A small free edge radial tear of the body of lateral meniscus is noted.""]},""postoperative_only"":{""value"":null,""evidence"":[]}}",YES,YES,0.95,1.0,1,[],L1_REPORT_ONLY,OK
1.2.826.0.1.3680043.8.498.11762352496600661264881556836248251400,Medial OA,cb2e99937083a45b2761d63b52f2955cf6291f782cccedc80c33470f190d0a4d,d7f54c3f47ba1ea13f7e370805f5d0d8a5aa20eede1f092d0596779328b1a9ce,en,PRESENT,"[""There is mild generalized thinning of the tibiofemoral compartment articular cartilage.""]","{""code"":""MEDIAL_TIBIOFEMORAL"",""text"":""tibiofemoral compartment articular cartilage""}","{""grade"":""MILD"",""text"":""mild generalized thinning""}","""generalized thinning""",UNSPECIFIED,"{""class_absence_supported"":{""value"":null,""evidence"":[]},""cartilage_loss_gt50pct"":{""value"":null,""evidence"":[]},""cartilage_extent_ge10mm"":{""value"":null,""evidence"":[]},""low_grade_only"":{""value"":true,""evidence"":[""There is mild generalized thinning of the tibiofemoral compartment articular cartilage.""]}}",NO,NO,,0.0,0,"[""explicit_subthreshold_or_alternative"",""llm_review:Generalized tibiofemoral thinning is reported without separate medial compartment localization, quantitative depth, or measured extent."",""pilot_text_review_mask""]",L1_REPORT_ONLY,OK
1.2.826.0.1.3680043.8.498.11762352496600661264881556836248251400,Lateral OA,cb2e99937083a45b2761d63b52f2955cf6291f782cccedc80c33470f190d0a4d,d7f54c3f47ba1ea13f7e370805f5d0d8a5aa20eede1f092d0596779328b1a9ce,en,PRESENT,"[""There is mild generalized thinning of the tibiofemoral compartment articular cartilage.""]","{""code"":""LATERAL_TIBIOFEMORAL"",""text"":""tibiofemoral compartment articular cartilage""}","{""grade"":""MILD"",""text"":""mild generalized thinning""}","""generalized thinning""",UNSPECIFIED,"{""class_absence_supported"":{""value"":null,""evidence"":[]},""cartilage_loss_gt50pct"":{""value"":null,""evidence"":[]},""cartilage_extent_ge10mm"":{""value"":null,""evidence"":[]},""low_grade_only"":{""value"":true,""evidence"":[""There is mild generalized thinning of the tibiofemoral compartment articular cartilage.""]}}",NO,NO,,0.0,0,"[""explicit_subthreshold_or_alternative"",""llm_review:Generalized tibiofemoral thinning is reported without separate lateral compartment localization, quantitative depth, or measured extent."",""pilot_text_review_mask""]",L1_REPORT_ONLY,OK
1.2.826.0.1.3680043.8.498.11762352496600661264881556836248251400,PF OA,cb2e99937083a45b2761d63b52f2955cf6291f782cccedc80c33470f190d0a4d,d7f54c3f47ba1ea13f7e370805f5d0d8a5aa20eede1f092d0596779328b1a9ce,en,PRESENT,"[""Focal fraying of the medial patellar facet articular cartilage is noted with mild underlying bony change."",""Normal trochlear articular cartilage."",""Mild tibiofemoral and patellar chondral the as described.""]","{""code"":""PATELLOFEMORAL"",""text"":""medial patellar facet articular cartilage""}","{""grade"":""MILD"",""text"":""Mild tibiofemoral and patellar chondral the as described.""}","""Focal fraying""",UNSPECIFIED,"{""class_absence_supported"":{""value"":null,""evidence"":[]},""cartilage_loss_gt50pct"":{""value"":null,""evidence"":[]},""cartilage_extent_ge10mm"":{""value"":null,""evidence"":[]},""low_grade_only"":{""value"":true,""evidence"":[""Focal fraying of the medial patellar facet articular cartilage is noted with mild underlying bony change."",""Mild tibiofemoral and patellar chondral the as described.""]}}",NO,NO,0.05,1.0,1,"[""explicit_subthreshold_or_alternative"",""llm_review:Cartilage loss depth and lesion dimensions are unspecified; the conclusion contains a textual error.""]",L1_REPORT_ONLY,OK
1.2.826.0.1.3680043.8.498.11762352496600661264881556836248251400,Effusion,cb2e99937083a45b2761d63b52f2955cf6291f782cccedc80c33470f190d0a4d,d7f54c3f47ba1ea13f7e370805f5d0d8a5aa20eede1f092d0596779328b1a9ce,en,ABSENT,"[""No significant knee effusion.""]","{""code"":""KNEE_JOINT"",""text"":""knee""}","{""grade"":""UNSPECIFIED"",""text"":""""}","""""",UNSPECIFIED,"{""class_absence_supported"":{""value"":true,""evidence"":[""No significant knee effusion.""]},""joint_distension"":{""value"":null,""evidence"":[]},""low_grade_only"":{""value"":null,""evidence"":[]}}",NO,NO,,0.0,0,"[""llm_review:The negative excludes significant effusion but does not establish complete absence of trace fluid."",""pilot_text_review_mask""]",L1_REPORT_ONLY,OK
1.2.826.0.1.3680043.8.498.11762352496600661264881556836248251400,Synovitis,cb2e99937083a45b2761d63b52f2955cf6291f782cccedc80c33470f190d0a4d,d7f54c3f47ba1ea13f7e370805f5d0d8a5aa20eede1f092d0596779328b1a9ce,en,NOT_MENTIONED,[],"{""code"":""UNKNOWN"",""text"":""""}","{""grade"":""UNSPECIFIED"",""text"":""""}","""""",UNSPECIFIED,"{""class_absence_supported"":{""value"":null,""evidence"":[]},""direct_synovial_evidence"":{""value"":null,""evidence"":[]}}",UNKNOWN,UNKNOWN,,0.0,0,[],L1_REPORT_ONLY,OK
1.2.826.0.1.3680043.8.498.11762352496600661264881556836248251400,Baker's,cb2e99937083a45b2761d63b52f2955cf6291f782cccedc80c33470f190d0a4d,d7f54c3f47ba1ea13f7e370805f5d0d8a5aa20eede1f092d0596779328b1a9ce,en,NOT_MENTIONED,[],"{""code"":""UNKNOWN"",""text"":""""}","{""grade"":""UNSPECIFIED"",""text"":""""}","""""",UNSPECIFIED,"{""class_absence_supported"":{""value"":null,""evidence"":[]},""typical_baker_location"":{""value"":null,""evidence"":[]},""low_grade_only"":{""value"":null,""evidence"":[]}}",UNKNOWN,UNKNOWN,,0.0,0,[],L1_REPORT_ONLY,OK
1.2.826.0.1.3680043.8.498.11762352496600661264881556836248251400,Contusion,cb2e99937083a45b2761d63b52f2955cf6291f782cccedc80c33470f190d0a4d,d7f54c3f47ba1ea13f7e370805f5d0d8a5aa20eede1f092d0596779328b1a9ce,en,NOT_MENTIONED,[],"{""code"":""UNKNOWN"",""text"":""""}","{""grade"":""UNSPECIFIED"",""text"":""""}","""""",UNSPECIFIED,"{""class_absence_supported"":{""value"":null,""evidence"":[]},""traumatic_marrow_edema"":{""value"":null,""evidence"":[]},""fracture_line_present"":{""value"":null,""evidence"":[]},""degenerative_only"":{""value"":null,""evidence"":[]}}",UNKNOWN,UNKNOWN,,0.0,0,[],L1_REPORT_ONLY,OK
1.2.826.0.1.3680043.8.498.11762352496600661264881556836248251400,Fracture,cb2e99937083a45b2761d63b52f2955cf6291f782cccedc80c33470f190d0a4d,d7f54c3f47ba1ea13f7e370805f5d0d8a5aa20eede1f092d0596779328b1a9ce,en,NOT_MENTIONED,[],"{""code"":""UNKNOWN"",""text"":""""}","{""grade"":""UNSPECIFIED"",""text"":""""}","""""",UNSPECIFIED,"{""class_absence_supported"":{""value"":null,""evidence"":[]},""fracture_line_present"":{""value"":null,""evidence"":[]},""acute_injury"":{""value"":null,""evidence"":[]},""procedure_only"":{""value"":null,""evidence"":[]}}",UNKNOWN,UNKNOWN,,0.0,0,[],L1_REPORT_ONLY,OK
1.2.826.0.1.3680043.8.498.11905397531490569218559534495408776672,ACL,25538a9d8ad25d21d8d012249688c4fe30f5c8aa8071859430f6b1390ef1b826,bed1b78c4bf8d41607d887d2a0d86602156b4f9db77ee9d43628b6fe452ee801,de,ABSENT,"[""Kreuzbänder intakt.""]","{""code"":""ACL"",""text"":""Kreuzbänder""}","{""grade"":""NONE"",""text"":""intakt""}","""""",UNSPECIFIED,"{""class_absence_supported"":{""value"":true,""evidence"":[""Kreuzbänder intakt.""]},""high_grade_tear"":{""value"":false,""evidence"":[""Kreuzbänder intakt.""]},""low_grade_only"":{""value"":null,""evidence"":[]},""postoperative_only"":{""value"":null,""evidence"":[]}}",NO,NO,0.05,1.0,1,[],L1_REPORT_ONLY,OK
1.2.826.0.1.3680043.8.498.11905397531490569218559534495408776672,MCL,25538a9d8ad25d21d8d012249688c4fe30f5c8aa8071859430f6b1390ef1b826,bed1b78c4bf8d41607d887d2a0d86602156b4f9db77ee9d43628b6fe452ee801,de,ABSENT,"[""Kollateralbänder intakt.""]","{""code"":""MCL"",""text"":""Kollateralbänder""}","{""grade"":""NONE"",""text"":""intakt""}","""""",UNSPECIFIED,"{""class_absence_supported"":{""value"":true,""evidence"":[""Kollateralbänder intakt.""]},""high_grade_tear"":{""value"":false,""evidence"":[""Kollateralbänder intakt.""]},""acute_injury"":{""value"":null,""evidence"":[]},""low_grade_only"":{""value"":null,""evidence"":[]},""postoperative_only"":{""value"":null,""evidence"":[]}}",NO,NO,0.05,1.0,1,[],L1_REPORT_ONLY,OK
1.2.826.0.1.3680043.8.498.11905397531490569218559534495408776672,Medial Meniscus,25538a9d8ad25d21d8d012249688c4fe30f5c8aa8071859430f6b1390ef1b826,bed1b78c4bf8d41607d887d2a0d86602156b4f9db77ee9d43628b6fe452ee801,de,ABSENT,"[""Menisci intakt.""]","{""code"":""MEDIAL_MENISCUS"",""text"":""Menisci""}","{""grade"":""NONE"",""text"":""intakt""}","""""",UNSPECIFIED,"{""class_absence_supported"":{""value"":true,""evidence"":[""Menisci intakt.""]},""definite_meniscal_tear"":{""value"":false,""evidence"":[""Menisci intakt.""]},""internal_degeneration_only"":{""value"":null,""evidence"":[]},""postoperative_only"":{""value"":null,""evidence"":[]}}",NO,NO,0.05,1.0,1,[],L1_REPORT_ONLY,OK
1.2.826.0.1.3680043.8.498.11905397531490569218559534495408776672,Lateral Meniscus,25538a9d8ad25d21d8d012249688c4fe30f5c8aa8071859430f6b1390ef1b826,bed1b78c4bf8d41607d887d2a0d86602156b4f9db77ee9d43628b6fe452ee801,de,ABSENT,"[""Menisci intakt.""]","{""code"":""LATERAL_MENISCUS"",""text"":""Menisci""}","{""grade"":""NONE"",""text"":""intakt""}","""""",UNSPECIFIED,"{""class_absence_supported"":{""value"":true,""evidence"":[""Menisci intakt.""]},""definite_meniscal_tear"":{""value"":false,""evidence"":[""Menisci intakt.""]},""internal_degeneration_only"":{""value"":null,""evidence"":[]},""postoperative_only"":{""value"":null,""evidence"":[]}}",NO,NO,0.05,1.0,1,[],L1_REPORT_ONLY,OK
1.2.826.0.1.3680043.8.498.11905397531490569218559534495408776672,Medial OA,25538a9d8ad25d21d8d012249688c4fe30f5c8aa8071859430f6b1390ef1b826,bed1b78c4bf8d41607d887d2a0d86602156b4f9db77ee9d43628b6fe452ee801,de,ABSENT,"[""Keine höhergradige Chondropathie""]","{""code"":""UNKNOWN"",""text"":""""}","{""grade"":""UNSPECIFIED"",""text"":""""}","""""",UNSPECIFIED,"{""class_absence_supported"":{""value"":null,""evidence"":[]},""cartilage_loss_gt50pct"":{""value"":null,""evidence"":[]},""cartilage_extent_ge10mm"":{""value"":null,""evidence"":[]},""low_grade_only"":{""value"":null,""evidence"":[]}}",UNKNOWN,UNKNOWN,,0.0,0,"[""anatomy_missing_or_wrong"",""llm_review:General negative for higher-grade chondropathy; compartment, grading convention, cartilage-loss depth and extent are unspecified. The negative cannot be mapped confidently to both competition thresholds."",""negative_scope_insufficient"",""pilot_text_review_mask""]",L1_REPORT_ONLY,OK
1.2.826.0.1.3680043.8.498.11905397531490569218559534495408776672,Lateral OA,25538a9d8ad25d21d8d012249688c4fe30f5c8aa8071859430f6b1390ef1b826,bed1b78c4bf8d41607d887d2a0d86602156b4f9db77ee9d43628b6fe452ee801,de,ABSENT,"[""Keine höhergradige Chondropathie""]","{""code"":""UNKNOWN"",""text"":""""}","{""grade"":""UNSPECIFIED"",""text"":""""}","""""",UNSPECIFIED,"{""class_absence_supported"":{""value"":null,""evidence"":[]},""cartilage_loss_gt50pct"":{""value"":null,""evidence"":[]},""cartilage_extent_ge10mm"":{""value"":null,""evidence"":[]},""low_grade_only"":{""value"":null,""evidence"":[]}}",UNKNOWN,UNKNOWN,,0.0,0,"[""anatomy_missing_or_wrong"",""llm_review:General negative for higher-grade chondropathy; compartment, grading convention, cartilage-loss depth and extent are unspecified. The negative cannot be mapped confidently to both competition thresholds."",""negative_scope_insufficient"",""pilot_text_review_mask""]",L1_REPORT_ONLY,OK
1.2.826.0.1.3680043.8.498.11905397531490569218559534495408776672,PF OA,25538a9d8ad25d21d8d012249688c4fe30f5c8aa8071859430f6b1390ef1b826,bed1b78c4bf8d41607d887d2a0d86602156b4f9db77ee9d43628b6fe452ee801,de,ABSENT,"[""Keine höhergradige Chondropathie""]","{""code"":""UNKNOWN"",""text"":""""}","{""grade"":""UNSPECIFIED"",""text"":""""}","""""",UNSPECIFIED,"{""class_absence_supported"":{""value"":null,""evidence"":[]},""cartilage_loss_gt50pct"":{""value"":null,""evidence"":[]},""cartilage_extent_ge10mm"":{""value"":null,""evidence"":[]},""low_grade_only"":{""value"":null,""evidence"":[]}}",UNKNOWN,UNKNOWN,,0.0,0,"[""anatomy_missing_or_wrong"",""llm_review:General negative for higher-grade chondropathy; compartment, grading convention, cartilage-loss depth and extent are unspecified. The negative cannot be mapped confidently to both competition thresholds."",""negative_scope_insufficient"",""pilot_text_review_mask""]",L1_REPORT_ONLY,OK
1.2.826.0.1.3680043.8.498.11905397531490569218559534495408776672,Effusion,25538a9d8ad25d21d8d012249688c4fe30f5c8aa8071859430f6b1390ef1b826,bed1b78c4bf8d41607d887d2a0d86602156b4f9db77ee9d43628b6fe452ee801,de,ABSENT,"[""Kein Gelenkerguss.""]","{""code"":""KNEE_JOINT"",""text"":""Gelenkerguss""}","{""grade"":""NONE"",""text"":""Kein Gelenkerguss.""}","""""",UNSPECIFIED,"{""class_absence_supported"":{""value"":true,""evidence"":[""Kein Gelenkerguss.""]},""joint_distension"":{""value"":null,""evidence"":[]},""low_grade_only"":{""value"":null,""evidence"":[]}}",NO,NO,0.05,1.0,1,[],L1_REPORT_ONLY,OK
1.2.826.0.1.3680043.8.498.11905397531490569218559534495408776672,Synovitis,25538a9d8ad25d21d8d012249688c4fe30f5c8aa8071859430f6b1390ef1b826,bed1b78c4bf8d41607d887d2a0d86602156b4f9db77ee9d43628b6fe452ee801,de,NOT_MENTIONED,[],"{""code"":""UNKNOWN"",""text"":""""}","{""grade"":""UNSPECIFIED"",""text"":""""}","""""",UNSPECIFIED,"{""class_absence_supported"":{""value"":null,""evidence"":[]},""direct_synovial_evidence"":{""value"":null,""evidence"":[]}}",UNKNOWN,UNKNOWN,,0.0,0,[],L1_REPORT_ONLY,OK
1.2.826.0.1.3680043.8.498.11905397531490569218559534495408776672,Baker's,25538a9d8ad25d21d8d012249688c4fe30f5c8aa8071859430f6b1390ef1b826,bed1b78c4bf8d41607d887d2a0d86602156b4f9db77ee9d43628b6fe452ee801,de,NOT_MENTIONED,[],"{""code"":""UNKNOWN"",""text"":""""}","{""grade"":""UNSPECIFIED"",""text"":""""}","""""",UNSPECIFIED,"{""class_absence_supported"":{""value"":null,""evidence"":[]},""typical_baker_location"":{""value"":null,""evidence"":[]},""low_grade_only"":{""value"":null,""evidence"":[]}}",UNKNOWN,UNKNOWN,,0.0,0,[],L1_REPORT_ONLY,OK
1.2.826.0.1.3680043.8.498.11905397531490569218559534495408776672,Contusion,25538a9d8ad25d21d8d012249688c4fe30f5c8aa8071859430f6b1390ef1b826,bed1b78c4bf8d41607d887d2a0d86602156b4f9db77ee9d43628b6fe452ee801,de,NOT_MENTIONED,[],"{""code"":""UNKNOWN"",""text"":""""}","{""grade"":""UNSPECIFIED"",""text"":""""}","""""",UNSPECIFIED,"{""class_absence_supported"":{""value"":null,""evidence"":[]},""traumatic_marrow_edema"":{""value"":null,""evidence"":[]},""fracture_line_present"":{""value"":null,""evidence"":[]},""degenerative_only"":{""value"":null,""evidence"":[]}}",UNKNOWN,UNKNOWN,,0.0,0,[],L1_REPORT_ONLY,OK
1.2.826.0.1.3680043.8.498.11905397531490569218559534495408776672,Fracture,25538a9d8ad25d21d8d012249688c4fe30f5c8aa8071859430f6b1390ef1b826,bed1b78c4bf8d41607d887d2a0d86602156b4f9db77ee9d43628b6fe452ee801,de,ABSENT,"[""Kein frischer Frakturnachweis.""]","{""code"":""BONE"",""text"":""""}","{""grade"":""NONE"",""text"":""Kein frischer Frakturnachweis.""}","""""",UNSPECIFIED,"{""class_absence_supported"":{""value"":true,""evidence"":[""Kein frischer Frakturnachweis.""]},""fracture_line_present"":{""value"":null,""evidence"":[]},""acute_injury"":{""value"":false,""evidence"":[""Kein frischer Frakturnachweis.""]},""procedure_only"":{""value"":null,""evidence"":[]}}",NO,NO,0.05,1.0,1,[],L1_REPORT_ONLY,OK
1.2.826.0.1.3680043.8.498.11909779134152823550896593167929611759,ACL,190129b6834424d0cf456bedea657e45471c65a9c61cf66a623a91f75162ed2d,f210b7eaf79de2bd36150c74da08cd7f4f0164800faf7f1865b5fc29d3f7fcf2,el,ABSENT,"[""∆εν αναγνωρίστηκαν παθολογικά ευρήµατα από τον έλεγχο των µηνίσκων, των χιαστών, των πλάγιων συνδέσµων.""]","{""code"":""ACL"",""text"":""των χιαστών""}","{""grade"":""NONE"",""text"":""∆εν αναγνωρίστηκαν παθολογικά ευρήµατα""}","""""",UNSPECIFIED,"{""class_absence_supported"":{""value"":true,""evidence"":[""∆εν αναγνωρίστηκαν παθολογικά ευρήµατα από τον έλεγχο των µηνίσκων, των χιαστών, των πλάγιων συνδέσµων.""]},""high_grade_tear"":{""value"":false,""evidence"":[""∆εν αναγνωρίστηκαν παθολογικά ευρήµατα από τον έλεγχο των µηνίσκων, των χιαστών, των πλάγιων συνδέσµων.""]},""low_grade_only"":{""value"":null,""evidence"":[]},""postoperative_only"":{""value"":null,""evidence"":[]}}",NO,NO,0.05,1.0,1,[],L1_REPORT_ONLY,OK
1.2.826.0.1.3680043.8.498.11909779134152823550896593167929611759,MCL,190129b6834424d0cf456bedea657e45471c65a9c61cf66a623a91f75162ed2d,f210b7eaf79de2bd36150c74da08cd7f4f0164800faf7f1865b5fc29d3f7fcf2,el,ABSENT,"[""∆εν αναγνωρίστηκαν παθολογικά ευρήµατα από τον έλεγχο των µηνίσκων, των χιαστών, των πλάγιων συνδέσµων.""]","{""code"":""MCL"",""text"":""των πλάγιων συνδέσµων""}","{""grade"":""NONE"",""text"":""∆εν αναγνωρίστηκαν παθολογικά ευρήµατα""}","""""",UNSPECIFIED,"{""class_absence_supported"":{""value"":true,""evidence"":[""∆εν αναγνωρίστηκαν παθολογικά ευρήµατα από τον έλεγχο των µηνίσκων, των χιαστών, των πλάγιων συνδέσµων.""]},""high_grade_tear"":{""value"":false,""evidence"":[""∆εν αναγνωρίστηκαν παθολογικά ευρήµατα από τον έλεγχο των µηνίσκων, των χιαστών, των πλάγιων συνδέσµων.""]},""acute_injury"":{""value"":null,""evidence"":[]},""low_grade_only"":{""value"":null,""evidence"":[]},""postoperative_only"":{""value"":null,""evidence"":[]}}",NO,NO,0.05,1.0,1,[],L1_REPORT_ONLY,OK
1.2.826.0.1.3680043.8.498.11909779134152823550896593167929611759,Medial Meniscus,190129b6834424d0cf456bedea657e45471c65a9c61cf66a623a91f75162ed2d,f210b7eaf79de2bd36150c74da08cd7f4f0164800faf7f1865b5fc29d3f7fcf2,el,ABSENT,"[""∆εν αναγνωρίστηκαν παθολογικά ευρήµατα από τον έλεγχο των µηνίσκων, των χιαστών, των πλάγιων συνδέσµων.""]","{""code"":""MEDIAL_MENISCUS"",""text"":""των µηνίσκων""}","{""grade"":""NONE"",""text"":""∆εν αναγνωρίστηκαν παθολογικά ευρήµατα""}","""""",UNSPECIFIED,"{""class_absence_supported"":{""value"":true,""evidence"":[""∆εν αναγνωρίστηκαν παθολογικά ευρήµατα από τον έλεγχο των µηνίσκων, των χιαστών, των πλάγιων συνδέσµων.""]},""definite_meniscal_tear"":{""value"":false,""evidence"":[""∆εν αναγνωρίστηκαν παθολογικά ευρήµατα από τον έλεγχο των µηνίσκων, των χιαστών, των πλάγιων συνδέσµων.""]},""internal_degeneration_only"":{""value"":null,""evidence"":[]},""postoperative_only"":{""value"":null,""evidence"":[]}}",NO,NO,0.05,1.0,1,[],L1_REPORT_ONLY,OK
1.2.826.0.1.3680043.8.498.11909779134152823550896593167929611759,Lateral Meniscus,190129b6834424d0cf456bedea657e45471c65a9c61cf66a623a91f75162ed2d,f210b7eaf79de2bd36150c74da08cd7f4f0164800faf7f1865b5fc29d3f7fcf2,el,ABSENT,"[""∆εν αναγνωρίστηκαν παθολογικά ευρήµατα από τον έλεγχο των µηνίσκων, των χιαστών, των πλάγιων συνδέσµων.""]","{""code"":""LATERAL_MENISCUS"",""text"":""των µηνίσκων""}","{""grade"":""NONE"",""text"":""∆εν αναγνωρίστηκαν παθολογικά ευρήµατα""}","""""",UNSPECIFIED,"{""class_absence_supported"":{""value"":true,""evidence"":[""∆εν αναγνωρίστηκαν παθολογικά ευρήµατα από τον έλεγχο των µηνίσκων, των χιαστών, των πλάγιων συνδέσµων.""]},""definite_meniscal_tear"":{""value"":false,""evidence"":[""∆εν αναγνωρίστηκαν παθολογικά ευρήµατα από τον έλεγχο των µηνίσκων, των χιαστών, των πλάγιων συνδέσµων.""]},""internal_degeneration_only"":{""value"":null,""evidence"":[]},""postoperative_only"":{""value"":null,""evidence"":[]}}",NO,NO,0.05,1.0,1,[],L1_REPORT_ONLY,OK
1.2.826.0.1.3680043.8.498.11909779134152823550896593167929611759,Medial OA,190129b6834424d0cf456bedea657e45471c65a9c61cf66a623a91f75162ed2d,f210b7eaf79de2bd36150c74da08cd7f4f0164800faf7f1865b5fc29d3f7fcf2,el,ABSENT,"[""Φυσιολογικός απεικονίζεται ο αρθρικός χόνδρος.""]","{""code"":""MEDIAL_TIBIOFEMORAL"",""text"":""ο αρθρικός χόνδρος""}","{""grade"":""NONE"",""text"":""Φυσιολογικός""}","""""",UNSPECIFIED,"{""class_absence_supported"":{""value"":true,""evidence"":[""Φυσιολογικός απεικονίζεται ο αρθρικός χόνδρος.""]},""cartilage_loss_gt50pct"":{""value"":false,""evidence"":[""Φυσιολογικός απεικονίζεται ο αρθρικός χόνδρος.""]},""cartilage_extent_ge10mm"":{""value"":null,""evidence"":[]},""low_grade_only"":{""value"":null,""evidence"":[]}}",NO,NO,0.05,1.0,1,[],L1_REPORT_ONLY,OK
1.2.826.0.1.3680043.8.498.11909779134152823550896593167929611759,Lateral OA,190129b6834424d0cf456bedea657e45471c65a9c61cf66a623a91f75162ed2d,f210b7eaf79de2bd36150c74da08cd7f4f0164800faf7f1865b5fc29d3f7fcf2,el,ABSENT,"[""Φυσιολογικός απεικονίζεται ο αρθρικός χόνδρος.""]","{""code"":""LATERAL_TIBIOFEMORAL"",""text"":""ο αρθρικός χόνδρος""}","{""grade"":""NONE"",""text"":""Φυσιολογικός""}","""""",UNSPECIFIED,"{""class_absence_supported"":{""value"":true,""evidence"":[""Φυσιολογικός απεικονίζεται ο αρθρικός χόνδρος.""]},""cartilage_loss_gt50pct"":{""value"":false,""evidence"":[""Φυσιολογικός απεικονίζεται ο αρθρικός χόνδρος.""]},""cartilage_extent_ge10mm"":{""value"":null,""evidence"":[]},""low_grade_only"":{""value"":null,""evidence"":[]}}",NO,NO,0.05,1.0,1,[],L1_REPORT_ONLY,OK
1.2.826.0.1.3680043.8.498.11909779134152823550896593167929611759,PF OA,190129b6834424d0cf456bedea657e45471c65a9c61cf66a623a91f75162ed2d,f210b7eaf79de2bd36150c74da08cd7f4f0164800faf7f1865b5fc29d3f7fcf2,el,ABSENT,"[""Φυσιολογικός απεικονίζεται ο αρθρικός χόνδρος.""]","{""code"":""PATELLOFEMORAL"",""text"":""ο αρθρικός χόνδρος""}","{""grade"":""NONE"",""text"":""Φυσιολογικός""}","""""",UNSPECIFIED,"{""class_absence_supported"":{""value"":true,""evidence"":[""Φυσιολογικός απεικονίζεται ο αρθρικός χόνδρος.""]},""cartilage_loss_gt50pct"":{""value"":false,""evidence"":[""Φυσιολογικός απεικονίζεται ο αρθρικός χόνδρος.""]},""cartilage_extent_ge10mm"":{""value"":null,""evidence"":[]},""low_grade_only"":{""value"":null,""evidence"":[]}}",NO,NO,0.05,1.0,1,[],L1_REPORT_ONLY,OK
1.2.826.0.1.3680043.8.498.11909779134152823550896593167929611759,Effusion,190129b6834424d0cf456bedea657e45471c65a9c61cf66a623a91f75162ed2d,f210b7eaf79de2bd36150c74da08cd7f4f0164800faf7f1865b5fc29d3f7fcf2,el,ABSENT,"[""Χωρίς ενδαρθρική συλλογή υγρού.""]","{""code"":""KNEE_JOINT"",""text"":""ενδαρθρική""}","{""grade"":""NONE"",""text"":""Χωρίς ενδαρθρική συλλογή υγρού.""}","""""",UNSPECIFIED,"{""class_absence_supported"":{""value"":true,""evidence"":[""Χωρίς ενδαρθρική συλλογή υγρού.""]},""joint_distension"":{""value"":null,""evidence"":[]},""low_grade_only"":{""value"":null,""evidence"":[]}}",NO,NO,0.05,1.0,1,[],L1_REPORT_ONLY,OK
1.2.826.0.1.3680043.8.498.11909779134152823550896593167929611759,Synovitis,190129b6834424d0cf456bedea657e45471c65a9c61cf66a623a91f75162ed2d,f210b7eaf79de2bd36150c74da08cd7f4f0164800faf7f1865b5fc29d3f7fcf2,el,NOT_MENTIONED,[],"{""code"":""UNKNOWN"",""text"":""""}","{""grade"":""UNSPECIFIED"",""text"":""""}","""""",UNSPECIFIED,"{""class_absence_supported"":{""value"":null,""evidence"":[]},""direct_synovial_evidence"":{""value"":null,""evidence"":[]}}",UNKNOWN,UNKNOWN,,0.0,0,[],L1_REPORT_ONLY,OK
1.2.826.0.1.3680043.8.498.11909779134152823550896593167929611759,Baker's,190129b6834424d0cf456bedea657e45471c65a9c61cf66a623a91f75162ed2d,f210b7eaf79de2bd36150c74da08cd7f4f0164800faf7f1865b5fc29d3f7fcf2,el,NOT_MENTIONED,[],"{""code"":""UNKNOWN"",""text"":""""}","{""grade"":""UNSPECIFIED"",""text"":""""}","""""",UNSPECIFIED,"{""class_absence_supported"":{""value"":null,""evidence"":[]},""typical_baker_location"":{""value"":null,""evidence"":[]},""low_grade_only"":{""value"":null,""evidence"":[]}}",UNKNOWN,UNKNOWN,,0.0,0,[],L1_REPORT_ONLY,OK
1.2.826.0.1.3680043.8.498.11909779134152823550896593167929611759,Contusion,190129b6834424d0cf456bedea657e45471c65a9c61cf66a623a91f75162ed2d,f210b7eaf79de2bd36150c74da08cd7f4f0164800faf7f1865b5fc29d3f7fcf2,el,ABSENT,"[""Με σήµα εντός του φυσιολογικού ελέγχεται ο οστικός µυελός.""]","{""code"":""BONE"",""text"":""ο οστικός µυελός""}","{""grade"":""NONE"",""text"":""σήµα εντός του φυσιολογικού""}","""""",UNSPECIFIED,"{""class_absence_supported"":{""value"":true,""evidence"":[""Με σήµα εντός του φυσιολογικού ελέγχεται ο οστικός µυελός.""]},""traumatic_marrow_edema"":{""value"":false,""evidence"":[""Με σήµα εντός του φυσιολογικού ελέγχεται ο οστικός µυελός.""]},""fracture_line_present"":{""value"":null,""evidence"":[]},""degenerative_only"":{""value"":null,""evidence"":[]}}",NO,NO,0.05,1.0,1,[],L1_REPORT_ONLY,OK
1.2.826.0.1.3680043.8.498.11909779134152823550896593167929611759,Fracture,190129b6834424d0cf456bedea657e45471c65a9c61cf66a623a91f75162ed2d,f210b7eaf79de2bd36150c74da08cd7f4f0164800faf7f1865b5fc29d3f7fcf2,el,NOT_MENTIONED,[],"{""code"":""UNKNOWN"",""text"":""""}","{""grade"":""UNSPECIFIED"",""text"":""""}","""""",UNSPECIFIED,"{""class_absence_supported"":{""value"":null,""evidence"":[]},""fracture_line_present"":{""value"":null,""evidence"":[]},""acute_injury"":{""value"":null,""evidence"":[]},""procedure_only"":{""value"":null,""evidence"":[]}}",UNKNOWN,UNKNOWN,,0.0,0,[],L1_REPORT_ONLY,OK
1.2.826.0.1.3680043.8.498.11964826300307458382604479841253457304,ACL,5013a241c560fefcf72ac210e763c8124cad50d3bd6e4c458fdf13283ee56f45,157c3803a61a7ac7e767240c5ff526359af4ef5243c2245ee06c539d8f1fa500,bg,PRESENT,"[""Предната кръстна връзка е със запазена цялост и се изобразява с повишен сигнален интензитет и лекостепенно задебелена, както при разтежение."",""Дегенеративни промени в задния рог на медиалния менискус и предната кръстна връзка.""]","{""code"":""ACL"",""text"":""Предната кръстна връзка""}","{""grade"":""MILD"",""text"":""лекостепенно задебелена""}","""""",UNSPECIFIED,"{""class_absence_supported"":{""value"":null,""evidence"":[]},""high_grade_tear"":{""value"":false,""evidence"":[""Предната кръстна връзка е със запазена цялост""]},""low_grade_only"":{""value"":true,""evidence"":[""Предната кръстна връзка е със запазена цялост и се изобразява с повишен сигнален интензитет и лекостепенно задебелена, както при разтежение.""]},""postoperative_only"":{""value"":null,""evidence"":[]}}",NO,NO,0.05,1.0,1,"[""explicit_subthreshold_or_alternative"",""llm_review:Strain-like signal and degenerative changes with preserved integrity; injury timing unspecified.""]",L1_REPORT_ONLY,OK
1.2.826.0.1.3680043.8.498.11964826300307458382604479841253457304,MCL,5013a241c560fefcf72ac210e763c8124cad50d3bd6e4c458fdf13283ee56f45,157c3803a61a7ac7e767240c5ff526359af4ef5243c2245ee06c539d8f1fa500,bg,ABSENT,"[""Задната кръстна връзка и двата колатерални лигамента се проследяват до залавните си места с правилна форма, хомогенна структура и сигнален интензитет.""]","{""code"":""MCL"",""text"":""двата колатерални лигамента""}","{""grade"":""NONE"",""text"":""с правилна форма, хомогенна структура и сигнален интензитет""}","""""",UNSPECIFIED,"{""class_absence_supported"":{""value"":true,""evidence"":[""Задната кръстна връзка и двата колатерални лигамента се проследяват до залавните си места с правилна форма, хомогенна структура и сигнален интензитет.""]},""high_grade_tear"":{""value"":false,""evidence"":[""Задната кръстна връзка и двата колатерални лигамента се проследяват до залавните си места с правилна форма, хомогенна структура и сигнален интензитет.""]},""acute_injury"":{""value"":null,""evidence"":[]},""low_grade_only"":{""value"":null,""evidence"":[]},""postoperative_only"":{""value"":null,""evidence"":[]}}",NO,NO,0.05,1.0,1,[],L1_REPORT_ONLY,OK
1.2.826.0.1.3680043.8.498.11964826300307458382604479841253457304,Medial Meniscus,5013a241c560fefcf72ac210e763c8124cad50d3bd6e4c458fdf13283ee56f45,157c3803a61a7ac7e767240c5ff526359af4ef5243c2245ee06c539d8f1fa500,bg,PRESENT,"[""Установяват се дегенеративни изменения в задния рог на медиалния менискус под формата на тънка хиперинтензна линия с хоризонтален ход.""]","{""code"":""MEDIAL_MENISCUS"",""text"":""задния рог на медиалния менискус""}","{""grade"":""UNSPECIFIED"",""text"":""""}","""задния рог""",CURRENT_CHRONIC,"{""class_absence_supported"":{""value"":null,""evidence"":[]},""definite_meniscal_tear"":{""value"":null,""evidence"":[]},""internal_degeneration_only"":{""value"":true,""evidence"":[""Установяват се дегенеративни изменения в задния рог на медиалния менискус под формата на тънка хиперинтензна линия с хоризонтален ход.""]},""postoperative_only"":{""value"":null,""evidence"":[]}}",NO,NO,0.05,1.0,1,"[""explicit_subthreshold_or_alternative"",""llm_review:Internal degeneration is described without a definite tear diagnosis.""]",L1_REPORT_ONLY,OK
1.2.826.0.1.3680043.8.498.11964826300307458382604479841253457304,Lateral Meniscus,5013a241c560fefcf72ac210e763c8124cad50d3bd6e4c458fdf13283ee56f45,157c3803a61a7ac7e767240c5ff526359af4ef5243c2245ee06c539d8f1fa500,bg,ABSENT,"[""Латерален мениск - нормално изобразяване.""]","{""code"":""LATERAL_MENISCUS"",""text"":""Латерален мениск""}","{""grade"":""NONE"",""text"":""нормално изобразяване""}","""""",UNSPECIFIED,"{""class_absence_supported"":{""value"":true,""evidence"":[""Латерален мениск - нормално изобразяване.""]},""definite_meniscal_tear"":{""value"":false,""evidence"":[""Латерален мениск - нормално изобразяване.""]},""internal_degeneration_only"":{""value"":null,""evidence"":[]},""postoperative_only"":{""value"":null,""evidence"":[]}}",NO,NO,0.05,1.0,1,[],L1_REPORT_ONLY,OK
1.2.826.0.1.3680043.8.498.11964826300307458382604479841253457304,Medial OA,5013a241c560fefcf72ac210e763c8124cad50d3bd6e4c458fdf13283ee56f45,157c3803a61a7ac7e767240c5ff526359af4ef5243c2245ee06c539d8f1fa500,bg,ABSENT,"[""Хрущялът, покриващ ставните повърхности на тибията и фемура е с нормална дебелина, хомогенна структура и сигнален интензитет.""]","{""code"":""MEDIAL_TIBIOFEMORAL"",""text"":""ставните повърхности на тибията и фемура""}","{""grade"":""NONE"",""text"":""с нормална дебелина, хомогенна структура и сигнален интензитет""}","""""",UNSPECIFIED,"{""class_absence_supported"":{""value"":true,""evidence"":[""Хрущялът, покриващ ставните повърхности на тибията и фемура е с нормална дебелина, хомогенна структура и сигнален интензитет.""]},""cartilage_loss_gt50pct"":{""value"":false,""evidence"":[""Хрущялът, покриващ ставните повърхности на тибията и фемура е с нормална дебелина, хомогенна структура и сигнален интензитет.""]},""cartilage_extent_ge10mm"":{""value"":null,""evidence"":[]},""low_grade_only"":{""value"":null,""evidence"":[]}}",NO,NO,0.05,1.0,1,[],L1_REPORT_ONLY,OK
1.2.826.0.1.3680043.8.498.11964826300307458382604479841253457304,Lateral OA,5013a241c560fefcf72ac210e763c8124cad50d3bd6e4c458fdf13283ee56f45,157c3803a61a7ac7e767240c5ff526359af4ef5243c2245ee06c539d8f1fa500,bg,ABSENT,"[""Хрущялът, покриващ ставните повърхности на тибията и фемура е с нормална дебелина, хомогенна структура и сигнален интензитет.""]","{""code"":""LATERAL_TIBIOFEMORAL"",""text"":""ставните повърхности на тибията и фемура""}","{""grade"":""NONE"",""text"":""с нормална дебелина, хомогенна структура и сигнален интензитет""}","""""",UNSPECIFIED,"{""class_absence_supported"":{""value"":true,""evidence"":[""Хрущялът, покриващ ставните повърхности на тибията и фемура е с нормална дебелина, хомогенна структура и сигнален интензитет.""]},""cartilage_loss_gt50pct"":{""value"":false,""evidence"":[""Хрущялът, покриващ ставните повърхности на тибията и фемура е с нормална дебелина, хомогенна структура и сигнален интензитет.""]},""cartilage_extent_ge10mm"":{""value"":null,""evidence"":[]},""low_grade_only"":{""value"":null,""evidence"":[]}}",NO,NO,0.05,1.0,1,[],L1_REPORT_ONLY,OK
1.2.826.0.1.3680043.8.498.11964826300307458382604479841253457304,PF OA,5013a241c560fefcf72ac210e763c8124cad50d3bd6e4c458fdf13283ee56f45,157c3803a61a7ac7e767240c5ff526359af4ef5243c2245ee06c539d8f1fa500,bg,PRESENT,"[""Вижда се малък дефект в хрущяла на пателата с микрокистична преустройка на нивото на дефекта по горния полюс на пателата на медиалната страна.""]","{""code"":""PATELLOFEMORAL"",""text"":""горния полюс на пателата на медиалната страна""}","{""grade"":""UNSPECIFIED"",""text"":""""}","""малък дефект""",UNSPECIFIED,"{""class_absence_supported"":{""value"":null,""evidence"":[]},""cartilage_loss_gt50pct"":{""value"":null,""evidence"":[]},""cartilage_extent_ge10mm"":{""value"":null,""evidence"":[]},""low_grade_only"":{""value"":null,""evidence"":[]}}",UNKNOWN,UNKNOWN,,0.0,0,"[""criteria_anatomy_severity_extent_or_timing_insufficient"",""llm_review:Patellar cartilage defect is localized, but depth and numerical extent are unspecified; small does not establish either threshold.""]",L1_REPORT_ONLY,OK
1.2.826.0.1.3680043.8.498.11964826300307458382604479841253457304,Effusion,5013a241c560fefcf72ac210e763c8124cad50d3bd6e4c458fdf13283ee56f45,157c3803a61a7ac7e767240c5ff526359af4ef5243c2245ee06c539d8f1fa500,bg,PRESENT,"[""МР данни за ставен излив."",""МР данни за малък ставен излив.""]","{""code"":""KNEE_JOINT"",""text"":""ставен излив""}","{""grade"":""MILD"",""text"":""малък ставен излив""}","""""",UNSPECIFIED,"{""class_absence_supported"":{""value"":null,""evidence"":[]},""joint_distension"":{""value"":null,""evidence"":[]},""low_grade_only"":{""value"":true,""evidence"":[""МР данни за малък ставен излив.""]}}",NO,NO,0.05,1.0,1,"[""explicit_subthreshold_or_alternative"",""llm_review:Small effusion is subthreshold; joint distension is not described.""]",L1_REPORT_ONLY,OK
1.2.826.0.1.3680043.8.498.11964826300307458382604479841253457304,Synovitis,5013a241c560fefcf72ac210e763c8124cad50d3bd6e4c458fdf13283ee56f45,157c3803a61a7ac7e767240c5ff526359af4ef5243c2245ee06c539d8f1fa500,bg,NOT_MENTIONED,[],"{""code"":""UNKNOWN"",""text"":""""}","{""grade"":""UNSPECIFIED"",""text"":""""}","""""",UNSPECIFIED,"{""class_absence_supported"":{""value"":null,""evidence"":[]},""direct_synovial_evidence"":{""value"":null,""evidence"":[]}}",UNKNOWN,UNKNOWN,,0.0,0,[],L1_REPORT_ONLY,OK
1.2.826.0.1.3680043.8.498.11964826300307458382604479841253457304,Baker's,5013a241c560fefcf72ac210e763c8124cad50d3bd6e4c458fdf13283ee56f45,157c3803a61a7ac7e767240c5ff526359af4ef5243c2245ee06c539d8f1fa500,bg,ABSENT,"[""Фоса поплитеа – б.о.""]","{""code"":""POSTEROMEDIAL_POPLITEAL"",""text"":""Фоса поплитеа""}","{""grade"":""NONE"",""text"":""Фоса поплитеа – б.о.""}","""""",UNSPECIFIED,"{""class_absence_supported"":{""value"":true,""evidence"":[""Фоса поплитеа – б.о.""]},""typical_baker_location"":{""value"":null,""evidence"":[]},""low_grade_only"":{""value"":null,""evidence"":[]}}",NO,NO,0.05,1.0,1,[],L1_REPORT_ONLY,OK
1.2.826.0.1.3680043.8.498.11964826300307458382604479841253457304,Contusion,5013a241c560fefcf72ac210e763c8124cad50d3bd6e4c458fdf13283ee56f45,157c3803a61a7ac7e767240c5ff526359af4ef5243c2245ee06c539d8f1fa500,bg,UNCERTAIN,"[""Костите, формиращи дясната колянна става се изобразяват с правилна форма, структура и сигнална характеристика."",""МР данни за костномозъчен едем в долната медиална половина на пателата."",""Дефект в хрущяла на пателата в горния полюс, с наличие на костномозъчен едем в долния медиален ръб.""]","{""code"":""BONE"",""text"":""долната медиална половина на пателата""}","{""grade"":""UNSPECIFIED"",""text"":""""}","""долната медиална половина на пателата""",UNSPECIFIED,"{""class_absence_supported"":{""value"":null,""evidence"":[]},""traumatic_marrow_edema"":{""value"":null,""evidence"":[]},""fracture_line_present"":{""value"":null,""evidence"":[]},""degenerative_only"":{""value"":null,""evidence"":[]}}",UNKNOWN,UNKNOWN,,0.0,0,"[""llm_review:General normal bone signal conflicts with focal patellar marrow edema."",""llm_review:Marrow edema is definite, but traumatic origin, timing and absence of a fracture line at the lesion are not established."",""unresolved_contradiction"",""pilot_text_review_mask""]",L1_REPORT_ONLY,OK
1.2.826.0.1.3680043.8.498.11964826300307458382604479841253457304,Fracture,5013a241c560fefcf72ac210e763c8124cad50d3bd6e4c458fdf13283ee56f45,157c3803a61a7ac7e767240c5ff526359af4ef5243c2245ee06c539d8f1fa500,bg,ABSENT,"[""Костите, формиращи дясната колянна става се изобразяват с правилна форма, структура и сигнална характеристика.""]","{""code"":""BONE"",""text"":""Костите, формиращи дясната колянна става""}","{""grade"":""NONE"",""text"":""с правилна форма, структура и сигнална характеристика""}","""""",UNSPECIFIED,"{""class_absence_supported"":{""value"":null,""evidence"":[]},""fracture_line_present"":{""value"":null,""evidence"":[]},""acute_injury"":{""value"":null,""evidence"":[]},""procedure_only"":{""value"":null,""evidence"":[]}}",UNKNOWN,UNKNOWN,,0.0,0,"[""llm_review:General normal osseous appearance is reported, but fracture lines or cortical disruption are not explicitly excluded; focal patellar marrow edema limits a confident class-level negative."",""negative_scope_insufficient""]",L1_REPORT_ONLY,OK
1.2.826.0.1.3680043.8.498.12015406188790105426257083591807220760,ACL,a8bc92dcde1c6372904fa714e84413ce68cf6f83635eca077f4061f0fd97a579,64ee6d6b8ea81812eef9e670ed03b3f2d121b53f55a6d04d3ea76326087bd848,tr,ABSENT,"[""Ön çapraz bağ ve arka çapraz bağ, lateral ve medial kollateral ligaman normaldir.""]","{""code"":""ACL"",""text"":""Ön çapraz bağ""}","{""grade"":""NONE"",""text"":""normaldir""}","""""",UNSPECIFIED,"{""class_absence_supported"":{""value"":true,""evidence"":[""Ön çapraz bağ ve arka çapraz bağ, lateral ve medial kollateral ligaman normaldir.""]},""high_grade_tear"":{""value"":false,""evidence"":[""Ön çapraz bağ ve arka çapraz bağ, lateral ve medial kollateral ligaman normaldir.""]},""low_grade_only"":{""value"":null,""evidence"":[]},""postoperative_only"":{""value"":null,""evidence"":[]}}",NO,NO,0.05,1.0,1,[],L1_REPORT_ONLY,OK
1.2.826.0.1.3680043.8.498.12015406188790105426257083591807220760,MCL,a8bc92dcde1c6372904fa714e84413ce68cf6f83635eca077f4061f0fd97a579,64ee6d6b8ea81812eef9e670ed03b3f2d121b53f55a6d04d3ea76326087bd848,tr,ABSENT,"[""Ön çapraz bağ ve arka çapraz bağ, lateral ve medial kollateral ligaman normaldir.""]","{""code"":""MCL"",""text"":""medial kollateral ligaman""}","{""grade"":""NONE"",""text"":""normaldir""}","""""",UNSPECIFIED,"{""class_absence_supported"":{""value"":true,""evidence"":[""Ön çapraz bağ ve arka çapraz bağ, lateral ve medial kollateral ligaman normaldir.""]},""high_grade_tear"":{""value"":false,""evidence"":[""Ön çapraz bağ ve arka çapraz bağ, lateral ve medial kollateral ligaman normaldir.""]},""acute_injury"":{""value"":null,""evidence"":[]},""low_grade_only"":{""value"":null,""evidence"":[]},""postoperative_only"":{""value"":null,""evidence"":[]}}",NO,NO,0.05,1.0,1,[],L1_REPORT_ONLY,OK
1.2.826.0.1.3680043.8.498.12015406188790105426257083591807220760,Medial Meniscus,a8bc92dcde1c6372904fa714e84413ce68cf6f83635eca077f4061f0fd97a579,64ee6d6b8ea81812eef9e670ed03b3f2d121b53f55a6d04d3ea76326087bd848,tr,PRESENT,"[""Medial menisküste grade II dejenerasyon izlendi.""]","{""code"":""MEDIAL_MENISCUS"",""text"":""Medial menisküste""}","{""grade"":""UNSPECIFIED"",""text"":""grade II""}","""""",UNSPECIFIED,"{""class_absence_supported"":{""value"":null,""evidence"":[]},""definite_meniscal_tear"":{""value"":null,""evidence"":[]},""internal_degeneration_only"":{""value"":true,""evidence"":[""Medial menisküste grade II dejenerasyon izlendi.""]},""postoperative_only"":{""value"":null,""evidence"":[]}}",NO,NO,0.05,1.0,1,"[""explicit_subthreshold_or_alternative"",""llm_review:Grade II degeneration is subthreshold; no definite tear diagnosis.""]",L1_REPORT_ONLY,OK
1.2.826.0.1.3680043.8.498.12015406188790105426257083591807220760,Lateral Meniscus,a8bc92dcde1c6372904fa714e84413ce68cf6f83635eca077f4061f0fd97a579,64ee6d6b8ea81812eef9e670ed03b3f2d121b53f55a6d04d3ea76326087bd848,tr,PRESENT,"[""Lateral menisküste grade I dejenerasyon izlendi.""]","{""code"":""LATERAL_MENISCUS"",""text"":""Lateral menisküste""}","{""grade"":""UNSPECIFIED"",""text"":""grade I""}","""""",UNSPECIFIED,"{""class_absence_supported"":{""value"":null,""evidence"":[]},""definite_meniscal_tear"":{""value"":null,""evidence"":[]},""internal_degeneration_only"":{""value"":true,""evidence"":[""Lateral menisküste grade I dejenerasyon izlendi.""]},""postoperative_only"":{""value"":null,""evidence"":[]}}",NO,NO,0.05,1.0,1,"[""explicit_subthreshold_or_alternative"",""llm_review:Grade I degeneration is subthreshold; no definite tear diagnosis.""]",L1_REPORT_ONLY,OK
1.2.826.0.1.3680043.8.498.12015406188790105426257083591807220760,Medial OA,a8bc92dcde1c6372904fa714e84413ce68cf6f83635eca077f4061f0fd97a579,64ee6d6b8ea81812eef9e670ed03b3f2d121b53f55a6d04d3ea76326087bd848,tr,NOT_MENTIONED,[],"{""code"":""UNKNOWN"",""text"":""""}","{""grade"":""UNSPECIFIED"",""text"":""""}","""""",UNSPECIFIED,"{""class_absence_supported"":{""value"":null,""evidence"":[]},""cartilage_loss_gt50pct"":{""value"":null,""evidence"":[]},""cartilage_extent_ge10mm"":{""value"":null,""evidence"":[]},""low_grade_only"":{""value"":null,""evidence"":[]}}",UNKNOWN,UNKNOWN,,0.0,0,[],L1_REPORT_ONLY,OK
1.2.826.0.1.3680043.8.498.12015406188790105426257083591807220760,Lateral OA,a8bc92dcde1c6372904fa714e84413ce68cf6f83635eca077f4061f0fd97a579,64ee6d6b8ea81812eef9e670ed03b3f2d121b53f55a6d04d3ea76326087bd848,tr,NOT_MENTIONED,[],"{""code"":""UNKNOWN"",""text"":""""}","{""grade"":""UNSPECIFIED"",""text"":""""}","""""",UNSPECIFIED,"{""class_absence_supported"":{""value"":null,""evidence"":[]},""cartilage_loss_gt50pct"":{""value"":null,""evidence"":[]},""cartilage_extent_ge10mm"":{""value"":null,""evidence"":[]},""low_grade_only"":{""value"":null,""evidence"":[]}}",UNKNOWN,UNKNOWN,,0.0,0,[],L1_REPORT_ONLY,OK
1.2.826.0.1.3680043.8.498.12015406188790105426257083591807220760,PF OA,a8bc92dcde1c6372904fa714e84413ce68cf6f83635eca077f4061f0fd97a579,64ee6d6b8ea81812eef9e670ed03b3f2d121b53f55a6d04d3ea76326087bd848,tr,PRESENT,"[""Patellofemoral eklem medial faset düzeyinde patellar düzeyde kıkırdakta bütünlük kaybı ve komşu kemikte subkondral kemik iliği ödemi izlenmektedir.""]","{""code"":""PATELLOFEMORAL"",""text"":""Patellofemoral eklem medial faset düzeyinde patellar düzeyde""}","{""grade"":""UNSPECIFIED"",""text"":""""}","""""",UNSPECIFIED,"{""class_absence_supported"":{""value"":null,""evidence"":[]},""cartilage_loss_gt50pct"":{""value"":null,""evidence"":[]},""cartilage_extent_ge10mm"":{""value"":null,""evidence"":[]},""low_grade_only"":{""value"":null,""evidence"":[]}}",UNKNOWN,UNKNOWN,,0.0,0,"[""criteria_anatomy_severity_extent_or_timing_insufficient"",""llm_review:Cartilage integrity loss is reported, but thickness-loss percentage, grade and lesion extent are unspecified.""]",L1_REPORT_ONLY,OK
1.2.826.0.1.3680043.8.498.12015406188790105426257083591807220760,Effusion,a8bc92dcde1c6372904fa714e84413ce68cf6f83635eca077f4061f0fd97a579,64ee6d6b8ea81812eef9e670ed03b3f2d121b53f55a6d04d3ea76326087bd848,tr,PRESENT,"[""Suprapatellar bursada sıvı artışı izlenmektedir.""]","{""code"":""KNEE_JOINT"",""text"":""Suprapatellar bursada""}","{""grade"":""UNSPECIFIED"",""text"":""""}","""""",UNSPECIFIED,"{""class_absence_supported"":{""value"":null,""evidence"":[]},""joint_distension"":{""value"":null,""evidence"":[]},""low_grade_only"":{""value"":null,""evidence"":[]}}",UNKNOWN,UNKNOWN,,0.0,0,"[""criteria_anatomy_severity_extent_or_timing_insufficient"",""llm_review:Increased suprapatellar fluid is reported without size grade or explicit joint distension.""]",L1_REPORT_ONLY,OK
1.2.826.0.1.3680043.8.498.12015406188790105426257083591807220760,Synovitis,a8bc92dcde1c6372904fa714e84413ce68cf6f83635eca077f4061f0fd97a579,64ee6d6b8ea81812eef9e670ed03b3f2d121b53f55a6d04d3ea76326087bd848,tr,NOT_MENTIONED,[],"{""code"":""UNKNOWN"",""text"":""""}","{""grade"":""UNSPECIFIED"",""text"":""""}","""""",UNSPECIFIED,"{""class_absence_supported"":{""value"":null,""evidence"":[]},""direct_synovial_evidence"":{""value"":null,""evidence"":[]}}",UNKNOWN,UNKNOWN,,0.0,0,[],L1_REPORT_ONLY,OK
1.2.826.0.1.3680043.8.498.12015406188790105426257083591807220760,Baker's,a8bc92dcde1c6372904fa714e84413ce68cf6f83635eca077f4061f0fd97a579,64ee6d6b8ea81812eef9e670ed03b3f2d121b53f55a6d04d3ea76326087bd848,tr,PRESENT,"[""Popliteal fossada 40x14 mm boyutlarında Baker kisti izlendi.""]","{""code"":""POSTEROMEDIAL_POPLITEAL"",""text"":""Popliteal fossada""}","{""grade"":""UNSPECIFIED"",""text"":""""}","""40x14 mm""",UNSPECIFIED,"{""class_absence_supported"":{""value"":null,""evidence"":[]},""typical_baker_location"":{""value"":true,""evidence"":[""Popliteal fossada 40x14 mm boyutlarında Baker kisti izlendi.""]},""low_grade_only"":{""value"":null,""evidence"":[]}}",YES,UNKNOWN,,0.0,0,"[""criteria_anatomy_severity_extent_or_timing_insufficient"",""llm_mapper_disagreement"",""llm_review:Measured 40x14 mm cyst supports a moderate-sized lesion; no explicit size grade is stated."",""pilot_text_review_mask""]",L1_REPORT_ONLY,OK
1.2.826.0.1.3680043.8.498.12015406188790105426257083591807220760,Contusion,a8bc92dcde1c6372904fa714e84413ce68cf6f83635eca077f4061f0fd97a579,64ee6d6b8ea81812eef9e670ed03b3f2d121b53f55a6d04d3ea76326087bd848,tr,ABSENT,"[""Diz eklemini oluşturan kemik yapıların sinyal intensiteleri doğaldır."",""Patellofemoral eklem medial faset düzeyinde patellar düzeyde kıkırdakta bütünlük kaybı ve komşu kemikte subkondral kemik iliği ödemi izlenmektedir.""]","{""code"":""BONE"",""text"":""Diz eklemini oluşturan kemik yapıların""}","{""grade"":""UNSPECIFIED"",""text"":""""}","""""",UNSPECIFIED,"{""class_absence_supported"":{""value"":null,""evidence"":[]},""traumatic_marrow_edema"":{""value"":null,""evidence"":[]},""fracture_line_present"":{""value"":null,""evidence"":[]},""degenerative_only"":{""value"":true,""evidence"":[""Patellofemoral eklem medial faset düzeyinde patellar düzeyde kıkırdakta bütünlük kaybı ve komşu kemikte subkondral kemik iliği ödemi izlenmektedir.""]}}",UNKNOWN,UNKNOWN,,0.0,0,"[""llm_review:General normal bone-signal statement conflicts with focal subchondral marrow edema. The focal edema accompanies cartilage damage and is not described as traumatic; the general negative cannot confidently exclude qualifying contusion."",""unresolved_contradiction"",""pilot_text_review_mask""]",L1_REPORT_ONLY,OK
1.2.826.0.1.3680043.8.498.12015406188790105426257083591807220760,Fracture,a8bc92dcde1c6372904fa714e84413ce68cf6f83635eca077f4061f0fd97a579,64ee6d6b8ea81812eef9e670ed03b3f2d121b53f55a6d04d3ea76326087bd848,tr,NOT_MENTIONED,[],"{""code"":""UNKNOWN"",""text"":""""}","{""grade"":""UNSPECIFIED"",""text"":""""}","""""",UNSPECIFIED,"{""class_absence_supported"":{""value"":null,""evidence"":[]},""fracture_line_present"":{""value"":null,""evidence"":[]},""acute_injury"":{""value"":null,""evidence"":[]},""procedure_only"":{""value"":null,""evidence"":[]}}",UNKNOWN,UNKNOWN,,0.0,0,[],L1_REPORT_ONLY,OK
1.2.826.0.1.3680043.8.498.12185615973620890770158935333033805789,ACL,8085cd6f10c012951efea38ca936860876215f07e6ac365db3e27e17ab9855f4,e9a643115d0f20286773189b84d8a93519475e8ba4d12dc4ff5b4718298efeaf,en,ABSENT,"[""Intercondylar compartment (anterior and posterior cruciate ligaments):\nNormal.""]","{""code"":""ACL"",""text"":""anterior and posterior cruciate ligaments""}","{""grade"":""NONE"",""text"":""Normal.""}","""""",UNSPECIFIED,"{""class_absence_supported"":{""value"":true,""evidence"":[""Intercondylar compartment (anterior and posterior cruciate ligaments):\nNormal.""]},""high_grade_tear"":{""value"":false,""evidence"":[""Intercondylar compartment (anterior and posterior cruciate ligaments):\nNormal.""]},""low_grade_only"":{""value"":null,""evidence"":[]},""postoperative_only"":{""value"":null,""evidence"":[]}}",NO,NO,0.05,1.0,1,"[""history_or_postoperative_scope_review""]",L1_REPORT_ONLY,OK
1.2.826.0.1.3680043.8.498.12185615973620890770158935333033805789,MCL,8085cd6f10c012951efea38ca936860876215f07e6ac365db3e27e17ab9855f4,e9a643115d0f20286773189b84d8a93519475e8ba4d12dc4ff5b4718298efeaf,en,ABSENT,"[""Medial compartment (meniscus, collateral ligament, cartilage):\nNormal.""]","{""code"":""MCL"",""text"":""Medial compartment (meniscus, collateral ligament, cartilage)""}","{""grade"":""NONE"",""text"":""Normal.""}","""""",UNSPECIFIED,"{""class_absence_supported"":{""value"":true,""evidence"":[""Medial compartment (meniscus, collateral ligament, cartilage):\nNormal.""]},""high_grade_tear"":{""value"":false,""evidence"":[""Medial compartment (meniscus, collateral ligament, cartilage):\nNormal.""]},""acute_injury"":{""value"":null,""evidence"":[]},""low_grade_only"":{""value"":null,""evidence"":[]},""postoperative_only"":{""value"":null,""evidence"":[]}}",NO,NO,0.05,1.0,1,[],L1_REPORT_ONLY,OK
1.2.826.0.1.3680043.8.498.12185615973620890770158935333033805789,Medial Meniscus,8085cd6f10c012951efea38ca936860876215f07e6ac365db3e27e17ab9855f4,e9a643115d0f20286773189b84d8a93519475e8ba4d12dc4ff5b4718298efeaf,en,ABSENT,"[""Medial compartment (meniscus, collateral ligament, cartilage):\nNormal.""]","{""code"":""MEDIAL_MENISCUS"",""text"":""Medial compartment (meniscus, collateral ligament, cartilage)""}","{""grade"":""NONE"",""text"":""Normal.""}","""""",UNSPECIFIED,"{""class_absence_supported"":{""value"":true,""evidence"":[""Medial compartment (meniscus, collateral ligament, cartilage):\nNormal.""]},""definite_meniscal_tear"":{""value"":false,""evidence"":[""Medial compartment (meniscus, collateral ligament, cartilage):\nNormal.""]},""internal_degeneration_only"":{""value"":null,""evidence"":[]},""postoperative_only"":{""value"":null,""evidence"":[]}}",NO,NO,0.05,1.0,1,[],L1_REPORT_ONLY,OK
1.2.826.0.1.3680043.8.498.12185615973620890770158935333033805789,Lateral Meniscus,8085cd6f10c012951efea38ca936860876215f07e6ac365db3e27e17ab9855f4,e9a643115d0f20286773189b84d8a93519475e8ba4d12dc4ff5b4718298efeaf,en,ABSENT,"[""Lateral compartment (meniscus, collateral ligament complex, cartilage):\nNormal.""]","{""code"":""LATERAL_MENISCUS"",""text"":""Lateral compartment (meniscus, collateral ligament complex, cartilage)""}","{""grade"":""NONE"",""text"":""Normal.""}","""""",UNSPECIFIED,"{""class_absence_supported"":{""value"":true,""evidence"":[""Lateral compartment (meniscus, collateral ligament complex, cartilage):\nNormal.""]},""definite_meniscal_tear"":{""value"":false,""evidence"":[""Lateral compartment (meniscus, collateral ligament complex, cartilage):\nNormal.""]},""internal_degeneration_only"":{""value"":null,""evidence"":[]},""postoperative_only"":{""value"":null,""evidence"":[]}}",NO,NO,0.05,1.0,1,[],L1_REPORT_ONLY,OK
1.2.826.0.1.3680043.8.498.12185615973620890770158935333033805789,Medial OA,8085cd6f10c012951efea38ca936860876215f07e6ac365db3e27e17ab9855f4,e9a643115d0f20286773189b84d8a93519475e8ba4d12dc4ff5b4718298efeaf,en,ABSENT,"[""Medial compartment (meniscus, collateral ligament, cartilage):\nNormal.""]","{""code"":""MEDIAL_TIBIOFEMORAL"",""text"":""Medial compartment (meniscus, collateral ligament, cartilage)""}","{""grade"":""NONE"",""text"":""Normal.""}","""""",UNSPECIFIED,"{""class_absence_supported"":{""value"":true,""evidence"":[""Medial compartment (meniscus, collateral ligament, cartilage):\nNormal.""]},""cartilage_loss_gt50pct"":{""value"":false,""evidence"":[""Medial compartment (meniscus, collateral ligament, cartilage):\nNormal.""]},""cartilage_extent_ge10mm"":{""value"":null,""evidence"":[]},""low_grade_only"":{""value"":null,""evidence"":[]}}",NO,NO,0.05,1.0,1,[],L1_REPORT_ONLY,OK
1.2.826.0.1.3680043.8.498.12185615973620890770158935333033805789,Lateral OA,8085cd6f10c012951efea38ca936860876215f07e6ac365db3e27e17ab9855f4,e9a643115d0f20286773189b84d8a93519475e8ba4d12dc4ff5b4718298efeaf,en,ABSENT,"[""Lateral compartment (meniscus, collateral ligament complex, cartilage):\nNormal.""]","{""code"":""LATERAL_TIBIOFEMORAL"",""text"":""Lateral compartment (meniscus, collateral ligament complex, cartilage)""}","{""grade"":""NONE"",""text"":""Normal.""}","""""",UNSPECIFIED,"{""class_absence_supported"":{""value"":true,""evidence"":[""Lateral compartment (meniscus, collateral ligament complex, cartilage):\nNormal.""]},""cartilage_loss_gt50pct"":{""value"":false,""evidence"":[""Lateral compartment (meniscus, collateral ligament complex, cartilage):\nNormal.""]},""cartilage_extent_ge10mm"":{""value"":null,""evidence"":[]},""low_grade_only"":{""value"":null,""evidence"":[]}}",NO,NO,0.05,1.0,1,[],L1_REPORT_ONLY,OK
1.2.826.0.1.3680043.8.498.12185615973620890770158935333033805789,PF OA,8085cd6f10c012951efea38ca936860876215f07e6ac365db3e27e17ab9855f4,e9a643115d0f20286773189b84d8a93519475e8ba4d12dc4ff5b4718298efeaf,en,ABSENT,"[""Anterior compartment (extensor mechanism, cartilage, Hoffa's fat pad):\nNormal.""]","{""code"":""PATELLOFEMORAL"",""text"":""Anterior compartment (extensor mechanism, cartilage, Hoffa's fat pad)""}","{""grade"":""NONE"",""text"":""Normal.""}","""""",UNSPECIFIED,"{""class_absence_supported"":{""value"":true,""evidence"":[""Anterior compartment (extensor mechanism, cartilage, Hoffa's fat pad):\nNormal.""]},""cartilage_loss_gt50pct"":{""value"":false,""evidence"":[""Anterior compartment (extensor mechanism, cartilage, Hoffa's fat pad):\nNormal.""]},""cartilage_extent_ge10mm"":{""value"":null,""evidence"":[]},""low_grade_only"":{""value"":null,""evidence"":[]}}",NO,NO,0.05,1.0,1,[],L1_REPORT_ONLY,OK
1.2.826.0.1.3680043.8.498.12185615973620890770158935333033805789,Effusion,8085cd6f10c012951efea38ca936860876215f07e6ac365db3e27e17ab9855f4,e9a643115d0f20286773189b84d8a93519475e8ba4d12dc4ff5b4718298efeaf,en,ABSENT,"[""No significant joint effusion.""]","{""code"":""KNEE_JOINT"",""text"":""joint""}","{""grade"":""NONE"",""text"":""No significant joint effusion.""}","""""",UNSPECIFIED,"{""class_absence_supported"":{""value"":true,""evidence"":[""No significant joint effusion.""]},""joint_distension"":{""value"":null,""evidence"":[]},""low_grade_only"":{""value"":null,""evidence"":[]}}",NO,NO,0.05,1.0,1,[],L1_REPORT_ONLY,OK
1.2.826.0.1.3680043.8.498.12185615973620890770158935333033805789,Synovitis,8085cd6f10c012951efea38ca936860876215f07e6ac365db3e27e17ab9855f4,e9a643115d0f20286773189b84d8a93519475e8ba4d12dc4ff5b4718298efeaf,en,NOT_MENTIONED,[],"{""code"":""UNKNOWN"",""text"":""""}","{""grade"":""UNSPECIFIED"",""text"":""""}","""""",UNSPECIFIED,"{""class_absence_supported"":{""value"":null,""evidence"":[]},""direct_synovial_evidence"":{""value"":null,""evidence"":[]}}",UNKNOWN,UNKNOWN,,0.0,0,[],L1_REPORT_ONLY,OK
1.2.826.0.1.3680043.8.498.12185615973620890770158935333033805789,Baker's,8085cd6f10c012951efea38ca936860876215f07e6ac365db3e27e17ab9855f4,e9a643115d0f20286773189b84d8a93519475e8ba4d12dc4ff5b4718298efeaf,en,ABSENT,"[""No popliteal cyst.""]","{""code"":""POSTEROMEDIAL_POPLITEAL"",""text"":""popliteal""}","{""grade"":""NONE"",""text"":""No popliteal cyst.""}","""""",UNSPECIFIED,"{""class_absence_supported"":{""value"":true,""evidence"":[""No popliteal cyst.""]},""typical_baker_location"":{""value"":null,""evidence"":[]},""low_grade_only"":{""value"":null,""evidence"":[]}}",NO,NO,0.05,1.0,1,[],L1_REPORT_ONLY,OK
1.2.826.0.1.3680043.8.498.12185615973620890770158935333033805789,Contusion,8085cd6f10c012951efea38ca936860876215f07e6ac365db3e27e17ab9855f4,e9a643115d0f20286773189b84d8a93519475e8ba4d12dc4ff5b4718298efeaf,en,ABSENT,"[""Bones:\nNormal.""]","{""code"":""BONE"",""text"":""Bones""}","{""grade"":""NONE"",""text"":""Normal.""}","""""",UNSPECIFIED,"{""class_absence_supported"":{""value"":true,""evidence"":[""Bones:\nNormal.""]},""traumatic_marrow_edema"":{""value"":false,""evidence"":[""Bones:\nNormal.""]},""fracture_line_present"":{""value"":false,""evidence"":[""Bones:\nNormal.""]},""degenerative_only"":{""value"":null,""evidence"":[]}}",NO,NO,0.05,1.0,1,[],L1_REPORT_ONLY,OK
1.2.826.0.1.3680043.8.498.12185615973620890770158935333033805789,Fracture,8085cd6f10c012951efea38ca936860876215f07e6ac365db3e27e17ab9855f4,e9a643115d0f20286773189b84d8a93519475e8ba4d12dc4ff5b4718298efeaf,en,ABSENT,"[""Bones:\nNormal.""]","{""code"":""BONE"",""text"":""Bones""}","{""grade"":""NONE"",""text"":""Normal.""}","""""",UNSPECIFIED,"{""class_absence_supported"":{""value"":true,""evidence"":[""Bones:\nNormal.""]},""fracture_line_present"":{""value"":false,""evidence"":[""Bones:\nNormal.""]},""acute_injury"":{""value"":null,""evidence"":[]},""procedure_only"":{""value"":null,""evidence"":[]}}",NO,NO,0.05,1.0,1,[],L1_REPORT_ONLY,OK
1.2.826.0.1.3680043.8.498.12225975251304101975065271521710735735,ACL,95ab715319c484c8d1c869511a77891cccda735a4d888d12211f84b7e80be01d,0b3cfdbce9729f57015a30f7e52944be59d2fe5d3810f8210260e7c9c825dfab,en,PRESENT,"[""ACL - acute tear."",""ACL tear.""]","{""code"":""ACL"",""text"":""ACL""}","{""grade"":""UNSPECIFIED"",""text"":""""}","""""",CURRENT_ACUTE,"{""class_absence_supported"":{""value"":null,""evidence"":[]},""high_grade_tear"":{""value"":null,""evidence"":[]},""low_grade_only"":{""value"":null,""evidence"":[]},""postoperative_only"":{""value"":null,""evidence"":[]}}",UNKNOWN,UNKNOWN,,0.0,0,"[""criteria_anatomy_severity_extent_or_timing_insufficient"",""llm_review:ACL tear is definite and acute, but partial versus complete and tear grade are unspecified.""]",L1_REPORT_ONLY,OK
1.2.826.0.1.3680043.8.498.12225975251304101975065271521710735735,MCL,95ab715319c484c8d1c869511a77891cccda735a4d888d12211f84b7e80be01d,0b3cfdbce9729f57015a30f7e52944be59d2fe5d3810f8210260e7c9c825dfab,en,ABSENT,"[""MCL normal.""]","{""code"":""MCL"",""text"":""MCL""}","{""grade"":""NONE"",""text"":""normal""}","""""",UNSPECIFIED,"{""class_absence_supported"":{""value"":true,""evidence"":[""MCL normal.""]},""high_grade_tear"":{""value"":false,""evidence"":[""MCL normal.""]},""acute_injury"":{""value"":false,""evidence"":[""MCL normal.""]},""low_grade_only"":{""value"":null,""evidence"":[]},""postoperative_only"":{""value"":null,""evidence"":[]}}",NO,NO,0.05,1.0,1,[],L1_REPORT_ONLY,OK
1.2.826.0.1.3680043.8.498.12225975251304101975065271521710735735,Medial Meniscus,95ab715319c484c8d1c869511a77891cccda735a4d888d12211f84b7e80be01d,0b3cfdbce9729f57015a30f7e52944be59d2fe5d3810f8210260e7c9c825dfab,en,ABSENT,"[""Medial meniscus normal.""]","{""code"":""MEDIAL_MENISCUS"",""text"":""Medial meniscus""}","{""grade"":""NONE"",""text"":""normal""}","""""",UNSPECIFIED,"{""class_absence_supported"":{""value"":true,""evidence"":[""Medial meniscus normal.""]},""definite_meniscal_tear"":{""value"":false,""evidence"":[""Medial meniscus normal.""]},""internal_degeneration_only"":{""value"":null,""evidence"":[]},""postoperative_only"":{""value"":null,""evidence"":[]}}",NO,NO,0.05,1.0,1,[],L1_REPORT_ONLY,OK
1.2.826.0.1.3680043.8.498.12225975251304101975065271521710735735,Lateral Meniscus,95ab715319c484c8d1c869511a77891cccda735a4d888d12211f84b7e80be01d,0b3cfdbce9729f57015a30f7e52944be59d2fe5d3810f8210260e7c9c825dfab,en,ABSENT,"[""Lateral meniscus normal.""]","{""code"":""LATERAL_MENISCUS"",""text"":""Lateral meniscus""}","{""grade"":""NONE"",""text"":""normal""}","""""",UNSPECIFIED,"{""class_absence_supported"":{""value"":true,""evidence"":[""Lateral meniscus normal.""]},""definite_meniscal_tear"":{""value"":false,""evidence"":[""Lateral meniscus normal.""]},""internal_degeneration_only"":{""value"":null,""evidence"":[]},""postoperative_only"":{""value"":null,""evidence"":[]}}",NO,NO,0.05,1.0,1,[],L1_REPORT_ONLY,OK
1.2.826.0.1.3680043.8.498.12225975251304101975065271521710735735,Medial OA,95ab715319c484c8d1c869511a77891cccda735a4d888d12211f84b7e80be01d,0b3cfdbce9729f57015a30f7e52944be59d2fe5d3810f8210260e7c9c825dfab,en,ABSENT,"[""Cartilages noraml.""]","{""code"":""MEDIAL_TIBIOFEMORAL"",""text"":""""}","{""grade"":""NONE"",""text"":""noraml""}","""""",UNSPECIFIED,"{""class_absence_supported"":{""value"":true,""evidence"":[""Cartilages noraml.""]},""cartilage_loss_gt50pct"":{""value"":false,""evidence"":[""Cartilages noraml.""]},""cartilage_extent_ge10mm"":{""value"":null,""evidence"":[]},""low_grade_only"":{""value"":null,""evidence"":[]}}",NO,NO,0.05,1.0,1,"[""llm_review:Global cartilage normality statement applies across knee compartments; compartments are not individually named.""]",L1_REPORT_ONLY,OK
1.2.826.0.1.3680043.8.498.12225975251304101975065271521710735735,Lateral OA,95ab715319c484c8d1c869511a77891cccda735a4d888d12211f84b7e80be01d,0b3cfdbce9729f57015a30f7e52944be59d2fe5d3810f8210260e7c9c825dfab,en,ABSENT,"[""Cartilages noraml.""]","{""code"":""LATERAL_TIBIOFEMORAL"",""text"":""""}","{""grade"":""NONE"",""text"":""noraml""}","""""",UNSPECIFIED,"{""class_absence_supported"":{""value"":true,""evidence"":[""Cartilages noraml.""]},""cartilage_loss_gt50pct"":{""value"":false,""evidence"":[""Cartilages noraml.""]},""cartilage_extent_ge10mm"":{""value"":null,""evidence"":[]},""low_grade_only"":{""value"":null,""evidence"":[]}}",NO,NO,0.05,1.0,1,"[""llm_review:Global cartilage normality statement applies across knee compartments; compartments are not individually named.""]",L1_REPORT_ONLY,OK
1.2.826.0.1.3680043.8.498.12225975251304101975065271521710735735,PF OA,95ab715319c484c8d1c869511a77891cccda735a4d888d12211f84b7e80be01d,0b3cfdbce9729f57015a30f7e52944be59d2fe5d3810f8210260e7c9c825dfab,en,ABSENT,"[""Cartilages noraml.""]","{""code"":""PATELLOFEMORAL"",""text"":""""}","{""grade"":""NONE"",""text"":""noraml""}","""""",UNSPECIFIED,"{""class_absence_supported"":{""value"":true,""evidence"":[""Cartilages noraml.""]},""cartilage_loss_gt50pct"":{""value"":false,""evidence"":[""Cartilages noraml.""]},""cartilage_extent_ge10mm"":{""value"":null,""evidence"":[]},""low_grade_only"":{""value"":null,""evidence"":[]}}",NO,NO,0.05,1.0,1,"[""llm_review:Global cartilage normality statement applies across knee compartments; compartments are not individually named.""]",L1_REPORT_ONLY,OK
1.2.826.0.1.3680043.8.498.12225975251304101975065271521710735735,Effusion,95ab715319c484c8d1c869511a77891cccda735a4d888d12211f84b7e80be01d,0b3cfdbce9729f57015a30f7e52944be59d2fe5d3810f8210260e7c9c825dfab,en,PRESENT,"[""Moderate effusion.""]","{""code"":""KNEE_JOINT"",""text"":""""}","{""grade"":""MODERATE"",""text"":""Moderate""}","""""",UNSPECIFIED,"{""class_absence_supported"":{""value"":null,""evidence"":[]},""joint_distension"":{""value"":null,""evidence"":[]},""low_grade_only"":{""value"":false,""evidence"":[""Moderate effusion.""]}}",UNKNOWN,UNKNOWN,,0.0,0,"[""criteria_anatomy_severity_extent_or_timing_insufficient"",""llm_review:Moderate effusion is reported, but joint distension is not explicitly described.""]",L1_REPORT_ONLY,OK
1.2.826.0.1.3680043.8.498.12225975251304101975065271521710735735,Synovitis,95ab715319c484c8d1c869511a77891cccda735a4d888d12211f84b7e80be01d,0b3cfdbce9729f57015a30f7e52944be59d2fe5d3810f8210260e7c9c825dfab,en,NOT_MENTIONED,[],"{""code"":""UNKNOWN"",""text"":""""}","{""grade"":""UNSPECIFIED"",""text"":""""}","""""",UNSPECIFIED,"{""class_absence_supported"":{""value"":null,""evidence"":[]},""direct_synovial_evidence"":{""value"":null,""evidence"":[]}}",UNKNOWN,UNKNOWN,,0.0,0,[],L1_REPORT_ONLY,OK
1.2.826.0.1.3680043.8.498.12225975251304101975065271521710735735,Baker's,95ab715319c484c8d1c869511a77891cccda735a4d888d12211f84b7e80be01d,0b3cfdbce9729f57015a30f7e52944be59d2fe5d3810f8210260e7c9c825dfab,en,ABSENT,"[""No baker's cyst.""]","{""code"":""POSTEROMEDIAL_POPLITEAL"",""text"":""baker's cyst""}","{""grade"":""NONE"",""text"":""No baker's cyst.""}","""""",UNSPECIFIED,"{""class_absence_supported"":{""value"":true,""evidence"":[""No baker's cyst.""]},""typical_baker_location"":{""value"":null,""evidence"":[]},""low_grade_only"":{""value"":null,""evidence"":[]}}",NO,NO,0.05,1.0,1,[],L1_REPORT_ONLY,OK
1.2.826.0.1.3680043.8.498.12225975251304101975065271521710735735,Contusion,95ab715319c484c8d1c869511a77891cccda735a4d888d12211f84b7e80be01d,0b3cfdbce9729f57015a30f7e52944be59d2fe5d3810f8210260e7c9c825dfab,en,PRESENT,"[""Constusion of lateral femoral condyl and posterolateral part of tibial plaetau suggestive of pivot-shift injury."",""Contusion of lateral femoral condyl.""]","{""code"":""BONE"",""text"":""lateral femoral condyl and posterolateral part of tibial plaetau""}","{""grade"":""UNSPECIFIED"",""text"":""""}","""""",UNSPECIFIED,"{""class_absence_supported"":{""value"":null,""evidence"":[]},""traumatic_marrow_edema"":{""value"":true,""evidence"":[""Constusion of lateral femoral condyl and posterolateral part of tibial plaetau suggestive of pivot-shift injury.""]},""fracture_line_present"":{""value"":null,""evidence"":[]},""degenerative_only"":{""value"":false,""evidence"":[""Constusion of lateral femoral condyl and posterolateral part of tibial plaetau suggestive of pivot-shift injury.""]}}",UNKNOWN,UNKNOWN,,0.0,0,"[""criteria_anatomy_severity_extent_or_timing_insufficient"",""history_or_postoperative_scope_review"",""llm_review:Traumatic contusions are diagnosed, but absence of a fracture line at these lesions and injury timing are not explicitly stated."",""timing_or_trauma_review""]",L1_REPORT_ONLY,OK
1.2.826.0.1.3680043.8.498.12225975251304101975065271521710735735,Fracture,95ab715319c484c8d1c869511a77891cccda735a4d888d12211f84b7e80be01d,0b3cfdbce9729f57015a30f7e52944be59d2fe5d3810f8210260e7c9c825dfab,en,NOT_MENTIONED,[],"{""code"":""UNKNOWN"",""text"":""""}","{""grade"":""UNSPECIFIED"",""text"":""""}","""""",UNSPECIFIED,"{""class_absence_supported"":{""value"":null,""evidence"":[]},""fracture_line_present"":{""value"":null,""evidence"":[]},""acute_injury"":{""value"":null,""evidence"":[]},""procedure_only"":{""value"":null,""evidence"":[]}}",UNKNOWN,UNKNOWN,,0.0,0,[],L1_REPORT_ONLY,OK
1.2.826.0.1.3680043.8.498.12257484608743859456600273083454447341,ACL,d7743f3a099e7486d317c3691e4209eafd4040ffe50592c0db9477f9253a47b6,90217a2863282ce266494e490b8d83876db50f3bf0b17dec699c144132d5424d,en,ABSENT,"[""the anterior and posterior cruciate ligaments are intact.""]","{""code"":""ACL"",""text"":""anterior""}","{""grade"":""NONE"",""text"":""intact""}","""""",UNSPECIFIED,"{""class_absence_supported"":{""value"":true,""evidence"":[""the anterior and posterior cruciate ligaments are intact.""]},""high_grade_tear"":{""value"":false,""evidence"":[""the anterior and posterior cruciate ligaments are intact.""]},""low_grade_only"":{""value"":null,""evidence"":[]},""postoperative_only"":{""value"":null,""evidence"":[]}}",NO,NO,0.05,1.0,1,"[""history_or_postoperative_scope_review""]",L1_REPORT_ONLY,OK
1.2.826.0.1.3680043.8.498.12257484608743859456600273083454447341,MCL,d7743f3a099e7486d317c3691e4209eafd4040ffe50592c0db9477f9253a47b6,90217a2863282ce266494e490b8d83876db50f3bf0b17dec699c144132d5424d,en,PRESENT,"[""There is grade II ligamentous sprain (partial tear) of the medial collateral ligament, at mid substance (deep and superficial fibers).""]","{""code"":""MCL"",""text"":""medial collateral ligament""}","{""grade"":""UNSPECIFIED"",""text"":""grade II ligamentous sprain (partial tear)""}","""at mid substance (deep and superficial fibers)""",UNSPECIFIED,"{""class_absence_supported"":{""value"":null,""evidence"":[]},""high_grade_tear"":{""value"":null,""evidence"":[]},""acute_injury"":{""value"":null,""evidence"":[]},""low_grade_only"":{""value"":null,""evidence"":[]},""postoperative_only"":{""value"":null,""evidence"":[]}}",UNKNOWN,UNKNOWN,,0.0,0,"[""criteria_anatomy_severity_extent_or_timing_insufficient"",""llm_review:Acute versus chronic timing is unspecified."",""llm_review:Grade II partial tear does not specify whether the tear is high-grade."",""timing_or_trauma_review""]",L1_REPORT_ONLY,OK
1.2.826.0.1.3680043.8.498.12257484608743859456600273083454447341,Medial Meniscus,d7743f3a099e7486d317c3691e4209eafd4040ffe50592c0db9477f9253a47b6,90217a2863282ce266494e490b8d83876db50f3bf0b17dec699c144132d5424d,en,ABSENT,"[""In the medial compartment, the meniscus is not torn""]","{""code"":""MEDIAL_MENISCUS"",""text"":""In the medial compartment, the meniscus""}","{""grade"":""NONE"",""text"":""not torn""}","""""",UNSPECIFIED,"{""class_absence_supported"":{""value"":true,""evidence"":[""In the medial compartment, the meniscus is not torn""]},""definite_meniscal_tear"":{""value"":false,""evidence"":[""In the medial compartment, the meniscus is not torn""]},""internal_degeneration_only"":{""value"":null,""evidence"":[]},""postoperative_only"":{""value"":null,""evidence"":[]}}",NO,NO,0.05,1.0,1,[],L1_REPORT_ONLY,OK
1.2.826.0.1.3680043.8.498.12257484608743859456600273083454447341,Lateral Meniscus,d7743f3a099e7486d317c3691e4209eafd4040ffe50592c0db9477f9253a47b6,90217a2863282ce266494e490b8d83876db50f3bf0b17dec699c144132d5424d,en,UNCERTAIN,"[""there is suspected small radial free edge tear at the body of the lateral meniscus.""]","{""code"":""LATERAL_MENISCUS"",""text"":""body of the lateral meniscus""}","{""grade"":""UNSPECIFIED"",""text"":""""}","""small radial free edge tear at the body of the lateral meniscus""",UNSPECIFIED,"{""class_absence_supported"":{""value"":null,""evidence"":[]},""definite_meniscal_tear"":{""value"":null,""evidence"":[]},""internal_degeneration_only"":{""value"":null,""evidence"":[]},""postoperative_only"":{""value"":null,""evidence"":[]}}",UNKNOWN,UNKNOWN,,0.0,0,"[""llm_review:The tear is suspected rather than definite."",""uncertain_report""]",L1_REPORT_ONLY,OK
1.2.826.0.1.3680043.8.498.12257484608743859456600273083454447341,Medial OA,d7743f3a099e7486d317c3691e4209eafd4040ffe50592c0db9477f9253a47b6,90217a2863282ce266494e490b8d83876db50f3bf0b17dec699c144132d5424d,en,ABSENT,"[""In the medial compartment, the meniscus is not torn and there is no focal chondrosis or chondral injury.""]","{""code"":""MEDIAL_TIBIOFEMORAL"",""text"":""medial compartment""}","{""grade"":""NONE"",""text"":""no focal chondrosis or chondral injury""}","""""",UNSPECIFIED,"{""class_absence_supported"":{""value"":null,""evidence"":[]},""cartilage_loss_gt50pct"":{""value"":null,""evidence"":[]},""cartilage_extent_ge10mm"":{""value"":null,""evidence"":[]},""low_grade_only"":{""value"":null,""evidence"":[]}}",UNKNOWN,UNKNOWN,,0.0,0,"[""llm_review:The negative is limited to focal chondrosis or chondral injury and does not explicitly exclude all qualifying cartilage loss."",""negative_scope_insufficient""]",L1_REPORT_ONLY,OK
1.2.826.0.1.3680043.8.498.12257484608743859456600273083454447341,Lateral OA,d7743f3a099e7486d317c3691e4209eafd4040ffe50592c0db9477f9253a47b6,90217a2863282ce266494e490b8d83876db50f3bf0b17dec699c144132d5424d,en,NOT_MENTIONED,[],"{""code"":""UNKNOWN"",""text"":""""}","{""grade"":""UNSPECIFIED"",""text"":""""}","""""",UNSPECIFIED,"{""class_absence_supported"":{""value"":null,""evidence"":[]},""cartilage_loss_gt50pct"":{""value"":null,""evidence"":[]},""cartilage_extent_ge10mm"":{""value"":null,""evidence"":[]},""low_grade_only"":{""value"":null,""evidence"":[]}}",UNKNOWN,UNKNOWN,,0.0,0,"[""pilot_text_review_mask""]",L1_REPORT_ONLY,OK
1.2.826.0.1.3680043.8.498.12257484608743859456600273083454447341,PF OA,d7743f3a099e7486d317c3691e4209eafd4040ffe50592c0db9477f9253a47b6,90217a2863282ce266494e490b8d83876db50f3bf0b17dec699c144132d5424d,en,ABSENT,"[""The patellofemoral joint, the patellar and trochlear cartilage appears congruent without chondral lesion.""]","{""code"":""PATELLOFEMORAL"",""text"":""patellar and trochlear cartilage""}","{""grade"":""NONE"",""text"":""without chondral lesion""}","""""",UNSPECIFIED,"{""class_absence_supported"":{""value"":true,""evidence"":[""The patellofemoral joint, the patellar and trochlear cartilage appears congruent without chondral lesion.""]},""cartilage_loss_gt50pct"":{""value"":false,""evidence"":[""The patellofemoral joint, the patellar and trochlear cartilage appears congruent without chondral lesion.""]},""cartilage_extent_ge10mm"":{""value"":null,""evidence"":[]},""low_grade_only"":{""value"":null,""evidence"":[]}}",NO,NO,0.05,1.0,1,[],L1_REPORT_ONLY,OK
1.2.826.0.1.3680043.8.498.12257484608743859456600273083454447341,Effusion,d7743f3a099e7486d317c3691e4209eafd4040ffe50592c0db9477f9253a47b6,90217a2863282ce266494e490b8d83876db50f3bf0b17dec699c144132d5424d,en,PRESENT,"[""Some amount of right knee effusion with synovitis is present.""]","{""code"":""KNEE_JOINT"",""text"":""right knee""}","{""grade"":""UNSPECIFIED"",""text"":""Some amount""}","""""",UNSPECIFIED,"{""class_absence_supported"":{""value"":null,""evidence"":[]},""joint_distension"":{""value"":null,""evidence"":[]},""low_grade_only"":{""value"":null,""evidence"":[]}}",UNKNOWN,UNKNOWN,,0.0,0,"[""criteria_anatomy_severity_extent_or_timing_insufficient"",""llm_review:Effusion size and joint distension are unspecified.""]",L1_REPORT_ONLY,OK
1.2.826.0.1.3680043.8.498.12257484608743859456600273083454447341,Synovitis,d7743f3a099e7486d317c3691e4209eafd4040ffe50592c0db9477f9253a47b6,90217a2863282ce266494e490b8d83876db50f3bf0b17dec699c144132d5424d,en,PRESENT,"[""Some amount of right knee effusion with synovitis is present.""]","{""code"":""KNEE_SYNOVIUM"",""text"":""right knee""}","{""grade"":""UNSPECIFIED"",""text"":""""}","""""",UNSPECIFIED,"{""class_absence_supported"":{""value"":null,""evidence"":[]},""direct_synovial_evidence"":{""value"":true,""evidence"":[""Some amount of right knee effusion with synovitis is present.""]}}",YES,YES,0.95,1.0,1,[],L1_REPORT_ONLY,OK
1.2.826.0.1.3680043.8.498.12257484608743859456600273083454447341,Baker's,d7743f3a099e7486d317c3691e4209eafd4040ffe50592c0db9477f9253a47b6,90217a2863282ce266494e490b8d83876db50f3bf0b17dec699c144132d5424d,en,NOT_MENTIONED,[],"{""code"":""UNKNOWN"",""text"":""""}","{""grade"":""UNSPECIFIED"",""text"":""""}","""""",UNSPECIFIED,"{""class_absence_supported"":{""value"":null,""evidence"":[]},""typical_baker_location"":{""value"":null,""evidence"":[]},""low_grade_only"":{""value"":null,""evidence"":[]}}",UNKNOWN,UNKNOWN,,0.0,0,[],L1_REPORT_ONLY,OK
1.2.826.0.1.3680043.8.498.12257484608743859456600273083454447341,Contusion,d7743f3a099e7486d317c3691e4209eafd4040ffe50592c0db9477f9253a47b6,90217a2863282ce266494e490b8d83876db50f3bf0b17dec699c144132d5424d,en,NOT_MENTIONED,[],"{""code"":""UNKNOWN"",""text"":""""}","{""grade"":""UNSPECIFIED"",""text"":""""}","""""",UNSPECIFIED,"{""class_absence_supported"":{""value"":null,""evidence"":[]},""traumatic_marrow_edema"":{""value"":null,""evidence"":[]},""fracture_line_present"":{""value"":null,""evidence"":[]},""degenerative_only"":{""value"":null,""evidence"":[]}}",UNKNOWN,UNKNOWN,,0.0,0,[],L1_REPORT_ONLY,OK
1.2.826.0.1.3680043.8.498.12257484608743859456600273083454447341,Fracture,d7743f3a099e7486d317c3691e4209eafd4040ffe50592c0db9477f9253a47b6,90217a2863282ce266494e490b8d83876db50f3bf0b17dec699c144132d5424d,en,PRESENT,"[""There is focal osteochondral fracture at mid weight-baring lateral femoral condyle (about intact6* intact7 cm).""]","{""code"":""BONE"",""text"":""mid weight-baring lateral femoral condyle""}","{""grade"":""UNSPECIFIED"",""text"":""""}","""about intact6* intact7 cm""",UNSPECIFIED,"{""class_absence_supported"":{""value"":null,""evidence"":[]},""fracture_line_present"":{""value"":null,""evidence"":[]},""acute_injury"":{""value"":null,""evidence"":[]},""procedure_only"":{""value"":null,""evidence"":[]}}",UNKNOWN,UNKNOWN,,0.0,0,"[""criteria_anatomy_severity_extent_or_timing_insufficient"",""llm_review:A fracture line or cortical disruption is not explicitly described."",""llm_review:Fracture age is unspecified."",""llm_review:The reported dimensions contain malformed text and cannot be reliably interpreted."",""timing_or_trauma_review""]",L1_REPORT_ONLY,OK
1.2.826.0.1.3680043.8.498.12331841096593105748526634055968654914,ACL,42ced12e453c3835d8e2e376e17a1e46834e102b3043e584f3a0a35a8921e3bc,a9187ec8f09663eb350601f03ffa72e9ba39dc39ab43f706d84bf098cd11b9d7,pt,PRESENT,"[""Engrosamiento, alteración de señal y disrupción completa de las fibras del ligamento cruzado\nanterior en tercio medio / distal."",""Rotura completa del LCA con contusiones óseas en cóndilo femoral lateral y platillo tibial lateral,\nsugerentes de evento de inestabilidad reciente.""]","{""code"":""ACL"",""text"":""ligamento cruzado\nanterior""}","{""grade"":""UNSPECIFIED"",""text"":""""}","""tercio medio / distal""",CURRENT_ACUTE,"{""class_absence_supported"":{""value"":null,""evidence"":[]},""high_grade_tear"":{""value"":true,""evidence"":[""disrupción completa de las fibras del ligamento cruzado\nanterior en tercio medio / distal.""]},""low_grade_only"":{""value"":false,""evidence"":[""Rotura completa del LCA""]},""postoperative_only"":{""value"":null,""evidence"":[]}}",YES,YES,0.95,1.0,1,[],L1_REPORT_ONLY,OK
1.2.826.0.1.3680043.8.498.12331841096593105748526634055968654914,MCL,42ced12e453c3835d8e2e376e17a1e46834e102b3043e584f3a0a35a8921e3bc,a9187ec8f09663eb350601f03ffa72e9ba39dc39ab43f706d84bf098cd11b9d7,pt,PRESENT,"[""Ligamentos cruzado posterior y colaterales continuos."",""Engrosamiento con leve alteración de señal\ndel componente superficial del ligamento colateral medial."",""Esguince grado I del componente superficial del LCM.""]","{""code"":""MCL"",""text"":""componente superficial del ligamento colateral medial""}","{""grade"":""MILD"",""text"":""Esguince grado I""}","""componente superficial""",UNSPECIFIED,"{""class_absence_supported"":{""value"":null,""evidence"":[]},""high_grade_tear"":{""value"":false,""evidence"":[""Esguince grado I del componente superficial del LCM.""]},""acute_injury"":{""value"":null,""evidence"":[]},""low_grade_only"":{""value"":true,""evidence"":[""Esguince grado I del componente superficial del LCM.""]},""postoperative_only"":{""value"":null,""evidence"":[]}}",NO,NO,0.05,1.0,1,"[""explicit_subthreshold_or_alternative"",""history_or_postoperative_scope_review"",""llm_review:MCL injury timing is not explicitly specified."",""timing_or_trauma_review""]",L1_REPORT_ONLY,OK
1.2.826.0.1.3680043.8.498.12331841096593105748526634055968654914,Medial Meniscus,42ced12e453c3835d8e2e376e17a1e46834e102b3043e584f3a0a35a8921e3bc,a9187ec8f09663eb350601f03ffa72e9ba39dc39ab43f706d84bf098cd11b9d7,pt,UNCERTAIN,"[""Menisco medial de morfología conservada con alteración de señal del cuerno posterior que no\ncumple criterios de rotura."",""Destaca leve edema en la interfase meniscocapsular del cuerno\nposterior del menisco medial."",""Edema la interfase meniscocapsular del cuerno posterior del menisco medial, pudiera traducir\nlesión a este nivel.""]","{""code"":""MEDIAL_MENISCUS"",""text"":""cuerno posterior del menisco medial""}","{""grade"":""UNSPECIFIED"",""text"":""""}","""interfase meniscocapsular del cuerno posterior del menisco medial""",UNSPECIFIED,"{""class_absence_supported"":{""value"":null,""evidence"":[]},""definite_meniscal_tear"":{""value"":false,""evidence"":[""alteración de señal del cuerno posterior que no\ncumple criterios de rotura.""]},""internal_degeneration_only"":{""value"":null,""evidence"":[]},""postoperative_only"":{""value"":null,""evidence"":[]}}",UNKNOWN,UNKNOWN,0.25,0.25,1,"[""history_or_postoperative_scope_review"",""llm_review:Internal signal does not meet tear criteria, but a separate meniscocapsular injury is suggested without a definite tear diagnosis."",""uncertain_report""]",L1_REPORT_ONLY,OK
1.2.826.0.1.3680043.8.498.12331841096593105748526634055968654914,Lateral Meniscus,42ced12e453c3835d8e2e376e17a1e46834e102b3043e584f3a0a35a8921e3bc,a9187ec8f09663eb350601f03ffa72e9ba39dc39ab43f706d84bf098cd11b9d7,pt,PRESENT,"[""Rotura longitudinal vertical en la periferia del cuerno posterior del menisco lateral en sitio inserción\ndel ligamento menisco femoral de Wrisberg.""]","{""code"":""LATERAL_MENISCUS"",""text"":""cuerno posterior del menisco lateral""}","{""grade"":""UNSPECIFIED"",""text"":""""}","""periferia del cuerno posterior del menisco lateral en sitio inserción\ndel ligamento menisco femoral de Wrisberg""",UNSPECIFIED,"{""class_absence_supported"":{""value"":null,""evidence"":[]},""definite_meniscal_tear"":{""value"":true,""evidence"":[""Rotura longitudinal vertical en la periferia del cuerno posterior del menisco lateral""]},""internal_degeneration_only"":{""value"":false,""evidence"":[""Rotura longitudinal vertical en la periferia del cuerno posterior del menisco lateral""]},""postoperative_only"":{""value"":null,""evidence"":[]}}",YES,YES,0.95,1.0,1,"[""history_or_postoperative_scope_review""]",L1_REPORT_ONLY,OK
1.2.826.0.1.3680043.8.498.12331841096593105748526634055968654914,Medial OA,42ced12e453c3835d8e2e376e17a1e46834e102b3043e584f3a0a35a8921e3bc,a9187ec8f09663eb350601f03ffa72e9ba39dc39ab43f706d84bf098cd11b9d7,pt,UNCERTAIN,"[""Alteración de señal e irregularidad superficial del cartílago femorotibial, sin defectos condrales\nprofundos."",""Condropatía femorotibial superficial.""]","{""code"":""UNKNOWN"",""text"":""cartílago femorotibial""}","{""grade"":""UNSPECIFIED"",""text"":""""}","""""",UNSPECIFIED,"{""class_absence_supported"":{""value"":null,""evidence"":[]},""cartilage_loss_gt50pct"":{""value"":false,""evidence"":[""Alteración de señal e irregularidad superficial del cartílago femorotibial, sin defectos condrales\nprofundos.""]},""cartilage_extent_ge10mm"":{""value"":null,""evidence"":[]},""low_grade_only"":{""value"":true,""evidence"":[""Condropatía femorotibial superficial.""]}}",NO,UNKNOWN,,0.0,0,"[""anatomy_missing_or_wrong"",""llm_mapper_disagreement"",""llm_review:Cartilage abnormality is superficial; extent is not specified."",""llm_review:Tibiofemoral chondropathy is not localized to the medial or lateral compartment."",""uncertain_report"",""pilot_text_review_mask""]",L1_REPORT_ONLY,OK
1.2.826.0.1.3680043.8.498.12331841096593105748526634055968654914,Lateral OA,42ced12e453c3835d8e2e376e17a1e46834e102b3043e584f3a0a35a8921e3bc,a9187ec8f09663eb350601f03ffa72e9ba39dc39ab43f706d84bf098cd11b9d7,pt,UNCERTAIN,"[""Alteración de señal e irregularidad superficial del cartílago femorotibial, sin defectos condrales\nprofundos."",""Condropatía femorotibial superficial.""]","{""code"":""UNKNOWN"",""text"":""cartílago femorotibial""}","{""grade"":""UNSPECIFIED"",""text"":""""}","""""",UNSPECIFIED,"{""class_absence_supported"":{""value"":null,""evidence"":[]},""cartilage_loss_gt50pct"":{""value"":false,""evidence"":[""Alteración de señal e irregularidad superficial del cartílago femorotibial, sin defectos condrales\nprofundos.""]},""cartilage_extent_ge10mm"":{""value"":null,""evidence"":[]},""low_grade_only"":{""value"":true,""evidence"":[""Condropatía femorotibial superficial.""]}}",NO,UNKNOWN,,0.0,0,"[""anatomy_missing_or_wrong"",""llm_mapper_disagreement"",""llm_review:Cartilage abnormality is superficial; extent is not specified."",""llm_review:Tibiofemoral chondropathy is not localized to the medial or lateral compartment."",""uncertain_report"",""pilot_text_review_mask""]",L1_REPORT_ONLY,OK
1.2.826.0.1.3680043.8.498.12331841096593105748526634055968654914,PF OA,42ced12e453c3835d8e2e376e17a1e46834e102b3043e584f3a0a35a8921e3bc,a9187ec8f09663eb350601f03ffa72e9ba39dc39ab43f706d84bf098cd11b9d7,pt,PRESENT,"[""Cartílago rotuliano con alteración de señal e irregularidad superficial en faceta lateral y medial."",""Úlcera condral de espesor subtotal con componente delaminativo, sin cambios óseos reactivos en\nvertiente medial, región central y vertiente lateral de la tróclea, se extiende 13 mm medio lateral y\n10 mm craneocaudal."",""Defecto condral grado 2-3 que compromete vertiente medial, región central y vertiente lateral de la\ntróclea.""]","{""code"":""PATELLOFEMORAL"",""text"":""vertiente medial, región central y vertiente lateral de la tróclea""}","{""grade"":""UNSPECIFIED"",""text"":""Defecto condral grado 2-3""}","""13 mm medio lateral y\n10 mm craneocaudal""",UNSPECIFIED,"{""class_absence_supported"":{""value"":null,""evidence"":[]},""cartilage_loss_gt50pct"":{""value"":true,""evidence"":[""Úlcera condral de espesor subtotal con componente delaminativo""]},""cartilage_extent_ge10mm"":{""value"":true,""evidence"":[""se extiende 13 mm medio lateral y\n10 mm craneocaudal.""]},""low_grade_only"":{""value"":false,""evidence"":[""Úlcera condral de espesor subtotal con componente delaminativo""]}}",YES,YES,0.95,1.0,1,"[""llm_review:Grading convention for grade 2-3 is unspecified; depth is supported independently by the subtotal-thickness description."",""negation_scope_review""]",L1_REPORT_ONLY,OK
1.2.826.0.1.3680043.8.498.12331841096593105748526634055968654914,Effusion,42ced12e453c3835d8e2e376e17a1e46834e102b3043e584f3a0a35a8921e3bc,a9187ec8f09663eb350601f03ffa72e9ba39dc39ab43f706d84bf098cd11b9d7,pt,PRESENT,"[""Acentuado derrame articular.""]","{""code"":""KNEE_JOINT"",""text"":""articular""}","{""grade"":""SEVERE"",""text"":""Acentuado""}","""""",UNSPECIFIED,"{""class_absence_supported"":{""value"":null,""evidence"":[]},""joint_distension"":{""value"":null,""evidence"":[]},""low_grade_only"":{""value"":false,""evidence"":[""Acentuado derrame articular.""]}}",UNKNOWN,UNKNOWN,0.9,0.25,1,"[""criteria_anatomy_severity_extent_or_timing_insufficient"",""llm_review:Marked effusion is reported, but joint distension is not explicitly described.""]",L1_REPORT_ONLY,OK
1.2.826.0.1.3680043.8.498.12331841096593105748526634055968654914,Synovitis,42ced12e453c3835d8e2e376e17a1e46834e102b3043e584f3a0a35a8921e3bc,a9187ec8f09663eb350601f03ffa72e9ba39dc39ab43f706d84bf098cd11b9d7,pt,NOT_MENTIONED,[],"{""code"":""UNKNOWN"",""text"":""""}","{""grade"":""UNSPECIFIED"",""text"":""""}","""""",UNSPECIFIED,"{""class_absence_supported"":{""value"":null,""evidence"":[]},""direct_synovial_evidence"":{""value"":null,""evidence"":[]}}",UNKNOWN,UNKNOWN,,0.0,0,[],L1_REPORT_ONLY,OK
1.2.826.0.1.3680043.8.498.12331841096593105748526634055968654914,Baker's,42ced12e453c3835d8e2e376e17a1e46834e102b3043e584f3a0a35a8921e3bc,a9187ec8f09663eb350601f03ffa72e9ba39dc39ab43f706d84bf098cd11b9d7,pt,ABSENT,"[""No se observa quiste de Baker.""]","{""code"":""POSTEROMEDIAL_POPLITEAL"",""text"":""quiste de Baker""}","{""grade"":""NONE"",""text"":""No se observa quiste de Baker.""}","""""",UNSPECIFIED,"{""class_absence_supported"":{""value"":true,""evidence"":[""No se observa quiste de Baker.""]},""typical_baker_location"":{""value"":null,""evidence"":[]},""low_grade_only"":{""value"":null,""evidence"":[]}}",NO,NO,0.05,1.0,1,[],L1_REPORT_ONLY,OK
1.2.826.0.1.3680043.8.498.12331841096593105748526634055968654914,Contusion,42ced12e453c3835d8e2e376e17a1e46834e102b3043e584f3a0a35a8921e3bc,a9187ec8f09663eb350601f03ffa72e9ba39dc39ab43f706d84bf098cd11b9d7,pt,PRESENT,"[""Focos de edema óseo post contusionales en tercio medio de carga del cóndilo femoral lateral y\naspecto posterior del platillo tibial lateral."",""Rotura completa del LCA con contusiones óseas en cóndilo femoral lateral y platillo tibial lateral,\nsugerentes de evento de inestabilidad reciente.""]","{""code"":""BONE"",""text"":""cóndilo femoral lateral y\naspecto posterior del platillo tibial lateral""}","{""grade"":""UNSPECIFIED"",""text"":""""}","""tercio medio de carga del cóndilo femoral lateral y\naspecto posterior del platillo tibial lateral""",CURRENT_ACUTE,"{""class_absence_supported"":{""value"":null,""evidence"":[]},""traumatic_marrow_edema"":{""value"":true,""evidence"":[""Focos de edema óseo post contusionales""]},""fracture_line_present"":{""value"":null,""evidence"":[]},""degenerative_only"":{""value"":false,""evidence"":[""Focos de edema óseo post contusionales""]}}",UNKNOWN,UNKNOWN,0.95,0.25,1,"[""criteria_anatomy_severity_extent_or_timing_insufficient"",""history_or_postoperative_scope_review"",""llm_review:Recent bone contusions are explicitly diagnosed, but absence of a fracture line at these lesions is not explicitly documented.""]",L1_REPORT_ONLY,OK
1.2.826.0.1.3680043.8.498.12331841096593105748526634055968654914,Fracture,42ced12e453c3835d8e2e376e17a1e46834e102b3043e584f3a0a35a8921e3bc,a9187ec8f09663eb350601f03ffa72e9ba39dc39ab43f706d84bf098cd11b9d7,pt,NOT_MENTIONED,[],"{""code"":""UNKNOWN"",""text"":""""}","{""grade"":""UNSPECIFIED"",""text"":""""}","""""",UNSPECIFIED,"{""class_absence_supported"":{""value"":null,""evidence"":[]},""fracture_line_present"":{""value"":null,""evidence"":[]},""acute_injury"":{""value"":null,""evidence"":[]},""procedure_only"":{""value"":null,""evidence"":[]}}",UNKNOWN,UNKNOWN,,0.0,0,[],L1_REPORT_ONLY,OK
1.2.826.0.1.3680043.8.498.12525752631743097782762806859112218620,ACL,a0575c3a509f40a16ed88508d7713c0883caed1d5100a380b229c76ed3d216b0,0c6915503bdf03ee754b4c242288a63ee3f769952369917c4c2d720ff8cf35b5,nl,ABSENT,"[""The contour of ACL & PCL appear to be within normal, no abnormal signal intensity is noted.""]","{""code"":""ACL"",""text"":""ACL""}","{""grade"":""NONE"",""text"":""within normal""}","""""",UNSPECIFIED,"{""class_absence_supported"":{""value"":true,""evidence"":[""The contour of ACL & PCL appear to be within normal, no abnormal signal intensity is noted.""]},""high_grade_tear"":{""value"":false,""evidence"":[""The contour of ACL & PCL appear to be within normal, no abnormal signal intensity is noted.""]},""low_grade_only"":{""value"":null,""evidence"":[]},""postoperative_only"":{""value"":null,""evidence"":[]}}",NO,NO,0.05,1.0,1,[],L1_REPORT_ONLY,OK
1.2.826.0.1.3680043.8.498.12525752631743097782762806859112218620,MCL,a0575c3a509f40a16ed88508d7713c0883caed1d5100a380b229c76ed3d216b0,0c6915503bdf03ee754b4c242288a63ee3f769952369917c4c2d720ff8cf35b5,nl,ABSENT,"[""Both medial & lateral collateral ligaments appear to be within normal.""]","{""code"":""MCL"",""text"":""medial & lateral collateral ligaments""}","{""grade"":""NONE"",""text"":""within normal""}","""""",UNSPECIFIED,"{""class_absence_supported"":{""value"":true,""evidence"":[""Both medial & lateral collateral ligaments appear to be within normal.""]},""high_grade_tear"":{""value"":false,""evidence"":[""Both medial & lateral collateral ligaments appear to be within normal.""]},""acute_injury"":{""value"":null,""evidence"":[]},""low_grade_only"":{""value"":null,""evidence"":[]},""postoperative_only"":{""value"":null,""evidence"":[]}}",NO,NO,0.05,1.0,1,[],L1_REPORT_ONLY,OK
1.2.826.0.1.3680043.8.498.12525752631743097782762806859112218620,Medial Meniscus,a0575c3a509f40a16ed88508d7713c0883caed1d5100a380b229c76ed3d216b0,0c6915503bdf03ee754b4c242288a63ee3f769952369917c4c2d720ff8cf35b5,nl,PRESENT,"[""Linear signal intensity in posterior horn of medial meniscus, without significant extending into the surface, in favor of  grade 2 intrasubstance signal of posterior horn of medial meniscus, maybe due to degeneration."",""R/O grade 2 intrasubstance signal of posterior horn of medial meniscus, maybe due to contusion or degeneration.""]","{""code"":""MEDIAL_MENISCUS"",""text"":""posterior horn of medial meniscus""}","{""grade"":""UNSPECIFIED"",""text"":""grade 2 intrasubstance signal""}","""posterior horn of medial meniscus""",UNSPECIFIED,"{""class_absence_supported"":{""value"":null,""evidence"":[]},""definite_meniscal_tear"":{""value"":false,""evidence"":[""Linear signal intensity in posterior horn of medial meniscus, without significant extending into the surface, in favor of  grade 2 intrasubstance signal of posterior horn of medial meniscus, maybe due to degeneration.""]},""internal_degeneration_only"":{""value"":null,""evidence"":[]},""postoperative_only"":{""value"":null,""evidence"":[]}}",NO,UNKNOWN,0.03,0.25,1,"[""criteria_anatomy_severity_extent_or_timing_insufficient"",""history_or_postoperative_scope_review"",""llm_mapper_disagreement"",""llm_review:Etiology is uncertain: meniscal contusion or degeneration."",""llm_review:Grade 2 describes intrasubstance signal, not tear severity; timing is unspecified."",""llm_review:Intrasubstance signal is described without a definite tear diagnosis."",""negation_scope_review""]",L1_REPORT_ONLY,OK
1.2.826.0.1.3680043.8.498.12525752631743097782762806859112218620,Lateral Meniscus,a0575c3a509f40a16ed88508d7713c0883caed1d5100a380b229c76ed3d216b0,0c6915503bdf03ee754b4c242288a63ee3f769952369917c4c2d720ff8cf35b5,nl,ABSENT,"[""Lateral meniscus appears to be normal.""]","{""code"":""LATERAL_MENISCUS"",""text"":""Lateral meniscus""}","{""grade"":""NONE"",""text"":""normal""}","""""",UNSPECIFIED,"{""class_absence_supported"":{""value"":true,""evidence"":[""Lateral meniscus appears to be normal.""]},""definite_meniscal_tear"":{""value"":false,""evidence"":[""Lateral meniscus appears to be normal.""]},""internal_degeneration_only"":{""value"":null,""evidence"":[]},""postoperative_only"":{""value"":null,""evidence"":[]}}",NO,NO,0.05,1.0,1,[],L1_REPORT_ONLY,OK
1.2.826.0.1.3680043.8.498.12525752631743097782762806859112218620,Medial OA,a0575c3a509f40a16ed88508d7713c0883caed1d5100a380b229c76ed3d216b0,0c6915503bdf03ee754b4c242288a63ee3f769952369917c4c2d720ff8cf35b5,nl,NOT_MENTIONED,[],"{""code"":""UNKNOWN"",""text"":""""}","{""grade"":""UNSPECIFIED"",""text"":""""}","""""",UNSPECIFIED,"{""class_absence_supported"":{""value"":null,""evidence"":[]},""cartilage_loss_gt50pct"":{""value"":null,""evidence"":[]},""cartilage_extent_ge10mm"":{""value"":null,""evidence"":[]},""low_grade_only"":{""value"":null,""evidence"":[]}}",UNKNOWN,UNKNOWN,,0.0,0,[],L1_REPORT_ONLY,OK
1.2.826.0.1.3680043.8.498.12525752631743097782762806859112218620,Lateral OA,a0575c3a509f40a16ed88508d7713c0883caed1d5100a380b229c76ed3d216b0,0c6915503bdf03ee754b4c242288a63ee3f769952369917c4c2d720ff8cf35b5,nl,NOT_MENTIONED,[],"{""code"":""UNKNOWN"",""text"":""""}","{""grade"":""UNSPECIFIED"",""text"":""""}","""""",UNSPECIFIED,"{""class_absence_supported"":{""value"":null,""evidence"":[]},""cartilage_loss_gt50pct"":{""value"":null,""evidence"":[]},""cartilage_extent_ge10mm"":{""value"":null,""evidence"":[]},""low_grade_only"":{""value"":null,""evidence"":[]}}",UNKNOWN,UNKNOWN,,0.0,0,[],L1_REPORT_ONLY,OK
1.2.826.0.1.3680043.8.498.12525752631743097782762806859112218620,PF OA,a0575c3a509f40a16ed88508d7713c0883caed1d5100a380b229c76ed3d216b0,0c6915503bdf03ee754b4c242288a63ee3f769952369917c4c2d720ff8cf35b5,nl,NOT_MENTIONED,[],"{""code"":""UNKNOWN"",""text"":""""}","{""grade"":""UNSPECIFIED"",""text"":""""}","""""",UNSPECIFIED,"{""class_absence_supported"":{""value"":null,""evidence"":[]},""cartilage_loss_gt50pct"":{""value"":null,""evidence"":[]},""cartilage_extent_ge10mm"":{""value"":null,""evidence"":[]},""low_grade_only"":{""value"":null,""evidence"":[]}}",UNKNOWN,UNKNOWN,,0.0,0,[],L1_REPORT_ONLY,OK
1.2.826.0.1.3680043.8.498.12525752631743097782762806859112218620,Effusion,a0575c3a509f40a16ed88508d7713c0883caed1d5100a380b229c76ed3d216b0,0c6915503bdf03ee754b4c242288a63ee3f769952369917c4c2d720ff8cf35b5,nl,NOT_MENTIONED,[],"{""code"":""UNKNOWN"",""text"":""""}","{""grade"":""UNSPECIFIED"",""text"":""""}","""""",UNSPECIFIED,"{""class_absence_supported"":{""value"":null,""evidence"":[]},""joint_distension"":{""value"":null,""evidence"":[]},""low_grade_only"":{""value"":null,""evidence"":[]}}",UNKNOWN,UNKNOWN,,0.0,0,[],L1_REPORT_ONLY,OK
1.2.826.0.1.3680043.8.498.12525752631743097782762806859112218620,Synovitis,a0575c3a509f40a16ed88508d7713c0883caed1d5100a380b229c76ed3d216b0,0c6915503bdf03ee754b4c242288a63ee3f769952369917c4c2d720ff8cf35b5,nl,NOT_MENTIONED,[],"{""code"":""UNKNOWN"",""text"":""""}","{""grade"":""UNSPECIFIED"",""text"":""""}","""""",UNSPECIFIED,"{""class_absence_supported"":{""value"":null,""evidence"":[]},""direct_synovial_evidence"":{""value"":null,""evidence"":[]}}",UNKNOWN,UNKNOWN,,0.0,0,[],L1_REPORT_ONLY,OK
1.2.826.0.1.3680043.8.498.12525752631743097782762806859112218620,Baker's,a0575c3a509f40a16ed88508d7713c0883caed1d5100a380b229c76ed3d216b0,0c6915503bdf03ee754b4c242288a63ee3f769952369917c4c2d720ff8cf35b5,nl,NOT_MENTIONED,[],"{""code"":""UNKNOWN"",""text"":""""}","{""grade"":""UNSPECIFIED"",""text"":""""}","""""",UNSPECIFIED,"{""class_absence_supported"":{""value"":null,""evidence"":[]},""typical_baker_location"":{""value"":null,""evidence"":[]},""low_grade_only"":{""value"":null,""evidence"":[]}}",UNKNOWN,UNKNOWN,,0.0,0,[],L1_REPORT_ONLY,OK
1.2.826.0.1.3680043.8.498.12525752631743097782762806859112218620,Contusion,a0575c3a509f40a16ed88508d7713c0883caed1d5100a380b229c76ed3d216b0,0c6915503bdf03ee754b4c242288a63ee3f769952369917c4c2d720ff8cf35b5,nl,ABSENT,"[""No significant bone marrow edema of distal femur and patella.""]","{""code"":""BONE"",""text"":""distal femur and patella""}","{""grade"":""UNSPECIFIED"",""text"":""""}","""distal femur and patella""",UNSPECIFIED,"{""class_absence_supported"":{""value"":null,""evidence"":[]},""traumatic_marrow_edema"":{""value"":null,""evidence"":[]},""fracture_line_present"":{""value"":null,""evidence"":[]},""degenerative_only"":{""value"":null,""evidence"":[]}}",UNKNOWN,UNKNOWN,,0.0,0,"[""llm_review:Negative is limited to significant marrow edema in the distal femur and patella; it does not exclude all qualifying bone contusions."",""llm_review:Possible contusion in the impression refers to the medial meniscus, not bone."",""negative_scope_insufficient""]",L1_REPORT_ONLY,OK
1.2.826.0.1.3680043.8.498.12525752631743097782762806859112218620,Fracture,a0575c3a509f40a16ed88508d7713c0883caed1d5100a380b229c76ed3d216b0,0c6915503bdf03ee754b4c242288a63ee3f769952369917c4c2d720ff8cf35b5,nl,NOT_MENTIONED,[],"{""code"":""UNKNOWN"",""text"":""""}","{""grade"":""UNSPECIFIED"",""text"":""""}","""""",UNSPECIFIED,"{""class_absence_supported"":{""value"":null,""evidence"":[]},""fracture_line_present"":{""value"":null,""evidence"":[]},""acute_injury"":{""value"":null,""evidence"":[]},""procedure_only"":{""value"":null,""evidence"":[]}}",UNKNOWN,UNKNOWN,,0.0,0,[],L1_REPORT_ONLY,OK
1.2.826.0.1.3680043.8.498.12568337973304376222940287737691898395,ACL,05636226bf4634775fc77f364ed2b878a59be82aecb68f25bfc801c3f2ea831f,f041b2e3f0e930fc4df5718e0b1555b4ca881889dc282ec3cbdf06921aa6dcd1,hr_sr_bs,ABSENT,"[""uredna morfologija i intenziteti signala kolateralnih ligamenata, prednjeg i stražnjeg križnog ligamenta"",""Sitne cistične degenerativne promjene na tibijalnom hvatištu prednjeg križnog ligamenta.""]","{""code"":""ACL"",""text"":""prednjeg križnog ligamenta""}","{""grade"":""UNSPECIFIED"",""text"":""""}","""""",UNSPECIFIED,"{""class_absence_supported"":{""value"":true,""evidence"":[""uredna morfologija i intenziteti signala kolateralnih ligamenata, prednjeg i stražnjeg križnog ligamenta""]},""high_grade_tear"":{""value"":false,""evidence"":[""uredna morfologija i intenziteti signala kolateralnih ligamenata, prednjeg i stražnjeg križnog ligamenta""]},""low_grade_only"":{""value"":null,""evidence"":[]},""postoperative_only"":{""value"":null,""evidence"":[]}}",NO,NO,0.05,1.0,1,"[""llm_review:Small cystic degenerative changes are localized to the tibial attachment; the ligament itself is described as normal.""]",L1_REPORT_ONLY,OK
1.2.826.0.1.3680043.8.498.12568337973304376222940287737691898395,MCL,05636226bf4634775fc77f364ed2b878a59be82aecb68f25bfc801c3f2ea831f,f041b2e3f0e930fc4df5718e0b1555b4ca881889dc282ec3cbdf06921aa6dcd1,hr_sr_bs,ABSENT,"[""uredna morfologija i intenziteti signala kolateralnih ligamenata""]","{""code"":""MCL"",""text"":""kolateralnih ligamenata""}","{""grade"":""UNSPECIFIED"",""text"":""""}","""""",UNSPECIFIED,"{""class_absence_supported"":{""value"":true,""evidence"":[""uredna morfologija i intenziteti signala kolateralnih ligamenata""]},""high_grade_tear"":{""value"":false,""evidence"":[""uredna morfologija i intenziteti signala kolateralnih ligamenata""]},""acute_injury"":{""value"":null,""evidence"":[]},""low_grade_only"":{""value"":null,""evidence"":[]},""postoperative_only"":{""value"":null,""evidence"":[]}}",NO,NO,0.05,1.0,1,[],L1_REPORT_ONLY,OK
1.2.826.0.1.3680043.8.498.12568337973304376222940287737691898395,Medial Meniscus,05636226bf4634775fc77f364ed2b878a59be82aecb68f25bfc801c3f2ea831f,f041b2e3f0e930fc4df5718e0b1555b4ca881889dc282ec3cbdf06921aa6dcd1,hr_sr_bs,ABSENT,"[""Medijalni i lateralni menisk uredne su morfologije i intenziteta signala.""]","{""code"":""MEDIAL_MENISCUS"",""text"":""Medijalni i lateralni menisk""}","{""grade"":""UNSPECIFIED"",""text"":""""}","""""",UNSPECIFIED,"{""class_absence_supported"":{""value"":true,""evidence"":[""Medijalni i lateralni menisk uredne su morfologije i intenziteta signala.""]},""definite_meniscal_tear"":{""value"":false,""evidence"":[""Medijalni i lateralni menisk uredne su morfologije i intenziteta signala.""]},""internal_degeneration_only"":{""value"":null,""evidence"":[]},""postoperative_only"":{""value"":null,""evidence"":[]}}",NO,NO,0.05,1.0,1,[],L1_REPORT_ONLY,OK
1.2.826.0.1.3680043.8.498.12568337973304376222940287737691898395,Lateral Meniscus,05636226bf4634775fc77f364ed2b878a59be82aecb68f25bfc801c3f2ea831f,f041b2e3f0e930fc4df5718e0b1555b4ca881889dc282ec3cbdf06921aa6dcd1,hr_sr_bs,ABSENT,"[""Medijalni i lateralni menisk uredne su morfologije i intenziteta signala.""]","{""code"":""LATERAL_MENISCUS"",""text"":""Medijalni i lateralni menisk""}","{""grade"":""UNSPECIFIED"",""text"":""""}","""""",UNSPECIFIED,"{""class_absence_supported"":{""value"":true,""evidence"":[""Medijalni i lateralni menisk uredne su morfologije i intenziteta signala.""]},""definite_meniscal_tear"":{""value"":false,""evidence"":[""Medijalni i lateralni menisk uredne su morfologije i intenziteta signala.""]},""internal_degeneration_only"":{""value"":null,""evidence"":[]},""postoperative_only"":{""value"":null,""evidence"":[]}}",NO,NO,0.05,1.0,1,[],L1_REPORT_ONLY,OK
1.2.826.0.1.3680043.8.498.12568337973304376222940287737691898395,Medial OA,05636226bf4634775fc77f364ed2b878a59be82aecb68f25bfc801c3f2ea831f,f041b2e3f0e930fc4df5718e0b1555b4ca881889dc282ec3cbdf06921aa6dcd1,hr_sr_bs,PRESENT,"[""Blago je reducirana debljina artikulacijske hrskavice medijalnog i lateralnog kompartmenta femorotibijalnog zgloba uz hondromalaciju II. stupnja.""]","{""code"":""MEDIAL_TIBIOFEMORAL"",""text"":""medijalnog i lateralnog kompartmenta femorotibijalnog zgloba""}","{""grade"":""MILD"",""text"":""Blago je reducirana debljina artikulacijske hrskavice""}","""""",UNSPECIFIED,"{""class_absence_supported"":{""value"":null,""evidence"":[]},""cartilage_loss_gt50pct"":{""value"":false,""evidence"":[""Blago je reducirana debljina artikulacijske hrskavice medijalnog i lateralnog kompartmenta femorotibijalnog zgloba uz hondromalaciju II. stupnja.""]},""cartilage_extent_ge10mm"":{""value"":null,""evidence"":[]},""low_grade_only"":{""value"":true,""evidence"":[""Blago je reducirana debljina artikulacijske hrskavice medijalnog i lateralnog kompartmenta femorotibijalnog zgloba uz hondromalaciju II. stupnja.""]}}",NO,NO,0.05,1.0,1,"[""explicit_subthreshold_or_alternative"",""llm_review:Mild cartilage thinning with grade II chondromalacia is subthreshold; extent is not reported.""]",L1_REPORT_ONLY,OK
1.2.826.0.1.3680043.8.498.12568337973304376222940287737691898395,Lateral OA,05636226bf4634775fc77f364ed2b878a59be82aecb68f25bfc801c3f2ea831f,f041b2e3f0e930fc4df5718e0b1555b4ca881889dc282ec3cbdf06921aa6dcd1,hr_sr_bs,PRESENT,"[""Blago je reducirana debljina artikulacijske hrskavice medijalnog i lateralnog kompartmenta femorotibijalnog zgloba uz hondromalaciju II. stupnja.""]","{""code"":""LATERAL_TIBIOFEMORAL"",""text"":""medijalnog i lateralnog kompartmenta femorotibijalnog zgloba""}","{""grade"":""MILD"",""text"":""Blago je reducirana debljina artikulacijske hrskavice""}","""""",UNSPECIFIED,"{""class_absence_supported"":{""value"":null,""evidence"":[]},""cartilage_loss_gt50pct"":{""value"":false,""evidence"":[""Blago je reducirana debljina artikulacijske hrskavice medijalnog i lateralnog kompartmenta femorotibijalnog zgloba uz hondromalaciju II. stupnja.""]},""cartilage_extent_ge10mm"":{""value"":null,""evidence"":[]},""low_grade_only"":{""value"":true,""evidence"":[""Blago je reducirana debljina artikulacijske hrskavice medijalnog i lateralnog kompartmenta femorotibijalnog zgloba uz hondromalaciju II. stupnja.""]}}",NO,NO,0.05,1.0,1,"[""explicit_subthreshold_or_alternative"",""llm_review:Mild cartilage thinning with grade II chondromalacia is subthreshold; extent is not reported.""]",L1_REPORT_ONLY,OK
1.2.826.0.1.3680043.8.498.12568337973304376222940287737691898395,PF OA,05636226bf4634775fc77f364ed2b878a59be82aecb68f25bfc801c3f2ea831f,f041b2e3f0e930fc4df5718e0b1555b4ca881889dc282ec3cbdf06921aa6dcd1,hr_sr_bs,NOT_MENTIONED,[],"{""code"":""UNKNOWN"",""text"":""""}","{""grade"":""UNSPECIFIED"",""text"":""""}","""""",UNSPECIFIED,"{""class_absence_supported"":{""value"":null,""evidence"":[]},""cartilage_loss_gt50pct"":{""value"":null,""evidence"":[]},""cartilage_extent_ge10mm"":{""value"":null,""evidence"":[]},""low_grade_only"":{""value"":null,""evidence"":[]}}",UNKNOWN,UNKNOWN,,0.0,0,[],L1_REPORT_ONLY,OK
1.2.826.0.1.3680043.8.498.12568337973304376222940287737691898395,Effusion,05636226bf4634775fc77f364ed2b878a59be82aecb68f25bfc801c3f2ea831f,f041b2e3f0e930fc4df5718e0b1555b4ca881889dc282ec3cbdf06921aa6dcd1,hr_sr_bs,NOT_MENTIONED,[],"{""code"":""UNKNOWN"",""text"":""""}","{""grade"":""UNSPECIFIED"",""text"":""""}","""""",UNSPECIFIED,"{""class_absence_supported"":{""value"":null,""evidence"":[]},""joint_distension"":{""value"":null,""evidence"":[]},""low_grade_only"":{""value"":null,""evidence"":[]}}",UNKNOWN,UNKNOWN,,0.0,0,[],L1_REPORT_ONLY,OK
1.2.826.0.1.3680043.8.498.12568337973304376222940287737691898395,Synovitis,05636226bf4634775fc77f364ed2b878a59be82aecb68f25bfc801c3f2ea831f,f041b2e3f0e930fc4df5718e0b1555b4ca881889dc282ec3cbdf06921aa6dcd1,hr_sr_bs,NOT_MENTIONED,[],"{""code"":""UNKNOWN"",""text"":""""}","{""grade"":""UNSPECIFIED"",""text"":""""}","""""",UNSPECIFIED,"{""class_absence_supported"":{""value"":null,""evidence"":[]},""direct_synovial_evidence"":{""value"":null,""evidence"":[]}}",UNKNOWN,UNKNOWN,,0.0,0,[],L1_REPORT_ONLY,OK
1.2.826.0.1.3680043.8.498.12568337973304376222940287737691898395,Baker's,05636226bf4634775fc77f364ed2b878a59be82aecb68f25bfc801c3f2ea831f,f041b2e3f0e930fc4df5718e0b1555b4ca881889dc282ec3cbdf06921aa6dcd1,hr_sr_bs,ABSENT,"[""Ne nalazi se poplitealne (Bakerove) ciste.""]","{""code"":""POSTEROMEDIAL_POPLITEAL"",""text"":""poplitealne (Bakerove) ciste""}","{""grade"":""UNSPECIFIED"",""text"":""""}","""""",UNSPECIFIED,"{""class_absence_supported"":{""value"":true,""evidence"":[""Ne nalazi se poplitealne (Bakerove) ciste.""]},""typical_baker_location"":{""value"":null,""evidence"":[]},""low_grade_only"":{""value"":null,""evidence"":[]}}",NO,NO,0.05,1.0,1,[],L1_REPORT_ONLY,OK
1.2.826.0.1.3680043.8.498.12568337973304376222940287737691898395,Contusion,05636226bf4634775fc77f364ed2b878a59be82aecb68f25bfc801c3f2ea831f,f041b2e3f0e930fc4df5718e0b1555b4ca881889dc282ec3cbdf06921aa6dcd1,hr_sr_bs,ABSENT,"[""Ostale prikazane koštane, mekotkivne i neurovaskularne strukture uredne su morfologije i intenziteta signala.""]","{""code"":""BONE"",""text"":""Ostale prikazane koštane, mekotkivne i neurovaskularne strukture""}","{""grade"":""UNSPECIFIED"",""text"":""""}","""""",UNSPECIFIED,"{""class_absence_supported"":{""value"":true,""evidence"":[""Ostale prikazane koštane, mekotkivne i neurovaskularne strukture uredne su morfologije i intenziteta signala.""]},""traumatic_marrow_edema"":{""value"":false,""evidence"":[""Ostale prikazane koštane, mekotkivne i neurovaskularne strukture uredne su morfologije i intenziteta signala.""]},""fracture_line_present"":{""value"":false,""evidence"":[""Ostale prikazane koštane, mekotkivne i neurovaskularne strukture uredne su morfologije i intenziteta signala.""]},""degenerative_only"":{""value"":null,""evidence"":[]}}",NO,NO,0.05,1.0,1,"[""llm_review:Absence is supported by the general normal bone morphology and signal statement.""]",L1_REPORT_ONLY,OK
1.2.826.0.1.3680043.8.498.12568337973304376222940287737691898395,Fracture,05636226bf4634775fc77f364ed2b878a59be82aecb68f25bfc801c3f2ea831f,f041b2e3f0e930fc4df5718e0b1555b4ca881889dc282ec3cbdf06921aa6dcd1,hr_sr_bs,ABSENT,"[""Ostale prikazane koštane, mekotkivne i neurovaskularne strukture uredne su morfologije i intenziteta signala.""]","{""code"":""BONE"",""text"":""Ostale prikazane koštane, mekotkivne i neurovaskularne strukture""}","{""grade"":""UNSPECIFIED"",""text"":""""}","""""",UNSPECIFIED,"{""class_absence_supported"":{""value"":true,""evidence"":[""Ostale prikazane koštane, mekotkivne i neurovaskularne strukture uredne su morfologije i intenziteta signala.""]},""fracture_line_present"":{""value"":false,""evidence"":[""Ostale prikazane koštane, mekotkivne i neurovaskularne strukture uredne su morfologije i intenziteta signala.""]},""acute_injury"":{""value"":null,""evidence"":[]},""procedure_only"":{""value"":null,""evidence"":[]}}",NO,NO,0.05,1.0,1,"[""llm_review:Absence is supported by the general normal bone morphology and signal statement.""]",L1_REPORT_ONLY,OK
1.2.826.0.1.3680043.8.498.12785792890626338008419452097492192088,ACL,c60f9d18083a8491e56ea36adbe6993b6a8d228a36acefe985cf3699afe0d52c,adea93e1116a3785967b5702dcbea8aa62560f04fb394a73bc3b89002ed67320,en,ABSENT,"[""The anterior cruciate ligament, posterior cruciate ligament, medial collateral ligament and lateral collateral ligament complex are intact and appear unremarkable.""]","{""code"":""ACL"",""text"":""anterior cruciate ligament""}","{""grade"":""NONE"",""text"":""intact and appear unremarkable""}","""""",UNSPECIFIED,"{""class_absence_supported"":{""value"":true,""evidence"":[""The anterior cruciate ligament, posterior cruciate ligament, medial collateral ligament and lateral collateral ligament complex are intact and appear unremarkable.""]},""high_grade_tear"":{""value"":false,""evidence"":[""The anterior cruciate ligament, posterior cruciate ligament, medial collateral ligament and lateral collateral ligament complex are intact and appear unremarkable.""]},""low_grade_only"":{""value"":null,""evidence"":[]},""postoperative_only"":{""value"":null,""evidence"":[]}}",NO,NO,0.05,1.0,1,"[""history_or_postoperative_scope_review""]",L1_REPORT_ONLY,OK
1.2.826.0.1.3680043.8.498.12785792890626338008419452097492192088,MCL,c60f9d18083a8491e56ea36adbe6993b6a8d228a36acefe985cf3699afe0d52c,adea93e1116a3785967b5702dcbea8aa62560f04fb394a73bc3b89002ed67320,en,ABSENT,"[""The anterior cruciate ligament, posterior cruciate ligament, medial collateral ligament and lateral collateral ligament complex are intact and appear unremarkable.""]","{""code"":""MCL"",""text"":""medial collateral ligament""}","{""grade"":""NONE"",""text"":""intact and appear unremarkable""}","""""",UNSPECIFIED,"{""class_absence_supported"":{""value"":true,""evidence"":[""The anterior cruciate ligament, posterior cruciate ligament, medial collateral ligament and lateral collateral ligament complex are intact and appear unremarkable.""]},""high_grade_tear"":{""value"":false,""evidence"":[""The anterior cruciate ligament, posterior cruciate ligament, medial collateral ligament and lateral collateral ligament complex are intact and appear unremarkable.""]},""acute_injury"":{""value"":null,""evidence"":[]},""low_grade_only"":{""value"":null,""evidence"":[]},""postoperative_only"":{""value"":null,""evidence"":[]}}",NO,NO,0.05,1.0,1,"[""history_or_postoperative_scope_review""]",L1_REPORT_ONLY,OK
1.2.826.0.1.3680043.8.498.12785792890626338008419452097492192088,Medial Meniscus,c60f9d18083a8491e56ea36adbe6993b6a8d228a36acefe985cf3699afe0d52c,adea93e1116a3785967b5702dcbea8aa62560f04fb394a73bc3b89002ed67320,en,ABSENT,"[""The medial meniscus is intact.""]","{""code"":""MEDIAL_MENISCUS"",""text"":""medial meniscus""}","{""grade"":""NONE"",""text"":""intact""}","""""",UNSPECIFIED,"{""class_absence_supported"":{""value"":true,""evidence"":[""The medial meniscus is intact.""]},""definite_meniscal_tear"":{""value"":false,""evidence"":[""The medial meniscus is intact.""]},""internal_degeneration_only"":{""value"":null,""evidence"":[]},""postoperative_only"":{""value"":null,""evidence"":[]}}",NO,NO,0.05,1.0,1,[],L1_REPORT_ONLY,OK
1.2.826.0.1.3680043.8.498.12785792890626338008419452097492192088,Lateral Meniscus,c60f9d18083a8491e56ea36adbe6993b6a8d228a36acefe985cf3699afe0d52c,adea93e1116a3785967b5702dcbea8aa62560f04fb394a73bc3b89002ed67320,en,ABSENT,"[""The lateral meniscus is intact.""]","{""code"":""LATERAL_MENISCUS"",""text"":""lateral meniscus""}","{""grade"":""NONE"",""text"":""intact""}","""""",UNSPECIFIED,"{""class_absence_supported"":{""value"":true,""evidence"":[""The lateral meniscus is intact.""]},""definite_meniscal_tear"":{""value"":false,""evidence"":[""The lateral meniscus is intact.""]},""internal_degeneration_only"":{""value"":null,""evidence"":[]},""postoperative_only"":{""value"":null,""evidence"":[]}}",NO,NO,0.05,1.0,1,[],L1_REPORT_ONLY,OK
1.2.826.0.1.3680043.8.498.12785792890626338008419452097492192088,Medial OA,c60f9d18083a8491e56ea36adbe6993b6a8d228a36acefe985cf3699afe0d52c,adea93e1116a3785967b5702dcbea8aa62560f04fb394a73bc3b89002ed67320,en,ABSENT,"[""The articular cartilage of the medial joint compartment is well-maintained overall.""]","{""code"":""MEDIAL_TIBIOFEMORAL"",""text"":""medial joint compartment""}","{""grade"":""NONE"",""text"":""well-maintained overall""}","""""",UNSPECIFIED,"{""class_absence_supported"":{""value"":true,""evidence"":[""The articular cartilage of the medial joint compartment is well-maintained overall.""]},""cartilage_loss_gt50pct"":{""value"":null,""evidence"":[]},""cartilage_extent_ge10mm"":{""value"":null,""evidence"":[]},""low_grade_only"":{""value"":null,""evidence"":[]}}",NO,NO,0.05,1.0,1,[],L1_REPORT_ONLY,OK
1.2.826.0.1.3680043.8.498.12785792890626338008419452097492192088,Lateral OA,c60f9d18083a8491e56ea36adbe6993b6a8d228a36acefe985cf3699afe0d52c,adea93e1116a3785967b5702dcbea8aa62560f04fb394a73bc3b89002ed67320,en,ABSENT,"[""The articular cartilage of the lateral joint compartment is reasonably well-maintained.""]","{""code"":""LATERAL_TIBIOFEMORAL"",""text"":""lateral joint compartment""}","{""grade"":""UNSPECIFIED"",""text"":""reasonably well-maintained""}","""""",UNSPECIFIED,"{""class_absence_supported"":{""value"":true,""evidence"":[""The articular cartilage of the lateral joint compartment is reasonably well-maintained.""]},""cartilage_loss_gt50pct"":{""value"":null,""evidence"":[]},""cartilage_extent_ge10mm"":{""value"":null,""evidence"":[]},""low_grade_only"":{""value"":null,""evidence"":[]}}",NO,NO,0.05,1.0,1,[],L1_REPORT_ONLY,OK
1.2.826.0.1.3680043.8.498.12785792890626338008419452097492192088,PF OA,c60f9d18083a8491e56ea36adbe6993b6a8d228a36acefe985cf3699afe0d52c,adea93e1116a3785967b5702dcbea8aa62560f04fb394a73bc3b89002ed67320,en,PRESENT,"[""There is focal fissuring of the articular cartilage of the patella at the apex and particularly involving the medial facet."",""The articular cartilage of the femoral trochlea also demonstrates focal chondral fissuring at the trochlear apex with subcortical interosseous cyst formation also seen to the femoral trochlea."",""There is severe articular chondrosis of the patellofemoral joint associated with early evolving degenerative change in the patellofemoral joint compartment.""]","{""code"":""PATELLOFEMORAL"",""text"":""patellofemoral joint compartment""}","{""grade"":""SEVERE"",""text"":""severe articular chondrosis""}","""focal fissuring""",CURRENT_CHRONIC,"{""class_absence_supported"":{""value"":null,""evidence"":[]},""cartilage_loss_gt50pct"":{""value"":null,""evidence"":[]},""cartilage_extent_ge10mm"":{""value"":null,""evidence"":[]},""low_grade_only"":{""value"":null,""evidence"":[]}}",UNKNOWN,UNKNOWN,0.5,0.25,1,"[""criteria_anatomy_severity_extent_or_timing_insufficient"",""llm_review:Focal fissuring is described without a measured extent establishing approximately 10 mm or greater."",""llm_review:Severe chondrosis is reported, but cartilage thickness loss exceeding 50% is not explicitly established.""]",L1_REPORT_ONLY,OK
1.2.826.0.1.3680043.8.498.12785792890626338008419452097492192088,Effusion,c60f9d18083a8491e56ea36adbe6993b6a8d228a36acefe985cf3699afe0d52c,adea93e1116a3785967b5702dcbea8aa62560f04fb394a73bc3b89002ed67320,en,ABSENT,"[""There is no evidence of significant Baker's cyst or knee effusion.""]","{""code"":""KNEE_JOINT"",""text"":""knee""}","{""grade"":""UNSPECIFIED"",""text"":""""}","""""",UNSPECIFIED,"{""class_absence_supported"":{""value"":true,""evidence"":[""There is no evidence of significant Baker's cyst or knee effusion.""]},""joint_distension"":{""value"":null,""evidence"":[]},""low_grade_only"":{""value"":null,""evidence"":[]}}",NO,NO,,0.0,0,"[""llm_review:The negative excludes significant effusion; it does not establish absence of trace or mild fluid."",""pilot_text_review_mask""]",L1_REPORT_ONLY,OK
1.2.826.0.1.3680043.8.498.12785792890626338008419452097492192088,Synovitis,c60f9d18083a8491e56ea36adbe6993b6a8d228a36acefe985cf3699afe0d52c,adea93e1116a3785967b5702dcbea8aa62560f04fb394a73bc3b89002ed67320,en,NOT_MENTIONED,[],"{""code"":""UNKNOWN"",""text"":""""}","{""grade"":""UNSPECIFIED"",""text"":""""}","""""",UNSPECIFIED,"{""class_absence_supported"":{""value"":null,""evidence"":[]},""direct_synovial_evidence"":{""value"":null,""evidence"":[]}}",UNKNOWN,UNKNOWN,,0.0,0,[],L1_REPORT_ONLY,OK
1.2.826.0.1.3680043.8.498.12785792890626338008419452097492192088,Baker's,c60f9d18083a8491e56ea36adbe6993b6a8d228a36acefe985cf3699afe0d52c,adea93e1116a3785967b5702dcbea8aa62560f04fb394a73bc3b89002ed67320,en,ABSENT,"[""There is no evidence of significant Baker's cyst or knee effusion.""]","{""code"":""POSTEROMEDIAL_POPLITEAL"",""text"":""Baker's cyst""}","{""grade"":""UNSPECIFIED"",""text"":""""}","""""",UNSPECIFIED,"{""class_absence_supported"":{""value"":true,""evidence"":[""There is no evidence of significant Baker's cyst or knee effusion.""]},""typical_baker_location"":{""value"":null,""evidence"":[]},""low_grade_only"":{""value"":null,""evidence"":[]}}",NO,NO,,0.0,0,"[""llm_review:The negative excludes a significant Baker's cyst; it does not establish absence of a small cyst."",""pilot_text_review_mask""]",L1_REPORT_ONLY,OK
1.2.826.0.1.3680043.8.498.12785792890626338008419452097492192088,Contusion,c60f9d18083a8491e56ea36adbe6993b6a8d228a36acefe985cf3699afe0d52c,adea93e1116a3785967b5702dcbea8aa62560f04fb394a73bc3b89002ed67320,en,NOT_MENTIONED,[],"{""code"":""UNKNOWN"",""text"":""""}","{""grade"":""UNSPECIFIED"",""text"":""""}","""""",UNSPECIFIED,"{""class_absence_supported"":{""value"":null,""evidence"":[]},""traumatic_marrow_edema"":{""value"":null,""evidence"":[]},""fracture_line_present"":{""value"":null,""evidence"":[]},""degenerative_only"":{""value"":null,""evidence"":[]}}",UNKNOWN,UNKNOWN,,0.0,0,"[""pilot_text_review_mask""]",L1_REPORT_ONLY,OK
1.2.826.0.1.3680043.8.498.12785792890626338008419452097492192088,Fracture,c60f9d18083a8491e56ea36adbe6993b6a8d228a36acefe985cf3699afe0d52c,adea93e1116a3785967b5702dcbea8aa62560f04fb394a73bc3b89002ed67320,en,NOT_MENTIONED,[],"{""code"":""UNKNOWN"",""text"":""""}","{""grade"":""UNSPECIFIED"",""text"":""""}","""""",UNSPECIFIED,"{""class_absence_supported"":{""value"":null,""evidence"":[]},""fracture_line_present"":{""value"":null,""evidence"":[]},""acute_injury"":{""value"":null,""evidence"":[]},""procedure_only"":{""value"":null,""evidence"":[]}}",UNKNOWN,UNKNOWN,,0.0,0,[],L1_REPORT_ONLY,OK
1.2.826.0.1.3680043.8.498.12896740277483734090633132494285615502,ACL,a407115ecdb03c3ac2ca3cd8edea47487b42b866bb1d683252887cfad111cf75,9d408bbcd16107fa192464e53c53fc56b8032222336fc4acb27f2d640ef861bd,en,ABSENT,"[""Normal ACL, PCL, MCL and LCL.""]","{""code"":""ACL"",""text"":""ACL""}","{""grade"":""NONE"",""text"":""Normal ACL, PCL, MCL and LCL.""}","""""",UNSPECIFIED,"{""class_absence_supported"":{""value"":true,""evidence"":[""Normal ACL, PCL, MCL and LCL.""]},""high_grade_tear"":{""value"":false,""evidence"":[""Normal ACL, PCL, MCL and LCL.""]},""low_grade_only"":{""value"":null,""evidence"":[]},""postoperative_only"":{""value"":null,""evidence"":[]}}",NO,NO,0.05,1.0,1,[],L1_REPORT_ONLY,OK
1.2.826.0.1.3680043.8.498.12896740277483734090633132494285615502,MCL,a407115ecdb03c3ac2ca3cd8edea47487b42b866bb1d683252887cfad111cf75,9d408bbcd16107fa192464e53c53fc56b8032222336fc4acb27f2d640ef861bd,en,ABSENT,"[""Normal ACL, PCL, MCL and LCL.""]","{""code"":""MCL"",""text"":""MCL""}","{""grade"":""NONE"",""text"":""Normal ACL, PCL, MCL and LCL.""}","""""",UNSPECIFIED,"{""class_absence_supported"":{""value"":true,""evidence"":[""Normal ACL, PCL, MCL and LCL.""]},""high_grade_tear"":{""value"":false,""evidence"":[""Normal ACL, PCL, MCL and LCL.""]},""acute_injury"":{""value"":false,""evidence"":[""Normal ACL, PCL, MCL and LCL.""]},""low_grade_only"":{""value"":null,""evidence"":[]},""postoperative_only"":{""value"":null,""evidence"":[]}}",NO,NO,0.05,1.0,1,[],L1_REPORT_ONLY,OK
1.2.826.0.1.3680043.8.498.12896740277483734090633132494285615502,Medial Meniscus,a407115ecdb03c3ac2ca3cd8edea47487b42b866bb1d683252887cfad111cf75,9d408bbcd16107fa192464e53c53fc56b8032222336fc4acb27f2d640ef861bd,en,PRESENT,"[""There is incomplete tearing of the posterior root of the medial meniscus."",""Mild extrusion of the medial meniscus from the joint is demonstrated.""]","{""code"":""MEDIAL_MENISCUS"",""text"":""posterior root of the medial meniscus""}","{""grade"":""UNSPECIFIED"",""text"":""""}","""posterior root""",UNSPECIFIED,"{""class_absence_supported"":{""value"":null,""evidence"":[]},""definite_meniscal_tear"":{""value"":true,""evidence"":[""There is incomplete tearing of the posterior root of the medial meniscus.""]},""internal_degeneration_only"":{""value"":false,""evidence"":[""There is incomplete tearing of the posterior root of the medial meniscus.""]},""postoperative_only"":{""value"":null,""evidence"":[]}}",YES,YES,0.95,1.0,1,"[""history_or_postoperative_scope_review"",""llm_review:Tear timing is unspecified.""]",L1_REPORT_ONLY,OK
1.2.826.0.1.3680043.8.498.12896740277483734090633132494285615502,Lateral Meniscus,a407115ecdb03c3ac2ca3cd8edea47487b42b866bb1d683252887cfad111cf75,9d408bbcd16107fa192464e53c53fc56b8032222336fc4acb27f2d640ef861bd,en,ABSENT,"[""Normal lateral meniscus.""]","{""code"":""LATERAL_MENISCUS"",""text"":""lateral meniscus""}","{""grade"":""NONE"",""text"":""Normal lateral meniscus.""}","""""",UNSPECIFIED,"{""class_absence_supported"":{""value"":true,""evidence"":[""Normal lateral meniscus.""]},""definite_meniscal_tear"":{""value"":false,""evidence"":[""Normal lateral meniscus.""]},""internal_degeneration_only"":{""value"":null,""evidence"":[]},""postoperative_only"":{""value"":null,""evidence"":[]}}",NO,NO,0.05,1.0,1,[],L1_REPORT_ONLY,OK
1.2.826.0.1.3680043.8.498.12896740277483734090633132494285615502,Medial OA,a407115ecdb03c3ac2ca3cd8edea47487b42b866bb1d683252887cfad111cf75,9d408bbcd16107fa192464e53c53fc56b8032222336fc4acb27f2d640ef861bd,en,PRESENT,"[""There is mild thinning of the medial compartment articular cartilage with mild osteophyte formation."",""Mild medial compartment and severe patellar articular cartilage degeneration.""]","{""code"":""MEDIAL_TIBIOFEMORAL"",""text"":""medial compartment articular cartilage""}","{""grade"":""MILD"",""text"":""mild thinning""}","""""",CURRENT_CHRONIC,"{""class_absence_supported"":{""value"":null,""evidence"":[]},""cartilage_loss_gt50pct"":{""value"":false,""evidence"":[""There is mild thinning of the medial compartment articular cartilage with mild osteophyte formation.""]},""cartilage_extent_ge10mm"":{""value"":null,""evidence"":[]},""low_grade_only"":{""value"":true,""evidence"":[""There is mild thinning of the medial compartment articular cartilage with mild osteophyte formation.""]}}",NO,NO,0.05,1.0,1,"[""explicit_subthreshold_or_alternative"",""llm_review:Cartilage lesion extent is not quantified.""]",L1_REPORT_ONLY,OK
1.2.826.0.1.3680043.8.498.12896740277483734090633132494285615502,Lateral OA,a407115ecdb03c3ac2ca3cd8edea47487b42b866bb1d683252887cfad111cf75,9d408bbcd16107fa192464e53c53fc56b8032222336fc4acb27f2d640ef861bd,en,ABSENT,"[""Normal lateral compartment articular cartilage.""]","{""code"":""LATERAL_TIBIOFEMORAL"",""text"":""lateral compartment articular cartilage""}","{""grade"":""NONE"",""text"":""Normal lateral compartment articular cartilage.""}","""""",UNSPECIFIED,"{""class_absence_supported"":{""value"":true,""evidence"":[""Normal lateral compartment articular cartilage.""]},""cartilage_loss_gt50pct"":{""value"":false,""evidence"":[""Normal lateral compartment articular cartilage.""]},""cartilage_extent_ge10mm"":{""value"":null,""evidence"":[]},""low_grade_only"":{""value"":null,""evidence"":[]}}",NO,NO,0.05,1.0,1,[],L1_REPORT_ONLY,OK
1.2.826.0.1.3680043.8.498.12896740277483734090633132494285615502,PF OA,a407115ecdb03c3ac2ca3cd8edea47487b42b866bb1d683252887cfad111cf75,9d408bbcd16107fa192464e53c53fc56b8032222336fc4acb27f2d640ef861bd,en,PRESENT,"[""There is severe thinning and loss of the caudal two-thirds of the patellar articular cartilage."",""The trochlear articular cartilage is relatively preserved."",""Mild medial compartment and severe patellar articular cartilage degeneration.""]","{""code"":""PATELLOFEMORAL"",""text"":""patellar articular cartilage""}","{""grade"":""SEVERE"",""text"":""severe thinning and loss""}","""caudal two-thirds""",CURRENT_CHRONIC,"{""class_absence_supported"":{""value"":null,""evidence"":[]},""cartilage_loss_gt50pct"":{""value"":null,""evidence"":[]},""cartilage_extent_ge10mm"":{""value"":null,""evidence"":[]},""low_grade_only"":{""value"":false,""evidence"":[""There is severe thinning and loss of the caudal two-thirds of the patellar articular cartilage.""]}}",UNKNOWN,UNKNOWN,0.85,0.25,1,"[""criteria_anatomy_severity_extent_or_timing_insufficient"",""llm_review:Caudal two-thirds describes anatomical distribution; extent in millimeters is not reported."",""llm_review:Severe thinning and loss are reported, but percentage thickness loss is not explicit.""]",L1_REPORT_ONLY,OK
1.2.826.0.1.3680043.8.498.12896740277483734090633132494285615502,Effusion,a407115ecdb03c3ac2ca3cd8edea47487b42b866bb1d683252887cfad111cf75,9d408bbcd16107fa192464e53c53fc56b8032222336fc4acb27f2d640ef861bd,en,PRESENT,"[""There is a mild - moderate knee effusion.""]","{""code"":""KNEE_JOINT"",""text"":""knee""}","{""grade"":""UNSPECIFIED"",""text"":""mild - moderate""}","""""",UNSPECIFIED,"{""class_absence_supported"":{""value"":null,""evidence"":[]},""joint_distension"":{""value"":null,""evidence"":[]},""low_grade_only"":{""value"":null,""evidence"":[]}}",UNKNOWN,UNKNOWN,0.5,0.25,1,"[""criteria_anatomy_severity_extent_or_timing_insufficient"",""llm_review:Joint distension and effusion timing are not specified."",""llm_review:Severity spans mild and moderate.""]",L1_REPORT_ONLY,OK
1.2.826.0.1.3680043.8.498.12896740277483734090633132494285615502,Synovitis,a407115ecdb03c3ac2ca3cd8edea47487b42b866bb1d683252887cfad111cf75,9d408bbcd16107fa192464e53c53fc56b8032222336fc4acb27f2d640ef861bd,en,NOT_MENTIONED,[],"{""code"":""UNKNOWN"",""text"":""""}","{""grade"":""UNSPECIFIED"",""text"":""""}","""""",UNSPECIFIED,"{""class_absence_supported"":{""value"":null,""evidence"":[]},""direct_synovial_evidence"":{""value"":null,""evidence"":[]}}",UNKNOWN,UNKNOWN,,0.0,0,[],L1_REPORT_ONLY,OK
1.2.826.0.1.3680043.8.498.12896740277483734090633132494285615502,Baker's,a407115ecdb03c3ac2ca3cd8edea47487b42b866bb1d683252887cfad111cf75,9d408bbcd16107fa192464e53c53fc56b8032222336fc4acb27f2d640ef861bd,en,NOT_MENTIONED,[],"{""code"":""UNKNOWN"",""text"":""""}","{""grade"":""UNSPECIFIED"",""text"":""""}","""""",UNSPECIFIED,"{""class_absence_supported"":{""value"":null,""evidence"":[]},""typical_baker_location"":{""value"":null,""evidence"":[]},""low_grade_only"":{""value"":null,""evidence"":[]}}",UNKNOWN,UNKNOWN,,0.0,0,[],L1_REPORT_ONLY,OK
1.2.826.0.1.3680043.8.498.12896740277483734090633132494285615502,Contusion,a407115ecdb03c3ac2ca3cd8edea47487b42b866bb1d683252887cfad111cf75,9d408bbcd16107fa192464e53c53fc56b8032222336fc4acb27f2d640ef861bd,en,NOT_MENTIONED,[],"{""code"":""UNKNOWN"",""text"":""""}","{""grade"":""UNSPECIFIED"",""text"":""""}","""""",UNSPECIFIED,"{""class_absence_supported"":{""value"":null,""evidence"":[]},""traumatic_marrow_edema"":{""value"":null,""evidence"":[]},""fracture_line_present"":{""value"":null,""evidence"":[]},""degenerative_only"":{""value"":null,""evidence"":[]}}",UNKNOWN,UNKNOWN,,0.0,0,[],L1_REPORT_ONLY,OK
1.2.826.0.1.3680043.8.498.12896740277483734090633132494285615502,Fracture,a407115ecdb03c3ac2ca3cd8edea47487b42b866bb1d683252887cfad111cf75,9d408bbcd16107fa192464e53c53fc56b8032222336fc4acb27f2d640ef861bd,en,NOT_MENTIONED,[],"{""code"":""UNKNOWN"",""text"":""""}","{""grade"":""UNSPECIFIED"",""text"":""""}","""""",UNSPECIFIED,"{""class_absence_supported"":{""value"":null,""evidence"":[]},""fracture_line_present"":{""value"":null,""evidence"":[]},""acute_injury"":{""value"":null,""evidence"":[]},""procedure_only"":{""value"":null,""evidence"":[]}}",UNKNOWN,UNKNOWN,,0.0,0,[],L1_REPORT_ONLY,OK
1.2.826.0.1.3680043.8.498.12957252711278416684461267069498115130,ACL,3af3a1cc168b15113aba7c7ecb26d4f068e0baaf61d6e21e0f7ecaee904c155f,13247cab8226362df9bb9041e6a03c116cb03e53a0db325a0abd3e9ce21f20c9,de,ABSENT,"[""Vorderes und hinteres Kreuzband intakt.""]","{""code"":""ACL"",""text"":""Vorderes und hinteres Kreuzband""}","{""grade"":""NONE"",""text"":""intakt""}","""""",UNSPECIFIED,"{""class_absence_supported"":{""value"":true,""evidence"":[""Vorderes und hinteres Kreuzband intakt.""]},""high_grade_tear"":{""value"":false,""evidence"":[""Vorderes und hinteres Kreuzband intakt.""]},""low_grade_only"":{""value"":null,""evidence"":[]},""postoperative_only"":{""value"":null,""evidence"":[]}}",NO,NO,0.05,1.0,1,[],L1_REPORT_ONLY,OK
1.2.826.0.1.3680043.8.498.12957252711278416684461267069498115130,MCL,3af3a1cc168b15113aba7c7ecb26d4f068e0baaf61d6e21e0f7ecaee904c155f,13247cab8226362df9bb9041e6a03c116cb03e53a0db325a0abd3e9ce21f20c9,de,PRESENT,"[""Kollateralbänder intakt, geringer Reizzustand des MCL.""]","{""code"":""MCL"",""text"":""MCL""}","{""grade"":""MILD"",""text"":""geringer Reizzustand""}","""""",UNSPECIFIED,"{""class_absence_supported"":{""value"":null,""evidence"":[]},""high_grade_tear"":{""value"":false,""evidence"":[""Kollateralbänder intakt""]},""acute_injury"":{""value"":null,""evidence"":[]},""low_grade_only"":{""value"":true,""evidence"":[""Kollateralbänder intakt, geringer Reizzustand des MCL.""]},""postoperative_only"":{""value"":null,""evidence"":[]}}",NO,NO,0.05,1.0,1,"[""explicit_subthreshold_or_alternative"",""llm_review:Mild irritation with intact collateral ligaments; injury timing unspecified."",""timing_or_trauma_review""]",L1_REPORT_ONLY,OK
1.2.826.0.1.3680043.8.498.12957252711278416684461267069498115130,Medial Meniscus,3af3a1cc168b15113aba7c7ecb26d4f068e0baaf61d6e21e0f7ecaee904c155f,13247cab8226362df9bb9041e6a03c116cb03e53a0db325a0abd3e9ce21f20c9,de,PRESENT,"[""Der Innenmeniskus ab Pars intermedia bis ins Hinterhorn deutlich signalalteriert und aufgetrieben mit schräger Risskomponente (z. B. 5/9) und kleiner meniscealer Zyste (4/19).""]","{""code"":""MEDIAL_MENISCUS"",""text"":""Innenmeniskus""}","{""grade"":""UNSPECIFIED"",""text"":""""}","""ab Pars intermedia bis ins Hinterhorn""",UNSPECIFIED,"{""class_absence_supported"":{""value"":null,""evidence"":[]},""definite_meniscal_tear"":{""value"":true,""evidence"":[""mit schräger Risskomponente""]},""internal_degeneration_only"":{""value"":false,""evidence"":[""mit schräger Risskomponente""]},""postoperative_only"":{""value"":null,""evidence"":[]}}",YES,YES,0.95,1.0,1,[],L1_REPORT_ONLY,OK
1.2.826.0.1.3680043.8.498.12957252711278416684461267069498115130,Lateral Meniscus,3af3a1cc168b15113aba7c7ecb26d4f068e0baaf61d6e21e0f7ecaee904c155f,13247cab8226362df9bb9041e6a03c116cb03e53a0db325a0abd3e9ce21f20c9,de,ABSENT,"[""Der Außenmeniskus ist intakt.""]","{""code"":""LATERAL_MENISCUS"",""text"":""Außenmeniskus""}","{""grade"":""NONE"",""text"":""intakt""}","""""",UNSPECIFIED,"{""class_absence_supported"":{""value"":true,""evidence"":[""Der Außenmeniskus ist intakt.""]},""definite_meniscal_tear"":{""value"":false,""evidence"":[""Der Außenmeniskus ist intakt.""]},""internal_degeneration_only"":{""value"":null,""evidence"":[]},""postoperative_only"":{""value"":null,""evidence"":[]}}",NO,NO,0.05,1.0,1,[],L1_REPORT_ONLY,OK
1.2.826.0.1.3680043.8.498.12957252711278416684461267069498115130,Medial OA,3af3a1cc168b15113aba7c7ecb26d4f068e0baaf61d6e21e0f7ecaee904c155f,13247cab8226362df9bb9041e6a03c116cb03e53a0db325a0abd3e9ce21f20c9,de,PRESENT,"[""Medialseitig teils fokal tief greifende Chondropathie (z. B. 6/10 oder 4/23) in der Hauptbelastungszone der Femurkondyle."",""Ansonsten vorwiegend oberflächliche Chondropathie."",""Diskrete osteophytäre Anbauten (1005/73).""]","{""code"":""MEDIAL_TIBIOFEMORAL"",""text"":""Medialseitig""}","{""grade"":""UNSPECIFIED"",""text"":""teils fokal tief greifende Chondropathie""}","""in der Hauptbelastungszone der Femurkondyle""",UNSPECIFIED,"{""class_absence_supported"":{""value"":null,""evidence"":[]},""cartilage_loss_gt50pct"":{""value"":null,""evidence"":[]},""cartilage_extent_ge10mm"":{""value"":null,""evidence"":[]},""low_grade_only"":{""value"":false,""evidence"":[""Medialseitig teils fokal tief greifende Chondropathie""]}}",UNKNOWN,UNKNOWN,,0.0,0,"[""criteria_anatomy_severity_extent_or_timing_insufficient"",""llm_review:Deep focal chondropathy is reported, but cartilage loss greater than 50% and extent of at least 10 mm are not established.""]",L1_REPORT_ONLY,OK
1.2.826.0.1.3680043.8.498.12957252711278416684461267069498115130,Lateral OA,3af3a1cc168b15113aba7c7ecb26d4f068e0baaf61d6e21e0f7ecaee904c155f,13247cab8226362df9bb9041e6a03c116cb03e53a0db325a0abd3e9ce21f20c9,de,ABSENT,"[""Femorotibial lateralseitig erhaltener Knorpelbelag ohne tief greifende Chondropathie jedoch mit auffallender chondraler Calcinosis (z. B. 4/25).""]","{""code"":""LATERAL_TIBIOFEMORAL"",""text"":""Femorotibial lateralseitig""}","{""grade"":""NONE"",""text"":""erhaltener Knorpelbelag""}","""""",UNSPECIFIED,"{""class_absence_supported"":{""value"":true,""evidence"":[""Femorotibial lateralseitig erhaltener Knorpelbelag ohne tief greifende Chondropathie""]},""cartilage_loss_gt50pct"":{""value"":false,""evidence"":[""Femorotibial lateralseitig erhaltener Knorpelbelag ohne tief greifende Chondropathie""]},""cartilage_extent_ge10mm"":{""value"":null,""evidence"":[]},""low_grade_only"":{""value"":null,""evidence"":[]}}",NO,NO,0.05,1.0,1,"[""llm_review:Chondral calcinosis is reported with preserved cartilage; it does not establish qualifying cartilage loss.""]",L1_REPORT_ONLY,OK
1.2.826.0.1.3680043.8.498.12957252711278416684461267069498115130,PF OA,3af3a1cc168b15113aba7c7ecb26d4f068e0baaf61d6e21e0f7ecaee904c155f,13247cab8226362df9bb9041e6a03c116cb03e53a0db325a0abd3e9ce21f20c9,de,PRESENT,"[""Patella zentriert stehend. Mehrere oberflächliche, teils bis zur Hälfte der Knorpelschicht erreichenden chondralen Läsionen (siehe z. B. 7/9)."",""Chondrale Calcinosis femoropatellar, führend retropatellar (z. B. 3/46 und 3/57)."",""Ansonsten erhaltene Knorpelbelag.""]","{""code"":""PATELLOFEMORAL"",""text"":""femoropatellar, führend retropatellar""}","{""grade"":""UNSPECIFIED"",""text"":""oberflächliche, teils bis zur Hälfte der Knorpelschicht erreichenden chondralen Läsionen""}","""Mehrere oberflächliche, teils bis zur Hälfte der Knorpelschicht erreichenden chondralen Läsionen""",UNSPECIFIED,"{""class_absence_supported"":{""value"":null,""evidence"":[]},""cartilage_loss_gt50pct"":{""value"":false,""evidence"":[""Mehrere oberflächliche, teils bis zur Hälfte der Knorpelschicht erreichenden chondralen Läsionen"",""Ansonsten erhaltene Knorpelbelag.""]},""cartilage_extent_ge10mm"":{""value"":null,""evidence"":[]},""low_grade_only"":{""value"":true,""evidence"":[""Mehrere oberflächliche, teils bis zur Hälfte der Knorpelschicht erreichenden chondralen Läsionen"",""Ansonsten erhaltene Knorpelbelag.""]}}",NO,NO,0.05,1.0,1,"[""explicit_subthreshold_or_alternative"",""llm_review:Reported lesions reach at most half the cartilage thickness; numerical lesion extent is unspecified.""]",L1_REPORT_ONLY,OK
1.2.826.0.1.3680043.8.498.12957252711278416684461267069498115130,Effusion,3af3a1cc168b15113aba7c7ecb26d4f068e0baaf61d6e21e0f7ecaee904c155f,13247cab8226362df9bb9041e6a03c116cb03e53a0db325a0abd3e9ce21f20c9,de,PRESENT,"[""Geringer Gelenkerguss.""]","{""code"":""KNEE_JOINT"",""text"":""Gelenkerguss""}","{""grade"":""MILD"",""text"":""Geringer""}","""""",UNSPECIFIED,"{""class_absence_supported"":{""value"":null,""evidence"":[]},""joint_distension"":{""value"":null,""evidence"":[]},""low_grade_only"":{""value"":true,""evidence"":[""Geringer Gelenkerguss.""]}}",NO,NO,0.05,1.0,1,"[""explicit_subthreshold_or_alternative"",""llm_review:Mild effusion is subthreshold; joint distension is not reported.""]",L1_REPORT_ONLY,OK
1.2.826.0.1.3680043.8.498.12957252711278416684461267069498115130,Synovitis,3af3a1cc168b15113aba7c7ecb26d4f068e0baaf61d6e21e0f7ecaee904c155f,13247cab8226362df9bb9041e6a03c116cb03e53a0db325a0abd3e9ce21f20c9,de,ABSENT,"[""Synovialis nicht verdickt.""]","{""code"":""KNEE_SYNOVIUM"",""text"":""Synovialis""}","{""grade"":""UNSPECIFIED"",""text"":""""}","""""",UNSPECIFIED,"{""class_absence_supported"":{""value"":null,""evidence"":[]},""direct_synovial_evidence"":{""value"":null,""evidence"":[]}}",UNKNOWN,UNKNOWN,,0.0,0,"[""llm_review:The negative addresses synovial thickening only; it does not explicitly exclude all synovial inflammation."",""negative_scope_insufficient""]",L1_REPORT_ONLY,OK
1.2.826.0.1.3680043.8.498.12957252711278416684461267069498115130,Baker's,3af3a1cc168b15113aba7c7ecb26d4f068e0baaf61d6e21e0f7ecaee904c155f,13247cab8226362df9bb9041e6a03c116cb03e53a0db325a0abd3e9ce21f20c9,de,NOT_MENTIONED,[],"{""code"":""UNKNOWN"",""text"":""""}","{""grade"":""UNSPECIFIED"",""text"":""""}","""""",UNSPECIFIED,"{""class_absence_supported"":{""value"":null,""evidence"":[]},""typical_baker_location"":{""value"":null,""evidence"":[]},""low_grade_only"":{""value"":null,""evidence"":[]}}",UNKNOWN,UNKNOWN,,0.0,0,[],L1_REPORT_ONLY,OK
1.2.826.0.1.3680043.8.498.12957252711278416684461267069498115130,Contusion,3af3a1cc168b15113aba7c7ecb26d4f068e0baaf61d6e21e0f7ecaee904c155f,13247cab8226362df9bb9041e6a03c116cb03e53a0db325a0abd3e9ce21f20c9,de,UNCERTAIN,"[""Als anatomische Normvariante Patella tripartita am superolateralen Pol (4/7) mit geringem Knochenmarködem in dem kleinerem akzessorischen Fragment (4/7)."",""Ansonsten altersentsprechendes Knochenmarkssignal.""]","{""code"":""BONE"",""text"":""Patella tripartita am superolateralen Pol""}","{""grade"":""MILD"",""text"":""geringem Knochenmarködem""}","""in dem kleinerem akzessorischen Fragment""",UNSPECIFIED,"{""class_absence_supported"":{""value"":null,""evidence"":[]},""traumatic_marrow_edema"":{""value"":null,""evidence"":[]},""fracture_line_present"":{""value"":null,""evidence"":[]},""degenerative_only"":{""value"":null,""evidence"":[]}}",UNKNOWN,UNKNOWN,,0.0,0,"[""llm_review:Marrow edema is localized to an accessory fragment of a stated anatomical variant; traumatic origin, timing and absence of a fracture line at this lesion are not established."",""uncertain_report""]",L1_REPORT_ONLY,OK
1.2.826.0.1.3680043.8.498.12957252711278416684461267069498115130,Fracture,3af3a1cc168b15113aba7c7ecb26d4f068e0baaf61d6e21e0f7ecaee904c155f,13247cab8226362df9bb9041e6a03c116cb03e53a0db325a0abd3e9ce21f20c9,de,NOT_MENTIONED,[],"{""code"":""UNKNOWN"",""text"":""""}","{""grade"":""UNSPECIFIED"",""text"":""""}","""""",UNSPECIFIED,"{""class_absence_supported"":{""value"":null,""evidence"":[]},""fracture_line_present"":{""value"":null,""evidence"":[]},""acute_injury"":{""value"":null,""evidence"":[]},""procedure_only"":{""value"":null,""evidence"":[]}}",UNKNOWN,UNKNOWN,,0.0,0,[],L1_REPORT_ONLY,OK
1.2.826.0.1.3680043.8.498.13162479706670045075896993021883562680,ACL,4113972cb871449b387563daf21956146439c29e2514aa46ad9e9579a0021ac7,ab25d46726688e66d299b384d99a47bb8d69f10e083ae0cdfe262eea0997518b,nl,ABSENT,"[""ACL normal.""]","{""code"":""ACL"",""text"":""ACL""}","{""grade"":""NONE"",""text"":""normal""}","""""",UNSPECIFIED,"{""class_absence_supported"":{""value"":true,""evidence"":[""ACL normal.""]},""high_grade_tear"":{""value"":false,""evidence"":[""ACL normal.""]},""low_grade_only"":{""value"":null,""evidence"":[]},""postoperative_only"":{""value"":null,""evidence"":[]}}",NO,NO,0.05,1.0,1,[],L1_REPORT_ONLY,OK
1.2.826.0.1.3680043.8.498.13162479706670045075896993021883562680,MCL,4113972cb871449b387563daf21956146439c29e2514aa46ad9e9579a0021ac7,ab25d46726688e66d299b384d99a47bb8d69f10e083ae0cdfe262eea0997518b,nl,ABSENT,"[""MCL normal.""]","{""code"":""MCL"",""text"":""MCL""}","{""grade"":""NONE"",""text"":""normal""}","""""",UNSPECIFIED,"{""class_absence_supported"":{""value"":true,""evidence"":[""MCL normal.""]},""high_grade_tear"":{""value"":false,""evidence"":[""MCL normal.""]},""acute_injury"":{""value"":false,""evidence"":[""MCL normal.""]},""low_grade_only"":{""value"":null,""evidence"":[]},""postoperative_only"":{""value"":null,""evidence"":[]}}",NO,NO,0.05,1.0,1,[],L1_REPORT_ONLY,OK
1.2.826.0.1.3680043.8.498.13162479706670045075896993021883562680,Medial Meniscus,4113972cb871449b387563daf21956146439c29e2514aa46ad9e9579a0021ac7,ab25d46726688e66d299b384d99a47bb8d69f10e083ae0cdfe262eea0997518b,nl,PRESENT,"[""Medial meniscus: incipient degeneration of posterior horn.""]","{""code"":""MEDIAL_MENISCUS"",""text"":""Medial meniscus""}","{""grade"":""UNSPECIFIED"",""text"":""incipient degeneration""}","""posterior horn""",UNSPECIFIED,"{""class_absence_supported"":{""value"":null,""evidence"":[]},""definite_meniscal_tear"":{""value"":null,""evidence"":[]},""internal_degeneration_only"":{""value"":true,""evidence"":[""Medial meniscus: incipient degeneration of posterior horn.""]},""postoperative_only"":{""value"":null,""evidence"":[]}}",NO,NO,0.05,1.0,1,"[""explicit_subthreshold_or_alternative"",""history_or_postoperative_scope_review"",""llm_review:Only degeneration is reported; no definite tear diagnosis.""]",L1_REPORT_ONLY,OK
1.2.826.0.1.3680043.8.498.13162479706670045075896993021883562680,Lateral Meniscus,4113972cb871449b387563daf21956146439c29e2514aa46ad9e9579a0021ac7,ab25d46726688e66d299b384d99a47bb8d69f10e083ae0cdfe262eea0997518b,nl,ABSENT,"[""Lateral meniscus normal.""]","{""code"":""LATERAL_MENISCUS"",""text"":""Lateral meniscus""}","{""grade"":""NONE"",""text"":""normal""}","""""",UNSPECIFIED,"{""class_absence_supported"":{""value"":true,""evidence"":[""Lateral meniscus normal.""]},""definite_meniscal_tear"":{""value"":false,""evidence"":[""Lateral meniscus normal.""]},""internal_degeneration_only"":{""value"":false,""evidence"":[""Lateral meniscus normal.""]},""postoperative_only"":{""value"":null,""evidence"":[]}}",NO,NO,0.05,1.0,1,[],L1_REPORT_ONLY,OK
1.2.826.0.1.3680043.8.498.13162479706670045075896993021883562680,Medial OA,4113972cb871449b387563daf21956146439c29e2514aa46ad9e9579a0021ac7,ab25d46726688e66d299b384d99a47bb8d69f10e083ae0cdfe262eea0997518b,nl,ABSENT,"[""Cartilages normal.""]","{""code"":""UNKNOWN"",""text"":""""}","{""grade"":""NONE"",""text"":""normal""}","""""",UNSPECIFIED,"{""class_absence_supported"":{""value"":true,""evidence"":[""Cartilages normal.""]},""cartilage_loss_gt50pct"":{""value"":false,""evidence"":[""Cartilages normal.""]},""cartilage_extent_ge10mm"":{""value"":false,""evidence"":[""Cartilages normal.""]},""low_grade_only"":{""value"":null,""evidence"":[]}}",NO,UNKNOWN,,0.0,0,"[""anatomy_missing_or_wrong"",""llm_review:Global cartilage normality statement; compartment not individually named."",""pilot_text_review_mask""]",L1_REPORT_ONLY,OK
1.2.826.0.1.3680043.8.498.13162479706670045075896993021883562680,Lateral OA,4113972cb871449b387563daf21956146439c29e2514aa46ad9e9579a0021ac7,ab25d46726688e66d299b384d99a47bb8d69f10e083ae0cdfe262eea0997518b,nl,ABSENT,"[""Cartilages normal.""]","{""code"":""UNKNOWN"",""text"":""""}","{""grade"":""NONE"",""text"":""normal""}","""""",UNSPECIFIED,"{""class_absence_supported"":{""value"":true,""evidence"":[""Cartilages normal.""]},""cartilage_loss_gt50pct"":{""value"":false,""evidence"":[""Cartilages normal.""]},""cartilage_extent_ge10mm"":{""value"":false,""evidence"":[""Cartilages normal.""]},""low_grade_only"":{""value"":null,""evidence"":[]}}",NO,UNKNOWN,,0.0,0,"[""anatomy_missing_or_wrong"",""llm_review:Global cartilage normality statement; compartment not individually named."",""pilot_text_review_mask""]",L1_REPORT_ONLY,OK
1.2.826.0.1.3680043.8.498.13162479706670045075896993021883562680,PF OA,4113972cb871449b387563daf21956146439c29e2514aa46ad9e9579a0021ac7,ab25d46726688e66d299b384d99a47bb8d69f10e083ae0cdfe262eea0997518b,nl,ABSENT,"[""Cartilages normal.""]","{""code"":""UNKNOWN"",""text"":""""}","{""grade"":""NONE"",""text"":""normal""}","""""",UNSPECIFIED,"{""class_absence_supported"":{""value"":true,""evidence"":[""Cartilages normal.""]},""cartilage_loss_gt50pct"":{""value"":false,""evidence"":[""Cartilages normal.""]},""cartilage_extent_ge10mm"":{""value"":false,""evidence"":[""Cartilages normal.""]},""low_grade_only"":{""value"":null,""evidence"":[]}}",NO,UNKNOWN,,0.0,0,"[""anatomy_missing_or_wrong"",""llm_review:Global cartilage normality statement; compartment not individually named."",""pilot_text_review_mask""]",L1_REPORT_ONLY,OK
1.2.826.0.1.3680043.8.498.13162479706670045075896993021883562680,Effusion,4113972cb871449b387563daf21956146439c29e2514aa46ad9e9579a0021ac7,ab25d46726688e66d299b384d99a47bb8d69f10e083ae0cdfe262eea0997518b,nl,ABSENT,"[""No effusion.""]","{""code"":""KNEE_JOINT"",""text"":""""}","{""grade"":""NONE"",""text"":""No effusion""}","""""",UNSPECIFIED,"{""class_absence_supported"":{""value"":true,""evidence"":[""No effusion.""]},""joint_distension"":{""value"":null,""evidence"":[]},""low_grade_only"":{""value"":null,""evidence"":[]}}",NO,NO,0.05,1.0,1,[],L1_REPORT_ONLY,OK
1.2.826.0.1.3680043.8.498.13162479706670045075896993021883562680,Synovitis,4113972cb871449b387563daf21956146439c29e2514aa46ad9e9579a0021ac7,ab25d46726688e66d299b384d99a47bb8d69f10e083ae0cdfe262eea0997518b,nl,NOT_MENTIONED,[],"{""code"":""UNKNOWN"",""text"":""""}","{""grade"":""UNSPECIFIED"",""text"":""""}","""""",UNSPECIFIED,"{""class_absence_supported"":{""value"":null,""evidence"":[]},""direct_synovial_evidence"":{""value"":null,""evidence"":[]}}",UNKNOWN,UNKNOWN,,0.0,0,[],L1_REPORT_ONLY,OK
1.2.826.0.1.3680043.8.498.13162479706670045075896993021883562680,Baker's,4113972cb871449b387563daf21956146439c29e2514aa46ad9e9579a0021ac7,ab25d46726688e66d299b384d99a47bb8d69f10e083ae0cdfe262eea0997518b,nl,ABSENT,"[""No baker's cyst.""]","{""code"":""POSTEROMEDIAL_POPLITEAL"",""text"":""baker's cyst""}","{""grade"":""NONE"",""text"":""No baker's cyst""}","""""",UNSPECIFIED,"{""class_absence_supported"":{""value"":true,""evidence"":[""No baker's cyst.""]},""typical_baker_location"":{""value"":null,""evidence"":[]},""low_grade_only"":{""value"":null,""evidence"":[]}}",NO,NO,0.05,1.0,1,[],L1_REPORT_ONLY,OK
1.2.826.0.1.3680043.8.498.13162479706670045075896993021883562680,Contusion,4113972cb871449b387563daf21956146439c29e2514aa46ad9e9579a0021ac7,ab25d46726688e66d299b384d99a47bb8d69f10e083ae0cdfe262eea0997518b,nl,NOT_MENTIONED,[],"{""code"":""UNKNOWN"",""text"":""""}","{""grade"":""UNSPECIFIED"",""text"":""""}","""""",UNSPECIFIED,"{""class_absence_supported"":{""value"":null,""evidence"":[]},""traumatic_marrow_edema"":{""value"":null,""evidence"":[]},""fracture_line_present"":{""value"":null,""evidence"":[]},""degenerative_only"":{""value"":null,""evidence"":[]}}",UNKNOWN,UNKNOWN,,0.0,0,[],L1_REPORT_ONLY,OK
1.2.826.0.1.3680043.8.498.13162479706670045075896993021883562680,Fracture,4113972cb871449b387563daf21956146439c29e2514aa46ad9e9579a0021ac7,ab25d46726688e66d299b384d99a47bb8d69f10e083ae0cdfe262eea0997518b,nl,UNCERTAIN,"[""bone fragment adjacent to medial border of patella and medial retinaculum suggestive of repeated patellar luxations.""]","{""code"":""BONE"",""text"":""bone fragment adjacent to medial border of patella""}","{""grade"":""UNSPECIFIED"",""text"":""""}","""""",UNSPECIFIED,"{""class_absence_supported"":{""value"":null,""evidence"":[]},""fracture_line_present"":{""value"":null,""evidence"":[]},""acute_injury"":{""value"":null,""evidence"":[]},""procedure_only"":{""value"":null,""evidence"":[]}}",UNKNOWN,UNKNOWN,,0.0,0,"[""llm_review:Bone fragment is described without a definite fracture diagnosis, fracture line, cortical disruption, or acute timing."",""uncertain_report""]",L1_REPORT_ONLY,OK
1.2.826.0.1.3680043.8.498.13269841239774089690227054060975903636,ACL,64fa2f92251815a2d3cc40db938f92aa1904568c72976f959b7c6d5efb913ee5,730a578baa0f41054be55527328a558e9851bb3c4aad1ac9074d831fceefb898,en,PRESENT,"[""The contour of ACL is in a straight line and increase signal intensity inside on F/S T2WI, in favor of grade 1 injury."",""Grade 1 injury of ACL""]","{""code"":""ACL"",""text"":""ACL""}","{""grade"":""MILD"",""text"":""grade 1 injury""}","""""",UNSPECIFIED,"{""class_absence_supported"":{""value"":null,""evidence"":[]},""high_grade_tear"":{""value"":false,""evidence"":[""in favor of grade 1 injury.""]},""low_grade_only"":{""value"":true,""evidence"":[""Grade 1 injury of ACL""]},""postoperative_only"":{""value"":null,""evidence"":[]}}",NO,NO,0.05,1.0,1,"[""explicit_subthreshold_or_alternative"",""llm_review:Injury timing is unspecified.""]",L1_REPORT_ONLY,OK
1.2.826.0.1.3680043.8.498.13269841239774089690227054060975903636,MCL,64fa2f92251815a2d3cc40db938f92aa1904568c72976f959b7c6d5efb913ee5,730a578baa0f41054be55527328a558e9851bb3c4aad1ac9074d831fceefb898,en,ABSENT,"[""Both medial & lateral collateral ligaments appear to be within normal.""]","{""code"":""MCL"",""text"":""medial & lateral collateral ligaments""}","{""grade"":""NONE"",""text"":""within normal""}","""""",UNSPECIFIED,"{""class_absence_supported"":{""value"":true,""evidence"":[""Both medial & lateral collateral ligaments appear to be within normal.""]},""high_grade_tear"":{""value"":false,""evidence"":[""Both medial & lateral collateral ligaments appear to be within normal.""]},""acute_injury"":{""value"":false,""evidence"":[""Both medial & lateral collateral ligaments appear to be within normal.""]},""low_grade_only"":{""value"":null,""evidence"":[]},""postoperative_only"":{""value"":null,""evidence"":[]}}",NO,NO,0.05,1.0,1,[],L1_REPORT_ONLY,OK
1.2.826.0.1.3680043.8.498.13269841239774089690227054060975903636,Medial Meniscus,64fa2f92251815a2d3cc40db938f92aa1904568c72976f959b7c6d5efb913ee5,730a578baa0f41054be55527328a558e9851bb3c4aad1ac9074d831fceefb898,en,PRESENT,"[""Linear signal intensity in medial and lateral meniscus, with suspicious of extending into the surface of anterior horn of lateral meniscus, in favor of degeneration of meniscus and R/O  tear of anterior horn of lateral meniscus.""]","{""code"":""MEDIAL_MENISCUS"",""text"":""medial and lateral meniscus""}","{""grade"":""UNSPECIFIED"",""text"":""""}","""""",UNSPECIFIED,"{""class_absence_supported"":{""value"":null,""evidence"":[]},""definite_meniscal_tear"":{""value"":null,""evidence"":[]},""internal_degeneration_only"":{""value"":true,""evidence"":[""Linear signal intensity in medial and lateral meniscus, with suspicious of extending into the surface of anterior horn of lateral meniscus, in favor of degeneration of meniscus and R/O  tear of anterior horn of lateral meniscus.""]},""postoperative_only"":{""value"":null,""evidence"":[]}}",NO,NO,0.05,1.0,1,"[""explicit_subthreshold_or_alternative"",""llm_review:Medial meniscal degeneration is described without a definite medial tear diagnosis."",""side_or_compartment_scope_review""]",L1_REPORT_ONLY,OK
1.2.826.0.1.3680043.8.498.13269841239774089690227054060975903636,Lateral Meniscus,64fa2f92251815a2d3cc40db938f92aa1904568c72976f959b7c6d5efb913ee5,730a578baa0f41054be55527328a558e9851bb3c4aad1ac9074d831fceefb898,en,UNCERTAIN,"[""Linear signal intensity in medial and lateral meniscus, with suspicious of extending into the surface of anterior horn of lateral meniscus, in favor of degeneration of meniscus and R/O  tear of anterior horn of lateral meniscus."",""Degeneration of meniscus and R/O tear of anterior horn of lateral meniscus.""]","{""code"":""LATERAL_MENISCUS"",""text"":""anterior horn of lateral meniscus""}","{""grade"":""UNSPECIFIED"",""text"":""""}","""anterior horn of lateral meniscus""",UNSPECIFIED,"{""class_absence_supported"":{""value"":null,""evidence"":[]},""definite_meniscal_tear"":{""value"":null,""evidence"":[]},""internal_degeneration_only"":{""value"":null,""evidence"":[]},""postoperative_only"":{""value"":null,""evidence"":[]}}",UNKNOWN,UNKNOWN,0.45,0.25,1,"[""llm_review:Possible anterior horn tear is described with suspicious surface extension and R/O wording; no definite tear diagnosis."",""side_or_compartment_scope_review"",""uncertain_report""]",L1_REPORT_ONLY,OK
1.2.826.0.1.3680043.8.498.13269841239774089690227054060975903636,Medial OA,64fa2f92251815a2d3cc40db938f92aa1904568c72976f959b7c6d5efb913ee5,730a578baa0f41054be55527328a558e9851bb3c4aad1ac9074d831fceefb898,en,NOT_MENTIONED,[],"{""code"":""UNKNOWN"",""text"":""""}","{""grade"":""UNSPECIFIED"",""text"":""""}","""""",UNSPECIFIED,"{""class_absence_supported"":{""value"":null,""evidence"":[]},""cartilage_loss_gt50pct"":{""value"":null,""evidence"":[]},""cartilage_extent_ge10mm"":{""value"":null,""evidence"":[]},""low_grade_only"":{""value"":null,""evidence"":[]}}",UNKNOWN,UNKNOWN,,0.0,0,"[""llm_review:Generic knee osteoarthritis is not separately localized to the medial tibiofemoral compartment.""]",L1_REPORT_ONLY,OK
1.2.826.0.1.3680043.8.498.13269841239774089690227054060975903636,Lateral OA,64fa2f92251815a2d3cc40db938f92aa1904568c72976f959b7c6d5efb913ee5,730a578baa0f41054be55527328a558e9851bb3c4aad1ac9074d831fceefb898,en,NOT_MENTIONED,[],"{""code"":""UNKNOWN"",""text"":""""}","{""grade"":""UNSPECIFIED"",""text"":""""}","""""",UNSPECIFIED,"{""class_absence_supported"":{""value"":null,""evidence"":[]},""cartilage_loss_gt50pct"":{""value"":null,""evidence"":[]},""cartilage_extent_ge10mm"":{""value"":null,""evidence"":[]},""low_grade_only"":{""value"":null,""evidence"":[]}}",UNKNOWN,UNKNOWN,,0.0,0,"[""llm_review:Lateral patellofemoral disease does not establish lateral tibiofemoral osteoarthritis.""]",L1_REPORT_ONLY,OK
1.2.826.0.1.3680043.8.498.13269841239774089690227054060975903636,PF OA,64fa2f92251815a2d3cc40db938f92aa1904568c72976f959b7c6d5efb913ee5,730a578baa0f41054be55527328a558e9851bb3c4aad1ac9074d831fceefb898,en,PRESENT,"[""Osteoarthritis of knee joint with spur formation and subchondral bone marrow edema/cysts and irregular thining of intra-articular cartilage, more severe at lateral patellofemoral joint with grade 3-4 chondromalacia and tiny subchondral cysts over femoral trochlea."",""Osteoarthritis of right knee, more severe at lateral patellofemoral joint with grade 4 chondral injury and suspicious of lateral sublucation .""]","{""code"":""PATELLOFEMORAL"",""text"":""lateral patellofemoral joint""}","{""grade"":""SEVERE"",""text"":""grade 4 chondral injury""}","""""",CURRENT_CHRONIC,"{""class_absence_supported"":{""value"":null,""evidence"":[]},""cartilage_loss_gt50pct"":{""value"":null,""evidence"":[]},""cartilage_extent_ge10mm"":{""value"":null,""evidence"":[]},""low_grade_only"":{""value"":false,""evidence"":[""grade 4 chondral injury""]}}",UNKNOWN,UNKNOWN,,0.0,0,"[""criteria_anatomy_severity_extent_or_timing_insufficient"",""llm_review:Cartilage lesion extent is not reported."",""llm_review:Chondral grading convention is unspecified, preventing definitive extraction of greater than 50% thickness loss.""]",L1_REPORT_ONLY,OK
1.2.826.0.1.3680043.8.498.13269841239774089690227054060975903636,Effusion,64fa2f92251815a2d3cc40db938f92aa1904568c72976f959b7c6d5efb913ee5,730a578baa0f41054be55527328a558e9851bb3c4aad1ac9074d831fceefb898,en,PRESENT,"[""Joint effusion and suprapatellar bursitis""]","{""code"":""KNEE_JOINT"",""text"":""Joint""}","{""grade"":""UNSPECIFIED"",""text"":""""}","""""",UNSPECIFIED,"{""class_absence_supported"":{""value"":null,""evidence"":[]},""joint_distension"":{""value"":null,""evidence"":[]},""low_grade_only"":{""value"":null,""evidence"":[]}}",UNKNOWN,UNKNOWN,,0.0,0,"[""criteria_anatomy_severity_extent_or_timing_insufficient"",""llm_review:Effusion volume and joint distension are unspecified.""]",L1_REPORT_ONLY,OK
1.2.826.0.1.3680043.8.498.13269841239774089690227054060975903636,Synovitis,64fa2f92251815a2d3cc40db938f92aa1904568c72976f959b7c6d5efb913ee5,730a578baa0f41054be55527328a558e9851bb3c4aad1ac9074d831fceefb898,en,PRESENT,"[""hypertrophy of the synovium, indicative of synovitis"",""Synovitis of right knee and suprapatellar bursitis and patellar plicae.""]","{""code"":""KNEE_SYNOVIUM"",""text"":""synovium""}","{""grade"":""UNSPECIFIED"",""text"":""""}","""""",UNSPECIFIED,"{""class_absence_supported"":{""value"":null,""evidence"":[]},""direct_synovial_evidence"":{""value"":true,""evidence"":[""hypertrophy of the synovium, indicative of synovitis""]}}",YES,YES,0.95,1.0,1,[],L1_REPORT_ONLY,OK
1.2.826.0.1.3680043.8.498.13269841239774089690227054060975903636,Baker's,64fa2f92251815a2d3cc40db938f92aa1904568c72976f959b7c6d5efb913ee5,730a578baa0f41054be55527328a558e9851bb3c4aad1ac9074d831fceefb898,en,NOT_MENTIONED,[],"{""code"":""UNKNOWN"",""text"":""""}","{""grade"":""UNSPECIFIED"",""text"":""""}","""""",UNSPECIFIED,"{""class_absence_supported"":{""value"":null,""evidence"":[]},""typical_baker_location"":{""value"":null,""evidence"":[]},""low_grade_only"":{""value"":null,""evidence"":[]}}",UNKNOWN,UNKNOWN,,0.0,0,[],L1_REPORT_ONLY,OK
1.2.826.0.1.3680043.8.498.13269841239774089690227054060975903636,Contusion,64fa2f92251815a2d3cc40db938f92aa1904568c72976f959b7c6d5efb913ee5,730a578baa0f41054be55527328a558e9851bb3c4aad1ac9074d831fceefb898,en,NOT_MENTIONED,[],"{""code"":""UNKNOWN"",""text"":""""}","{""grade"":""UNSPECIFIED"",""text"":""""}","""""",UNSPECIFIED,"{""class_absence_supported"":{""value"":null,""evidence"":[]},""traumatic_marrow_edema"":{""value"":null,""evidence"":[]},""fracture_line_present"":{""value"":null,""evidence"":[]},""degenerative_only"":{""value"":null,""evidence"":[]}}",UNKNOWN,UNKNOWN,,0.0,0,"[""llm_review:Subchondral marrow edema is described in the context of osteoarthritis; no traumatic contusion is reported."",""pilot_text_review_mask""]",L1_REPORT_ONLY,OK
1.2.826.0.1.3680043.8.498.13269841239774089690227054060975903636,Fracture,64fa2f92251815a2d3cc40db938f92aa1904568c72976f959b7c6d5efb913ee5,730a578baa0f41054be55527328a558e9851bb3c4aad1ac9074d831fceefb898,en,NOT_MENTIONED,[],"{""code"":""UNKNOWN"",""text"":""""}","{""grade"":""UNSPECIFIED"",""text"":""""}","""""",UNSPECIFIED,"{""class_absence_supported"":{""value"":null,""evidence"":[]},""fracture_line_present"":{""value"":null,""evidence"":[]},""acute_injury"":{""value"":null,""evidence"":[]},""procedure_only"":{""value"":null,""evidence"":[]}}",UNKNOWN,UNKNOWN,,0.0,0,[],L1_REPORT_ONLY,OK
1.2.826.0.1.3680043.8.498.14024129019390041106306062001538710978,ACL,a8ad88703d7a6a88cb8a5ee0749c720770ba3f35ecbdc824a14669aa8a9c106b,de4d3bcce994e413dc7ff70cbb7b43afbeed1583d61a8961e6016a6b71582d37,hr_sr_bs,UNCERTAIN,"[""Prednji križni ligament je povišenog signala u smislu miksoidne degeneracije, potencijalno sa\narealima parcijalne rupture starijeg datuma.""]","{""code"":""ACL"",""text"":""Prednji križni ligament""}","{""grade"":""UNSPECIFIED"",""text"":""""}","""arealima parcijalne rupture starijeg datuma""",CURRENT_CHRONIC,"{""class_absence_supported"":{""value"":null,""evidence"":[]},""high_grade_tear"":{""value"":null,""evidence"":[]},""low_grade_only"":{""value"":null,""evidence"":[]},""postoperative_only"":{""value"":null,""evidence"":[]}}",UNKNOWN,UNKNOWN,0.15,0.25,1,"[""llm_review:Definite myxoid degeneration with only a possible old partial tear; tear grade is unspecified."",""uncertain_report""]",L1_REPORT_ONLY,OK
1.2.826.0.1.3680043.8.498.14024129019390041106306062001538710978,MCL,a8ad88703d7a6a88cb8a5ee0749c720770ba3f35ecbdc824a14669aa8a9c106b,de4d3bcce994e413dc7ff70cbb7b43afbeed1583d61a8961e6016a6b71582d37,hr_sr_bs,ABSENT,"[""Medijalni kolateralni ligamenti normalnog signala. Oba se prate u\nkontinuitetu.""]","{""code"":""MCL"",""text"":""Medijalni kolateralni ligamenti""}","{""grade"":""NONE"",""text"":""normalnog signala""}","""""",UNSPECIFIED,"{""class_absence_supported"":{""value"":true,""evidence"":[""Medijalni kolateralni ligamenti normalnog signala. Oba se prate u\nkontinuitetu.""]},""high_grade_tear"":{""value"":false,""evidence"":[""Medijalni kolateralni ligamenti normalnog signala. Oba se prate u\nkontinuitetu.""]},""acute_injury"":{""value"":null,""evidence"":[]},""low_grade_only"":{""value"":null,""evidence"":[]},""postoperative_only"":{""value"":null,""evidence"":[]}}",NO,NO,0.05,1.0,1,[],L1_REPORT_ONLY,OK
1.2.826.0.1.3680043.8.498.14024129019390041106306062001538710978,Medial Meniscus,a8ad88703d7a6a88cb8a5ee0749c720770ba3f35ecbdc824a14669aa8a9c106b,de4d3bcce994e413dc7ff70cbb7b43afbeed1583d61a8961e6016a6b71582d37,hr_sr_bs,PRESENT,"[""Medijalni menisk je izrazito promjenjenog i povišenog intenziteta signala korpusa i stražnjeg roga,\nsa ekstruzijom pod MCL za 5 mm - degenerativna ruptura.""]","{""code"":""MEDIAL_MENISCUS"",""text"":""Medijalni menisk""}","{""grade"":""UNSPECIFIED"",""text"":""""}","""korpusa i stražnjeg roga,\nsa ekstruzijom pod MCL za 5 mm""",UNSPECIFIED,"{""class_absence_supported"":{""value"":null,""evidence"":[]},""definite_meniscal_tear"":{""value"":true,""evidence"":[""Medijalni menisk je izrazito promjenjenog i povišenog intenziteta signala korpusa i stražnjeg roga,\nsa ekstruzijom pod MCL za 5 mm - degenerativna ruptura.""]},""internal_degeneration_only"":{""value"":false,""evidence"":[""sa ekstruzijom pod MCL za 5 mm - degenerativna ruptura.""]},""postoperative_only"":{""value"":null,""evidence"":[]}}",YES,YES,0.95,1.0,1,[],L1_REPORT_ONLY,OK
1.2.826.0.1.3680043.8.498.14024129019390041106306062001538710978,Lateral Meniscus,a8ad88703d7a6a88cb8a5ee0749c720770ba3f35ecbdc824a14669aa8a9c106b,de4d3bcce994e413dc7ff70cbb7b43afbeed1583d61a8961e6016a6b71582d37,hr_sr_bs,PRESENT,"[""Lateralni menisk povišenog signala u smislu degeneracije.""]","{""code"":""LATERAL_MENISCUS"",""text"":""Lateralni menisk""}","{""grade"":""UNSPECIFIED"",""text"":""""}","""""",UNSPECIFIED,"{""class_absence_supported"":{""value"":null,""evidence"":[]},""definite_meniscal_tear"":{""value"":null,""evidence"":[]},""internal_degeneration_only"":{""value"":true,""evidence"":[""Lateralni menisk povišenog signala u smislu degeneracije.""]},""postoperative_only"":{""value"":null,""evidence"":[]}}",NO,NO,0.05,1.0,1,"[""explicit_subthreshold_or_alternative"",""llm_review:Only degenerative signal is described; no definite tear diagnosis.""]",L1_REPORT_ONLY,OK
1.2.826.0.1.3680043.8.498.14024129019390041106306062001538710978,Medial OA,a8ad88703d7a6a88cb8a5ee0749c720770ba3f35ecbdc824a14669aa8a9c106b,de4d3bcce994e413dc7ff70cbb7b43afbeed1583d61a8961e6016a6b71582d37,hr_sr_bs,PRESENT,"[""Gotovo potpuna denudacija zglobnih ploha medijalnog kompartmenta FT zgloba."",""Promjene odgovaraju uznapredovaloj OA sa hondromalacijskim promjenama 4. stupnja.""]","{""code"":""MEDIAL_TIBIOFEMORAL"",""text"":""medijalnog kompartmenta FT zgloba""}","{""grade"":""SEVERE"",""text"":""uznapredovaloj OA sa hondromalacijskim promjenama 4. stupnja""}","""Gotovo potpuna denudacija zglobnih ploha medijalnog kompartmenta FT zgloba.""",UNSPECIFIED,"{""class_absence_supported"":{""value"":null,""evidence"":[]},""cartilage_loss_gt50pct"":{""value"":true,""evidence"":[""Gotovo potpuna denudacija zglobnih ploha medijalnog kompartmenta FT zgloba.""]},""cartilage_extent_ge10mm"":{""value"":null,""evidence"":[]},""low_grade_only"":{""value"":false,""evidence"":[""Gotovo potpuna denudacija zglobnih ploha medijalnog kompartmenta FT zgloba.""]}}",UNKNOWN,UNKNOWN,0.85,0.25,1,"[""criteria_anatomy_severity_extent_or_timing_insufficient"",""llm_review:Near-complete denudation supports high-grade depth, but cartilage lesion extent is not measured.""]",L1_REPORT_ONLY,OK
1.2.826.0.1.3680043.8.498.14024129019390041106306062001538710978,Lateral OA,a8ad88703d7a6a88cb8a5ee0749c720770ba3f35ecbdc824a14669aa8a9c106b,de4d3bcce994e413dc7ff70cbb7b43afbeed1583d61a8961e6016a6b71582d37,hr_sr_bs,PRESENT,"[""Stanjenje\nhrskavica lateralnog kompartmenta uz hondromalaciju 2. stupnja.""]","{""code"":""LATERAL_TIBIOFEMORAL"",""text"":""lateralnog kompartmenta""}","{""grade"":""UNSPECIFIED"",""text"":""hondromalaciju 2. stupnja""}","""""",UNSPECIFIED,"{""class_absence_supported"":{""value"":null,""evidence"":[]},""cartilage_loss_gt50pct"":{""value"":null,""evidence"":[]},""cartilage_extent_ge10mm"":{""value"":null,""evidence"":[]},""low_grade_only"":{""value"":null,""evidence"":[]}}",UNKNOWN,UNKNOWN,0.05,0.25,1,"[""criteria_anatomy_severity_extent_or_timing_insufficient"",""llm_review:Cartilage thinning and grade 2 chondromalacia are reported without a stated grading convention, percentage thickness loss, or lesion extent.""]",L1_REPORT_ONLY,OK
1.2.826.0.1.3680043.8.498.14024129019390041106306062001538710978,PF OA,a8ad88703d7a6a88cb8a5ee0749c720770ba3f35ecbdc824a14669aa8a9c106b,de4d3bcce994e413dc7ff70cbb7b43afbeed1583d61a8961e6016a6b71582d37,hr_sr_bs,PRESENT,"[""Povišen intenzitet signala\npatelarne hrskavice uz fisure te manji edem patele u smislu hondromalacije 4. stupnja.""]","{""code"":""PATELLOFEMORAL"",""text"":""patelarne hrskavice""}","{""grade"":""UNSPECIFIED"",""text"":""hondromalacije 4. stupnja""}","""""",UNSPECIFIED,"{""class_absence_supported"":{""value"":null,""evidence"":[]},""cartilage_loss_gt50pct"":{""value"":null,""evidence"":[]},""cartilage_extent_ge10mm"":{""value"":null,""evidence"":[]},""low_grade_only"":{""value"":false,""evidence"":[""hondromalacije 4. stupnja""]}}",UNKNOWN,UNKNOWN,0.55,0.25,1,"[""criteria_anatomy_severity_extent_or_timing_insufficient"",""llm_review:Grade 4 chondromalacia is reported, but the grading convention and cartilage lesion extent are unspecified.""]",L1_REPORT_ONLY,OK
1.2.826.0.1.3680043.8.498.14024129019390041106306062001538710978,Effusion,a8ad88703d7a6a88cb8a5ee0749c720770ba3f35ecbdc824a14669aa8a9c106b,de4d3bcce994e413dc7ff70cbb7b43afbeed1583d61a8961e6016a6b71582d37,hr_sr_bs,PRESENT,"[""Umjereni izljev suprapatelarno.""]","{""code"":""KNEE_JOINT"",""text"":""suprapatelarno""}","{""grade"":""MODERATE"",""text"":""Umjereni""}","""suprapatelarno""",UNSPECIFIED,"{""class_absence_supported"":{""value"":null,""evidence"":[]},""joint_distension"":{""value"":null,""evidence"":[]},""low_grade_only"":{""value"":false,""evidence"":[""Umjereni izljev suprapatelarno.""]}}",UNKNOWN,UNKNOWN,0.7,0.25,1,"[""criteria_anatomy_severity_extent_or_timing_insufficient"",""llm_review:Moderate effusion is explicit; joint distension is not explicitly described.""]",L1_REPORT_ONLY,OK
1.2.826.0.1.3680043.8.498.14024129019390041106306062001538710978,Synovitis,a8ad88703d7a6a88cb8a5ee0749c720770ba3f35ecbdc824a14669aa8a9c106b,de4d3bcce994e413dc7ff70cbb7b43afbeed1583d61a8961e6016a6b71582d37,hr_sr_bs,NOT_MENTIONED,[],"{""code"":""UNKNOWN"",""text"":""""}","{""grade"":""UNSPECIFIED"",""text"":""""}","""""",UNSPECIFIED,"{""class_absence_supported"":{""value"":null,""evidence"":[]},""direct_synovial_evidence"":{""value"":null,""evidence"":[]}}",UNKNOWN,UNKNOWN,,0.0,0,[],L1_REPORT_ONLY,OK
1.2.826.0.1.3680043.8.498.14024129019390041106306062001538710978,Baker's,a8ad88703d7a6a88cb8a5ee0749c720770ba3f35ecbdc824a14669aa8a9c106b,de4d3bcce994e413dc7ff70cbb7b43afbeed1583d61a8961e6016a6b71582d37,hr_sr_bs,PRESENT,"[""Bisagasta septirana poplitealna cista dimenzija oko 2x1.5 cm.""]","{""code"":""UNKNOWN"",""text"":""poplitealna cista""}","{""grade"":""UNSPECIFIED"",""text"":""""}","""dimenzija oko 2x1.5 cm""",UNSPECIFIED,"{""class_absence_supported"":{""value"":null,""evidence"":[]},""typical_baker_location"":{""value"":null,""evidence"":[]},""low_grade_only"":{""value"":null,""evidence"":[]}}",UNKNOWN,UNKNOWN,,0.0,0,"[""anatomy_missing_or_wrong"",""criteria_anatomy_severity_extent_or_timing_insufficient"",""llm_review:Popliteal cyst is described, but typical posteromedial location and moderate/large size classification are not established."",""pilot_text_review_mask""]",L1_REPORT_ONLY,OK
1.2.826.0.1.3680043.8.498.14024129019390041106306062001538710978,Contusion,a8ad88703d7a6a88cb8a5ee0749c720770ba3f35ecbdc824a14669aa8a9c106b,de4d3bcce994e413dc7ff70cbb7b43afbeed1583d61a8961e6016a6b71582d37,hr_sr_bs,PRESENT,"[""Suženje zglobnog prostora FT zgloba, izraženije u medijalnom dijelu, uz šire zone koštanog\nedema medijalnih zglobnih ploha femura i tibije koji se uvlači i u rubne koštane apozicije.\nSubhondralno je vidljiva i sitna cistična pregradanja kosti."",""Promjene odgovaraju uznapredovaloj OA sa hondromalacijskim promjenama 4. stupnja."",""Povišen intenzitet signala\npatelarne hrskavice uz fisure te manji edem patele u smislu hondromalacije 4. stupnja.""]","{""code"":""BONE"",""text"":""medijalnih zglobnih ploha femura i tibije""}","{""grade"":""UNSPECIFIED"",""text"":""""}","""šire zone koštanog\nedema medijalnih zglobnih ploha femura i tibije""",UNSPECIFIED,"{""class_absence_supported"":{""value"":null,""evidence"":[]},""traumatic_marrow_edema"":{""value"":null,""evidence"":[]},""fracture_line_present"":{""value"":null,""evidence"":[]},""degenerative_only"":{""value"":true,""evidence"":[""Suženje zglobnog prostora FT zgloba, izraženije u medijalnom dijelu, uz šire zone koštanog\nedema medijalnih zglobnih ploha femura i tibije koji se uvlači i u rubne koštane apozicije.\nSubhondralno je vidljiva i sitna cistična pregradanja kosti.\nGotovo potpuna denudacija zglobnih ploha medijalnog kompartmenta FT zgloba.\nPromjene odgovaraju uznapredovaloj OA sa hondromalacijskim promjenama 4. stupnja."",""Povišen intenzitet signala\npatelarne hrskavice uz fisure te manji edem patele u smislu hondromalacije 4. stupnja.""]}}",NO,NO,0.05,1.0,1,"[""explicit_subthreshold_or_alternative"",""llm_review:Reported bone edema is associated with OA/chondromalacia; no traumatic contusion is diagnosed."",""timing_or_trauma_review""]",L1_REPORT_ONLY,OK
1.2.826.0.1.3680043.8.498.14024129019390041106306062001538710978,Fracture,a8ad88703d7a6a88cb8a5ee0749c720770ba3f35ecbdc824a14669aa8a9c106b,de4d3bcce994e413dc7ff70cbb7b43afbeed1583d61a8961e6016a6b71582d37,hr_sr_bs,NOT_MENTIONED,[],"{""code"":""UNKNOWN"",""text"":""""}","{""grade"":""UNSPECIFIED"",""text"":""""}","""""",UNSPECIFIED,"{""class_absence_supported"":{""value"":null,""evidence"":[]},""fracture_line_present"":{""value"":null,""evidence"":[]},""acute_injury"":{""value"":null,""evidence"":[]},""procedure_only"":{""value"":null,""evidence"":[]}}",UNKNOWN,UNKNOWN,,0.0,0,[],L1_REPORT_ONLY,OK
1.2.826.0.1.3680043.8.498.14061227335828384505403558788548348446,ACL,9fd9343722563f757d0cf2e63bd654fecdff4b3d658d169662e9928fa15cf589,53cfb202c0f9eb651205f4a834a59e1e3868da9a2d6bacdc795810eb45335b38,fr,ABSENT,"[""Autrement le ligament croisé antérieur, le ligament croisé postérieur, le mécanisme des extenseurs, le ligament collatéral interne, le semi-membraneux, le muscle et tendon du poplité, le biceps femoris distal, le ligament collatéral externe et la bandelette ilio-tibiale sont sans particularité.""]","{""code"":""ACL"",""text"":""le ligament croisé antérieur""}","{""grade"":""NONE"",""text"":""sans particularité""}","""""",UNSPECIFIED,"{""class_absence_supported"":{""value"":true,""evidence"":[""Autrement le ligament croisé antérieur, le ligament croisé postérieur, le mécanisme des extenseurs, le ligament collatéral interne, le semi-membraneux, le muscle et tendon du poplité, le biceps femoris distal, le ligament collatéral externe et la bandelette ilio-tibiale sont sans particularité.""]},""high_grade_tear"":{""value"":false,""evidence"":[""Autrement le ligament croisé antérieur, le ligament croisé postérieur, le mécanisme des extenseurs, le ligament collatéral interne, le semi-membraneux, le muscle et tendon du poplité, le biceps femoris distal, le ligament collatéral externe et la bandelette ilio-tibiale sont sans particularité.""]},""low_grade_only"":{""value"":null,""evidence"":[]},""postoperative_only"":{""value"":null,""evidence"":[]}}",NO,NO,0.05,1.0,1,"[""history_or_postoperative_scope_review""]",L1_REPORT_ONLY,OK
1.2.826.0.1.3680043.8.498.14061227335828384505403558788548348446,MCL,9fd9343722563f757d0cf2e63bd654fecdff4b3d658d169662e9928fa15cf589,53cfb202c0f9eb651205f4a834a59e1e3868da9a2d6bacdc795810eb45335b38,fr,ABSENT,"[""Autrement le ligament croisé antérieur, le ligament croisé postérieur, le mécanisme des extenseurs, le ligament collatéral interne, le semi-membraneux, le muscle et tendon du poplité, le biceps femoris distal, le ligament collatéral externe et la bandelette ilio-tibiale sont sans particularité.""]","{""code"":""MCL"",""text"":""le ligament collatéral interne""}","{""grade"":""NONE"",""text"":""sans particularité""}","""""",UNSPECIFIED,"{""class_absence_supported"":{""value"":true,""evidence"":[""Autrement le ligament croisé antérieur, le ligament croisé postérieur, le mécanisme des extenseurs, le ligament collatéral interne, le semi-membraneux, le muscle et tendon du poplité, le biceps femoris distal, le ligament collatéral externe et la bandelette ilio-tibiale sont sans particularité.""]},""high_grade_tear"":{""value"":false,""evidence"":[""Autrement le ligament croisé antérieur, le ligament croisé postérieur, le mécanisme des extenseurs, le ligament collatéral interne, le semi-membraneux, le muscle et tendon du poplité, le biceps femoris distal, le ligament collatéral externe et la bandelette ilio-tibiale sont sans particularité.""]},""acute_injury"":{""value"":null,""evidence"":[]},""low_grade_only"":{""value"":null,""evidence"":[]},""postoperative_only"":{""value"":null,""evidence"":[]}}",NO,NO,0.05,1.0,1,"[""history_or_postoperative_scope_review""]",L1_REPORT_ONLY,OK
1.2.826.0.1.3680043.8.498.14061227335828384505403558788548348446,Medial Meniscus,9fd9343722563f757d0cf2e63bd654fecdff4b3d658d169662e9928fa15cf589,53cfb202c0f9eb651205f4a834a59e1e3868da9a2d6bacdc795810eb45335b38,fr,PRESENT,"[""Il y a des changements dégénératifs intrasubstance impliquant le corps et la corne postérieure du ménisque interne."",""Il y a une déchirure radiale complète de la racine postérieure avec extrusion du ménisque."",""Changements dégénératifs intrasubstance du ménisque interne, avec déchirure radiale complète de la racine postérieure avec extrusion du ménisque.""]","{""code"":""MEDIAL_MENISCUS"",""text"":""ménisque interne""}","{""grade"":""UNSPECIFIED"",""text"":""""}","""déchirure radiale complète de la racine postérieure avec extrusion du ménisque""",UNSPECIFIED,"{""class_absence_supported"":{""value"":null,""evidence"":[]},""definite_meniscal_tear"":{""value"":true,""evidence"":[""Changements dégénératifs intrasubstance du ménisque interne, avec déchirure radiale complète de la racine postérieure avec extrusion du ménisque.""]},""internal_degeneration_only"":{""value"":false,""evidence"":[""Changements dégénératifs intrasubstance du ménisque interne, avec déchirure radiale complète de la racine postérieure avec extrusion du ménisque.""]},""postoperative_only"":{""value"":null,""evidence"":[]}}",YES,YES,0.95,1.0,1,"[""history_or_postoperative_scope_review"",""llm_review:Tear timing is unspecified.""]",L1_REPORT_ONLY,OK
1.2.826.0.1.3680043.8.498.14061227335828384505403558788548348446,Lateral Meniscus,9fd9343722563f757d0cf2e63bd654fecdff4b3d658d169662e9928fa15cf589,53cfb202c0f9eb651205f4a834a59e1e3868da9a2d6bacdc795810eb45335b38,fr,ABSENT,"[""Le ménisque externe est sans particularité.""]","{""code"":""LATERAL_MENISCUS"",""text"":""ménisque externe""}","{""grade"":""NONE"",""text"":""sans particularité""}","""""",UNSPECIFIED,"{""class_absence_supported"":{""value"":true,""evidence"":[""Le ménisque externe est sans particularité.""]},""definite_meniscal_tear"":{""value"":false,""evidence"":[""Le ménisque externe est sans particularité.""]},""internal_degeneration_only"":{""value"":null,""evidence"":[]},""postoperative_only"":{""value"":null,""evidence"":[]}}",NO,NO,0.05,1.0,1,[],L1_REPORT_ONLY,OK
1.2.826.0.1.3680043.8.498.14061227335828384505403558788548348446,Medial OA,9fd9343722563f757d0cf2e63bd654fecdff4b3d658d169662e9928fa15cf589,53cfb202c0f9eb651205f4a834a59e1e3868da9a2d6bacdc795810eb45335b38,fr,PRESENT,"[""Il y a des changements dégénératifs modérés du compartiment interne avec amincissement modéré du cartilage à la partie centrale du condyle fémoral interne et du plafond tibial avec légers changements réactifs sous-chondraux.""]","{""code"":""MEDIAL_TIBIOFEMORAL"",""text"":""compartiment interne""}","{""grade"":""MODERATE"",""text"":""changements dégénératifs modérés""}","""à la partie centrale du condyle fémoral interne et du plafond tibial""",CURRENT_CHRONIC,"{""class_absence_supported"":{""value"":null,""evidence"":[]},""cartilage_loss_gt50pct"":{""value"":null,""evidence"":[]},""cartilage_extent_ge10mm"":{""value"":null,""evidence"":[]},""low_grade_only"":{""value"":null,""evidence"":[]}}",UNKNOWN,UNKNOWN,,0.0,0,"[""criteria_anatomy_severity_extent_or_timing_insufficient"",""llm_review:Cartilage lesion extent in millimeters is unspecified."",""llm_review:Moderate cartilage thinning does not quantify loss greater than 50%.""]",L1_REPORT_ONLY,OK
1.2.826.0.1.3680043.8.498.14061227335828384505403558788548348446,Lateral OA,9fd9343722563f757d0cf2e63bd654fecdff4b3d658d169662e9928fa15cf589,53cfb202c0f9eb651205f4a834a59e1e3868da9a2d6bacdc795810eb45335b38,fr,PRESENT,"[""Il y a un léger amincissement du cartilage des compartiments externes et patello-fémoral.""]","{""code"":""LATERAL_TIBIOFEMORAL"",""text"":""compartiments externes""}","{""grade"":""MILD"",""text"":""léger amincissement""}","""""",CURRENT_CHRONIC,"{""class_absence_supported"":{""value"":null,""evidence"":[]},""cartilage_loss_gt50pct"":{""value"":null,""evidence"":[]},""cartilage_extent_ge10mm"":{""value"":null,""evidence"":[]},""low_grade_only"":{""value"":true,""evidence"":[""Il y a un léger amincissement du cartilage des compartiments externes et patello-fémoral.""]}}",NO,NO,0.05,1.0,1,"[""explicit_subthreshold_or_alternative"",""llm_review:Only mild cartilage thinning is described; numerical depth and extent are unspecified.""]",L1_REPORT_ONLY,OK
1.2.826.0.1.3680043.8.498.14061227335828384505403558788548348446,PF OA,9fd9343722563f757d0cf2e63bd654fecdff4b3d658d169662e9928fa15cf589,53cfb202c0f9eb651205f4a834a59e1e3868da9a2d6bacdc795810eb45335b38,fr,PRESENT,"[""Il y a un léger amincissement du cartilage des compartiments externes et patello-fémoral.""]","{""code"":""PATELLOFEMORAL"",""text"":""patello-fémoral""}","{""grade"":""MILD"",""text"":""léger amincissement""}","""""",CURRENT_CHRONIC,"{""class_absence_supported"":{""value"":null,""evidence"":[]},""cartilage_loss_gt50pct"":{""value"":null,""evidence"":[]},""cartilage_extent_ge10mm"":{""value"":null,""evidence"":[]},""low_grade_only"":{""value"":true,""evidence"":[""Il y a un léger amincissement du cartilage des compartiments externes et patello-fémoral.""]}}",NO,NO,0.05,1.0,1,"[""explicit_subthreshold_or_alternative"",""llm_review:Only mild cartilage thinning is described; numerical depth and extent are unspecified.""]",L1_REPORT_ONLY,OK
1.2.826.0.1.3680043.8.498.14061227335828384505403558788548348446,Effusion,9fd9343722563f757d0cf2e63bd654fecdff4b3d658d169662e9928fa15cf589,53cfb202c0f9eb651205f4a834a59e1e3868da9a2d6bacdc795810eb45335b38,fr,PRESENT,"[""Il y a un épanchement intra-articulaire modéré sans kyste poplité.""]","{""code"":""KNEE_JOINT"",""text"":""intra-articulaire""}","{""grade"":""MODERATE"",""text"":""épanchement intra-articulaire modéré""}","""""",UNSPECIFIED,"{""class_absence_supported"":{""value"":null,""evidence"":[]},""joint_distension"":{""value"":null,""evidence"":[]},""low_grade_only"":{""value"":false,""evidence"":[""Il y a un épanchement intra-articulaire modéré sans kyste poplité.""]}}",UNKNOWN,UNKNOWN,0.75,0.25,1,"[""criteria_anatomy_severity_extent_or_timing_insufficient"",""llm_review:Moderate intra-articular effusion is explicit, but joint distension is not described."",""negation_scope_review""]",L1_REPORT_ONLY,OK
1.2.826.0.1.3680043.8.498.14061227335828384505403558788548348446,Synovitis,9fd9343722563f757d0cf2e63bd654fecdff4b3d658d169662e9928fa15cf589,53cfb202c0f9eb651205f4a834a59e1e3868da9a2d6bacdc795810eb45335b38,fr,NOT_MENTIONED,[],"{""code"":""UNKNOWN"",""text"":""""}","{""grade"":""UNSPECIFIED"",""text"":""""}","""""",UNSPECIFIED,"{""class_absence_supported"":{""value"":null,""evidence"":[]},""direct_synovial_evidence"":{""value"":null,""evidence"":[]}}",UNKNOWN,UNKNOWN,,0.0,0,[],L1_REPORT_ONLY,OK
1.2.826.0.1.3680043.8.498.14061227335828384505403558788548348446,Baker's,9fd9343722563f757d0cf2e63bd654fecdff4b3d658d169662e9928fa15cf589,53cfb202c0f9eb651205f4a834a59e1e3868da9a2d6bacdc795810eb45335b38,fr,ABSENT,"[""Il y a un épanchement intra-articulaire modéré sans kyste poplité."",""Épanchement intra-articulaire sans kyste poplité.""]","{""code"":""POSTEROMEDIAL_POPLITEAL"",""text"":""poplité""}","{""grade"":""NONE"",""text"":""sans kyste poplité""}","""""",UNSPECIFIED,"{""class_absence_supported"":{""value"":true,""evidence"":[""Il y a un épanchement intra-articulaire modéré sans kyste poplité.""]},""typical_baker_location"":{""value"":null,""evidence"":[]},""low_grade_only"":{""value"":null,""evidence"":[]}}",NO,NO,0.05,1.0,1,[],L1_REPORT_ONLY,OK
1.2.826.0.1.3680043.8.498.14061227335828384505403558788548348446,Contusion,9fd9343722563f757d0cf2e63bd654fecdff4b3d658d169662e9928fa15cf589,53cfb202c0f9eb651205f4a834a59e1e3868da9a2d6bacdc795810eb45335b38,fr,NOT_MENTIONED,[],"{""code"":""UNKNOWN"",""text"":""""}","{""grade"":""UNSPECIFIED"",""text"":""""}","""""",UNSPECIFIED,"{""class_absence_supported"":{""value"":null,""evidence"":[]},""traumatic_marrow_edema"":{""value"":null,""evidence"":[]},""fracture_line_present"":{""value"":null,""evidence"":[]},""degenerative_only"":{""value"":null,""evidence"":[]}}",UNKNOWN,UNKNOWN,,0.0,0,[],L1_REPORT_ONLY,OK
1.2.826.0.1.3680043.8.498.14061227335828384505403558788548348446,Fracture,9fd9343722563f757d0cf2e63bd654fecdff4b3d658d169662e9928fa15cf589,53cfb202c0f9eb651205f4a834a59e1e3868da9a2d6bacdc795810eb45335b38,fr,NOT_MENTIONED,[],"{""code"":""UNKNOWN"",""text"":""""}","{""grade"":""UNSPECIFIED"",""text"":""""}","""""",UNSPECIFIED,"{""class_absence_supported"":{""value"":null,""evidence"":[]},""fracture_line_present"":{""value"":null,""evidence"":[]},""acute_injury"":{""value"":null,""evidence"":[]},""procedure_only"":{""value"":null,""evidence"":[]}}",UNKNOWN,UNKNOWN,,0.0,0,[],L1_REPORT_ONLY,OK
1.2.826.0.1.3680043.8.498.15024602758408626305833210011882949904,ACL,28e885ee0b68bbbefcbf4a0b22f3249e96194df868397dd3d5bf0199efc4acb4,6498dac6031636e831f13b80e068997c0a49539ce56cf5d01e524d9405b32f73,en,ABSENT,"[""Anterior cruciate ligament (ACL): Normal with both bundles intact.""]","{""code"":""ACL"",""text"":""Anterior cruciate ligament (ACL)""}","{""grade"":""NONE"",""text"":""Normal with both bundles intact.""}","""""",UNSPECIFIED,"{""class_absence_supported"":{""value"":true,""evidence"":[""Anterior cruciate ligament (ACL): Normal with both bundles intact.""]},""high_grade_tear"":{""value"":false,""evidence"":[""Anterior cruciate ligament (ACL): Normal with both bundles intact.""]},""low_grade_only"":{""value"":null,""evidence"":[]},""postoperative_only"":{""value"":null,""evidence"":[]}}",NO,NO,0.05,1.0,1,[],L1_REPORT_ONLY,OK
1.2.826.0.1.3680043.8.498.15024602758408626305833210011882949904,MCL,28e885ee0b68bbbefcbf4a0b22f3249e96194df868397dd3d5bf0199efc4acb4,6498dac6031636e831f13b80e068997c0a49539ce56cf5d01e524d9405b32f73,en,ABSENT,"[""Medial collateral ligament (MCL): Normal.""]","{""code"":""MCL"",""text"":""Medial collateral ligament (MCL)""}","{""grade"":""NONE"",""text"":""Normal.""}","""""",UNSPECIFIED,"{""class_absence_supported"":{""value"":true,""evidence"":[""Medial collateral ligament (MCL): Normal.""]},""high_grade_tear"":{""value"":false,""evidence"":[""Medial collateral ligament (MCL): Normal.""]},""acute_injury"":{""value"":false,""evidence"":[""Medial collateral ligament (MCL): Normal.""]},""low_grade_only"":{""value"":null,""evidence"":[]},""postoperative_only"":{""value"":null,""evidence"":[]}}",NO,NO,0.05,1.0,1,[],L1_REPORT_ONLY,OK
1.2.826.0.1.3680043.8.498.15024602758408626305833210011882949904,Medial Meniscus,28e885ee0b68bbbefcbf4a0b22f3249e96194df868397dd3d5bf0199efc4acb4,6498dac6031636e831f13b80e068997c0a49539ce56cf5d01e524d9405b32f73,en,PRESENT,"[""Incomplete radial tear at the medial meniscus posterior root with adjacent reactive marrow edema."",""Incomplete radial tear at the medial meniscus posterior root with mild extrusion of the meniscal body.""]","{""code"":""MEDIAL_MENISCUS"",""text"":""medial meniscus posterior root""}","{""grade"":""UNSPECIFIED"",""text"":""""}","""Incomplete radial tear at the medial meniscus posterior root""",UNSPECIFIED,"{""class_absence_supported"":{""value"":null,""evidence"":[]},""definite_meniscal_tear"":{""value"":true,""evidence"":[""Incomplete radial tear at the medial meniscus posterior root with adjacent reactive marrow edema.""]},""internal_degeneration_only"":{""value"":false,""evidence"":[""Incomplete radial tear at the medial meniscus posterior root with adjacent reactive marrow edema.""]},""postoperative_only"":{""value"":null,""evidence"":[]}}",YES,YES,0.95,1.0,1,"[""history_or_postoperative_scope_review"",""llm_review:Tear timing is unspecified.""]",L1_REPORT_ONLY,OK
1.2.826.0.1.3680043.8.498.15024602758408626305833210011882949904,Lateral Meniscus,28e885ee0b68bbbefcbf4a0b22f3249e96194df868397dd3d5bf0199efc4acb4,6498dac6031636e831f13b80e068997c0a49539ce56cf5d01e524d9405b32f73,en,ABSENT,"[""Lateral meniscus: Normal in morphology and signal.""]","{""code"":""LATERAL_MENISCUS"",""text"":""Lateral meniscus""}","{""grade"":""NONE"",""text"":""Normal in morphology and signal.""}","""""",UNSPECIFIED,"{""class_absence_supported"":{""value"":true,""evidence"":[""Lateral meniscus: Normal in morphology and signal.""]},""definite_meniscal_tear"":{""value"":false,""evidence"":[""Lateral meniscus: Normal in morphology and signal.""]},""internal_degeneration_only"":{""value"":null,""evidence"":[]},""postoperative_only"":{""value"":null,""evidence"":[]}}",NO,NO,0.05,1.0,1,[],L1_REPORT_ONLY,OK
1.2.826.0.1.3680043.8.498.15024602758408626305833210011882949904,Medial OA,28e885ee0b68bbbefcbf4a0b22f3249e96194df868397dd3d5bf0199efc4acb4,6498dac6031636e831f13b80e068997c0a49539ce56cf5d01e524d9405b32f73,en,PRESENT,"[""Medial compartment cartilage: High grade partial-thickness cartilage loss along the weightbearing medial femoral condyle and tibial plateau."",""Medial and patellofemoral compartment osteoarthritis, severe in the patellofemoral compartment, as described above.""]","{""code"":""MEDIAL_TIBIOFEMORAL"",""text"":""weightbearing medial femoral condyle and tibial plateau""}","{""grade"":""UNSPECIFIED"",""text"":""High grade partial-thickness cartilage loss""}","""""",CURRENT_CHRONIC,"{""class_absence_supported"":{""value"":null,""evidence"":[]},""cartilage_loss_gt50pct"":{""value"":true,""evidence"":[""High grade partial-thickness cartilage loss along the weightbearing medial femoral condyle and tibial plateau.""]},""cartilage_extent_ge10mm"":{""value"":null,""evidence"":[]},""low_grade_only"":{""value"":false,""evidence"":[""High grade partial-thickness cartilage loss along the weightbearing medial femoral condyle and tibial plateau.""]}}",UNKNOWN,UNKNOWN,,0.0,0,"[""criteria_anatomy_severity_extent_or_timing_insufficient"",""llm_review:Cartilage loss extent is not measured; the approximately 10 mm threshold cannot be established.""]",L1_REPORT_ONLY,OK
1.2.826.0.1.3680043.8.498.15024602758408626305833210011882949904,Lateral OA,28e885ee0b68bbbefcbf4a0b22f3249e96194df868397dd3d5bf0199efc4acb4,6498dac6031636e831f13b80e068997c0a49539ce56cf5d01e524d9405b32f73,en,PRESENT,"[""Tricompartmental marginal osteophytes."",""Lateral compartment cartilage: No focal cartilage defects.""]","{""code"":""LATERAL_TIBIOFEMORAL"",""text"":""Lateral compartment cartilage""}","{""grade"":""UNSPECIFIED"",""text"":""""}","""""",CURRENT_CHRONIC,"{""class_absence_supported"":{""value"":null,""evidence"":[]},""cartilage_loss_gt50pct"":{""value"":null,""evidence"":[]},""cartilage_extent_ge10mm"":{""value"":null,""evidence"":[]},""low_grade_only"":{""value"":null,""evidence"":[]}}",UNKNOWN,UNKNOWN,,0.0,0,"[""criteria_anatomy_severity_extent_or_timing_insufficient"",""llm_review:Cartilage loss depth and extent are unspecified."",""llm_review:No focal cartilage defects is a limited negative that does not exclude diffuse cartilage loss."",""llm_review:Tricompartmental osteophytes include the lateral compartment but do not establish qualifying cartilage loss."",""negation_scope_review""]",L1_REPORT_ONLY,OK
1.2.826.0.1.3680043.8.498.15024602758408626305833210011882949904,PF OA,28e885ee0b68bbbefcbf4a0b22f3249e96194df868397dd3d5bf0199efc4acb4,6498dac6031636e831f13b80e068997c0a49539ce56cf5d01e524d9405b32f73,en,PRESENT,"[""Full thickness cartilage loss along the lateral patellar facet with subchondral edema."",""Full-thickness cartilage loss along the inferolateral trochlea with subchondral edema/cystic changes."",""Medial and patellofemoral compartment osteoarthritis, severe in the patellofemoral compartment, as described above.""]","{""code"":""PATELLOFEMORAL"",""text"":""patellofemoral compartment""}","{""grade"":""SEVERE"",""text"":""severe in the patellofemoral compartment""}","""""",CURRENT_CHRONIC,"{""class_absence_supported"":{""value"":null,""evidence"":[]},""cartilage_loss_gt50pct"":{""value"":true,""evidence"":[""Full thickness cartilage loss along the lateral patellar facet with subchondral edema."",""Full-thickness cartilage loss along the inferolateral trochlea with subchondral edema/cystic changes.""]},""cartilage_extent_ge10mm"":{""value"":null,""evidence"":[]},""low_grade_only"":{""value"":false,""evidence"":[""Full thickness cartilage loss along the lateral patellar facet with subchondral edema.""]}}",UNKNOWN,UNKNOWN,,0.0,0,"[""criteria_anatomy_severity_extent_or_timing_insufficient"",""llm_review:Cartilage loss extent is not measured; the approximately 10 mm threshold cannot be established.""]",L1_REPORT_ONLY,OK
1.2.826.0.1.3680043.8.498.15024602758408626305833210011882949904,Effusion,28e885ee0b68bbbefcbf4a0b22f3249e96194df868397dd3d5bf0199efc4acb4,6498dac6031636e831f13b80e068997c0a49539ce56cf5d01e524d9405b32f73,en,PRESENT,"[""Moderate joint effusion."",""Moderate knee joint effusion and Bakers cyst.""]","{""code"":""KNEE_JOINT"",""text"":""knee joint""}","{""grade"":""MODERATE"",""text"":""Moderate joint effusion.""}","""""",UNSPECIFIED,"{""class_absence_supported"":{""value"":null,""evidence"":[]},""joint_distension"":{""value"":null,""evidence"":[]},""low_grade_only"":{""value"":false,""evidence"":[""Moderate joint effusion.""]}}",UNKNOWN,UNKNOWN,,0.0,0,"[""criteria_anatomy_severity_extent_or_timing_insufficient"",""llm_review:Moderate effusion is explicit, but joint distension is not described.""]",L1_REPORT_ONLY,OK
1.2.826.0.1.3680043.8.498.15024602758408626305833210011882949904,Synovitis,28e885ee0b68bbbefcbf4a0b22f3249e96194df868397dd3d5bf0199efc4acb4,6498dac6031636e831f13b80e068997c0a49539ce56cf5d01e524d9405b32f73,en,NOT_MENTIONED,[],"{""code"":""UNKNOWN"",""text"":""""}","{""grade"":""UNSPECIFIED"",""text"":""""}","""""",UNSPECIFIED,"{""class_absence_supported"":{""value"":null,""evidence"":[]},""direct_synovial_evidence"":{""value"":null,""evidence"":[]}}",UNKNOWN,UNKNOWN,,0.0,0,[],L1_REPORT_ONLY,OK
1.2.826.0.1.3680043.8.498.15024602758408626305833210011882949904,Baker's,28e885ee0b68bbbefcbf4a0b22f3249e96194df868397dd3d5bf0199efc4acb4,6498dac6031636e831f13b80e068997c0a49539ce56cf5d01e524d9405b32f73,en,PRESENT,"[""Moderate Baker's cyst.""]","{""code"":""POSTEROMEDIAL_POPLITEAL"",""text"":""Baker's cyst""}","{""grade"":""MODERATE"",""text"":""Moderate Baker's cyst.""}","""""",UNSPECIFIED,"{""class_absence_supported"":{""value"":null,""evidence"":[]},""typical_baker_location"":{""value"":true,""evidence"":[""Moderate Baker's cyst.""]},""low_grade_only"":{""value"":false,""evidence"":[""Moderate Baker's cyst.""]}}",YES,YES,0.95,1.0,1,[],L1_REPORT_ONLY,OK
1.2.826.0.1.3680043.8.498.15024602758408626305833210011882949904,Contusion,28e885ee0b68bbbefcbf4a0b22f3249e96194df868397dd3d5bf0199efc4acb4,6498dac6031636e831f13b80e068997c0a49539ce56cf5d01e524d9405b32f73,en,ABSENT,"[""No acute fracture or bone bruise.""]","{""code"":""BONE"",""text"":""OSSEOUS STRUCTURES""}","{""grade"":""NONE"",""text"":""No acute fracture or bone bruise.""}","""""",UNSPECIFIED,"{""class_absence_supported"":{""value"":true,""evidence"":[""No acute fracture or bone bruise.""]},""traumatic_marrow_edema"":{""value"":false,""evidence"":[""No acute fracture or bone bruise.""]},""fracture_line_present"":{""value"":null,""evidence"":[]},""degenerative_only"":{""value"":null,""evidence"":[]}}",NO,NO,0.05,1.0,1,[],L1_REPORT_ONLY,OK
1.2.826.0.1.3680043.8.498.15024602758408626305833210011882949904,Fracture,28e885ee0b68bbbefcbf4a0b22f3249e96194df868397dd3d5bf0199efc4acb4,6498dac6031636e831f13b80e068997c0a49539ce56cf5d01e524d9405b32f73,en,ABSENT,"[""No acute fracture or bone bruise.""]","{""code"":""BONE"",""text"":""OSSEOUS STRUCTURES""}","{""grade"":""NONE"",""text"":""No acute fracture or bone bruise.""}","""""",UNSPECIFIED,"{""class_absence_supported"":{""value"":true,""evidence"":[""No acute fracture or bone bruise.""]},""fracture_line_present"":{""value"":null,""evidence"":[]},""acute_injury"":{""value"":false,""evidence"":[""No acute fracture or bone bruise.""]},""procedure_only"":{""value"":null,""evidence"":[]}}",NO,NO,0.05,1.0,1,[],L1_REPORT_ONLY,OK
1.2.826.0.1.3680043.8.498.15133818248365103660456294775831248835,ACL,fb7cfddf6ddae2b5b738a5c711aff027d288e19b7c34c1dc7c5227662ab176f4,23691bb8c5b1293c75db0c27033fd3628f4e788df5315b5e24f2de5ee03680af,nl,ABSENT,"[""Intact voorkomen van de voorste / achtste kruisband en de beide collaterale ligamenten.""]","{""code"":""ACL"",""text"":""voorste / achtste kruisband""}","{""grade"":""NONE"",""text"":""Intact voorkomen""}","""""",UNSPECIFIED,"{""class_absence_supported"":{""value"":true,""evidence"":[""Intact voorkomen van de voorste / achtste kruisband en de beide collaterale ligamenten.""]},""high_grade_tear"":{""value"":false,""evidence"":[""Intact voorkomen van de voorste / achtste kruisband en de beide collaterale ligamenten.""]},""low_grade_only"":{""value"":null,""evidence"":[]},""postoperative_only"":{""value"":null,""evidence"":[]}}",NO,NO,0.05,1.0,1,[],L1_REPORT_ONLY,OK
1.2.826.0.1.3680043.8.498.15133818248365103660456294775831248835,MCL,fb7cfddf6ddae2b5b738a5c711aff027d288e19b7c34c1dc7c5227662ab176f4,23691bb8c5b1293c75db0c27033fd3628f4e788df5315b5e24f2de5ee03680af,nl,ABSENT,"[""Intact voorkomen van de voorste / achtste kruisband en de beide collaterale ligamenten.""]","{""code"":""MCL"",""text"":""beide collaterale ligamenten""}","{""grade"":""NONE"",""text"":""Intact voorkomen""}","""""",UNSPECIFIED,"{""class_absence_supported"":{""value"":true,""evidence"":[""Intact voorkomen van de voorste / achtste kruisband en de beide collaterale ligamenten.""]},""high_grade_tear"":{""value"":false,""evidence"":[""Intact voorkomen van de voorste / achtste kruisband en de beide collaterale ligamenten.""]},""acute_injury"":{""value"":null,""evidence"":[]},""low_grade_only"":{""value"":null,""evidence"":[]},""postoperative_only"":{""value"":null,""evidence"":[]}}",NO,NO,0.05,1.0,1,[],L1_REPORT_ONLY,OK
1.2.826.0.1.3680043.8.498.15133818248365103660456294775831248835,Medial Meniscus,fb7cfddf6ddae2b5b738a5c711aff027d288e19b7c34c1dc7c5227662ab176f4,23691bb8c5b1293c75db0c27033fd3628f4e788df5315b5e24f2de5ee03680af,nl,NOT_MENTIONED,[],"{""code"":""UNKNOWN"",""text"":""""}","{""grade"":""UNSPECIFIED"",""text"":""""}","""""",UNSPECIFIED,"{""class_absence_supported"":{""value"":null,""evidence"":[]},""definite_meniscal_tear"":{""value"":null,""evidence"":[]},""internal_degeneration_only"":{""value"":null,""evidence"":[]},""postoperative_only"":{""value"":null,""evidence"":[]}}",UNKNOWN,UNKNOWN,,0.0,0,[],L1_REPORT_ONLY,OK
1.2.826.0.1.3680043.8.498.15133818248365103660456294775831248835,Lateral Meniscus,fb7cfddf6ddae2b5b738a5c711aff027d288e19b7c34c1dc7c5227662ab176f4,23691bb8c5b1293c75db0c27033fd3628f4e788df5315b5e24f2de5ee03680af,nl,PRESENT,"[""Aberrante horizontaal verlopende lineaire signaalalteratie corpusgedeelte laterale meniscus (zone 1>3 ) deels overgrijpend op de achterhoorn en de voorhoorn: horizontale scheur met kleine aanliggende parameniscale cyste nabij het corpus"",""Horizontale scheur laterale meniscus.""]","{""code"":""LATERAL_MENISCUS"",""text"":""corpusgedeelte laterale meniscus""}","{""grade"":""UNSPECIFIED"",""text"":""""}","""corpusgedeelte laterale meniscus (zone 1>3 ) deels overgrijpend op de achterhoorn en de voorhoorn""",UNSPECIFIED,"{""class_absence_supported"":{""value"":null,""evidence"":[]},""definite_meniscal_tear"":{""value"":true,""evidence"":[""Horizontale scheur laterale meniscus.""]},""internal_degeneration_only"":{""value"":false,""evidence"":[""Horizontale scheur laterale meniscus.""]},""postoperative_only"":{""value"":null,""evidence"":[]}}",YES,YES,0.95,1.0,1,[],L1_REPORT_ONLY,OK
1.2.826.0.1.3680043.8.498.15133818248365103660456294775831248835,Medial OA,fb7cfddf6ddae2b5b738a5c711aff027d288e19b7c34c1dc7c5227662ab176f4,23691bb8c5b1293c75db0c27033fd3628f4e788df5315b5e24f2de5ee03680af,nl,NOT_MENTIONED,[],"{""code"":""UNKNOWN"",""text"":""""}","{""grade"":""UNSPECIFIED"",""text"":""""}","""""",UNSPECIFIED,"{""class_absence_supported"":{""value"":null,""evidence"":[]},""cartilage_loss_gt50pct"":{""value"":null,""evidence"":[]},""cartilage_extent_ge10mm"":{""value"":null,""evidence"":[]},""low_grade_only"":{""value"":null,""evidence"":[]}}",UNKNOWN,UNKNOWN,,0.0,0,[],L1_REPORT_ONLY,OK
1.2.826.0.1.3680043.8.498.15133818248365103660456294775831248835,Lateral OA,fb7cfddf6ddae2b5b738a5c711aff027d288e19b7c34c1dc7c5227662ab176f4,23691bb8c5b1293c75db0c27033fd3628f4e788df5315b5e24f2de5ee03680af,nl,NOT_MENTIONED,[],"{""code"":""UNKNOWN"",""text"":""""}","{""grade"":""UNSPECIFIED"",""text"":""""}","""""",UNSPECIFIED,"{""class_absence_supported"":{""value"":null,""evidence"":[]},""cartilage_loss_gt50pct"":{""value"":null,""evidence"":[]},""cartilage_extent_ge10mm"":{""value"":null,""evidence"":[]},""low_grade_only"":{""value"":null,""evidence"":[]}}",UNKNOWN,UNKNOWN,,0.0,0,[],L1_REPORT_ONLY,OK
1.2.826.0.1.3680043.8.498.15133818248365103660456294775831248835,PF OA,fb7cfddf6ddae2b5b738a5c711aff027d288e19b7c34c1dc7c5227662ab176f4,23691bb8c5b1293c75db0c27033fd3628f4e788df5315b5e24f2de5ee03680af,nl,PRESENT,"[""oppervlakkige kraakbeen letseltje laterale patellaire facet alsook een graad 4 kraakbeenletsel mediale patellaire facet met ge ïsoleerde focus van botoedeem nabij de subchondrale beenplaat."",""Patellaire chondromalacie.""]","{""code"":""PATELLOFEMORAL"",""text"":""laterale patellaire facet alsook een graad 4 kraakbeenletsel mediale patellaire facet""}","{""grade"":""UNSPECIFIED"",""text"":""graad 4 kraakbeenletsel""}","""""",UNSPECIFIED,"{""class_absence_supported"":{""value"":null,""evidence"":[]},""cartilage_loss_gt50pct"":{""value"":null,""evidence"":[]},""cartilage_extent_ge10mm"":{""value"":null,""evidence"":[]},""low_grade_only"":{""value"":null,""evidence"":[]}}",UNKNOWN,UNKNOWN,,0.0,0,"[""criteria_anatomy_severity_extent_or_timing_insufficient"",""llm_review:Cartilage lesion extent is not reported."",""llm_review:Grade 4 is reported without an identified grading convention or explicit cartilage-loss depth."",""llm_review:Timing is unspecified.""]",L1_REPORT_ONLY,OK
1.2.826.0.1.3680043.8.498.15133818248365103660456294775831248835,Effusion,fb7cfddf6ddae2b5b738a5c711aff027d288e19b7c34c1dc7c5227662ab176f4,23691bb8c5b1293c75db0c27033fd3628f4e788df5315b5e24f2de5ee03680af,nl,ABSENT,"[""Geen opzetting van suprapatellaire bursa""]","{""code"":""KNEE_JOINT"",""text"":""suprapatellaire bursa""}","{""grade"":""NONE"",""text"":""Geen opzetting""}","""""",UNSPECIFIED,"{""class_absence_supported"":{""value"":null,""evidence"":[]},""joint_distension"":{""value"":false,""evidence"":[""Geen opzetting van suprapatellaire bursa""]},""low_grade_only"":{""value"":null,""evidence"":[]}}",UNKNOWN,UNKNOWN,,0.0,0,"[""llm_review:The negative statement is limited to suprapatellar bursal distension; it does not explicitly exclude effusion throughout the joint."",""negative_scope_insufficient""]",L1_REPORT_ONLY,OK
1.2.826.0.1.3680043.8.498.15133818248365103660456294775831248835,Synovitis,fb7cfddf6ddae2b5b738a5c711aff027d288e19b7c34c1dc7c5227662ab176f4,23691bb8c5b1293c75db0c27033fd3628f4e788df5315b5e24f2de5ee03680af,nl,NOT_MENTIONED,[],"{""code"":""UNKNOWN"",""text"":""""}","{""grade"":""UNSPECIFIED"",""text"":""""}","""""",UNSPECIFIED,"{""class_absence_supported"":{""value"":null,""evidence"":[]},""direct_synovial_evidence"":{""value"":null,""evidence"":[]}}",UNKNOWN,UNKNOWN,,0.0,0,[],L1_REPORT_ONLY,OK
1.2.826.0.1.3680043.8.498.15133818248365103660456294775831248835,Baker's,fb7cfddf6ddae2b5b738a5c711aff027d288e19b7c34c1dc7c5227662ab176f4,23691bb8c5b1293c75db0c27033fd3628f4e788df5315b5e24f2de5ee03680af,nl,UNCERTAIN,"[""een (niet met ruptuur verwikkelde Baker-cyste )/ multiloculaire T2-hyperintense structuur posterieur van de achterste kruisband (nabij de tibiale insertie interface posterieure capsuloligamentaire structuren) : ganglioncyste, afmetingen 1,9 x 1,2 x 0,6\\~cm.""]","{""code"":""UNKNOWN"",""text"":""posterieur van de achterste kruisband (nabij de tibiale insertie interface posterieure capsuloligamentaire structuren)""}","{""grade"":""UNSPECIFIED"",""text"":""""}","""afmetingen 1,9 x 1,2 x 0,6\\~cm""",UNSPECIFIED,"{""class_absence_supported"":{""value"":null,""evidence"":[]},""typical_baker_location"":{""value"":null,""evidence"":[]},""low_grade_only"":{""value"":null,""evidence"":[]}}",UNKNOWN,UNKNOWN,,0.0,0,"[""anatomy_missing_or_wrong"",""history_or_postoperative_scope_review"",""llm_review:Moderate or large Baker cyst size and typical posteromedial location are not established."",""llm_review:Slash-separated wording ambiguously mentions a Baker cyst and a posterior cruciate ganglion cyst."",""llm_review:The reported dimensions cannot confidently be assigned to a separate Baker cyst."",""uncertain_report"",""pilot_text_review_mask""]",L1_REPORT_ONLY,OK
1.2.826.0.1.3680043.8.498.15133818248365103660456294775831248835,Contusion,fb7cfddf6ddae2b5b738a5c711aff027d288e19b7c34c1dc7c5227662ab176f4,23691bb8c5b1293c75db0c27033fd3628f4e788df5315b5e24f2de5ee03680af,nl,PRESENT,"[""graad 4 kraakbeenletsel mediale patellaire facet met ge ïsoleerde focus van botoedeem nabij de subchondrale beenplaat.""]","{""code"":""BONE"",""text"":""mediale patellaire facet""}","{""grade"":""UNSPECIFIED"",""text"":""""}","""ge ïsoleerde focus van botoedeem nabij de subchondrale beenplaat""",UNSPECIFIED,"{""class_absence_supported"":{""value"":null,""evidence"":[]},""traumatic_marrow_edema"":{""value"":null,""evidence"":[]},""fracture_line_present"":{""value"":null,""evidence"":[]},""degenerative_only"":{""value"":true,""evidence"":[""graad 4 kraakbeenletsel mediale patellaire facet met ge ïsoleerde focus van botoedeem nabij de subchondrale beenplaat."",""Patellaire chondromalacie.""]}}",NO,NO,,0.0,0,"[""explicit_subthreshold_or_alternative"",""llm_review:Fracture-line absence and injury timing are not stated."",""llm_review:Reported marrow edema accompanies patellar cartilage disease; a traumatic contusion is not diagnosed."",""timing_or_trauma_review"",""pilot_text_review_mask""]",L1_REPORT_ONLY,OK
1.2.826.0.1.3680043.8.498.15133818248365103660456294775831248835,Fracture,fb7cfddf6ddae2b5b738a5c711aff027d288e19b7c34c1dc7c5227662ab176f4,23691bb8c5b1293c75db0c27033fd3628f4e788df5315b5e24f2de5ee03680af,nl,NOT_MENTIONED,[],"{""code"":""UNKNOWN"",""text"":""""}","{""grade"":""UNSPECIFIED"",""text"":""""}","""""",UNSPECIFIED,"{""class_absence_supported"":{""value"":null,""evidence"":[]},""fracture_line_present"":{""value"":null,""evidence"":[]},""acute_injury"":{""value"":null,""evidence"":[]},""procedure_only"":{""value"":null,""evidence"":[]}}",UNKNOWN,UNKNOWN,,0.0,0,[],L1_REPORT_ONLY,OK
1.2.826.0.1.3680043.8.498.15399233309269178192583032682669258885,ACL,fb2752505d04fafb7ea621ea7c1a98cd533d763ba784ec2b8a2807dca39faf7d,7124b66af298b9c2c6a432aeb02fcdf637aa48b57248f09be2fa5255fbe6ef31,bg,ABSENT,"[""Нормално изобразяване на предната кръстна и задната кръстна връзка.""]","{""code"":""ACL"",""text"":""предната кръстна""}","{""grade"":""NONE"",""text"":""Нормално изобразяване""}","""""",UNSPECIFIED,"{""class_absence_supported"":{""value"":true,""evidence"":[""Нормално изобразяване на предната кръстна и задната кръстна връзка.""]},""high_grade_tear"":{""value"":false,""evidence"":[""Нормално изобразяване на предната кръстна и задната кръстна връзка.""]},""low_grade_only"":{""value"":null,""evidence"":[]},""postoperative_only"":{""value"":null,""evidence"":[]}}",NO,NO,0.05,1.0,1,[],L1_REPORT_ONLY,OK
1.2.826.0.1.3680043.8.498.15399233309269178192583032682669258885,MCL,fb2752505d04fafb7ea621ea7c1a98cd533d763ba784ec2b8a2807dca39faf7d,7124b66af298b9c2c6a432aeb02fcdf637aa48b57248f09be2fa5255fbe6ef31,bg,ABSENT,"[""Медиален и латерален колатерален лигамент – б.о.""]","{""code"":""MCL"",""text"":""Медиален и латерален колатерален лигамент""}","{""grade"":""NONE"",""text"":""б.о.""}","""""",UNSPECIFIED,"{""class_absence_supported"":{""value"":true,""evidence"":[""Медиален и латерален колатерален лигамент – б.о.""]},""high_grade_tear"":{""value"":false,""evidence"":[""Медиален и латерален колатерален лигамент – б.о.""]},""acute_injury"":{""value"":false,""evidence"":[""Медиален и латерален колатерален лигамент – б.о.""]},""low_grade_only"":{""value"":null,""evidence"":[]},""postoperative_only"":{""value"":null,""evidence"":[]}}",NO,NO,0.05,1.0,1,[],L1_REPORT_ONLY,OK
1.2.826.0.1.3680043.8.498.15399233309269178192583032682669258885,Medial Meniscus,fb2752505d04fafb7ea621ea7c1a98cd533d763ba784ec2b8a2807dca39faf7d,7124b66af298b9c2c6a432aeb02fcdf637aa48b57248f09be2fa5255fbe6ef31,bg,PRESENT,"[""Вижда се увреда в заден рог на медиален менискус под формата на хиперинтензна лезия с кос ход, достигаща в близост до хрущяла и продължаваща под формата на дегенеративни промени в предния му рог."",""МР данни за лезия 2b стадий в заден рог на медиален менискус и дегенеративни промени в преддния му рог, както и в латералния менискус.""]","{""code"":""MEDIAL_MENISCUS"",""text"":""заден рог на медиален менискус""}","{""grade"":""UNSPECIFIED"",""text"":""лезия 2b стадий""}","""в заден рог на медиален менискус и дегенеративни промени в преддния му рог""",UNSPECIFIED,"{""class_absence_supported"":{""value"":null,""evidence"":[]},""definite_meniscal_tear"":{""value"":null,""evidence"":[]},""internal_degeneration_only"":{""value"":null,""evidence"":[]},""postoperative_only"":{""value"":null,""evidence"":[]}}",UNKNOWN,UNKNOWN,0.2,0.25,1,"[""criteria_anatomy_severity_extent_or_timing_insufficient"",""llm_review:A stage 2b lesion and degeneration are reported, without an unequivocal tear diagnosis; proximity to cartilage does not establish articular surface contact."",""llm_review:The grading convention and lesion timing are unspecified.""]",L1_REPORT_ONLY,OK
1.2.826.0.1.3680043.8.498.15399233309269178192583032682669258885,Lateral Meniscus,fb2752505d04fafb7ea621ea7c1a98cd533d763ba784ec2b8a2807dca39faf7d,7124b66af298b9c2c6a432aeb02fcdf637aa48b57248f09be2fa5255fbe6ef31,bg,PRESENT,"[""Дегенеративни промени в латералния менискус.""]","{""code"":""LATERAL_MENISCUS"",""text"":""латералния менискус""}","{""grade"":""UNSPECIFIED"",""text"":""""}","""""",UNSPECIFIED,"{""class_absence_supported"":{""value"":null,""evidence"":[]},""definite_meniscal_tear"":{""value"":null,""evidence"":[]},""internal_degeneration_only"":{""value"":true,""evidence"":[""Дегенеративни промени в латералния менискус.""]},""postoperative_only"":{""value"":null,""evidence"":[]}}",NO,NO,0.05,1.0,1,"[""explicit_subthreshold_or_alternative"",""llm_review:Only degenerative changes are described; severity, extent and timing are unspecified.""]",L1_REPORT_ONLY,OK
1.2.826.0.1.3680043.8.498.15399233309269178192583032682669258885,Medial OA,fb2752505d04fafb7ea621ea7c1a98cd533d763ba784ec2b8a2807dca39faf7d,7124b66af298b9c2c6a432aeb02fcdf637aa48b57248f09be2fa5255fbe6ef31,bg,ABSENT,"[""Артикулиращият ставен хрущял на фемура и тибията е със запазена дебелина и конгурентност по цялото си протежение.""]","{""code"":""MEDIAL_TIBIOFEMORAL"",""text"":""Артикулиращият ставен хрущял на фемура и тибията""}","{""grade"":""NONE"",""text"":""със запазена дебелина и конгурентност""}","""по цялото си протежение""",UNSPECIFIED,"{""class_absence_supported"":{""value"":true,""evidence"":[""Артикулиращият ставен хрущял на фемура и тибията е със запазена дебелина и конгурентност по цялото си протежение.""]},""cartilage_loss_gt50pct"":{""value"":false,""evidence"":[""Артикулиращият ставен хрущял на фемура и тибията е със запазена дебелина и конгурентност по цялото си протежение.""]},""cartilage_extent_ge10mm"":{""value"":null,""evidence"":[]},""low_grade_only"":{""value"":null,""evidence"":[]}}",NO,NO,0.05,1.0,1,[],L1_REPORT_ONLY,OK
1.2.826.0.1.3680043.8.498.15399233309269178192583032682669258885,Lateral OA,fb2752505d04fafb7ea621ea7c1a98cd533d763ba784ec2b8a2807dca39faf7d,7124b66af298b9c2c6a432aeb02fcdf637aa48b57248f09be2fa5255fbe6ef31,bg,ABSENT,"[""Артикулиращият ставен хрущял на фемура и тибията е със запазена дебелина и конгурентност по цялото си протежение.""]","{""code"":""LATERAL_TIBIOFEMORAL"",""text"":""Артикулиращият ставен хрущял на фемура и тибията""}","{""grade"":""NONE"",""text"":""със запазена дебелина и конгурентност""}","""по цялото си протежение""",UNSPECIFIED,"{""class_absence_supported"":{""value"":true,""evidence"":[""Артикулиращият ставен хрущял на фемура и тибията е със запазена дебелина и конгурентност по цялото си протежение.""]},""cartilage_loss_gt50pct"":{""value"":false,""evidence"":[""Артикулиращият ставен хрущял на фемура и тибията е със запазена дебелина и конгурентност по цялото си протежение.""]},""cartilage_extent_ge10mm"":{""value"":null,""evidence"":[]},""low_grade_only"":{""value"":null,""evidence"":[]}}",NO,NO,0.05,1.0,1,[],L1_REPORT_ONLY,OK
1.2.826.0.1.3680043.8.498.15399233309269178192583032682669258885,PF OA,fb2752505d04fafb7ea621ea7c1a98cd533d763ba784ec2b8a2807dca39faf7d,7124b66af298b9c2c6a432aeb02fcdf637aa48b57248f09be2fa5255fbe6ef31,bg,ABSENT,"[""Патела, хрущял на пателата и  ретинакулуми на пателата – със запазена цялост.""]","{""code"":""PATELLOFEMORAL"",""text"":""хрущял на пателата""}","{""grade"":""UNSPECIFIED"",""text"":""""}","""""",UNSPECIFIED,"{""class_absence_supported"":{""value"":null,""evidence"":[]},""cartilage_loss_gt50pct"":{""value"":null,""evidence"":[]},""cartilage_extent_ge10mm"":{""value"":null,""evidence"":[]},""low_grade_only"":{""value"":null,""evidence"":[]}}",UNKNOWN,UNKNOWN,,0.0,0,"[""llm_review:Preserved patellar cartilage integrity does not explicitly establish preserved thickness throughout the patellofemoral compartment; trochlear cartilage and qualifying loss extent are unspecified."",""negative_scope_insufficient""]",L1_REPORT_ONLY,OK
1.2.826.0.1.3680043.8.498.15399233309269178192583032682669258885,Effusion,fb2752505d04fafb7ea621ea7c1a98cd533d763ba784ec2b8a2807dca39faf7d,7124b66af298b9c2c6a432aeb02fcdf637aa48b57248f09be2fa5255fbe6ef31,bg,ABSENT,"[""Няма МР данни за ставен излив.""]","{""code"":""KNEE_JOINT"",""text"":""ставен излив""}","{""grade"":""NONE"",""text"":""Няма МР данни за ставен излив.""}","""""",UNSPECIFIED,"{""class_absence_supported"":{""value"":true,""evidence"":[""Няма МР данни за ставен излив.""]},""joint_distension"":{""value"":null,""evidence"":[]},""low_grade_only"":{""value"":null,""evidence"":[]}}",NO,NO,0.05,1.0,1,[],L1_REPORT_ONLY,OK
1.2.826.0.1.3680043.8.498.15399233309269178192583032682669258885,Synovitis,fb2752505d04fafb7ea621ea7c1a98cd533d763ba784ec2b8a2807dca39faf7d,7124b66af298b9c2c6a432aeb02fcdf637aa48b57248f09be2fa5255fbe6ef31,bg,NOT_MENTIONED,[],"{""code"":""UNKNOWN"",""text"":""""}","{""grade"":""UNSPECIFIED"",""text"":""""}","""""",UNSPECIFIED,"{""class_absence_supported"":{""value"":null,""evidence"":[]},""direct_synovial_evidence"":{""value"":null,""evidence"":[]}}",UNKNOWN,UNKNOWN,,0.0,0,[],L1_REPORT_ONLY,OK
1.2.826.0.1.3680043.8.498.15399233309269178192583032682669258885,Baker's,fb2752505d04fafb7ea621ea7c1a98cd533d763ba784ec2b8a2807dca39faf7d,7124b66af298b9c2c6a432aeb02fcdf637aa48b57248f09be2fa5255fbe6ef31,bg,NOT_MENTIONED,[],"{""code"":""UNKNOWN"",""text"":""""}","{""grade"":""UNSPECIFIED"",""text"":""""}","""""",UNSPECIFIED,"{""class_absence_supported"":{""value"":null,""evidence"":[]},""typical_baker_location"":{""value"":null,""evidence"":[]},""low_grade_only"":{""value"":null,""evidence"":[]}}",UNKNOWN,UNKNOWN,,0.0,0,[],L1_REPORT_ONLY,OK
1.2.826.0.1.3680043.8.498.15399233309269178192583032682669258885,Contusion,fb2752505d04fafb7ea621ea7c1a98cd533d763ba784ec2b8a2807dca39faf7d,7124b66af298b9c2c6a432aeb02fcdf637aa48b57248f09be2fa5255fbe6ef31,bg,PRESENT,"[""Виждат се дифузни зони на повишен сигнален интензитет в епифизата на тибията, предимно в областта на медиалния кондил, съответстващи на костномозъчен едем."",""Посттравматичен костномозъчене едем.""]","{""code"":""BONE"",""text"":""в епифизата на тибията, предимно в областта на медиалния кондил""}","{""grade"":""UNSPECIFIED"",""text"":""""}","""дифузни зони""",UNSPECIFIED,"{""class_absence_supported"":{""value"":null,""evidence"":[]},""traumatic_marrow_edema"":{""value"":true,""evidence"":[""Посттравматичен костномозъчене едем.""]},""fracture_line_present"":{""value"":null,""evidence"":[]},""degenerative_only"":{""value"":false,""evidence"":[""Посттравматичен костномозъчене едем.""]}}",UNKNOWN,UNKNOWN,0.8,0.25,1,"[""criteria_anatomy_severity_extent_or_timing_insufficient"",""llm_review:Traumatic marrow edema is explicit, but absence of a fracture line at the lesion is not explicitly established. Injury timing is unspecified."",""timing_or_trauma_review""]",L1_REPORT_ONLY,OK
1.2.826.0.1.3680043.8.498.15399233309269178192583032682669258885,Fracture,fb2752505d04fafb7ea621ea7c1a98cd533d763ba784ec2b8a2807dca39faf7d,7124b66af298b9c2c6a432aeb02fcdf637aa48b57248f09be2fa5255fbe6ef31,bg,NOT_MENTIONED,[],"{""code"":""UNKNOWN"",""text"":""""}","{""grade"":""UNSPECIFIED"",""text"":""""}","""""",UNSPECIFIED,"{""class_absence_supported"":{""value"":null,""evidence"":[]},""fracture_line_present"":{""value"":null,""evidence"":[]},""acute_injury"":{""value"":null,""evidence"":[]},""procedure_only"":{""value"":null,""evidence"":[]}}",UNKNOWN,UNKNOWN,,0.0,0,[],L1_REPORT_ONLY,OK
1.2.826.0.1.3680043.8.498.15444316810805746453392291780593934328,ACL,190d27ebe033a57e144f87664a1dd880372474e6624e327817b6c73b2135a524,820afef24fd52749d8e493f3c8aa5bd670d23ba3fcfae01242de5ad4a548bb35,en,PRESENT,"[""The contour of ACL is in a straight line but increase interstitial signal intensity inside, in favor of grade 1 injury."",""Grade 1 injury of ACL.""]","{""code"":""ACL"",""text"":""ACL""}","{""grade"":""MILD"",""text"":""grade 1 injury""}","""""",UNSPECIFIED,"{""class_absence_supported"":{""value"":null,""evidence"":[]},""high_grade_tear"":{""value"":false,""evidence"":[""The contour of ACL is in a straight line but increase interstitial signal intensity inside, in favor of grade 1 injury."",""Grade 1 injury of ACL.""]},""low_grade_only"":{""value"":true,""evidence"":[""Grade 1 injury of ACL.""]},""postoperative_only"":{""value"":null,""evidence"":[]}}",NO,NO,0.05,1.0,1,"[""explicit_subthreshold_or_alternative"",""llm_review:Reported grade 1 injury is subthreshold; injury timing is unspecified.""]",L1_REPORT_ONLY,OK
1.2.826.0.1.3680043.8.498.15444316810805746453392291780593934328,MCL,190d27ebe033a57e144f87664a1dd880372474e6624e327817b6c73b2135a524,820afef24fd52749d8e493f3c8aa5bd670d23ba3fcfae01242de5ad4a548bb35,en,ABSENT,"[""Both medial & lateral collateral ligaments appear to be within normal.""]","{""code"":""MCL"",""text"":""medial & lateral collateral ligaments""}","{""grade"":""NONE"",""text"":""within normal""}","""""",UNSPECIFIED,"{""class_absence_supported"":{""value"":true,""evidence"":[""Both medial & lateral collateral ligaments appear to be within normal.""]},""high_grade_tear"":{""value"":false,""evidence"":[""Both medial & lateral collateral ligaments appear to be within normal.""]},""acute_injury"":{""value"":false,""evidence"":[""Both medial & lateral collateral ligaments appear to be within normal.""]},""low_grade_only"":{""value"":null,""evidence"":[]},""postoperative_only"":{""value"":null,""evidence"":[]}}",NO,NO,0.05,1.0,1,[],L1_REPORT_ONLY,OK
1.2.826.0.1.3680043.8.498.15444316810805746453392291780593934328,Medial Meniscus,190d27ebe033a57e144f87664a1dd880372474e6624e327817b6c73b2135a524,820afef24fd52749d8e493f3c8aa5bd670d23ba3fcfae01242de5ad4a548bb35,en,UNCERTAIN,"[""Linear signla intensity area in posterior horn of medial menisus without significant extending to articular surface, R/O degeneration.""]","{""code"":""MEDIAL_MENISCUS"",""text"":""posterior horn of medial menisus""}","{""grade"":""UNSPECIFIED"",""text"":""""}","""posterior horn""",UNSPECIFIED,"{""class_absence_supported"":{""value"":null,""evidence"":[]},""definite_meniscal_tear"":{""value"":null,""evidence"":[]},""internal_degeneration_only"":{""value"":null,""evidence"":[]},""postoperative_only"":{""value"":null,""evidence"":[]}}",UNKNOWN,UNKNOWN,0.1,0.25,1,"[""history_or_postoperative_scope_review"",""llm_review:Degeneration is suggested with R/O wording; no definite medial meniscal tear is diagnosed."",""llm_review:Without significant surface extension is a qualified finding, not an explicit exclusion of all tears."",""uncertain_report""]",L1_REPORT_ONLY,OK
1.2.826.0.1.3680043.8.498.15444316810805746453392291780593934328,Lateral Meniscus,190d27ebe033a57e144f87664a1dd880372474e6624e327817b6c73b2135a524,820afef24fd52749d8e493f3c8aa5bd670d23ba3fcfae01242de5ad4a548bb35,en,PRESENT,"[""Linear signal intensity in posterior horn of lateral meniscus and suspicious of extends into the surface; obliteration of anterior horn of lateral meniscus, R/O tear."",""C/W tear of lateral meniscus.""]","{""code"":""LATERAL_MENISCUS"",""text"":""lateral meniscus""}","{""grade"":""UNSPECIFIED"",""text"":""""}","""posterior horn of lateral meniscus and suspicious of extends into the surface; obliteration of anterior horn of lateral meniscus""",UNSPECIFIED,"{""class_absence_supported"":{""value"":null,""evidence"":[]},""definite_meniscal_tear"":{""value"":true,""evidence"":[""C/W tear of lateral meniscus.""]},""internal_degeneration_only"":{""value"":null,""evidence"":[]},""postoperative_only"":{""value"":null,""evidence"":[]}}",YES,YES,0.95,1.0,1,"[""history_or_postoperative_scope_review"",""llm_review:Findings use suspicious and R/O wording; the impression diagnoses a tear with C/W wording.""]",L1_REPORT_ONLY,OK
1.2.826.0.1.3680043.8.498.15444316810805746453392291780593934328,Medial OA,190d27ebe033a57e144f87664a1dd880372474e6624e327817b6c73b2135a524,820afef24fd52749d8e493f3c8aa5bd670d23ba3fcfae01242de5ad4a548bb35,en,NOT_MENTIONED,[],"{""code"":""UNKNOWN"",""text"":""""}","{""grade"":""UNSPECIFIED"",""text"":""""}","""""",UNSPECIFIED,"{""class_absence_supported"":{""value"":null,""evidence"":[]},""cartilage_loss_gt50pct"":{""value"":null,""evidence"":[]},""cartilage_extent_ge10mm"":{""value"":null,""evidence"":[]},""low_grade_only"":{""value"":null,""evidence"":[]}}",UNKNOWN,UNKNOWN,,0.0,0,"[""llm_review:Generic knee osteoarthritis does not explicitly localize disease to the medial compartment.""]",L1_REPORT_ONLY,OK
1.2.826.0.1.3680043.8.498.15444316810805746453392291780593934328,Lateral OA,190d27ebe033a57e144f87664a1dd880372474e6624e327817b6c73b2135a524,820afef24fd52749d8e493f3c8aa5bd670d23ba3fcfae01242de5ad4a548bb35,en,PRESENT,"[""Osteoarthritis of knee joint with synovitis; more prominent at lateral compartment.""]","{""code"":""LATERAL_TIBIOFEMORAL"",""text"":""lateral compartment""}","{""grade"":""UNSPECIFIED"",""text"":""""}","""""",UNSPECIFIED,"{""class_absence_supported"":{""value"":null,""evidence"":[]},""cartilage_loss_gt50pct"":{""value"":null,""evidence"":[]},""cartilage_extent_ge10mm"":{""value"":null,""evidence"":[]},""low_grade_only"":{""value"":null,""evidence"":[]}}",UNKNOWN,UNKNOWN,,0.0,0,"[""criteria_anatomy_severity_extent_or_timing_insufficient"",""llm_review:Lateral compartment osteoarthritis is reported without cartilage loss depth or measurable extent.""]",L1_REPORT_ONLY,OK
1.2.826.0.1.3680043.8.498.15444316810805746453392291780593934328,PF OA,190d27ebe033a57e144f87664a1dd880372474e6624e327817b6c73b2135a524,820afef24fd52749d8e493f3c8aa5bd670d23ba3fcfae01242de5ad4a548bb35,en,PRESENT,"[""grade 2-3 chondromalacia at lateral facet of patella.""]","{""code"":""PATELLOFEMORAL"",""text"":""lateral facet of patella""}","{""grade"":""UNSPECIFIED"",""text"":""grade 2-3 chondromalacia""}","""""",UNSPECIFIED,"{""class_absence_supported"":{""value"":null,""evidence"":[]},""cartilage_loss_gt50pct"":{""value"":null,""evidence"":[]},""cartilage_extent_ge10mm"":{""value"":null,""evidence"":[]},""low_grade_only"":{""value"":null,""evidence"":[]}}",UNKNOWN,UNKNOWN,,0.0,0,"[""criteria_anatomy_severity_extent_or_timing_insufficient"",""llm_review:Cartilage lesion extent is not reported."",""llm_review:Grade 2-3 spans grades and the grading convention is unspecified; greater than 50% cartilage loss cannot be established.""]",L1_REPORT_ONLY,OK
1.2.826.0.1.3680043.8.498.15444316810805746453392291780593934328,Effusion,190d27ebe033a57e144f87664a1dd880372474e6624e327817b6c73b2135a524,820afef24fd52749d8e493f3c8aa5bd670d23ba3fcfae01242de5ad4a548bb35,en,PRESENT,"[""Joint effusion and suprapatellar bursitis with suprapatellar and medial plicae""]","{""code"":""KNEE_JOINT"",""text"":""Joint""}","{""grade"":""UNSPECIFIED"",""text"":""""}","""""",UNSPECIFIED,"{""class_absence_supported"":{""value"":null,""evidence"":[]},""joint_distension"":{""value"":null,""evidence"":[]},""low_grade_only"":{""value"":null,""evidence"":[]}}",UNKNOWN,UNKNOWN,,0.0,0,"[""criteria_anatomy_severity_extent_or_timing_insufficient"",""llm_review:Effusion size and joint distension are not reported.""]",L1_REPORT_ONLY,OK
1.2.826.0.1.3680043.8.498.15444316810805746453392291780593934328,Synovitis,190d27ebe033a57e144f87664a1dd880372474e6624e327817b6c73b2135a524,820afef24fd52749d8e493f3c8aa5bd670d23ba3fcfae01242de5ad4a548bb35,en,PRESENT,"[""hypertrophy of the synovium, indicative of synovitis."",""Osteoarthritis of knee joint with synovitis; more prominent at lateral compartment.""]","{""code"":""KNEE_SYNOVIUM"",""text"":""synovium""}","{""grade"":""UNSPECIFIED"",""text"":""""}","""""",UNSPECIFIED,"{""class_absence_supported"":{""value"":null,""evidence"":[]},""direct_synovial_evidence"":{""value"":true,""evidence"":[""hypertrophy of the synovium, indicative of synovitis.""]}}",YES,YES,0.95,1.0,1,[],L1_REPORT_ONLY,OK
1.2.826.0.1.3680043.8.498.15444316810805746453392291780593934328,Baker's,190d27ebe033a57e144f87664a1dd880372474e6624e327817b6c73b2135a524,820afef24fd52749d8e493f3c8aa5bd670d23ba3fcfae01242de5ad4a548bb35,en,NOT_MENTIONED,[],"{""code"":""UNKNOWN"",""text"":""""}","{""grade"":""UNSPECIFIED"",""text"":""""}","""""",UNSPECIFIED,"{""class_absence_supported"":{""value"":null,""evidence"":[]},""typical_baker_location"":{""value"":null,""evidence"":[]},""low_grade_only"":{""value"":null,""evidence"":[]}}",UNKNOWN,UNKNOWN,,0.0,0,[],L1_REPORT_ONLY,OK
1.2.826.0.1.3680043.8.498.15444316810805746453392291780593934328,Contusion,190d27ebe033a57e144f87664a1dd880372474e6624e327817b6c73b2135a524,820afef24fd52749d8e493f3c8aa5bd670d23ba3fcfae01242de5ad4a548bb35,en,NOT_MENTIONED,[],"{""code"":""UNKNOWN"",""text"":""""}","{""grade"":""UNSPECIFIED"",""text"":""""}","""""",UNSPECIFIED,"{""class_absence_supported"":{""value"":null,""evidence"":[]},""traumatic_marrow_edema"":{""value"":null,""evidence"":[]},""fracture_line_present"":{""value"":null,""evidence"":[]},""degenerative_only"":{""value"":null,""evidence"":[]}}",UNKNOWN,UNKNOWN,,0.0,0,"[""llm_review:Subchondral edema is described with degeneration and does not establish traumatic contusion."",""pilot_text_review_mask""]",L1_REPORT_ONLY,OK
1.2.826.0.1.3680043.8.498.15444316810805746453392291780593934328,Fracture,190d27ebe033a57e144f87664a1dd880372474e6624e327817b6c73b2135a524,820afef24fd52749d8e493f3c8aa5bd670d23ba3fcfae01242de5ad4a548bb35,en,NOT_MENTIONED,[],"{""code"":""UNKNOWN"",""text"":""""}","{""grade"":""UNSPECIFIED"",""text"":""""}","""""",UNSPECIFIED,"{""class_absence_supported"":{""value"":null,""evidence"":[]},""fracture_line_present"":{""value"":null,""evidence"":[]},""acute_injury"":{""value"":null,""evidence"":[]},""procedure_only"":{""value"":null,""evidence"":[]}}",UNKNOWN,UNKNOWN,,0.0,0,[],L1_REPORT_ONLY,OK
1.2.826.0.1.3680043.8.498.17070139245390396445395414066427036835,ACL,117a84a6ad3dab626e29c1a352c8dcc4fa83e26a40380a93c4a1d7fc1314264b,bd21820d1841e98a29bcc6e94cb4b8732fc4ea77f664eac0aeef185d07c02c4c,UNKNOWN,ABSENT,"[""Χωρίς παθολογικά ευρήµατα από τον έλεγχο των χιαστών και του έσω πλαγίου συνδέσµου, του εσω µηνίσκου.""]","{""code"":""ACL"",""text"":""των χιαστών""}","{""grade"":""NONE"",""text"":""Χωρίς παθολογικά ευρήµατα""}","""""",UNSPECIFIED,"{""class_absence_supported"":{""value"":true,""evidence"":[""Χωρίς παθολογικά ευρήµατα από τον έλεγχο των χιαστών και του έσω πλαγίου συνδέσµου, του εσω µηνίσκου.""]},""high_grade_tear"":{""value"":false,""evidence"":[""Χωρίς παθολογικά ευρήµατα από τον έλεγχο των χιαστών και του έσω πλαγίου συνδέσµου, του εσω µηνίσκου.""]},""low_grade_only"":{""value"":null,""evidence"":[]},""postoperative_only"":{""value"":null,""evidence"":[]}}",NO,NO,0.05,1.0,1,[],L1_REPORT_ONLY,OK
1.2.826.0.1.3680043.8.498.17070139245390396445395414066427036835,MCL,117a84a6ad3dab626e29c1a352c8dcc4fa83e26a40380a93c4a1d7fc1314264b,bd21820d1841e98a29bcc6e94cb4b8732fc4ea77f664eac0aeef185d07c02c4c,UNKNOWN,ABSENT,"[""Χωρίς παθολογικά ευρήµατα από τον έλεγχο των χιαστών και του έσω πλαγίου συνδέσµου, του εσω µηνίσκου.""]","{""code"":""MCL"",""text"":""του έσω πλαγίου συνδέσµου""}","{""grade"":""NONE"",""text"":""Χωρίς παθολογικά ευρήµατα""}","""""",UNSPECIFIED,"{""class_absence_supported"":{""value"":true,""evidence"":[""Χωρίς παθολογικά ευρήµατα από τον έλεγχο των χιαστών και του έσω πλαγίου συνδέσµου, του εσω µηνίσκου.""]},""high_grade_tear"":{""value"":false,""evidence"":[""Χωρίς παθολογικά ευρήµατα από τον έλεγχο των χιαστών και του έσω πλαγίου συνδέσµου, του εσω µηνίσκου.""]},""acute_injury"":{""value"":null,""evidence"":[]},""low_grade_only"":{""value"":null,""evidence"":[]},""postoperative_only"":{""value"":null,""evidence"":[]}}",NO,NO,0.05,1.0,1,[],L1_REPORT_ONLY,OK
1.2.826.0.1.3680043.8.498.17070139245390396445395414066427036835,Medial Meniscus,117a84a6ad3dab626e29c1a352c8dcc4fa83e26a40380a93c4a1d7fc1314264b,bd21820d1841e98a29bcc6e94cb4b8732fc4ea77f664eac0aeef185d07c02c4c,UNKNOWN,PRESENT,"[""Παθολογικό σήµα αναγνωρίζεται στο οπίσθιο κέρας του έσω µηνίσκου ο οποίος παρουσιάζει ήπιο υπεξάρθρηµα."",""Χωρίς παθολογικά ευρήµατα από τον έλεγχο των χιαστών και του έσω πλαγίου συνδέσµου, του εσω µηνίσκου."",""Απλή εκφύλιση χωρίς ρήξη, έσω µηνίσκου.""]","{""code"":""MEDIAL_MENISCUS"",""text"":""έσω µηνίσκου""}","{""grade"":""UNSPECIFIED"",""text"":""""}","""στο οπίσθιο κέρας του έσω µηνίσκου""",UNSPECIFIED,"{""class_absence_supported"":{""value"":null,""evidence"":[]},""definite_meniscal_tear"":{""value"":false,""evidence"":[""Απλή εκφύλιση χωρίς ρήξη, έσω µηνίσκου.""]},""internal_degeneration_only"":{""value"":true,""evidence"":[""Απλή εκφύλιση χωρίς ρήξη, έσω µηνίσκου.""]},""postoperative_only"":{""value"":null,""evidence"":[]}}",NO,UNKNOWN,,0.0,0,"[""llm_mapper_disagreement"",""llm_review:Medial meniscal abnormal signal, mild subluxation and degeneration conflict with the statement of no pathological medial meniscal findings."",""llm_review:The conclusion explicitly excludes a medial meniscal tear."",""negation_scope_review"",""unresolved_contradiction"",""pilot_text_review_mask""]",L1_REPORT_ONLY,OK
1.2.826.0.1.3680043.8.498.17070139245390396445395414066427036835,Lateral Meniscus,117a84a6ad3dab626e29c1a352c8dcc4fa83e26a40380a93c4a1d7fc1314264b,bd21820d1841e98a29bcc6e94cb4b8732fc4ea77f664eac0aeef185d07c02c4c,UNKNOWN,PRESENT,"[""Σηµειώνεται παθολογικό σήµα κατά το σώµα και οπίσθιο κέρας ευµεγέθους έξω µηνίσκου."",""Συνυπάρχει παθολογικό σήµα και στο πρόσθιο κέρας."",""Σύµπλοκη ρήξη, κάθετη σώµατος και ακτινωτή οπισθίου κέρατος δισκοειδούς έξω µηνίσκου µε ύδραρθρο.""]","{""code"":""LATERAL_MENISCUS"",""text"":""δισκοειδούς έξω µηνίσκου""}","{""grade"":""UNSPECIFIED"",""text"":""""}","""κάθετη σώµατος και ακτινωτή οπισθίου κέρατος""",UNSPECIFIED,"{""class_absence_supported"":{""value"":null,""evidence"":[]},""definite_meniscal_tear"":{""value"":true,""evidence"":[""Σύµπλοκη ρήξη, κάθετη σώµατος και ακτινωτή οπισθίου κέρατος δισκοειδούς έξω µηνίσκου µε ύδραρθρο.""]},""internal_degeneration_only"":{""value"":false,""evidence"":[""Σύµπλοκη ρήξη, κάθετη σώµατος και ακτινωτή οπισθίου κέρατος δισκοειδούς έξω µηνίσκου µε ύδραρθρο.""]},""postoperative_only"":{""value"":null,""evidence"":[]}}",YES,YES,0.95,1.0,1,[],L1_REPORT_ONLY,OK
1.2.826.0.1.3680043.8.498.17070139245390396445395414066427036835,Medial OA,117a84a6ad3dab626e29c1a352c8dcc4fa83e26a40380a93c4a1d7fc1314264b,bd21820d1841e98a29bcc6e94cb4b8732fc4ea77f664eac0aeef185d07c02c4c,UNKNOWN,ABSENT,"[""Από τον έλεγχο του εκτατικού µηχανισµού, του αρθρικού χόνδρου και του οστικού µυελού δεν σηµειώθηκε αξιοσηµείωτη παθολογία.""]","{""code"":""UNKNOWN"",""text"":""του αρθρικού χόνδρου""}","{""grade"":""NONE"",""text"":""δεν σηµειώθηκε αξιοσηµείωτη παθολογία""}","""""",UNSPECIFIED,"{""class_absence_supported"":{""value"":true,""evidence"":[""Από τον έλεγχο του εκτατικού µηχανισµού, του αρθρικού χόνδρου και του οστικού µυελού δεν σηµειώθηκε αξιοσηµείωτη παθολογία.""]},""cartilage_loss_gt50pct"":{""value"":false,""evidence"":[""Από τον έλεγχο του εκτατικού µηχανισµού, του αρθρικού χόνδρου και του οστικού µυελού δεν σηµειώθηκε αξιοσηµείωτη παθολογία.""]},""cartilage_extent_ge10mm"":{""value"":null,""evidence"":[]},""low_grade_only"":{""value"":null,""evidence"":[]}}",NO,UNKNOWN,,0.0,0,"[""anatomy_missing_or_wrong"",""llm_review:General articular cartilage negative; compartments are not individually named."",""pilot_text_review_mask""]",L1_REPORT_ONLY,OK
1.2.826.0.1.3680043.8.498.17070139245390396445395414066427036835,Lateral OA,117a84a6ad3dab626e29c1a352c8dcc4fa83e26a40380a93c4a1d7fc1314264b,bd21820d1841e98a29bcc6e94cb4b8732fc4ea77f664eac0aeef185d07c02c4c,UNKNOWN,ABSENT,"[""Από τον έλεγχο του εκτατικού µηχανισµού, του αρθρικού χόνδρου και του οστικού µυελού δεν σηµειώθηκε αξιοσηµείωτη παθολογία.""]","{""code"":""UNKNOWN"",""text"":""του αρθρικού χόνδρου""}","{""grade"":""NONE"",""text"":""δεν σηµειώθηκε αξιοσηµείωτη παθολογία""}","""""",UNSPECIFIED,"{""class_absence_supported"":{""value"":true,""evidence"":[""Από τον έλεγχο του εκτατικού µηχανισµού, του αρθρικού χόνδρου και του οστικού µυελού δεν σηµειώθηκε αξιοσηµείωτη παθολογία.""]},""cartilage_loss_gt50pct"":{""value"":false,""evidence"":[""Από τον έλεγχο του εκτατικού µηχανισµού, του αρθρικού χόνδρου και του οστικού µυελού δεν σηµειώθηκε αξιοσηµείωτη παθολογία.""]},""cartilage_extent_ge10mm"":{""value"":null,""evidence"":[]},""low_grade_only"":{""value"":null,""evidence"":[]}}",NO,UNKNOWN,,0.0,0,"[""anatomy_missing_or_wrong"",""llm_review:General articular cartilage negative; compartments are not individually named."",""pilot_text_review_mask""]",L1_REPORT_ONLY,OK
1.2.826.0.1.3680043.8.498.17070139245390396445395414066427036835,PF OA,117a84a6ad3dab626e29c1a352c8dcc4fa83e26a40380a93c4a1d7fc1314264b,bd21820d1841e98a29bcc6e94cb4b8732fc4ea77f664eac0aeef185d07c02c4c,UNKNOWN,ABSENT,"[""Από τον έλεγχο του εκτατικού µηχανισµού, του αρθρικού χόνδρου και του οστικού µυελού δεν σηµειώθηκε αξιοσηµείωτη παθολογία.""]","{""code"":""UNKNOWN"",""text"":""του αρθρικού χόνδρου""}","{""grade"":""NONE"",""text"":""δεν σηµειώθηκε αξιοσηµείωτη παθολογία""}","""""",UNSPECIFIED,"{""class_absence_supported"":{""value"":true,""evidence"":[""Από τον έλεγχο του εκτατικού µηχανισµού, του αρθρικού χόνδρου και του οστικού µυελού δεν σηµειώθηκε αξιοσηµείωτη παθολογία.""]},""cartilage_loss_gt50pct"":{""value"":false,""evidence"":[""Από τον έλεγχο του εκτατικού µηχανισµού, του αρθρικού χόνδρου και του οστικού µυελού δεν σηµειώθηκε αξιοσηµείωτη παθολογία.""]},""cartilage_extent_ge10mm"":{""value"":null,""evidence"":[]},""low_grade_only"":{""value"":null,""evidence"":[]}}",NO,UNKNOWN,,0.0,0,"[""anatomy_missing_or_wrong"",""llm_review:General articular cartilage negative; compartments are not individually named."",""pilot_text_review_mask""]",L1_REPORT_ONLY,OK
1.2.826.0.1.3680043.8.498.17070139245390396445395414066427036835,Effusion,117a84a6ad3dab626e29c1a352c8dcc4fa83e26a40380a93c4a1d7fc1314264b,bd21820d1841e98a29bcc6e94cb4b8732fc4ea77f664eac0aeef185d07c02c4c,UNKNOWN,PRESENT,"[""Αναγνωρίζεται µέτρια ποσότητα υγρού ενδαρθρικά."",""Σύµπλοκη ρήξη, κάθετη σώµατος και ακτινωτή οπισθίου κέρατος δισκοειδούς έξω µηνίσκου µε ύδραρθρο.""]","{""code"":""KNEE_JOINT"",""text"":""ενδαρθρικά""}","{""grade"":""MODERATE"",""text"":""µέτρια ποσότητα υγρού""}","""""",UNSPECIFIED,"{""class_absence_supported"":{""value"":null,""evidence"":[]},""joint_distension"":{""value"":null,""evidence"":[]},""low_grade_only"":{""value"":false,""evidence"":[""Αναγνωρίζεται µέτρια ποσότητα υγρού ενδαρθρικά.""]}}",UNKNOWN,UNKNOWN,0.8,0.25,1,"[""criteria_anatomy_severity_extent_or_timing_insufficient"",""llm_review:Moderate intra-articular fluid is explicit; joint distension is not explicitly described.""]",L1_REPORT_ONLY,OK
1.2.826.0.1.3680043.8.498.17070139245390396445395414066427036835,Synovitis,117a84a6ad3dab626e29c1a352c8dcc4fa83e26a40380a93c4a1d7fc1314264b,bd21820d1841e98a29bcc6e94cb4b8732fc4ea77f664eac0aeef185d07c02c4c,UNKNOWN,NOT_MENTIONED,[],"{""code"":""UNKNOWN"",""text"":""""}","{""grade"":""UNSPECIFIED"",""text"":""""}","""""",UNSPECIFIED,"{""class_absence_supported"":{""value"":null,""evidence"":[]},""direct_synovial_evidence"":{""value"":null,""evidence"":[]}}",UNKNOWN,UNKNOWN,,0.0,0,[],L1_REPORT_ONLY,OK
1.2.826.0.1.3680043.8.498.17070139245390396445395414066427036835,Baker's,117a84a6ad3dab626e29c1a352c8dcc4fa83e26a40380a93c4a1d7fc1314264b,bd21820d1841e98a29bcc6e94cb4b8732fc4ea77f664eac0aeef185d07c02c4c,UNKNOWN,NOT_MENTIONED,[],"{""code"":""UNKNOWN"",""text"":""""}","{""grade"":""UNSPECIFIED"",""text"":""""}","""""",UNSPECIFIED,"{""class_absence_supported"":{""value"":null,""evidence"":[]},""typical_baker_location"":{""value"":null,""evidence"":[]},""low_grade_only"":{""value"":null,""evidence"":[]}}",UNKNOWN,UNKNOWN,,0.0,0,[],L1_REPORT_ONLY,OK
1.2.826.0.1.3680043.8.498.17070139245390396445395414066427036835,Contusion,117a84a6ad3dab626e29c1a352c8dcc4fa83e26a40380a93c4a1d7fc1314264b,bd21820d1841e98a29bcc6e94cb4b8732fc4ea77f664eac0aeef185d07c02c4c,UNKNOWN,ABSENT,"[""Από τον έλεγχο του εκτατικού µηχανισµού, του αρθρικού χόνδρου και του οστικού µυελού δεν σηµειώθηκε αξιοσηµείωτη παθολογία.""]","{""code"":""BONE"",""text"":""του οστικού µυελού""}","{""grade"":""NONE"",""text"":""δεν σηµειώθηκε αξιοσηµείωτη παθολογία""}","""""",UNSPECIFIED,"{""class_absence_supported"":{""value"":true,""evidence"":[""Από τον έλεγχο του εκτατικού µηχανισµού, του αρθρικού χόνδρου και του οστικού µυελού δεν σηµειώθηκε αξιοσηµείωτη παθολογία.""]},""traumatic_marrow_edema"":{""value"":false,""evidence"":[""Από τον έλεγχο του εκτατικού µηχανισµού, του αρθρικού χόνδρου και του οστικού µυελού δεν σηµειώθηκε αξιοσηµείωτη παθολογία.""]},""fracture_line_present"":{""value"":null,""evidence"":[]},""degenerative_only"":{""value"":null,""evidence"":[]}}",NO,NO,,0.0,0,"[""pilot_text_review_mask""]",L1_REPORT_ONLY,OK
1.2.826.0.1.3680043.8.498.17070139245390396445395414066427036835,Fracture,117a84a6ad3dab626e29c1a352c8dcc4fa83e26a40380a93c4a1d7fc1314264b,bd21820d1841e98a29bcc6e94cb4b8732fc4ea77f664eac0aeef185d07c02c4c,UNKNOWN,NOT_MENTIONED,[],"{""code"":""UNKNOWN"",""text"":""""}","{""grade"":""UNSPECIFIED"",""text"":""""}","""""",UNSPECIFIED,"{""class_absence_supported"":{""value"":null,""evidence"":[]},""fracture_line_present"":{""value"":null,""evidence"":[]},""acute_injury"":{""value"":null,""evidence"":[]},""procedure_only"":{""value"":null,""evidence"":[]}}",UNKNOWN,UNKNOWN,,0.0,0,[],L1_REPORT_ONLY,OK
1.2.826.0.1.3680043.8.498.17107696939614797679012793547913769707,ACL,39ec626ccdd8c52cc01fd056193306ae75952291097314da38dd8275b7373bf2,343bf45548cb7de8a309b799214c5ba71e6362b4d039f4aab252977b7d744c86,hr_sr_bs,PRESENT,"[""Ruptura prednjeg križnog ligamenta.""]","{""code"":""ACL"",""text"":""prednjeg križnog ligamenta""}","{""grade"":""UNSPECIFIED"",""text"":""""}","""""",UNSPECIFIED,"{""class_absence_supported"":{""value"":null,""evidence"":[]},""high_grade_tear"":{""value"":null,""evidence"":[]},""low_grade_only"":{""value"":null,""evidence"":[]},""postoperative_only"":{""value"":null,""evidence"":[]}}",UNKNOWN,UNKNOWN,,0.0,0,"[""criteria_anatomy_severity_extent_or_timing_insufficient"",""llm_review:ACL rupture is diagnosed, but partial versus complete rupture and tear grade are unspecified."",""llm_review:Injury timing is unspecified.""]",L1_REPORT_ONLY,OK
1.2.826.0.1.3680043.8.498.17107696939614797679012793547913769707,MCL,39ec626ccdd8c52cc01fd056193306ae75952291097314da38dd8275b7373bf2,343bf45548cb7de8a309b799214c5ba71e6362b4d039f4aab252977b7d744c86,hr_sr_bs,ABSENT,"[""Uredna je morfologija i intenziteti signala kolateralnih ligamenata""]","{""code"":""MCL"",""text"":""kolateralnih ligamenata""}","{""grade"":""NONE"",""text"":""Uredna je morfologija i intenziteti signala kolateralnih ligamenata""}","""""",UNSPECIFIED,"{""class_absence_supported"":{""value"":true,""evidence"":[""Uredna je morfologija i intenziteti signala kolateralnih ligamenata""]},""high_grade_tear"":{""value"":false,""evidence"":[""Uredna je morfologija i intenziteti signala kolateralnih ligamenata""]},""acute_injury"":{""value"":false,""evidence"":[""Uredna je morfologija i intenziteti signala kolateralnih ligamenata""]},""low_grade_only"":{""value"":null,""evidence"":[]},""postoperative_only"":{""value"":null,""evidence"":[]}}",NO,NO,0.05,1.0,1,[],L1_REPORT_ONLY,OK
1.2.826.0.1.3680043.8.498.17107696939614797679012793547913769707,Medial Meniscus,39ec626ccdd8c52cc01fd056193306ae75952291097314da38dd8275b7373bf2,343bf45548cb7de8a309b799214c5ba71e6362b4d039f4aab252977b7d744c86,hr_sr_bs,PRESENT,"[""Vidi se vertikalna ruptura stražnjeg roga medijalnog meniska.""]","{""code"":""MEDIAL_MENISCUS"",""text"":""stražnjeg roga medijalnog meniska""}","{""grade"":""UNSPECIFIED"",""text"":""""}","""stražnjeg roga""",UNSPECIFIED,"{""class_absence_supported"":{""value"":null,""evidence"":[]},""definite_meniscal_tear"":{""value"":true,""evidence"":[""Vidi se vertikalna ruptura stražnjeg roga medijalnog meniska.""]},""internal_degeneration_only"":{""value"":false,""evidence"":[""Vidi se vertikalna ruptura stražnjeg roga medijalnog meniska.""]},""postoperative_only"":{""value"":null,""evidence"":[]}}",YES,YES,0.95,1.0,1,[],L1_REPORT_ONLY,OK
1.2.826.0.1.3680043.8.498.17107696939614797679012793547913769707,Lateral Meniscus,39ec626ccdd8c52cc01fd056193306ae75952291097314da38dd8275b7373bf2,343bf45548cb7de8a309b799214c5ba71e6362b4d039f4aab252977b7d744c86,hr_sr_bs,PRESENT,"[""Radijalna ruptura stražnjeg roga lateralnog meniska.""]","{""code"":""LATERAL_MENISCUS"",""text"":""stražnjeg roga lateralnog meniska""}","{""grade"":""UNSPECIFIED"",""text"":""""}","""stražnjeg roga""",UNSPECIFIED,"{""class_absence_supported"":{""value"":null,""evidence"":[]},""definite_meniscal_tear"":{""value"":true,""evidence"":[""Radijalna ruptura stražnjeg roga lateralnog meniska.""]},""internal_degeneration_only"":{""value"":false,""evidence"":[""Radijalna ruptura stražnjeg roga lateralnog meniska.""]},""postoperative_only"":{""value"":null,""evidence"":[]}}",YES,YES,0.95,1.0,1,[],L1_REPORT_ONLY,OK
1.2.826.0.1.3680043.8.498.17107696939614797679012793547913769707,Medial OA,39ec626ccdd8c52cc01fd056193306ae75952291097314da38dd8275b7373bf2,343bf45548cb7de8a309b799214c5ba71e6362b4d039f4aab252977b7d744c86,hr_sr_bs,ABSENT,"[""Prikazane artikulacijske hrskavice urednih su intenziteta signala.""]","{""code"":""UNKNOWN"",""text"":""Prikazane artikulacijske hrskavice""}","{""grade"":""UNSPECIFIED"",""text"":""""}","""""",UNSPECIFIED,"{""class_absence_supported"":{""value"":null,""evidence"":[]},""cartilage_loss_gt50pct"":{""value"":null,""evidence"":[]},""cartilage_extent_ge10mm"":{""value"":null,""evidence"":[]},""low_grade_only"":{""value"":null,""evidence"":[]}}",UNKNOWN,UNKNOWN,,0.0,0,"[""anatomy_missing_or_wrong"",""llm_review:Medial compartment localization, cartilage depth and extent are unspecified."",""llm_review:The general cartilage negative describes normal signal only; it does not explicitly exclude qualifying cartilage thickness loss."",""negative_scope_insufficient"",""pilot_text_review_mask""]",L1_REPORT_ONLY,OK
1.2.826.0.1.3680043.8.498.17107696939614797679012793547913769707,Lateral OA,39ec626ccdd8c52cc01fd056193306ae75952291097314da38dd8275b7373bf2,343bf45548cb7de8a309b799214c5ba71e6362b4d039f4aab252977b7d744c86,hr_sr_bs,ABSENT,"[""Prikazane artikulacijske hrskavice urednih su intenziteta signala.""]","{""code"":""UNKNOWN"",""text"":""Prikazane artikulacijske hrskavice""}","{""grade"":""UNSPECIFIED"",""text"":""""}","""""",UNSPECIFIED,"{""class_absence_supported"":{""value"":null,""evidence"":[]},""cartilage_loss_gt50pct"":{""value"":null,""evidence"":[]},""cartilage_extent_ge10mm"":{""value"":null,""evidence"":[]},""low_grade_only"":{""value"":null,""evidence"":[]}}",UNKNOWN,UNKNOWN,,0.0,0,"[""anatomy_missing_or_wrong"",""llm_review:Lateral compartment localization, cartilage depth and extent are unspecified."",""llm_review:The general cartilage negative describes normal signal only; it does not explicitly exclude qualifying cartilage thickness loss."",""negative_scope_insufficient"",""pilot_text_review_mask""]",L1_REPORT_ONLY,OK
1.2.826.0.1.3680043.8.498.17107696939614797679012793547913769707,PF OA,39ec626ccdd8c52cc01fd056193306ae75952291097314da38dd8275b7373bf2,343bf45548cb7de8a309b799214c5ba71e6362b4d039f4aab252977b7d744c86,hr_sr_bs,ABSENT,"[""Prikazane artikulacijske hrskavice urednih su intenziteta signala.""]","{""code"":""UNKNOWN"",""text"":""Prikazane artikulacijske hrskavice""}","{""grade"":""UNSPECIFIED"",""text"":""""}","""""",UNSPECIFIED,"{""class_absence_supported"":{""value"":null,""evidence"":[]},""cartilage_loss_gt50pct"":{""value"":null,""evidence"":[]},""cartilage_extent_ge10mm"":{""value"":null,""evidence"":[]},""low_grade_only"":{""value"":null,""evidence"":[]}}",UNKNOWN,UNKNOWN,,0.0,0,"[""anatomy_missing_or_wrong"",""llm_review:Patellofemoral compartment localization, cartilage depth and extent are unspecified."",""llm_review:The general cartilage negative describes normal signal only; it does not explicitly exclude qualifying cartilage thickness loss."",""negative_scope_insufficient"",""pilot_text_review_mask""]",L1_REPORT_ONLY,OK
1.2.826.0.1.3680043.8.498.17107696939614797679012793547913769707,Effusion,39ec626ccdd8c52cc01fd056193306ae75952291097314da38dd8275b7373bf2,343bf45548cb7de8a309b799214c5ba71e6362b4d039f4aab252977b7d744c86,hr_sr_bs,PRESENT,"[""Manja količina slobodne tekućine u zglobnom prostoru.""]","{""code"":""KNEE_JOINT"",""text"":""u zglobnom prostoru""}","{""grade"":""MILD"",""text"":""Manja količina""}","""""",UNSPECIFIED,"{""class_absence_supported"":{""value"":null,""evidence"":[]},""joint_distension"":{""value"":null,""evidence"":[]},""low_grade_only"":{""value"":true,""evidence"":[""Manja količina slobodne tekućine u zglobnom prostoru.""]}}",NO,NO,0.05,1.0,1,"[""explicit_subthreshold_or_alternative""]",L1_REPORT_ONLY,OK
1.2.826.0.1.3680043.8.498.17107696939614797679012793547913769707,Synovitis,39ec626ccdd8c52cc01fd056193306ae75952291097314da38dd8275b7373bf2,343bf45548cb7de8a309b799214c5ba71e6362b4d039f4aab252977b7d744c86,hr_sr_bs,NOT_MENTIONED,[],"{""code"":""UNKNOWN"",""text"":""""}","{""grade"":""UNSPECIFIED"",""text"":""""}","""""",UNSPECIFIED,"{""class_absence_supported"":{""value"":null,""evidence"":[]},""direct_synovial_evidence"":{""value"":null,""evidence"":[]}}",UNKNOWN,UNKNOWN,,0.0,0,[],L1_REPORT_ONLY,OK
1.2.826.0.1.3680043.8.498.17107696939614797679012793547913769707,Baker's,39ec626ccdd8c52cc01fd056193306ae75952291097314da38dd8275b7373bf2,343bf45548cb7de8a309b799214c5ba71e6362b4d039f4aab252977b7d744c86,hr_sr_bs,NOT_MENTIONED,[],"{""code"":""UNKNOWN"",""text"":""""}","{""grade"":""UNSPECIFIED"",""text"":""""}","""""",UNSPECIFIED,"{""class_absence_supported"":{""value"":null,""evidence"":[]},""typical_baker_location"":{""value"":null,""evidence"":[]},""low_grade_only"":{""value"":null,""evidence"":[]}}",UNKNOWN,UNKNOWN,,0.0,0,[],L1_REPORT_ONLY,OK
1.2.826.0.1.3680043.8.498.17107696939614797679012793547913769707,Contusion,39ec626ccdd8c52cc01fd056193306ae75952291097314da38dd8275b7373bf2,343bf45548cb7de8a309b799214c5ba71e6362b4d039f4aab252977b7d744c86,hr_sr_bs,NOT_MENTIONED,[],"{""code"":""UNKNOWN"",""text"":""""}","{""grade"":""UNSPECIFIED"",""text"":""""}","""""",UNSPECIFIED,"{""class_absence_supported"":{""value"":null,""evidence"":[]},""traumatic_marrow_edema"":{""value"":null,""evidence"":[]},""fracture_line_present"":{""value"":null,""evidence"":[]},""degenerative_only"":{""value"":null,""evidence"":[]}}",UNKNOWN,UNKNOWN,,0.0,0,[],L1_REPORT_ONLY,OK
1.2.826.0.1.3680043.8.498.17107696939614797679012793547913769707,Fracture,39ec626ccdd8c52cc01fd056193306ae75952291097314da38dd8275b7373bf2,343bf45548cb7de8a309b799214c5ba71e6362b4d039f4aab252977b7d744c86,hr_sr_bs,NOT_MENTIONED,[],"{""code"":""UNKNOWN"",""text"":""""}","{""grade"":""UNSPECIFIED"",""text"":""""}","""""",UNSPECIFIED,"{""class_absence_supported"":{""value"":null,""evidence"":[]},""fracture_line_present"":{""value"":null,""evidence"":[]},""acute_injury"":{""value"":null,""evidence"":[]},""procedure_only"":{""value"":null,""evidence"":[]}}",UNKNOWN,UNKNOWN,,0.0,0,[],L1_REPORT_ONLY,OK
1.2.826.0.1.3680043.8.498.17427902052389033416295416299697276519,ACL,ed3d4f3dcb8edbc2f1c270d5d2f3bce9920b36f0fc958a15a990208a0afd16af,c67b0e44c4250d3c5b3c35c27ed13bd7e990ee1306bce837a13f9b794629a436,el,ABSENT,"[""Χιαστοί και πλάγιοι σύνδεσµοι, αρθρικός χόνδρος και εκτατικός µηχανισµός δεν παρουσιάζουν παθολογικά ευρήµατα."",""∆εν παρατηρούνται άξια λόγου ευρήµατα από τον αδρό έλεγχο των χιαστών και πλαγίων συνδέσµων.""]","{""code"":""ACL"",""text"":""Χιαστοί""}","{""grade"":""NONE"",""text"":""δεν παρουσιάζουν παθολογικά ευρήµατα""}","""""",UNSPECIFIED,"{""class_absence_supported"":{""value"":true,""evidence"":[""Χιαστοί και πλάγιοι σύνδεσµοι, αρθρικός χόνδρος και εκτατικός µηχανισµός δεν παρουσιάζουν παθολογικά ευρήµατα.""]},""high_grade_tear"":{""value"":false,""evidence"":[""Χιαστοί και πλάγιοι σύνδεσµοι, αρθρικός χόνδρος και εκτατικός µηχανισµός δεν παρουσιάζουν παθολογικά ευρήµατα.""]},""low_grade_only"":{""value"":null,""evidence"":[]},""postoperative_only"":{""value"":null,""evidence"":[]}}",NO,NO,0.05,1.0,1,"[""llm_review:Two reports are filed under this study; the second describes only a gross ligament assessment.""]",L1_REPORT_ONLY,OK
1.2.826.0.1.3680043.8.498.17427902052389033416295416299697276519,MCL,ed3d4f3dcb8edbc2f1c270d5d2f3bce9920b36f0fc958a15a990208a0afd16af,c67b0e44c4250d3c5b3c35c27ed13bd7e990ee1306bce837a13f9b794629a436,el,ABSENT,"[""Χιαστοί και πλάγιοι σύνδεσµοι, αρθρικός χόνδρος και εκτατικός µηχανισµός δεν παρουσιάζουν παθολογικά ευρήµατα."",""∆εν παρατηρούνται άξια λόγου ευρήµατα από τον αδρό έλεγχο των χιαστών και πλαγίων συνδέσµων.""]","{""code"":""MCL"",""text"":""πλάγιοι σύνδεσµοι""}","{""grade"":""NONE"",""text"":""δεν παρουσιάζουν παθολογικά ευρήµατα""}","""""",UNSPECIFIED,"{""class_absence_supported"":{""value"":true,""evidence"":[""Χιαστοί και πλάγιοι σύνδεσµοι, αρθρικός χόνδρος και εκτατικός µηχανισµός δεν παρουσιάζουν παθολογικά ευρήµατα.""]},""high_grade_tear"":{""value"":false,""evidence"":[""Χιαστοί και πλάγιοι σύνδεσµοι, αρθρικός χόνδρος και εκτατικός µηχανισµός δεν παρουσιάζουν παθολογικά ευρήµατα.""]},""acute_injury"":{""value"":null,""evidence"":[]},""low_grade_only"":{""value"":null,""evidence"":[]},""postoperative_only"":{""value"":null,""evidence"":[]}}",NO,NO,0.05,1.0,1,"[""llm_review:Two reports are filed under this study; the second describes only a gross ligament assessment.""]",L1_REPORT_ONLY,OK
1.2.826.0.1.3680043.8.498.17427902052389033416295416299697276519,Medial Meniscus,ed3d4f3dcb8edbc2f1c270d5d2f3bce9920b36f0fc958a15a990208a0afd16af,c67b0e44c4250d3c5b3c35c27ed13bd7e990ee1306bce837a13f9b794629a436,el,PRESENT,"[""εκφυλιστική ρήξη του έσω µηνίσκου µε υπεξάρθρηµα αυτού"",""εκφυλιστική ρήξη και υπεξάρθρηµα του έσω µηνίσκου""]","{""code"":""MEDIAL_MENISCUS"",""text"":""έσω µηνίσκου""}","{""grade"":""UNSPECIFIED"",""text"":""""}","""""",CURRENT_CHRONIC,"{""class_absence_supported"":{""value"":null,""evidence"":[]},""definite_meniscal_tear"":{""value"":true,""evidence"":[""εκφυλιστική ρήξη του έσω µηνίσκου µε υπεξάρθρηµα αυτού"",""εκφυλιστική ρήξη και υπεξάρθρηµα του έσω µηνίσκου""]},""internal_degeneration_only"":{""value"":false,""evidence"":[""εκφυλιστική ρήξη του έσω µηνίσκου""]},""postoperative_only"":{""value"":null,""evidence"":[]}}",YES,YES,0.95,1.0,1,"[""llm_review:Tear extent and severity are unspecified; two reports are filed under this study.""]",L1_REPORT_ONLY,OK
1.2.826.0.1.3680043.8.498.17427902052389033416295416299697276519,Lateral Meniscus,ed3d4f3dcb8edbc2f1c270d5d2f3bce9920b36f0fc958a15a990208a0afd16af,c67b0e44c4250d3c5b3c35c27ed13bd7e990ee1306bce837a13f9b794629a436,el,ABSENT,"[""Στο έξω µεσάρθριο διάστηµα δεν παρατηρούνται αξιόλογα ευρήµατα."",""Χωρίς άξια λόγου ευρήµατα στο έξω µεσάρθριο διάστηµα.""]","{""code"":""LATERAL_MENISCUS"",""text"":""έξω µεσάρθριο διάστηµα""}","{""grade"":""NONE"",""text"":""δεν παρατηρούνται αξιόλογα ευρήµατα""}","""""",UNSPECIFIED,"{""class_absence_supported"":{""value"":null,""evidence"":[]},""definite_meniscal_tear"":{""value"":null,""evidence"":[]},""internal_degeneration_only"":{""value"":null,""evidence"":[]},""postoperative_only"":{""value"":null,""evidence"":[]}}",UNKNOWN,UNKNOWN,,0.0,0,"[""llm_review:The negative addresses noteworthy lateral-compartment findings without explicitly assessing the lateral meniscus or excluding every qualifying tear."",""negative_scope_insufficient""]",L1_REPORT_ONLY,OK
1.2.826.0.1.3680043.8.498.17427902052389033416295416299697276519,Medial OA,ed3d4f3dcb8edbc2f1c270d5d2f3bce9920b36f0fc958a15a990208a0afd16af,c67b0e44c4250d3c5b3c35c27ed13bd7e990ee1306bce837a13f9b794629a436,el,PRESENT,"[""Χιαστοί και πλάγιοι σύνδεσµοι, αρθρικός χόνδρος και εκτατικός µηχανισµός δεν παρουσιάζουν παθολογικά ευρήµατα."",""Αντίστοιχα µε το έσω µεσάρθριο διάστηµα σηµειώνονται υφολικού πάχους διαβρώσεις του αρθρικού χόνδρου, επιχείλιοι οστεοφυτικοί σχηµατισµοί""]","{""code"":""MEDIAL_TIBIOFEMORAL"",""text"":""έσω µεσάρθριο διάστηµα""}","{""grade"":""UNSPECIFIED"",""text"":""υφολικού πάχους διαβρώσεις του αρθρικού χόνδρου""}","""""",CURRENT_CHRONIC,"{""class_absence_supported"":{""value"":null,""evidence"":[]},""cartilage_loss_gt50pct"":{""value"":true,""evidence"":[""υφολικού πάχους διαβρώσεις του αρθρικού χόνδρου""]},""cartilage_extent_ge10mm"":{""value"":null,""evidence"":[]},""low_grade_only"":{""value"":false,""evidence"":[""υφολικού πάχους διαβρώσεις του αρθρικού χόνδρου""]}}",UNKNOWN,UNKNOWN,,0.0,0,"[""llm_review:Cartilage-loss extent is not reported."",""llm_review:Normal cartilage in the first report conflicts with subtotal-thickness medial cartilage erosions in the second; bilateral/report attribution requires review."",""negation_scope_review"",""unresolved_contradiction"",""pilot_text_review_mask""]",L1_REPORT_ONLY,OK
1.2.826.0.1.3680043.8.498.17427902052389033416295416299697276519,Lateral OA,ed3d4f3dcb8edbc2f1c270d5d2f3bce9920b36f0fc958a15a990208a0afd16af,c67b0e44c4250d3c5b3c35c27ed13bd7e990ee1306bce837a13f9b794629a436,el,ABSENT,"[""Στο έξω µεσάρθριο διάστηµα δεν παρατηρούνται αξιόλογα ευρήµατα."",""Χιαστοί και πλάγιοι σύνδεσµοι, αρθρικός χόνδρος και εκτατικός µηχανισµός δεν παρουσιάζουν παθολογικά ευρήµατα."",""Χωρίς άξια λόγου ευρήµατα στο έξω µεσάρθριο διάστηµα.""]","{""code"":""LATERAL_TIBIOFEMORAL"",""text"":""έξω µεσάρθριο διάστηµα""}","{""grade"":""NONE"",""text"":""δεν παρουσιάζουν παθολογικά ευρήµατα""}","""""",UNSPECIFIED,"{""class_absence_supported"":{""value"":true,""evidence"":[""Χιαστοί και πλάγιοι σύνδεσµοι, αρθρικός χόνδρος και εκτατικός µηχανισµός δεν παρουσιάζουν παθολογικά ευρήµατα.""]},""cartilage_loss_gt50pct"":{""value"":false,""evidence"":[""Χιαστοί και πλάγιοι σύνδεσµοι, αρθρικός χόνδρος και εκτατικός µηχανισµός δεν παρουσιάζουν παθολογικά ευρήµατα.""]},""cartilage_extent_ge10mm"":{""value"":null,""evidence"":[]},""low_grade_only"":{""value"":null,""evidence"":[]}}",NO,NO,0.05,1.0,1,"[""llm_review:Two reports are filed under this study; the second gives a general lateral-compartment negative.""]",L1_REPORT_ONLY,OK
1.2.826.0.1.3680043.8.498.17427902052389033416295416299697276519,PF OA,ed3d4f3dcb8edbc2f1c270d5d2f3bce9920b36f0fc958a15a990208a0afd16af,c67b0e44c4250d3c5b3c35c27ed13bd7e990ee1306bce837a13f9b794629a436,el,ABSENT,"[""Χιαστοί και πλάγιοι σύνδεσµοι, αρθρικός χόνδρος και εκτατικός µηχανισµός δεν παρουσιάζουν παθολογικά ευρήµατα.""]","{""code"":""UNKNOWN"",""text"":""αρθρικός χόνδρος""}","{""grade"":""NONE"",""text"":""δεν παρουσιάζουν παθολογικά ευρήµατα""}","""""",UNSPECIFIED,"{""class_absence_supported"":{""value"":true,""evidence"":[""Χιαστοί και πλάγιοι σύνδεσµοι, αρθρικός χόνδρος και εκτατικός µηχανισµός δεν παρουσιάζουν παθολογικά ευρήµατα.""]},""cartilage_loss_gt50pct"":{""value"":false,""evidence"":[""Χιαστοί και πλάγιοι σύνδεσµοι, αρθρικός χόνδρος και εκτατικός µηχανισµός δεν παρουσιάζουν παθολογικά ευρήµατα.""]},""cartilage_extent_ge10mm"":{""value"":null,""evidence"":[]},""low_grade_only"":{""value"":null,""evidence"":[]}}",NO,UNKNOWN,,0.0,0,"[""anatomy_missing_or_wrong"",""llm_review:The cartilage negative is general rather than explicitly patellofemoral; the second filed report does not specifically assess patellofemoral cartilage."",""pilot_text_review_mask""]",L1_REPORT_ONLY,OK
1.2.826.0.1.3680043.8.498.17427902052389033416295416299697276519,Effusion,ed3d4f3dcb8edbc2f1c270d5d2f3bce9920b36f0fc958a15a990208a0afd16af,c67b0e44c4250d3c5b3c35c27ed13bd7e990ee1306bce837a13f9b794629a436,el,PRESENT,"[""Παρατηρειται ικανή ενδοαρθρική συλλογή"",""Ικανή ενδοαρθρική συλλογή υγρού""]","{""code"":""KNEE_JOINT"",""text"":""ενδοαρθρική""}","{""grade"":""MODERATE"",""text"":""ικανή""}","""""",UNSPECIFIED,"{""class_absence_supported"":{""value"":null,""evidence"":[]},""joint_distension"":{""value"":null,""evidence"":[]},""low_grade_only"":{""value"":false,""evidence"":[""Παρατηρειται ικανή ενδοαρθρική συλλογή""]}}",UNKNOWN,UNKNOWN,0.8,0.25,1,"[""criteria_anatomy_severity_extent_or_timing_insufficient"",""llm_review:Substantial intra-articular fluid is reported, but joint distension is not explicit.""]",L1_REPORT_ONLY,OK
1.2.826.0.1.3680043.8.498.17427902052389033416295416299697276519,Synovitis,ed3d4f3dcb8edbc2f1c270d5d2f3bce9920b36f0fc958a15a990208a0afd16af,c67b0e44c4250d3c5b3c35c27ed13bd7e990ee1306bce837a13f9b794629a436,el,PRESENT,"[""µε στοιχεία αντιδραστικής υµενίτιδας που προϋπήρχαν""]","{""code"":""KNEE_SYNOVIUM"",""text"":""υµενίτιδας""}","{""grade"":""UNSPECIFIED"",""text"":""""}","""""",CURRENT_CHRONIC,"{""class_absence_supported"":{""value"":null,""evidence"":[]},""direct_synovial_evidence"":{""value"":true,""evidence"":[""µε στοιχεία αντιδραστικής υµενίτιδας που προϋπήρχαν""]}}",YES,YES,0.95,1.0,1,"[""llm_review:Reactive synovitis remains present and is described as pre-existing; severity and extent are unspecified.""]",L1_REPORT_ONLY,OK
1.2.826.0.1.3680043.8.498.17427902052389033416295416299697276519,Baker's,ed3d4f3dcb8edbc2f1c270d5d2f3bce9920b36f0fc958a15a990208a0afd16af,c67b0e44c4250d3c5b3c35c27ed13bd7e990ee1306bce837a13f9b794629a436,el,PRESENT,"[""ευµεγέθη κύστη Baker 4,5cm κεφαλουραίας διαµέτρου"",""Ικανή ενδοαρθρική συλλογή υγρού σε επικοινωνία µε Baker µε στοιχεία αντιδραστικής υµενίτιδας που προϋπήρχαν.""]","{""code"":""POSTEROMEDIAL_POPLITEAL"",""text"":""κύστη Baker""}","{""grade"":""SEVERE"",""text"":""ευµεγέθη""}","""4,5cm κεφαλουραίας διαµέτρου""",UNSPECIFIED,"{""class_absence_supported"":{""value"":null,""evidence"":[]},""typical_baker_location"":{""value"":true,""evidence"":[""κύστη Baker""]},""low_grade_only"":{""value"":false,""evidence"":[""ευµεγέθη κύστη Baker 4,5cm κεφαλουραίας διαµέτρου""]}}",YES,YES,0.95,1.0,1,"[""llm_review:The large measured cyst is described in the first filed report; the second does not repeat its size.""]",L1_REPORT_ONLY,OK
1.2.826.0.1.3680043.8.498.17427902052389033416295416299697276519,Contusion,ed3d4f3dcb8edbc2f1c270d5d2f3bce9920b36f0fc958a15a990208a0afd16af,c67b0e44c4250d3c5b3c35c27ed13bd7e990ee1306bce837a13f9b794629a436,el,UNCERTAIN,"[""παρουσία οστεοµυελικού οιδήµατος στην οφρύ του έσω κνηµιαίου κονδύλου. Το εύρηµα παριστά µικρής έκτασης µικροδοκιδώδες κάταγµα ανεπάρκειας."",""οστεοµυελικό οίδηµα υπαρθρικά στον έσω κνηµιαίο κόνδυλο, σε µόλις ήπια µικρότερη έκταση συγκριτικά µε τον προηγούµενο έλεγχο, ευρήµατα στο πλαίσιο εκφυλιστικών αλλοιώσεων.""]","{""code"":""BONE"",""text"":""έσω κνηµιαίο κόνδυλο""}","{""grade"":""UNSPECIFIED"",""text"":""""}","""""",UNSPECIFIED,"{""class_absence_supported"":{""value"":null,""evidence"":[]},""traumatic_marrow_edema"":{""value"":null,""evidence"":[]},""fracture_line_present"":{""value"":null,""evidence"":[]},""degenerative_only"":{""value"":null,""evidence"":[]}}",NO,UNKNOWN,0.02,0.25,1,"[""llm_mapper_disagreement"",""llm_review:Marrow edema is attributed to an insufficiency fracture in one report and degenerative changes in the other; no traumatic contusion is diagnosed."",""llm_review:No explicit fracture-line assessment is provided; the combined reports do not support a degenerative-only fact."",""uncertain_report""]",L1_REPORT_ONLY,OK
1.2.826.0.1.3680043.8.498.17427902052389033416295416299697276519,Fracture,ed3d4f3dcb8edbc2f1c270d5d2f3bce9920b36f0fc958a15a990208a0afd16af,c67b0e44c4250d3c5b3c35c27ed13bd7e990ee1306bce837a13f9b794629a436,el,PRESENT,"[""Το εύρηµα παριστά µικρής έκτασης µικροδοκιδώδες κάταγµα ανεπάρκειας."",""παρουσία οστεοµυελικού οιδήµατος στην οφρύ του έσω κνηµιαίου κονδύλου.""]","{""code"":""BONE"",""text"":""οφρύ του έσω κνηµιαίου κονδύλου""}","{""grade"":""UNSPECIFIED"",""text"":""""}","""µικρής έκτασης""",UNSPECIFIED,"{""class_absence_supported"":{""value"":null,""evidence"":[]},""fracture_line_present"":{""value"":null,""evidence"":[]},""acute_injury"":{""value"":null,""evidence"":[]},""procedure_only"":{""value"":null,""evidence"":[]}}",UNKNOWN,UNKNOWN,,0.0,0,"[""criteria_anatomy_severity_extent_or_timing_insufficient"",""llm_review:An insufficiency microtrabecular fracture is diagnosed, but acuity and a fracture line or cortical disruption are not explicitly reported."",""llm_review:The second filed report attributes persistent edema to degeneration without explicitly confirming or excluding fracture."",""timing_or_trauma_review""]",L1_REPORT_ONLY,OK
1.2.826.0.1.3680043.8.498.17618734998753079190687719289815512319,ACL,42381e8bd771197242e45424629a8da476bf4328edb399d2bba25104d4171637,b42dfaf16334d1f6efa6d17c72b61da8217310476540d5f5d8a88f9fa50f1726,es,ABSENT,"[""Ligamentos cruzados y colaterales dentro de límites normales.""]","{""code"":""ACL"",""text"":""Ligamentos cruzados""}","{""grade"":""NONE"",""text"":""dentro de límites normales""}","""""",UNSPECIFIED,"{""class_absence_supported"":{""value"":true,""evidence"":[""Ligamentos cruzados y colaterales dentro de límites normales.""]},""high_grade_tear"":{""value"":false,""evidence"":[""Ligamentos cruzados y colaterales dentro de límites normales.""]},""low_grade_only"":{""value"":null,""evidence"":[]},""postoperative_only"":{""value"":null,""evidence"":[]}}",NO,NO,0.05,1.0,1,[],L1_REPORT_ONLY,OK
1.2.826.0.1.3680043.8.498.17618734998753079190687719289815512319,MCL,42381e8bd771197242e45424629a8da476bf4328edb399d2bba25104d4171637,b42dfaf16334d1f6efa6d17c72b61da8217310476540d5f5d8a88f9fa50f1726,es,ABSENT,"[""Ligamentos cruzados y colaterales dentro de límites normales.""]","{""code"":""MCL"",""text"":""colaterales""}","{""grade"":""NONE"",""text"":""dentro de límites normales""}","""""",UNSPECIFIED,"{""class_absence_supported"":{""value"":true,""evidence"":[""Ligamentos cruzados y colaterales dentro de límites normales.""]},""high_grade_tear"":{""value"":false,""evidence"":[""Ligamentos cruzados y colaterales dentro de límites normales.""]},""acute_injury"":{""value"":null,""evidence"":[]},""low_grade_only"":{""value"":null,""evidence"":[]},""postoperative_only"":{""value"":null,""evidence"":[]}}",NO,NO,0.05,1.0,1,[],L1_REPORT_ONLY,OK
1.2.826.0.1.3680043.8.498.17618734998753079190687719289815512319,Medial Meniscus,42381e8bd771197242e45424629a8da476bf4328edb399d2bba25104d4171637,b42dfaf16334d1f6efa6d17c72b61da8217310476540d5f5d8a88f9fa50f1726,es,PRESENT,"[""Aumento de\nseñal central del cuerno posterior del menisco medial que no contacta la superficie articular."",""Fibrilación\nmarginal del cuerpo del menisco medial."",""Fibrilación marginal del menisco medial.""]","{""code"":""MEDIAL_MENISCUS"",""text"":""menisco medial""}","{""grade"":""UNSPECIFIED"",""text"":""""}","""cuerno posterior del menisco medial""",UNSPECIFIED,"{""class_absence_supported"":{""value"":null,""evidence"":[]},""definite_meniscal_tear"":{""value"":null,""evidence"":[]},""internal_degeneration_only"":{""value"":null,""evidence"":[]},""postoperative_only"":{""value"":null,""evidence"":[]}}",UNKNOWN,UNKNOWN,0.15,0.25,1,"[""criteria_anatomy_severity_extent_or_timing_insufficient"",""history_or_postoperative_scope_review"",""llm_review:Central signal does not contact the articular surface; marginal fibrillation is also described, without a definite tear diagnosis."",""negation_scope_review""]",L1_REPORT_ONLY,OK
1.2.826.0.1.3680043.8.498.17618734998753079190687719289815512319,Lateral Meniscus,42381e8bd771197242e45424629a8da476bf4328edb399d2bba25104d4171637,b42dfaf16334d1f6efa6d17c72b61da8217310476540d5f5d8a88f9fa50f1726,es,PRESENT,"[""Extensa rotura degenerativa con maceración y extrusión de la totalidad del menisco lateral."",""Extensa rotura degenerativa con maceración y extrusión del menisco lateral.""]","{""code"":""LATERAL_MENISCUS"",""text"":""menisco lateral""}","{""grade"":""UNSPECIFIED"",""text"":""""}","""la totalidad del menisco lateral""",CURRENT_CHRONIC,"{""class_absence_supported"":{""value"":null,""evidence"":[]},""definite_meniscal_tear"":{""value"":true,""evidence"":[""Extensa rotura degenerativa con maceración y extrusión de la totalidad del menisco lateral.""]},""internal_degeneration_only"":{""value"":false,""evidence"":[""Extensa rotura degenerativa con maceración y extrusión de la totalidad del menisco lateral.""]},""postoperative_only"":{""value"":null,""evidence"":[]}}",YES,YES,0.95,1.0,1,[],L1_REPORT_ONLY,OK
1.2.826.0.1.3680043.8.498.17618734998753079190687719289815512319,Medial OA,42381e8bd771197242e45424629a8da476bf4328edb399d2bba25104d4171637,b42dfaf16334d1f6efa6d17c72b61da8217310476540d5f5d8a88f9fa50f1726,es,PRESENT,"[""Úlceras condrales de espesor parcial de la zona de carga del compartimento femorotibial medial sin\ncambios óseos secundarios."",""Condropatía con lesiones grado dos y tres del compartimento femorotibial medial y patelofemoral.""]","{""code"":""MEDIAL_TIBIOFEMORAL"",""text"":""compartimento femorotibial medial""}","{""grade"":""UNSPECIFIED"",""text"":""lesiones grado dos y tres""}","""zona de carga""",UNSPECIFIED,"{""class_absence_supported"":{""value"":null,""evidence"":[]},""cartilage_loss_gt50pct"":{""value"":null,""evidence"":[]},""cartilage_extent_ge10mm"":{""value"":null,""evidence"":[]},""low_grade_only"":{""value"":null,""evidence"":[]}}",UNKNOWN,UNKNOWN,,0.0,0,"[""criteria_anatomy_severity_extent_or_timing_insufficient"",""llm_review:Partial-thickness loss is described without a percentage or measured extent."",""llm_review:The grading convention for grades two and three is unspecified."",""negation_scope_review""]",L1_REPORT_ONLY,OK
1.2.826.0.1.3680043.8.498.17618734998753079190687719289815512319,Lateral OA,42381e8bd771197242e45424629a8da476bf4328edb399d2bba25104d4171637,b42dfaf16334d1f6efa6d17c72b61da8217310476540d5f5d8a88f9fa50f1726,es,PRESENT,"[""Úlceras condrales de espesor parcial y total del compartimento femorotibial lateral con cambios óseos\nsecundarios y proliferaciones óseas periféricas."",""Avanzados cambios degenerativos del compartimento femorotibial lateral.""]","{""code"":""LATERAL_TIBIOFEMORAL"",""text"":""compartimento femorotibial lateral""}","{""grade"":""SEVERE"",""text"":""Avanzados cambios degenerativos""}","""""",CURRENT_CHRONIC,"{""class_absence_supported"":{""value"":null,""evidence"":[]},""cartilage_loss_gt50pct"":{""value"":true,""evidence"":[""Úlceras condrales de espesor parcial y total del compartimento femorotibial lateral""]},""cartilage_extent_ge10mm"":{""value"":null,""evidence"":[]},""low_grade_only"":{""value"":false,""evidence"":[""Úlceras condrales de espesor parcial y total del compartimento femorotibial lateral""]}}",UNKNOWN,UNKNOWN,,0.0,0,"[""criteria_anatomy_severity_extent_or_timing_insufficient"",""llm_review:Full-thickness cartilage loss is present, but its extent is not specified.""]",L1_REPORT_ONLY,OK
1.2.826.0.1.3680043.8.498.17618734998753079190687719289815512319,PF OA,42381e8bd771197242e45424629a8da476bf4328edb399d2bba25104d4171637,b42dfaf16334d1f6efa6d17c72b61da8217310476540d5f5d8a88f9fa50f1726,es,PRESENT,"[""Úlceras condrales de espesor parcial y total de distribución difusa de la tróclea femoral sin cambios óseos\nsecundarios."",""Finas úlceras condrales de espesor parcial de distribución difusa de la rótula."",""Condropatía con lesiones grado dos y tres del compartimento femorotibial medial y patelofemoral.""]","{""code"":""PATELLOFEMORAL"",""text"":""tróclea femoral""}","{""grade"":""UNSPECIFIED"",""text"":""lesiones grado dos y tres""}","""distribución difusa""",UNSPECIFIED,"{""class_absence_supported"":{""value"":null,""evidence"":[]},""cartilage_loss_gt50pct"":{""value"":true,""evidence"":[""Úlceras condrales de espesor parcial y total de distribución difusa de la tróclea femoral""]},""cartilage_extent_ge10mm"":{""value"":null,""evidence"":[]},""low_grade_only"":{""value"":false,""evidence"":[""Úlceras condrales de espesor parcial y total de distribución difusa de la tróclea femoral""]}}",UNKNOWN,UNKNOWN,,0.0,0,"[""criteria_anatomy_severity_extent_or_timing_insufficient"",""llm_review:Diffuse distribution does not specify the extent of the high-grade cartilage loss."",""llm_review:The grading convention for grades two and three is unspecified."",""negation_scope_review""]",L1_REPORT_ONLY,OK
1.2.826.0.1.3680043.8.498.17618734998753079190687719289815512319,Effusion,42381e8bd771197242e45424629a8da476bf4328edb399d2bba25104d4171637,b42dfaf16334d1f6efa6d17c72b61da8217310476540d5f5d8a88f9fa50f1726,es,PRESENT,"[""Derrame articular con sinovitis difusa."",""Leve derrame articular con sinovitis difusa.""]","{""code"":""KNEE_JOINT"",""text"":""articular""}","{""grade"":""MILD"",""text"":""Leve derrame articular""}","""""",UNSPECIFIED,"{""class_absence_supported"":{""value"":null,""evidence"":[]},""joint_distension"":{""value"":null,""evidence"":[]},""low_grade_only"":{""value"":true,""evidence"":[""Leve derrame articular con sinovitis difusa.""]}}",NO,NO,0.05,1.0,1,"[""explicit_subthreshold_or_alternative"",""llm_review:Distension is described for the posterolateral recess; the joint effusion is explicitly mild.""]",L1_REPORT_ONLY,OK
1.2.826.0.1.3680043.8.498.17618734998753079190687719289815512319,Synovitis,42381e8bd771197242e45424629a8da476bf4328edb399d2bba25104d4171637,b42dfaf16334d1f6efa6d17c72b61da8217310476540d5f5d8a88f9fa50f1726,es,PRESENT,"[""Derrame articular con sinovitis difusa."",""Leve derrame articular con sinovitis difusa.""]","{""code"":""KNEE_SYNOVIUM"",""text"":""sinovitis""}","{""grade"":""UNSPECIFIED"",""text"":""""}","""difusa""",UNSPECIFIED,"{""class_absence_supported"":{""value"":null,""evidence"":[]},""direct_synovial_evidence"":{""value"":true,""evidence"":[""sinovitis difusa""]}}",YES,YES,0.95,1.0,1,[],L1_REPORT_ONLY,OK
1.2.826.0.1.3680043.8.498.17618734998753079190687719289815512319,Baker's,42381e8bd771197242e45424629a8da476bf4328edb399d2bba25104d4171637,b42dfaf16334d1f6efa6d17c72b61da8217310476540d5f5d8a88f9fa50f1726,es,NOT_MENTIONED,[],"{""code"":""UNKNOWN"",""text"":""""}","{""grade"":""UNSPECIFIED"",""text"":""""}","""""",UNSPECIFIED,"{""class_absence_supported"":{""value"":null,""evidence"":[]},""typical_baker_location"":{""value"":null,""evidence"":[]},""low_grade_only"":{""value"":null,""evidence"":[]}}",UNKNOWN,UNKNOWN,,0.0,0,"[""llm_review:The described fluid-filled recess is posterolateral, without a named Baker cyst or posteromedial cyst.""]",L1_REPORT_ONLY,OK
1.2.826.0.1.3680043.8.498.17618734998753079190687719289815512319,Contusion,42381e8bd771197242e45424629a8da476bf4328edb399d2bba25104d4171637,b42dfaf16334d1f6efa6d17c72b61da8217310476540d5f5d8a88f9fa50f1726,es,ABSENT,"[""No hay alteraciones de señal significativas de la médula ósea.""]","{""code"":""BONE"",""text"":""médula ósea""}","{""grade"":""NONE"",""text"":""No hay alteraciones de señal significativas de la médula ósea.""}","""""",UNSPECIFIED,"{""class_absence_supported"":{""value"":true,""evidence"":[""No hay alteraciones de señal significativas de la médula ósea.""]},""traumatic_marrow_edema"":{""value"":false,""evidence"":[""No hay alteraciones de señal significativas de la médula ósea.""]},""fracture_line_present"":{""value"":null,""evidence"":[]},""degenerative_only"":{""value"":null,""evidence"":[]}}",NO,NO,,0.0,0,"[""pilot_text_review_mask""]",L1_REPORT_ONLY,OK
1.2.826.0.1.3680043.8.498.17618734998753079190687719289815512319,Fracture,42381e8bd771197242e45424629a8da476bf4328edb399d2bba25104d4171637,b42dfaf16334d1f6efa6d17c72b61da8217310476540d5f5d8a88f9fa50f1726,es,NOT_MENTIONED,[],"{""code"":""UNKNOWN"",""text"":""""}","{""grade"":""UNSPECIFIED"",""text"":""""}","""""",UNSPECIFIED,"{""class_absence_supported"":{""value"":null,""evidence"":[]},""fracture_line_present"":{""value"":null,""evidence"":[]},""acute_injury"":{""value"":null,""evidence"":[]},""procedure_only"":{""value"":null,""evidence"":[]}}",UNKNOWN,UNKNOWN,,0.0,0,[],L1_REPORT_ONLY,OK
1.2.826.0.1.3680043.8.498.18114567737638963627123562895002602285,ACL,586ab04319352e2252f4c7953070eb09ca2d49e7015b9ec32f68841401bf9205,cabc305d66a99dd99bb02759e5514974069b06d87fd0e1818a458c7afd65b0cf,es,ABSENT,"[""Ligamentos cruzados y colateral lateral sin alteraciones.""]","{""code"":""ACL"",""text"":""Ligamentos cruzados""}","{""grade"":""NONE"",""text"":""sin alteraciones""}","""""",UNSPECIFIED,"{""class_absence_supported"":{""value"":true,""evidence"":[""Ligamentos cruzados y colateral lateral sin alteraciones.""]},""high_grade_tear"":{""value"":false,""evidence"":[""Ligamentos cruzados y colateral lateral sin alteraciones.""]},""low_grade_only"":{""value"":null,""evidence"":[]},""postoperative_only"":{""value"":null,""evidence"":[]}}",NO,NO,0.05,1.0,1,[],L1_REPORT_ONLY,OK
1.2.826.0.1.3680043.8.498.18114567737638963627123562895002602285,MCL,586ab04319352e2252f4c7953070eb09ca2d49e7015b9ec32f68841401bf9205,cabc305d66a99dd99bb02759e5514974069b06d87fd0e1818a458c7afd65b0cf,es,PRESENT,"[""Engrosamiento y aumento de señal del componente superficial y profundo del complejo\nligamentario medial con pérdida parcial de la continuidad ambos componentes en su tercio\nproximal, con edema las partes blandas regionales."",""Esguince grado II del componente superficial y profundo del complejo ligamentario medial en su\naspecto proximal, con edema las partes blandas adyacentes.""]","{""code"":""MCL"",""text"":""componente superficial y profundo del complejo ligamentario medial""}","{""grade"":""UNSPECIFIED"",""text"":""Esguince grado II""}","""en su tercio\nproximal""",UNSPECIFIED,"{""class_absence_supported"":{""value"":null,""evidence"":[]},""high_grade_tear"":{""value"":null,""evidence"":[]},""acute_injury"":{""value"":null,""evidence"":[]},""low_grade_only"":{""value"":null,""evidence"":[]},""postoperative_only"":{""value"":null,""evidence"":[]}}",UNKNOWN,UNKNOWN,0.4,0.25,1,"[""criteria_anatomy_severity_extent_or_timing_insufficient"",""llm_review:Acute timing is not explicitly stated."",""llm_review:Grade II sprain and partial continuity loss establish partial injury but do not specify a high-grade partial tear."",""timing_or_trauma_review""]",L1_REPORT_ONLY,OK
1.2.826.0.1.3680043.8.498.18114567737638963627123562895002602285,Medial Meniscus,586ab04319352e2252f4c7953070eb09ca2d49e7015b9ec32f68841401bf9205,cabc305d66a99dd99bb02759e5514974069b06d87fd0e1818a458c7afd65b0cf,es,ABSENT,"[""Meniscos impresionan de morfología y señal conservada, sin signos de rotura.""]","{""code"":""MEDIAL_MENISCUS"",""text"":""Meniscos""}","{""grade"":""NONE"",""text"":""sin signos de rotura""}","""""",UNSPECIFIED,"{""class_absence_supported"":{""value"":true,""evidence"":[""Meniscos impresionan de morfología y señal conservada, sin signos de rotura.""]},""definite_meniscal_tear"":{""value"":false,""evidence"":[""Meniscos impresionan de morfología y señal conservada, sin signos de rotura.""]},""internal_degeneration_only"":{""value"":null,""evidence"":[]},""postoperative_only"":{""value"":null,""evidence"":[]}}",NO,NO,0.05,1.0,1,[],L1_REPORT_ONLY,OK
1.2.826.0.1.3680043.8.498.18114567737638963627123562895002602285,Lateral Meniscus,586ab04319352e2252f4c7953070eb09ca2d49e7015b9ec32f68841401bf9205,cabc305d66a99dd99bb02759e5514974069b06d87fd0e1818a458c7afd65b0cf,es,ABSENT,"[""Meniscos impresionan de morfología y señal conservada, sin signos de rotura.""]","{""code"":""LATERAL_MENISCUS"",""text"":""Meniscos""}","{""grade"":""NONE"",""text"":""sin signos de rotura""}","""""",UNSPECIFIED,"{""class_absence_supported"":{""value"":true,""evidence"":[""Meniscos impresionan de morfología y señal conservada, sin signos de rotura.""]},""definite_meniscal_tear"":{""value"":false,""evidence"":[""Meniscos impresionan de morfología y señal conservada, sin signos de rotura.""]},""internal_degeneration_only"":{""value"":null,""evidence"":[]},""postoperative_only"":{""value"":null,""evidence"":[]}}",NO,NO,0.05,1.0,1,[],L1_REPORT_ONLY,OK
1.2.826.0.1.3680043.8.498.18114567737638963627123562895002602285,Medial OA,586ab04319352e2252f4c7953070eb09ca2d49e7015b9ec32f68841401bf9205,cabc305d66a99dd99bb02759e5514974069b06d87fd0e1818a458c7afd65b0cf,es,ABSENT,"[""Cartílagos de los compartimentos femorotibiales y patelofemoral sin alteraciones.""]","{""code"":""MEDIAL_TIBIOFEMORAL"",""text"":""compartimentos femorotibiales""}","{""grade"":""NONE"",""text"":""sin alteraciones""}","""""",UNSPECIFIED,"{""class_absence_supported"":{""value"":true,""evidence"":[""Cartílagos de los compartimentos femorotibiales y patelofemoral sin alteraciones.""]},""cartilage_loss_gt50pct"":{""value"":false,""evidence"":[""Cartílagos de los compartimentos femorotibiales y patelofemoral sin alteraciones.""]},""cartilage_extent_ge10mm"":{""value"":null,""evidence"":[]},""low_grade_only"":{""value"":null,""evidence"":[]}}",NO,NO,0.05,1.0,1,[],L1_REPORT_ONLY,OK
1.2.826.0.1.3680043.8.498.18114567737638963627123562895002602285,Lateral OA,586ab04319352e2252f4c7953070eb09ca2d49e7015b9ec32f68841401bf9205,cabc305d66a99dd99bb02759e5514974069b06d87fd0e1818a458c7afd65b0cf,es,ABSENT,"[""Cartílagos de los compartimentos femorotibiales y patelofemoral sin alteraciones.""]","{""code"":""LATERAL_TIBIOFEMORAL"",""text"":""compartimentos femorotibiales""}","{""grade"":""NONE"",""text"":""sin alteraciones""}","""""",UNSPECIFIED,"{""class_absence_supported"":{""value"":true,""evidence"":[""Cartílagos de los compartimentos femorotibiales y patelofemoral sin alteraciones.""]},""cartilage_loss_gt50pct"":{""value"":false,""evidence"":[""Cartílagos de los compartimentos femorotibiales y patelofemoral sin alteraciones.""]},""cartilage_extent_ge10mm"":{""value"":null,""evidence"":[]},""low_grade_only"":{""value"":null,""evidence"":[]}}",NO,NO,0.05,1.0,1,[],L1_REPORT_ONLY,OK
1.2.826.0.1.3680043.8.498.18114567737638963627123562895002602285,PF OA,586ab04319352e2252f4c7953070eb09ca2d49e7015b9ec32f68841401bf9205,cabc305d66a99dd99bb02759e5514974069b06d87fd0e1818a458c7afd65b0cf,es,ABSENT,"[""Cartílagos de los compartimentos femorotibiales y patelofemoral sin alteraciones.""]","{""code"":""PATELLOFEMORAL"",""text"":""patelofemoral""}","{""grade"":""NONE"",""text"":""sin alteraciones""}","""""",UNSPECIFIED,"{""class_absence_supported"":{""value"":true,""evidence"":[""Cartílagos de los compartimentos femorotibiales y patelofemoral sin alteraciones.""]},""cartilage_loss_gt50pct"":{""value"":false,""evidence"":[""Cartílagos de los compartimentos femorotibiales y patelofemoral sin alteraciones.""]},""cartilage_extent_ge10mm"":{""value"":null,""evidence"":[]},""low_grade_only"":{""value"":null,""evidence"":[]}}",NO,NO,0.05,1.0,1,[],L1_REPORT_ONLY,OK
1.2.826.0.1.3680043.8.498.18114567737638963627123562895002602285,Effusion,586ab04319352e2252f4c7953070eb09ca2d49e7015b9ec32f68841401bf9205,cabc305d66a99dd99bb02759e5514974069b06d87fd0e1818a458c7afd65b0cf,es,ABSENT,"[""No hay significativo derrame articular.""]","{""code"":""KNEE_JOINT"",""text"":""articular""}","{""grade"":""UNSPECIFIED"",""text"":""""}","""""",UNSPECIFIED,"{""class_absence_supported"":{""value"":true,""evidence"":[""No hay significativo derrame articular.""]},""joint_distension"":{""value"":null,""evidence"":[]},""low_grade_only"":{""value"":null,""evidence"":[]}}",NO,NO,0.05,1.0,1,"[""llm_review:The negative excludes significant effusion but does not assert complete absence of joint fluid.""]",L1_REPORT_ONLY,OK
1.2.826.0.1.3680043.8.498.18114567737638963627123562895002602285,Synovitis,586ab04319352e2252f4c7953070eb09ca2d49e7015b9ec32f68841401bf9205,cabc305d66a99dd99bb02759e5514974069b06d87fd0e1818a458c7afd65b0cf,es,NOT_MENTIONED,[],"{""code"":""UNKNOWN"",""text"":""""}","{""grade"":""UNSPECIFIED"",""text"":""""}","""""",UNSPECIFIED,"{""class_absence_supported"":{""value"":null,""evidence"":[]},""direct_synovial_evidence"":{""value"":null,""evidence"":[]}}",UNKNOWN,UNKNOWN,,0.0,0,[],L1_REPORT_ONLY,OK
1.2.826.0.1.3680043.8.498.18114567737638963627123562895002602285,Baker's,586ab04319352e2252f4c7953070eb09ca2d49e7015b9ec32f68841401bf9205,cabc305d66a99dd99bb02759e5514974069b06d87fd0e1818a458c7afd65b0cf,es,PRESENT,"[""Pequeño quiste poplíteo no complicado""]","{""code"":""POSTEROMEDIAL_POPLITEAL"",""text"":""quiste poplíteo""}","{""grade"":""MILD"",""text"":""Pequeño""}","""""",UNSPECIFIED,"{""class_absence_supported"":{""value"":null,""evidence"":[]},""typical_baker_location"":{""value"":true,""evidence"":[""Pequeño quiste poplíteo no complicado""]},""low_grade_only"":{""value"":true,""evidence"":[""Pequeño quiste poplíteo no complicado""]}}",NO,NO,0.05,1.0,1,"[""explicit_subthreshold_or_alternative"",""llm_review:Small popliteal cyst is below the moderate/large size threshold."",""negation_scope_review""]",L1_REPORT_ONLY,OK
1.2.826.0.1.3680043.8.498.18114567737638963627123562895002602285,Contusion,586ab04319352e2252f4c7953070eb09ca2d49e7015b9ec32f68841401bf9205,cabc305d66a99dd99bb02759e5514974069b06d87fd0e1818a458c7afd65b0cf,es,ABSENT,"[""No hay alteraciones de señal significativas de la médula ósea.""]","{""code"":""BONE"",""text"":""médula ósea""}","{""grade"":""UNSPECIFIED"",""text"":""""}","""""",UNSPECIFIED,"{""class_absence_supported"":{""value"":null,""evidence"":[]},""traumatic_marrow_edema"":{""value"":null,""evidence"":[]},""fracture_line_present"":{""value"":null,""evidence"":[]},""degenerative_only"":{""value"":null,""evidence"":[]}}",UNKNOWN,UNKNOWN,,0.0,0,"[""llm_review:The negative is limited to significant marrow signal abnormalities; it does not explicitly exclude all traumatic marrow edema."",""negative_scope_insufficient""]",L1_REPORT_ONLY,OK
1.2.826.0.1.3680043.8.498.18114567737638963627123562895002602285,Fracture,586ab04319352e2252f4c7953070eb09ca2d49e7015b9ec32f68841401bf9205,cabc305d66a99dd99bb02759e5514974069b06d87fd0e1818a458c7afd65b0cf,es,NOT_MENTIONED,[],"{""code"":""UNKNOWN"",""text"":""""}","{""grade"":""UNSPECIFIED"",""text"":""""}","""""",UNSPECIFIED,"{""class_absence_supported"":{""value"":null,""evidence"":[]},""fracture_line_present"":{""value"":null,""evidence"":[]},""acute_injury"":{""value"":null,""evidence"":[]},""procedure_only"":{""value"":null,""evidence"":[]}}",UNKNOWN,UNKNOWN,,0.0,0,[],L1_REPORT_ONLY,OK
1.2.826.0.1.3680043.8.498.18389676218363070462526838642303976332,ACL,35e6632ac317f5b2e821f22e18e25a2863a017c5d79a975b08d7d4b6effec94e,3ccdd34195ebeee9bd3d213e5e115551e6d28a2f7669c021d95ee81b25f54f4d,fr,ABSENT,"[""Ligament croisé antérieur : Normal."",""Pas de signe de déchirures méniscales ou ligamentaires.""]","{""code"":""ACL"",""text"":""Ligament croisé antérieur""}","{""grade"":""NONE"",""text"":""Normal.""}","""""",UNSPECIFIED,"{""class_absence_supported"":{""value"":true,""evidence"":[""Ligament croisé antérieur : Normal.""]},""high_grade_tear"":{""value"":false,""evidence"":[""Ligament croisé antérieur : Normal.""]},""low_grade_only"":{""value"":null,""evidence"":[]},""postoperative_only"":{""value"":null,""evidence"":[]}}",NO,NO,0.05,1.0,1,[],L1_REPORT_ONLY,OK
1.2.826.0.1.3680043.8.498.18389676218363070462526838642303976332,MCL,35e6632ac317f5b2e821f22e18e25a2863a017c5d79a975b08d7d4b6effec94e,3ccdd34195ebeee9bd3d213e5e115551e6d28a2f7669c021d95ee81b25f54f4d,fr,ABSENT,"[""Ligament médial collatéral : Normal."",""Pas de signe de déchirures méniscales ou ligamentaires.""]","{""code"":""MCL"",""text"":""Ligament médial collatéral""}","{""grade"":""NONE"",""text"":""Normal.""}","""""",UNSPECIFIED,"{""class_absence_supported"":{""value"":true,""evidence"":[""Ligament médial collatéral : Normal.""]},""high_grade_tear"":{""value"":false,""evidence"":[""Ligament médial collatéral : Normal.""]},""acute_injury"":{""value"":false,""evidence"":[""Ligament médial collatéral : Normal.""]},""low_grade_only"":{""value"":null,""evidence"":[]},""postoperative_only"":{""value"":null,""evidence"":[]}}",NO,NO,0.05,1.0,1,[],L1_REPORT_ONLY,OK
1.2.826.0.1.3680043.8.498.18389676218363070462526838642303976332,Medial Meniscus,35e6632ac317f5b2e821f22e18e25a2863a017c5d79a975b08d7d4b6effec94e,3ccdd34195ebeee9bd3d213e5e115551e6d28a2f7669c021d95ee81b25f54f4d,fr,PRESENT,"[""Ménisque médial : Légers changements dégénératifs signalétiques du corps et de la corne postérieure sans signe de déchirure."",""Pas de signe de déchirures méniscales ou ligamentaires.""]","{""code"":""MEDIAL_MENISCUS"",""text"":""Ménisque médial""}","{""grade"":""MILD"",""text"":""Légers changements dégénératifs signalétiques""}","""du corps et de la corne postérieure""",CURRENT_CHRONIC,"{""class_absence_supported"":{""value"":null,""evidence"":[]},""definite_meniscal_tear"":{""value"":false,""evidence"":[""Ménisque médial : Légers changements dégénératifs signalétiques du corps et de la corne postérieure sans signe de déchirure.""]},""internal_degeneration_only"":{""value"":true,""evidence"":[""Ménisque médial : Légers changements dégénératifs signalétiques du corps et de la corne postérieure sans signe de déchirure.""]},""postoperative_only"":{""value"":null,""evidence"":[]}}",NO,NO,0.05,1.0,1,"[""explicit_subthreshold_or_alternative"",""history_or_postoperative_scope_review"",""negation_scope_review""]",L1_REPORT_ONLY,OK
1.2.826.0.1.3680043.8.498.18389676218363070462526838642303976332,Lateral Meniscus,35e6632ac317f5b2e821f22e18e25a2863a017c5d79a975b08d7d4b6effec94e,3ccdd34195ebeee9bd3d213e5e115551e6d28a2f7669c021d95ee81b25f54f4d,fr,ABSENT,"[""Ménisque latéral : Normal."",""Pas de signe de déchirures méniscales ou ligamentaires.""]","{""code"":""LATERAL_MENISCUS"",""text"":""Ménisque latéral""}","{""grade"":""NONE"",""text"":""Normal.""}","""""",UNSPECIFIED,"{""class_absence_supported"":{""value"":true,""evidence"":[""Ménisque latéral : Normal.""]},""definite_meniscal_tear"":{""value"":false,""evidence"":[""Ménisque latéral : Normal."",""Pas de signe de déchirures méniscales ou ligamentaires.""]},""internal_degeneration_only"":{""value"":null,""evidence"":[]},""postoperative_only"":{""value"":null,""evidence"":[]}}",NO,NO,0.05,1.0,1,[],L1_REPORT_ONLY,OK
1.2.826.0.1.3680043.8.498.18389676218363070462526838642303976332,Medial OA,35e6632ac317f5b2e821f22e18e25a2863a017c5d79a975b08d7d4b6effec94e,3ccdd34195ebeee9bd3d213e5e115551e6d28a2f7669c021d95ee81b25f54f4d,fr,PRESENT,"[""Chondropatie des compartiments médial et fémoropatellaire. Il y a un léger amincissement diffus du cartilage."",""Dans le compartiment médial, il y a une scissure profonde de délamination focale dans le condyle fémoral portant avec une petite zone d'œdème osseux réactionnel sous-chondral.""]","{""code"":""MEDIAL_TIBIOFEMORAL"",""text"":""compartiment médial""}","{""grade"":""UNSPECIFIED"",""text"":""un léger amincissement diffus du cartilage""}","""une scissure profonde de délamination focale""",CURRENT_CHRONIC,"{""class_absence_supported"":{""value"":null,""evidence"":[]},""cartilage_loss_gt50pct"":{""value"":null,""evidence"":[]},""cartilage_extent_ge10mm"":{""value"":null,""evidence"":[]},""low_grade_only"":{""value"":null,""evidence"":[]}}",UNKNOWN,UNKNOWN,,0.0,0,"[""criteria_anatomy_severity_extent_or_timing_insufficient"",""llm_review:Deep focal delamination is described, but percentage cartilage thickness loss and extent in millimeters are unspecified.""]",L1_REPORT_ONLY,OK
1.2.826.0.1.3680043.8.498.18389676218363070462526838642303976332,Lateral OA,35e6632ac317f5b2e821f22e18e25a2863a017c5d79a975b08d7d4b6effec94e,3ccdd34195ebeee9bd3d213e5e115551e6d28a2f7669c021d95ee81b25f54f4d,fr,NOT_MENTIONED,[],"{""code"":""UNKNOWN"",""text"":""""}","{""grade"":""UNSPECIFIED"",""text"":""""}","""""",UNSPECIFIED,"{""class_absence_supported"":{""value"":null,""evidence"":[]},""cartilage_loss_gt50pct"":{""value"":null,""evidence"":[]},""cartilage_extent_ge10mm"":{""value"":null,""evidence"":[]},""low_grade_only"":{""value"":null,""evidence"":[]}}",UNKNOWN,UNKNOWN,,0.0,0,[],L1_REPORT_ONLY,OK
1.2.826.0.1.3680043.8.498.18389676218363070462526838642303976332,PF OA,35e6632ac317f5b2e821f22e18e25a2863a017c5d79a975b08d7d4b6effec94e,3ccdd34195ebeee9bd3d213e5e115551e6d28a2f7669c021d95ee81b25f54f4d,fr,PRESENT,"[""Dans le compartiment fémoropatellaire, il y a des zones focales de chondropatie modérée à sévère impliquant la gorge trochléaire et la jonction entre la trochlée médiale et le condyle fémoral médial, avec de petits foyers de kystes et d'œdème sous-chondraux réactionnels."",""Chondropatie des compartiments médial et fémoropatellaire telle que décrite avec des zones focales de fissuration profonde.""]","{""code"":""PATELLOFEMORAL"",""text"":""compartiment fémoropatellaire""}","{""grade"":""SEVERE"",""text"":""chondropatie modérée à sévère""}","""des zones focales""",CURRENT_CHRONIC,"{""class_absence_supported"":{""value"":null,""evidence"":[]},""cartilage_loss_gt50pct"":{""value"":null,""evidence"":[]},""cartilage_extent_ge10mm"":{""value"":null,""evidence"":[]},""low_grade_only"":{""value"":false,""evidence"":[""chondropatie modérée à sévère""]}}",UNKNOWN,UNKNOWN,,0.0,0,"[""criteria_anatomy_severity_extent_or_timing_insufficient"",""llm_review:Moderate-to-severe chondropathy does not specify percentage cartilage thickness loss or extent in millimeters.""]",L1_REPORT_ONLY,OK
1.2.826.0.1.3680043.8.498.18389676218363070462526838642303976332,Effusion,35e6632ac317f5b2e821f22e18e25a2863a017c5d79a975b08d7d4b6effec94e,3ccdd34195ebeee9bd3d213e5e115551e6d28a2f7669c021d95ee81b25f54f4d,fr,PRESENT,"[""Épanchement articulaire : Minuscule épanchement articulaire."",""Petit épanchement articulaire et petit kyste de Baker non compliqué.""]","{""code"":""KNEE_JOINT"",""text"":""Épanchement articulaire""}","{""grade"":""MILD"",""text"":""Minuscule épanchement articulaire""}","""""",UNSPECIFIED,"{""class_absence_supported"":{""value"":null,""evidence"":[]},""joint_distension"":{""value"":null,""evidence"":[]},""low_grade_only"":{""value"":true,""evidence"":[""Épanchement articulaire : Minuscule épanchement articulaire."",""Petit épanchement articulaire et petit kyste de Baker non compliqué.""]}}",NO,NO,0.05,1.0,1,"[""explicit_subthreshold_or_alternative""]",L1_REPORT_ONLY,OK
1.2.826.0.1.3680043.8.498.18389676218363070462526838642303976332,Synovitis,35e6632ac317f5b2e821f22e18e25a2863a017c5d79a975b08d7d4b6effec94e,3ccdd34195ebeee9bd3d213e5e115551e6d28a2f7669c021d95ee81b25f54f4d,fr,NOT_MENTIONED,[],"{""code"":""UNKNOWN"",""text"":""""}","{""grade"":""UNSPECIFIED"",""text"":""""}","""""",UNSPECIFIED,"{""class_absence_supported"":{""value"":null,""evidence"":[]},""direct_synovial_evidence"":{""value"":null,""evidence"":[]}}",UNKNOWN,UNKNOWN,,0.0,0,[],L1_REPORT_ONLY,OK
1.2.826.0.1.3680043.8.498.18389676218363070462526838642303976332,Baker's,35e6632ac317f5b2e821f22e18e25a2863a017c5d79a975b08d7d4b6effec94e,3ccdd34195ebeee9bd3d213e5e115551e6d28a2f7669c021d95ee81b25f54f4d,fr,PRESENT,"[""Kyste de Baker : Petit kyste de Baker non compliqué."",""Petit épanchement articulaire et petit kyste de Baker non compliqué.""]","{""code"":""POSTEROMEDIAL_POPLITEAL"",""text"":""Kyste de Baker""}","{""grade"":""MILD"",""text"":""Petit kyste de Baker""}","""""",UNSPECIFIED,"{""class_absence_supported"":{""value"":null,""evidence"":[]},""typical_baker_location"":{""value"":true,""evidence"":[""Kyste de Baker : Petit kyste de Baker non compliqué.""]},""low_grade_only"":{""value"":true,""evidence"":[""Kyste de Baker : Petit kyste de Baker non compliqué.""]}}",NO,NO,0.05,1.0,1,"[""explicit_subthreshold_or_alternative""]",L1_REPORT_ONLY,OK
1.2.826.0.1.3680043.8.498.18389676218363070462526838642303976332,Contusion,35e6632ac317f5b2e821f22e18e25a2863a017c5d79a975b08d7d4b6effec94e,3ccdd34195ebeee9bd3d213e5e115551e6d28a2f7669c021d95ee81b25f54f4d,fr,ABSENT,"[""Dans le compartiment médial, il y a une scissure profonde de délamination focale dans le condyle fémoral portant avec une petite zone d'œdème osseux réactionnel sous-chondral."",""Dans le compartiment fémoropatellaire, il y a des zones focales de chondropatie modérée à sévère impliquant la gorge trochléaire et la jonction entre la trochlée médiale et le condyle fémoral médial, avec de petits foyers de kystes et d'œdème sous-chondraux réactionnels."",""Signal de la moelle osseuse :\nPar ailleurs normal.""]","{""code"":""BONE"",""text"":""moelle osseuse""}","{""grade"":""UNSPECIFIED"",""text"":""""}","""""",UNSPECIFIED,"{""class_absence_supported"":{""value"":true,""evidence"":[""une petite zone d'œdème osseux réactionnel sous-chondral"",""avec de petits foyers de kystes et d'œdème sous-chondraux réactionnels"",""Signal de la moelle osseuse :\nPar ailleurs normal.""]},""traumatic_marrow_edema"":{""value"":false,""evidence"":[""une petite zone d'œdème osseux réactionnel sous-chondral"",""avec de petits foyers de kystes et d'œdème sous-chondraux réactionnels"",""Signal de la moelle osseuse :\nPar ailleurs normal.""]},""fracture_line_present"":{""value"":false,""evidence"":[""Fractures :\nAucune.""]},""degenerative_only"":{""value"":true,""evidence"":[""Dans le compartiment médial, il y a une scissure profonde de délamination focale dans le condyle fémoral portant avec une petite zone d'œdème osseux réactionnel sous-chondral."",""Dans le compartiment fémoropatellaire, il y a des zones focales de chondropatie modérée à sévère impliquant la gorge trochléaire et la jonction entre la trochlée médiale et le condyle fémoral médial, avec de petits foyers de kystes et d'œdème sous-chondraux réactionnels."",""Signal de la moelle osseuse :\nPar ailleurs normal.""]}}",NO,NO,,0.0,0,"[""pilot_text_review_mask""]",L1_REPORT_ONLY,OK
1.2.826.0.1.3680043.8.498.18389676218363070462526838642303976332,Fracture,35e6632ac317f5b2e821f22e18e25a2863a017c5d79a975b08d7d4b6effec94e,3ccdd34195ebeee9bd3d213e5e115551e6d28a2f7669c021d95ee81b25f54f4d,fr,ABSENT,"[""Fractures :\nAucune.""]","{""code"":""BONE"",""text"":""""}","{""grade"":""NONE"",""text"":""Aucune.""}","""""",UNSPECIFIED,"{""class_absence_supported"":{""value"":true,""evidence"":[""Fractures :\nAucune.""]},""fracture_line_present"":{""value"":false,""evidence"":[""Fractures :\nAucune.""]},""acute_injury"":{""value"":false,""evidence"":[""Fractures :\nAucune.""]},""procedure_only"":{""value"":null,""evidence"":[]}}",NO,NO,0.05,1.0,1,[],L1_REPORT_ONLY,OK
1.2.826.0.1.3680043.8.498.19124879088354547836118593585646705198,ACL,5f3a45d54f2cee7d1d0c583d4f12852990efa707313cc3d34aa7202cd2ea1418,5dc8fff15bd284f24d163733436c8713d68e2473b17b4e59d35feb1c18500961,nl,ABSENT,"[""Intact voorkomen van de anterieur en posterieure kruisband.""]","{""code"":""ACL"",""text"":""anterieur en posterieure kruisband""}","{""grade"":""NONE"",""text"":""Intact voorkomen""}","""""",UNSPECIFIED,"{""class_absence_supported"":{""value"":true,""evidence"":[""Intact voorkomen van de anterieur en posterieure kruisband.""]},""high_grade_tear"":{""value"":false,""evidence"":[""Intact voorkomen van de anterieur en posterieure kruisband.""]},""low_grade_only"":{""value"":null,""evidence"":[]},""postoperative_only"":{""value"":null,""evidence"":[]}}",NO,NO,0.05,1.0,1,"[""history_or_postoperative_scope_review""]",L1_REPORT_ONLY,OK
1.2.826.0.1.3680043.8.498.19124879088354547836118593585646705198,MCL,5f3a45d54f2cee7d1d0c583d4f12852990efa707313cc3d34aa7202cd2ea1418,5dc8fff15bd284f24d163733436c8713d68e2473b17b4e59d35feb1c18500961,nl,ABSENT,"[""Intact voorkomen van het mediale collaterale ligament.""]","{""code"":""MCL"",""text"":""mediale collaterale ligament""}","{""grade"":""NONE"",""text"":""Intact voorkomen""}","""""",UNSPECIFIED,"{""class_absence_supported"":{""value"":true,""evidence"":[""Intact voorkomen van het mediale collaterale ligament.""]},""high_grade_tear"":{""value"":false,""evidence"":[""Intact voorkomen van het mediale collaterale ligament.""]},""acute_injury"":{""value"":null,""evidence"":[]},""low_grade_only"":{""value"":null,""evidence"":[]},""postoperative_only"":{""value"":null,""evidence"":[]}}",NO,NO,0.05,1.0,1,[],L1_REPORT_ONLY,OK
1.2.826.0.1.3680043.8.498.19124879088354547836118593585646705198,Medial Meniscus,5f3a45d54f2cee7d1d0c583d4f12852990efa707313cc3d34aa7202cd2ea1418,5dc8fff15bd284f24d163733436c8713d68e2473b17b4e59d35feb1c18500961,nl,PRESENT,"[""Muco ïde degeneratie op de overgang van corpus naar de posterieure hoorn van de mediale meniscus (zone 4)."",""Beginnende muco ïde degeneratie op de overgang van corpus naar posterieure hoorn van de mediale meniscus.""]","{""code"":""MEDIAL_MENISCUS"",""text"":""mediale meniscus""}","{""grade"":""MILD"",""text"":""Beginnende muco ïde degeneratie""}","""op de overgang van corpus naar de posterieure hoorn van de mediale meniscus (zone 4)""",UNSPECIFIED,"{""class_absence_supported"":{""value"":null,""evidence"":[]},""definite_meniscal_tear"":{""value"":null,""evidence"":[]},""internal_degeneration_only"":{""value"":true,""evidence"":[""Muco ïde degeneratie op de overgang van corpus naar de posterieure hoorn van de mediale meniscus (zone 4).""]},""postoperative_only"":{""value"":null,""evidence"":[]}}",NO,NO,0.05,1.0,1,"[""explicit_subthreshold_or_alternative"",""history_or_postoperative_scope_review"",""llm_review:Mucoid degeneration is described without a definite tear diagnosis.""]",L1_REPORT_ONLY,OK
1.2.826.0.1.3680043.8.498.19124879088354547836118593585646705198,Lateral Meniscus,5f3a45d54f2cee7d1d0c583d4f12852990efa707313cc3d34aa7202cd2ea1418,5dc8fff15bd284f24d163733436c8713d68e2473b17b4e59d35feb1c18500961,nl,ABSENT,"[""Intact voorkomen van de laterale meniscus.""]","{""code"":""LATERAL_MENISCUS"",""text"":""laterale meniscus""}","{""grade"":""NONE"",""text"":""Intact voorkomen""}","""""",UNSPECIFIED,"{""class_absence_supported"":{""value"":true,""evidence"":[""Intact voorkomen van de laterale meniscus.""]},""definite_meniscal_tear"":{""value"":false,""evidence"":[""Intact voorkomen van de laterale meniscus.""]},""internal_degeneration_only"":{""value"":null,""evidence"":[]},""postoperative_only"":{""value"":null,""evidence"":[]}}",NO,NO,0.05,1.0,1,[],L1_REPORT_ONLY,OK
1.2.826.0.1.3680043.8.498.19124879088354547836118593585646705198,Medial OA,5f3a45d54f2cee7d1d0c583d4f12852990efa707313cc3d34aa7202cd2ea1418,5dc8fff15bd284f24d163733436c8713d68e2473b17b4e59d35feb1c18500961,nl,ABSENT,"[""Intact voorkomen van het mediaal femorotibiaal kraakbeen.""]","{""code"":""MEDIAL_TIBIOFEMORAL"",""text"":""mediaal femorotibiaal kraakbeen""}","{""grade"":""NONE"",""text"":""Intact voorkomen""}","""""",UNSPECIFIED,"{""class_absence_supported"":{""value"":true,""evidence"":[""Intact voorkomen van het mediaal femorotibiaal kraakbeen.""]},""cartilage_loss_gt50pct"":{""value"":false,""evidence"":[""Intact voorkomen van het mediaal femorotibiaal kraakbeen.""]},""cartilage_extent_ge10mm"":{""value"":null,""evidence"":[]},""low_grade_only"":{""value"":null,""evidence"":[]}}",NO,NO,0.05,1.0,1,[],L1_REPORT_ONLY,OK
1.2.826.0.1.3680043.8.498.19124879088354547836118593585646705198,Lateral OA,5f3a45d54f2cee7d1d0c583d4f12852990efa707313cc3d34aa7202cd2ea1418,5dc8fff15bd284f24d163733436c8713d68e2473b17b4e59d35feb1c18500961,nl,ABSENT,"[""Intact voorkomen van het lateraal femorotibiaal kraakbeen.""]","{""code"":""LATERAL_TIBIOFEMORAL"",""text"":""lateraal femorotibiaal kraakbeen""}","{""grade"":""NONE"",""text"":""Intact voorkomen""}","""""",UNSPECIFIED,"{""class_absence_supported"":{""value"":true,""evidence"":[""Intact voorkomen van het lateraal femorotibiaal kraakbeen.""]},""cartilage_loss_gt50pct"":{""value"":false,""evidence"":[""Intact voorkomen van het lateraal femorotibiaal kraakbeen.""]},""cartilage_extent_ge10mm"":{""value"":null,""evidence"":[]},""low_grade_only"":{""value"":null,""evidence"":[]}}",NO,NO,0.05,1.0,1,[],L1_REPORT_ONLY,OK
1.2.826.0.1.3680043.8.498.19124879088354547836118593585646705198,PF OA,5f3a45d54f2cee7d1d0c583d4f12852990efa707313cc3d34aa7202cd2ea1418,5dc8fff15bd284f24d163733436c8713d68e2473b17b4e59d35feb1c18500961,nl,PRESENT,"[""Sterk onregelmatige aflijning van het patellair kraakbeen met focaal kraakbeendefect aan de mediale zijde."",""Schuine fissurale doorloop van het kraakbeendefect naar laterocraniaal tot meer dan 50\\~% van de kraakbeendikte (graad 3)."",""Patellair kraakbeenlijden met kraakbeendefect mediaal en fissurale uitloper tot graad 3 .""]","{""code"":""PATELLOFEMORAL"",""text"":""patellair kraakbeen""}","{""grade"":""UNSPECIFIED"",""text"":""graad 3""}","""focaal kraakbeendefect aan de mediale zijde""",UNSPECIFIED,"{""class_absence_supported"":{""value"":null,""evidence"":[]},""cartilage_loss_gt50pct"":{""value"":true,""evidence"":[""Schuine fissurale doorloop van het kraakbeendefect naar laterocraniaal tot meer dan 50\\~% van de kraakbeendikte (graad 3).""]},""cartilage_extent_ge10mm"":{""value"":null,""evidence"":[]},""low_grade_only"":{""value"":false,""evidence"":[""Schuine fissurale doorloop van het kraakbeendefect naar laterocraniaal tot meer dan 50\\~% van de kraakbeendikte (graad 3).""]}}",UNKNOWN,UNKNOWN,,0.0,0,"[""criteria_anatomy_severity_extent_or_timing_insufficient"",""llm_review:Depth exceeds 50%, but lesion extent of approximately 10 mm or more is not established.""]",L1_REPORT_ONLY,OK
1.2.826.0.1.3680043.8.498.19124879088354547836118593585646705198,Effusion,5f3a45d54f2cee7d1d0c583d4f12852990efa707313cc3d34aa7202cd2ea1418,5dc8fff15bd284f24d163733436c8713d68e2473b17b4e59d35feb1c18500961,nl,ABSENT,"[""Geen significante hydrops van het kniegewricht.""]","{""code"":""KNEE_JOINT"",""text"":""kniegewricht""}","{""grade"":""NONE"",""text"":""Geen significante hydrops""}","""""",UNSPECIFIED,"{""class_absence_supported"":{""value"":true,""evidence"":[""Geen significante hydrops van het kniegewricht.""]},""joint_distension"":{""value"":null,""evidence"":[]},""low_grade_only"":{""value"":null,""evidence"":[]}}",NO,NO,,0.0,0,"[""llm_review:The negative excludes significant effusion; trace fluid is not explicitly excluded."",""pilot_text_review_mask""]",L1_REPORT_ONLY,OK
1.2.826.0.1.3680043.8.498.19124879088354547836118593585646705198,Synovitis,5f3a45d54f2cee7d1d0c583d4f12852990efa707313cc3d34aa7202cd2ea1418,5dc8fff15bd284f24d163733436c8713d68e2473b17b4e59d35feb1c18500961,nl,NOT_MENTIONED,[],"{""code"":""UNKNOWN"",""text"":""""}","{""grade"":""UNSPECIFIED"",""text"":""""}","""""",UNSPECIFIED,"{""class_absence_supported"":{""value"":null,""evidence"":[]},""direct_synovial_evidence"":{""value"":null,""evidence"":[]}}",UNKNOWN,UNKNOWN,,0.0,0,[],L1_REPORT_ONLY,OK
1.2.826.0.1.3680043.8.498.19124879088354547836118593585646705198,Baker's,5f3a45d54f2cee7d1d0c583d4f12852990efa707313cc3d34aa7202cd2ea1418,5dc8fff15bd284f24d163733436c8713d68e2473b17b4e59d35feb1c18500961,nl,PRESENT,"[""Beperkte hoeveelheid vocht in de bursa semimembranosus gastrocnemius.""]","{""code"":""POSTEROMEDIAL_POPLITEAL"",""text"":""bursa semimembranosus gastrocnemius""}","{""grade"":""MILD"",""text"":""Beperkte hoeveelheid vocht""}","""""",UNSPECIFIED,"{""class_absence_supported"":{""value"":null,""evidence"":[]},""typical_baker_location"":{""value"":true,""evidence"":[""Beperkte hoeveelheid vocht in de bursa semimembranosus gastrocnemius.""]},""low_grade_only"":{""value"":true,""evidence"":[""Beperkte hoeveelheid vocht in de bursa semimembranosus gastrocnemius.""]}}",NO,NO,0.05,1.0,1,"[""explicit_subthreshold_or_alternative"",""llm_review:Limited fluid in the typical bursa is subthreshold; a moderate or large cyst is not described.""]",L1_REPORT_ONLY,OK
1.2.826.0.1.3680043.8.498.19124879088354547836118593585646705198,Contusion,5f3a45d54f2cee7d1d0c583d4f12852990efa707313cc3d34aa7202cd2ea1418,5dc8fff15bd284f24d163733436c8713d68e2473b17b4e59d35feb1c18500961,nl,ABSENT,"[""Geen zones van botoedeem.""]","{""code"":""BONE"",""text"":""botoedeem""}","{""grade"":""NONE"",""text"":""Geen zones van botoedeem.""}","""""",UNSPECIFIED,"{""class_absence_supported"":{""value"":true,""evidence"":[""Geen zones van botoedeem.""]},""traumatic_marrow_edema"":{""value"":false,""evidence"":[""Geen zones van botoedeem.""]},""fracture_line_present"":{""value"":null,""evidence"":[]},""degenerative_only"":{""value"":null,""evidence"":[]}}",NO,NO,0.05,1.0,1,[],L1_REPORT_ONLY,OK
1.2.826.0.1.3680043.8.498.19124879088354547836118593585646705198,Fracture,5f3a45d54f2cee7d1d0c583d4f12852990efa707313cc3d34aa7202cd2ea1418,5dc8fff15bd284f24d163733436c8713d68e2473b17b4e59d35feb1c18500961,nl,NOT_MENTIONED,[],"{""code"":""UNKNOWN"",""text"":""""}","{""grade"":""UNSPECIFIED"",""text"":""""}","""""",UNSPECIFIED,"{""class_absence_supported"":{""value"":null,""evidence"":[]},""fracture_line_present"":{""value"":null,""evidence"":[]},""acute_injury"":{""value"":null,""evidence"":[]},""procedure_only"":{""value"":null,""evidence"":[]}}",UNKNOWN,UNKNOWN,,0.0,0,[],L1_REPORT_ONLY,OK
1.2.826.0.1.3680043.8.498.20301796413163444642416918108994411350,ACL,724552fae3118c7a0cc15f9fab2a621190a165c59086126cd1694bd98ef8e589,65975e6c5819c18e9b6d315216b1d258798b4d04245c2719bbdaca908ff27d0e,tr,ABSENT,"[""Ön çapraz bağ ve arka çapraz bağ, lateral ve medial kollateral ligaman normaldir.""]","{""code"":""ACL"",""text"":""Ön çapraz bağ""}","{""grade"":""NONE"",""text"":""normaldir""}","""""",UNSPECIFIED,"{""class_absence_supported"":{""value"":true,""evidence"":[""Ön çapraz bağ ve arka çapraz bağ, lateral ve medial kollateral ligaman normaldir.""]},""high_grade_tear"":{""value"":false,""evidence"":[""Ön çapraz bağ ve arka çapraz bağ, lateral ve medial kollateral ligaman normaldir.""]},""low_grade_only"":{""value"":null,""evidence"":[]},""postoperative_only"":{""value"":null,""evidence"":[]}}",NO,NO,0.05,1.0,1,[],L1_REPORT_ONLY,OK
1.2.826.0.1.3680043.8.498.20301796413163444642416918108994411350,MCL,724552fae3118c7a0cc15f9fab2a621190a165c59086126cd1694bd98ef8e589,65975e6c5819c18e9b6d315216b1d258798b4d04245c2719bbdaca908ff27d0e,tr,ABSENT,"[""Ön çapraz bağ ve arka çapraz bağ, lateral ve medial kollateral ligaman normaldir.""]","{""code"":""MCL"",""text"":""medial kollateral ligaman""}","{""grade"":""NONE"",""text"":""normaldir""}","""""",UNSPECIFIED,"{""class_absence_supported"":{""value"":true,""evidence"":[""Ön çapraz bağ ve arka çapraz bağ, lateral ve medial kollateral ligaman normaldir.""]},""high_grade_tear"":{""value"":false,""evidence"":[""Ön çapraz bağ ve arka çapraz bağ, lateral ve medial kollateral ligaman normaldir.""]},""acute_injury"":{""value"":null,""evidence"":[]},""low_grade_only"":{""value"":null,""evidence"":[]},""postoperative_only"":{""value"":null,""evidence"":[]}}",NO,NO,0.05,1.0,1,[],L1_REPORT_ONLY,OK
1.2.826.0.1.3680043.8.498.20301796413163444642416918108994411350,Medial Meniscus,724552fae3118c7a0cc15f9fab2a621190a165c59086126cd1694bd98ef8e589,65975e6c5819c18e9b6d315216b1d258798b4d04245c2719bbdaca908ff27d0e,tr,PRESENT,"[""Medial menisküs posterior hornu ve gövde düzeyinde grade III dejenerasyon izlendi.""]","{""code"":""MEDIAL_MENISCUS"",""text"":""Medial menisküs""}","{""grade"":""UNSPECIFIED"",""text"":""grade III dejenerasyon""}","""posterior hornu ve gövde düzeyinde""",UNSPECIFIED,"{""class_absence_supported"":{""value"":null,""evidence"":[]},""definite_meniscal_tear"":{""value"":null,""evidence"":[]},""internal_degeneration_only"":{""value"":null,""evidence"":[]},""postoperative_only"":{""value"":null,""evidence"":[]}}",UNKNOWN,UNKNOWN,,0.0,0,"[""criteria_anatomy_severity_extent_or_timing_insufficient"",""history_or_postoperative_scope_review"",""llm_review:Grade III degeneration is reported without an explicit tear diagnosis or a defined grading convention; a definite tear versus internal degeneration alone remains ambiguous."",""llm_review:Timing is unspecified.""]",L1_REPORT_ONLY,OK
1.2.826.0.1.3680043.8.498.20301796413163444642416918108994411350,Lateral Meniscus,724552fae3118c7a0cc15f9fab2a621190a165c59086126cd1694bd98ef8e589,65975e6c5819c18e9b6d315216b1d258798b4d04245c2719bbdaca908ff27d0e,tr,ABSENT,"[""Lateral menisküs  normaldir.""]","{""code"":""LATERAL_MENISCUS"",""text"":""Lateral menisküs""}","{""grade"":""NONE"",""text"":""normaldir""}","""""",UNSPECIFIED,"{""class_absence_supported"":{""value"":true,""evidence"":[""Lateral menisküs  normaldir.""]},""definite_meniscal_tear"":{""value"":false,""evidence"":[""Lateral menisküs  normaldir.""]},""internal_degeneration_only"":{""value"":null,""evidence"":[]},""postoperative_only"":{""value"":null,""evidence"":[]}}",NO,NO,0.05,1.0,1,[],L1_REPORT_ONLY,OK
1.2.826.0.1.3680043.8.498.20301796413163444642416918108994411350,Medial OA,724552fae3118c7a0cc15f9fab2a621190a165c59086126cd1694bd98ef8e589,65975e6c5819c18e9b6d315216b1d258798b4d04245c2719bbdaca908ff27d0e,tr,NOT_MENTIONED,[],"{""code"":""UNKNOWN"",""text"":""""}","{""grade"":""UNSPECIFIED"",""text"":""""}","""""",UNSPECIFIED,"{""class_absence_supported"":{""value"":null,""evidence"":[]},""cartilage_loss_gt50pct"":{""value"":null,""evidence"":[]},""cartilage_extent_ge10mm"":{""value"":null,""evidence"":[]},""low_grade_only"":{""value"":null,""evidence"":[]}}",UNKNOWN,UNKNOWN,,0.0,0,[],L1_REPORT_ONLY,OK
1.2.826.0.1.3680043.8.498.20301796413163444642416918108994411350,Lateral OA,724552fae3118c7a0cc15f9fab2a621190a165c59086126cd1694bd98ef8e589,65975e6c5819c18e9b6d315216b1d258798b4d04245c2719bbdaca908ff27d0e,tr,NOT_MENTIONED,[],"{""code"":""UNKNOWN"",""text"":""""}","{""grade"":""UNSPECIFIED"",""text"":""""}","""""",UNSPECIFIED,"{""class_absence_supported"":{""value"":null,""evidence"":[]},""cartilage_loss_gt50pct"":{""value"":null,""evidence"":[]},""cartilage_extent_ge10mm"":{""value"":null,""evidence"":[]},""low_grade_only"":{""value"":null,""evidence"":[]}}",UNKNOWN,UNKNOWN,,0.0,0,[],L1_REPORT_ONLY,OK
1.2.826.0.1.3680043.8.498.20301796413163444642416918108994411350,PF OA,724552fae3118c7a0cc15f9fab2a621190a165c59086126cd1694bd98ef8e589,65975e6c5819c18e9b6d315216b1d258798b4d04245c2719bbdaca908ff27d0e,tr,NOT_MENTIONED,[],"{""code"":""UNKNOWN"",""text"":""""}","{""grade"":""UNSPECIFIED"",""text"":""""}","""""",UNSPECIFIED,"{""class_absence_supported"":{""value"":null,""evidence"":[]},""cartilage_loss_gt50pct"":{""value"":null,""evidence"":[]},""cartilage_extent_ge10mm"":{""value"":null,""evidence"":[]},""low_grade_only"":{""value"":null,""evidence"":[]}}",UNKNOWN,UNKNOWN,,0.0,0,[],L1_REPORT_ONLY,OK
1.2.826.0.1.3680043.8.498.20301796413163444642416918108994411350,Effusion,724552fae3118c7a0cc15f9fab2a621190a165c59086126cd1694bd98ef8e589,65975e6c5819c18e9b6d315216b1d258798b4d04245c2719bbdaca908ff27d0e,tr,ABSENT,"[""Eklemde sıvı artışı saptanmamıştır.""]","{""code"":""KNEE_JOINT"",""text"":""Eklemde""}","{""grade"":""NONE"",""text"":""sıvı artışı saptanmamıştır""}","""""",UNSPECIFIED,"{""class_absence_supported"":{""value"":true,""evidence"":[""Eklemde sıvı artışı saptanmamıştır.""]},""joint_distension"":{""value"":null,""evidence"":[]},""low_grade_only"":{""value"":null,""evidence"":[]}}",NO,NO,0.05,1.0,1,[],L1_REPORT_ONLY,OK
1.2.826.0.1.3680043.8.498.20301796413163444642416918108994411350,Synovitis,724552fae3118c7a0cc15f9fab2a621190a165c59086126cd1694bd98ef8e589,65975e6c5819c18e9b6d315216b1d258798b4d04245c2719bbdaca908ff27d0e,tr,NOT_MENTIONED,[],"{""code"":""UNKNOWN"",""text"":""""}","{""grade"":""UNSPECIFIED"",""text"":""""}","""""",UNSPECIFIED,"{""class_absence_supported"":{""value"":null,""evidence"":[]},""direct_synovial_evidence"":{""value"":null,""evidence"":[]}}",UNKNOWN,UNKNOWN,,0.0,0,[],L1_REPORT_ONLY,OK
1.2.826.0.1.3680043.8.498.20301796413163444642416918108994411350,Baker's,724552fae3118c7a0cc15f9fab2a621190a165c59086126cd1694bd98ef8e589,65975e6c5819c18e9b6d315216b1d258798b4d04245c2719bbdaca908ff27d0e,tr,NOT_MENTIONED,[],"{""code"":""UNKNOWN"",""text"":""""}","{""grade"":""UNSPECIFIED"",""text"":""""}","""""",UNSPECIFIED,"{""class_absence_supported"":{""value"":null,""evidence"":[]},""typical_baker_location"":{""value"":null,""evidence"":[]},""low_grade_only"":{""value"":null,""evidence"":[]}}",UNKNOWN,UNKNOWN,,0.0,0,"[""llm_review:The reported ganglion cysts adjacent to the medial gastrocnemius tendon do not establish a Baker cyst or its characteristic bursal location.""]",L1_REPORT_ONLY,OK
1.2.826.0.1.3680043.8.498.20301796413163444642416918108994411350,Contusion,724552fae3118c7a0cc15f9fab2a621190a165c59086126cd1694bd98ef8e589,65975e6c5819c18e9b6d315216b1d258798b4d04245c2719bbdaca908ff27d0e,tr,NOT_MENTIONED,[],"{""code"":""UNKNOWN"",""text"":""""}","{""grade"":""UNSPECIFIED"",""text"":""""}","""""",UNSPECIFIED,"{""class_absence_supported"":{""value"":null,""evidence"":[]},""traumatic_marrow_edema"":{""value"":null,""evidence"":[]},""fracture_line_present"":{""value"":null,""evidence"":[]},""degenerative_only"":{""value"":null,""evidence"":[]}}",UNKNOWN,UNKNOWN,,0.0,0,[],L1_REPORT_ONLY,OK
1.2.826.0.1.3680043.8.498.20301796413163444642416918108994411350,Fracture,724552fae3118c7a0cc15f9fab2a621190a165c59086126cd1694bd98ef8e589,65975e6c5819c18e9b6d315216b1d258798b4d04245c2719bbdaca908ff27d0e,tr,NOT_MENTIONED,[],"{""code"":""UNKNOWN"",""text"":""""}","{""grade"":""UNSPECIFIED"",""text"":""""}","""""",UNSPECIFIED,"{""class_absence_supported"":{""value"":null,""evidence"":[]},""fracture_line_present"":{""value"":null,""evidence"":[]},""acute_injury"":{""value"":null,""evidence"":[]},""procedure_only"":{""value"":null,""evidence"":[]}}",UNKNOWN,UNKNOWN,,0.0,0,[],L1_REPORT_ONLY,OK
1.2.826.0.1.3680043.8.498.21584859831565112159503971937497384030,ACL,a1482c9453ac29877754a0011e893a73be54aae5e687ea6de57a7c0b368d0e7e,acfd99b00ff63dd6910599a51e6cde1a03fc9100c5618cb84719351d52cba657,el,ABSENT,"[""Από τον έλεγχο, των µηνίσκων των χιαστών και πλαγίων συνδέσµων, του αρθρικού χόνδρου και του εκτατικού µηχανισµού δεν παρατηρούνται αξιόλογα ευρήµατα.""]","{""code"":""ACL"",""text"":""των χιαστών""}","{""grade"":""NONE"",""text"":""δεν παρατηρούνται αξιόλογα ευρήµατα""}","""""",UNSPECIFIED,"{""class_absence_supported"":{""value"":true,""evidence"":[""Από τον έλεγχο, των µηνίσκων των χιαστών και πλαγίων συνδέσµων, του αρθρικού χόνδρου και του εκτατικού µηχανισµού δεν παρατηρούνται αξιόλογα ευρήµατα.""]},""high_grade_tear"":{""value"":null,""evidence"":[]},""low_grade_only"":{""value"":null,""evidence"":[]},""postoperative_only"":{""value"":null,""evidence"":[]}}",NO,NO,0.05,1.0,1,[],L1_REPORT_ONLY,OK
1.2.826.0.1.3680043.8.498.21584859831565112159503971937497384030,MCL,a1482c9453ac29877754a0011e893a73be54aae5e687ea6de57a7c0b368d0e7e,acfd99b00ff63dd6910599a51e6cde1a03fc9100c5618cb84719351d52cba657,el,ABSENT,"[""Από τον έλεγχο, των µηνίσκων των χιαστών και πλαγίων συνδέσµων, του αρθρικού χόνδρου και του εκτατικού µηχανισµού δεν παρατηρούνται αξιόλογα ευρήµατα.""]","{""code"":""MCL"",""text"":""πλαγίων συνδέσµων""}","{""grade"":""NONE"",""text"":""δεν παρατηρούνται αξιόλογα ευρήµατα""}","""""",UNSPECIFIED,"{""class_absence_supported"":{""value"":true,""evidence"":[""Από τον έλεγχο, των µηνίσκων των χιαστών και πλαγίων συνδέσµων, του αρθρικού χόνδρου και του εκτατικού µηχανισµού δεν παρατηρούνται αξιόλογα ευρήµατα.""]},""high_grade_tear"":{""value"":null,""evidence"":[]},""acute_injury"":{""value"":null,""evidence"":[]},""low_grade_only"":{""value"":null,""evidence"":[]},""postoperative_only"":{""value"":null,""evidence"":[]}}",NO,NO,0.05,1.0,1,[],L1_REPORT_ONLY,OK
1.2.826.0.1.3680043.8.498.21584859831565112159503971937497384030,Medial Meniscus,a1482c9453ac29877754a0011e893a73be54aae5e687ea6de57a7c0b368d0e7e,acfd99b00ff63dd6910599a51e6cde1a03fc9100c5618cb84719351d52cba657,el,ABSENT,"[""Από τον έλεγχο, των µηνίσκων των χιαστών και πλαγίων συνδέσµων, του αρθρικού χόνδρου και του εκτατικού µηχανισµού δεν παρατηρούνται αξιόλογα ευρήµατα.""]","{""code"":""MEDIAL_MENISCUS"",""text"":""των µηνίσκων""}","{""grade"":""NONE"",""text"":""δεν παρατηρούνται αξιόλογα ευρήµατα""}","""""",UNSPECIFIED,"{""class_absence_supported"":{""value"":true,""evidence"":[""Από τον έλεγχο, των µηνίσκων των χιαστών και πλαγίων συνδέσµων, του αρθρικού χόνδρου και του εκτατικού µηχανισµού δεν παρατηρούνται αξιόλογα ευρήµατα.""]},""definite_meniscal_tear"":{""value"":null,""evidence"":[]},""internal_degeneration_only"":{""value"":null,""evidence"":[]},""postoperative_only"":{""value"":null,""evidence"":[]}}",NO,NO,0.05,1.0,1,[],L1_REPORT_ONLY,OK
1.2.826.0.1.3680043.8.498.21584859831565112159503971937497384030,Lateral Meniscus,a1482c9453ac29877754a0011e893a73be54aae5e687ea6de57a7c0b368d0e7e,acfd99b00ff63dd6910599a51e6cde1a03fc9100c5618cb84719351d52cba657,el,ABSENT,"[""Από τον έλεγχο, των µηνίσκων των χιαστών και πλαγίων συνδέσµων, του αρθρικού χόνδρου και του εκτατικού µηχανισµού δεν παρατηρούνται αξιόλογα ευρήµατα.""]","{""code"":""LATERAL_MENISCUS"",""text"":""των µηνίσκων""}","{""grade"":""NONE"",""text"":""δεν παρατηρούνται αξιόλογα ευρήµατα""}","""""",UNSPECIFIED,"{""class_absence_supported"":{""value"":true,""evidence"":[""Από τον έλεγχο, των µηνίσκων των χιαστών και πλαγίων συνδέσµων, του αρθρικού χόνδρου και του εκτατικού µηχανισµού δεν παρατηρούνται αξιόλογα ευρήµατα.""]},""definite_meniscal_tear"":{""value"":null,""evidence"":[]},""internal_degeneration_only"":{""value"":null,""evidence"":[]},""postoperative_only"":{""value"":null,""evidence"":[]}}",NO,NO,0.05,1.0,1,[],L1_REPORT_ONLY,OK
1.2.826.0.1.3680043.8.498.21584859831565112159503971937497384030,Medial OA,a1482c9453ac29877754a0011e893a73be54aae5e687ea6de57a7c0b368d0e7e,acfd99b00ff63dd6910599a51e6cde1a03fc9100c5618cb84719351d52cba657,el,ABSENT,"[""Από τον έλεγχο, των µηνίσκων των χιαστών και πλαγίων συνδέσµων, του αρθρικού χόνδρου και του εκτατικού µηχανισµού δεν παρατηρούνται αξιόλογα ευρήµατα.""]","{""code"":""UNKNOWN"",""text"":""του αρθρικού χόνδρου""}","{""grade"":""NONE"",""text"":""δεν παρατηρούνται αξιόλογα ευρήµατα""}","""""",UNSPECIFIED,"{""class_absence_supported"":{""value"":true,""evidence"":[""Από τον έλεγχο, των µηνίσκων των χιαστών και πλαγίων συνδέσµων, του αρθρικού χόνδρου και του εκτατικού µηχανισµού δεν παρατηρούνται αξιόλογα ευρήµατα.""]},""cartilage_loss_gt50pct"":{""value"":null,""evidence"":[]},""cartilage_extent_ge10mm"":{""value"":null,""evidence"":[]},""low_grade_only"":{""value"":null,""evidence"":[]}}",NO,UNKNOWN,,0.0,0,"[""anatomy_missing_or_wrong"",""llm_review:The global cartilage negative applies across compartments; no individual compartment is named."",""pilot_text_review_mask""]",L1_REPORT_ONLY,OK
1.2.826.0.1.3680043.8.498.21584859831565112159503971937497384030,Lateral OA,a1482c9453ac29877754a0011e893a73be54aae5e687ea6de57a7c0b368d0e7e,acfd99b00ff63dd6910599a51e6cde1a03fc9100c5618cb84719351d52cba657,el,ABSENT,"[""Από τον έλεγχο, των µηνίσκων των χιαστών και πλαγίων συνδέσµων, του αρθρικού χόνδρου και του εκτατικού µηχανισµού δεν παρατηρούνται αξιόλογα ευρήµατα.""]","{""code"":""UNKNOWN"",""text"":""του αρθρικού χόνδρου""}","{""grade"":""NONE"",""text"":""δεν παρατηρούνται αξιόλογα ευρήµατα""}","""""",UNSPECIFIED,"{""class_absence_supported"":{""value"":true,""evidence"":[""Από τον έλεγχο, των µηνίσκων των χιαστών και πλαγίων συνδέσµων, του αρθρικού χόνδρου και του εκτατικού µηχανισµού δεν παρατηρούνται αξιόλογα ευρήµατα.""]},""cartilage_loss_gt50pct"":{""value"":null,""evidence"":[]},""cartilage_extent_ge10mm"":{""value"":null,""evidence"":[]},""low_grade_only"":{""value"":null,""evidence"":[]}}",NO,UNKNOWN,,0.0,0,"[""anatomy_missing_or_wrong"",""llm_review:The global cartilage negative applies across compartments; no individual compartment is named."",""pilot_text_review_mask""]",L1_REPORT_ONLY,OK
1.2.826.0.1.3680043.8.498.21584859831565112159503971937497384030,PF OA,a1482c9453ac29877754a0011e893a73be54aae5e687ea6de57a7c0b368d0e7e,acfd99b00ff63dd6910599a51e6cde1a03fc9100c5618cb84719351d52cba657,el,ABSENT,"[""Από τον έλεγχο, των µηνίσκων των χιαστών και πλαγίων συνδέσµων, του αρθρικού χόνδρου και του εκτατικού µηχανισµού δεν παρατηρούνται αξιόλογα ευρήµατα.""]","{""code"":""UNKNOWN"",""text"":""του αρθρικού χόνδρου""}","{""grade"":""NONE"",""text"":""δεν παρατηρούνται αξιόλογα ευρήµατα""}","""""",UNSPECIFIED,"{""class_absence_supported"":{""value"":true,""evidence"":[""Από τον έλεγχο, των µηνίσκων των χιαστών και πλαγίων συνδέσµων, του αρθρικού χόνδρου και του εκτατικού µηχανισµού δεν παρατηρούνται αξιόλογα ευρήµατα.""]},""cartilage_loss_gt50pct"":{""value"":null,""evidence"":[]},""cartilage_extent_ge10mm"":{""value"":null,""evidence"":[]},""low_grade_only"":{""value"":null,""evidence"":[]}}",NO,UNKNOWN,,0.0,0,"[""anatomy_missing_or_wrong"",""llm_review:The global cartilage negative applies across compartments; the patellofemoral plicae description does not describe cartilage disease."",""pilot_text_review_mask""]",L1_REPORT_ONLY,OK
1.2.826.0.1.3680043.8.498.21584859831565112159503971937497384030,Effusion,a1482c9453ac29877754a0011e893a73be54aae5e687ea6de57a7c0b368d0e7e,acfd99b00ff63dd6910599a51e6cde1a03fc9100c5618cb84719351d52cba657,el,PRESENT,"[""Μικρή συλλογή υγρού παρατηρείται ενδαρθρικά""]","{""code"":""KNEE_JOINT"",""text"":""ενδαρθρικά""}","{""grade"":""MILD"",""text"":""Μικρή""}","""""",UNSPECIFIED,"{""class_absence_supported"":{""value"":null,""evidence"":[]},""joint_distension"":{""value"":null,""evidence"":[]},""low_grade_only"":{""value"":true,""evidence"":[""Μικρή συλλογή υγρού παρατηρείται ενδαρθρικά""]}}",NO,NO,0.05,1.0,1,"[""explicit_subthreshold_or_alternative"",""llm_review:Small effusion is subthreshold; joint distension and acute/chronic timing are not stated.""]",L1_REPORT_ONLY,OK
1.2.826.0.1.3680043.8.498.21584859831565112159503971937497384030,Synovitis,a1482c9453ac29877754a0011e893a73be54aae5e687ea6de57a7c0b368d0e7e,acfd99b00ff63dd6910599a51e6cde1a03fc9100c5618cb84719351d52cba657,el,NOT_MENTIONED,[],"{""code"":""UNKNOWN"",""text"":""""}","{""grade"":""UNSPECIFIED"",""text"":""""}","""""",UNSPECIFIED,"{""class_absence_supported"":{""value"":null,""evidence"":[]},""direct_synovial_evidence"":{""value"":null,""evidence"":[]}}",UNKNOWN,UNKNOWN,,0.0,0,"[""llm_review:Synovial plicae are described without synovial inflammation or thickening.""]",L1_REPORT_ONLY,OK
1.2.826.0.1.3680043.8.498.21584859831565112159503971937497384030,Baker's,a1482c9453ac29877754a0011e893a73be54aae5e687ea6de57a7c0b368d0e7e,acfd99b00ff63dd6910599a51e6cde1a03fc9100c5618cb84719351d52cba657,el,NOT_MENTIONED,[],"{""code"":""UNKNOWN"",""text"":""""}","{""grade"":""UNSPECIFIED"",""text"":""""}","""""",UNSPECIFIED,"{""class_absence_supported"":{""value"":null,""evidence"":[]},""typical_baker_location"":{""value"":null,""evidence"":[]},""low_grade_only"":{""value"":null,""evidence"":[]}}",UNKNOWN,UNKNOWN,,0.0,0,[],L1_REPORT_ONLY,OK
1.2.826.0.1.3680043.8.498.21584859831565112159503971937497384030,Contusion,a1482c9453ac29877754a0011e893a73be54aae5e687ea6de57a7c0b368d0e7e,acfd99b00ff63dd6910599a51e6cde1a03fc9100c5618cb84719351d52cba657,el,NOT_MENTIONED,[],"{""code"":""UNKNOWN"",""text"":""""}","{""grade"":""UNSPECIFIED"",""text"":""""}","""""",UNSPECIFIED,"{""class_absence_supported"":{""value"":null,""evidence"":[]},""traumatic_marrow_edema"":{""value"":null,""evidence"":[]},""fracture_line_present"":{""value"":null,""evidence"":[]},""degenerative_only"":{""value"":null,""evidence"":[]}}",UNKNOWN,UNKNOWN,,0.0,0,[],L1_REPORT_ONLY,OK
1.2.826.0.1.3680043.8.498.21584859831565112159503971937497384030,Fracture,a1482c9453ac29877754a0011e893a73be54aae5e687ea6de57a7c0b368d0e7e,acfd99b00ff63dd6910599a51e6cde1a03fc9100c5618cb84719351d52cba657,el,NOT_MENTIONED,[],"{""code"":""UNKNOWN"",""text"":""""}","{""grade"":""UNSPECIFIED"",""text"":""""}","""""",UNSPECIFIED,"{""class_absence_supported"":{""value"":null,""evidence"":[]},""fracture_line_present"":{""value"":null,""evidence"":[]},""acute_injury"":{""value"":null,""evidence"":[]},""procedure_only"":{""value"":null,""evidence"":[]}}",UNKNOWN,UNKNOWN,,0.0,0,[],L1_REPORT_ONLY,OK
1.2.826.0.1.3680043.8.498.22803020644232321685575897661362804423,ACL,db0521bc8f48910b1e26de5c42aec66eba2f3536c983d09adfcce80f10fb2965,b24873474aca972ceb3832c56eca3343f9aea96102d4c0a2d65695d1aa6b7a36,tr,PRESENT,"[""Ön çapraz bağ sinyali özellikle proksimalde sinyal artışı vardır (grade I sprain).""]","{""code"":""ACL"",""text"":""Ön çapraz bağ""}","{""grade"":""MILD"",""text"":""grade I sprain""}","""özellikle proksimalde""",UNSPECIFIED,"{""class_absence_supported"":{""value"":null,""evidence"":[]},""high_grade_tear"":{""value"":false,""evidence"":[""Ön çapraz bağ sinyali özellikle proksimalde sinyal artışı vardır (grade I sprain).""]},""low_grade_only"":{""value"":true,""evidence"":[""Ön çapraz bağ sinyali özellikle proksimalde sinyal artışı vardır (grade I sprain).""]},""postoperative_only"":{""value"":null,""evidence"":[]}}",NO,NO,0.05,1.0,1,"[""explicit_subthreshold_or_alternative"",""llm_review:Low-grade sprain; injury timing unspecified.""]",L1_REPORT_ONLY,OK
1.2.826.0.1.3680043.8.498.22803020644232321685575897661362804423,MCL,db0521bc8f48910b1e26de5c42aec66eba2f3536c983d09adfcce80f10fb2965,b24873474aca972ceb3832c56eca3343f9aea96102d4c0a2d65695d1aa6b7a36,tr,ABSENT,"[""Lateral ve medial kollateral ligaman normaldir.""]","{""code"":""MCL"",""text"":""medial kollateral ligaman""}","{""grade"":""NONE"",""text"":""normaldir""}","""""",UNSPECIFIED,"{""class_absence_supported"":{""value"":true,""evidence"":[""Lateral ve medial kollateral ligaman normaldir.""]},""high_grade_tear"":{""value"":false,""evidence"":[""Lateral ve medial kollateral ligaman normaldir.""]},""acute_injury"":{""value"":false,""evidence"":[""Lateral ve medial kollateral ligaman normaldir.""]},""low_grade_only"":{""value"":null,""evidence"":[]},""postoperative_only"":{""value"":null,""evidence"":[]}}",NO,NO,0.05,1.0,1,[],L1_REPORT_ONLY,OK
1.2.826.0.1.3680043.8.498.22803020644232321685575897661362804423,Medial Meniscus,db0521bc8f48910b1e26de5c42aec66eba2f3536c983d09adfcce80f10fb2965,b24873474aca972ceb3832c56eca3343f9aea96102d4c0a2d65695d1aa6b7a36,tr,PRESENT,"[""Medial menisküs posterior horn düzeyinde nonartiküler yüze açılan horizontal yırtık izlendi.""]","{""code"":""MEDIAL_MENISCUS"",""text"":""Medial menisküs posterior horn""}","{""grade"":""UNSPECIFIED"",""text"":""""}","""posterior horn düzeyinde""",UNSPECIFIED,"{""class_absence_supported"":{""value"":null,""evidence"":[]},""definite_meniscal_tear"":{""value"":true,""evidence"":[""Medial menisküs posterior horn düzeyinde nonartiküler yüze açılan horizontal yırtık izlendi.""]},""internal_degeneration_only"":{""value"":false,""evidence"":[""Medial menisküs posterior horn düzeyinde nonartiküler yüze açılan horizontal yırtık izlendi.""]},""postoperative_only"":{""value"":null,""evidence"":[]}}",YES,YES,0.95,1.0,1,"[""history_or_postoperative_scope_review"",""llm_review:Tear severity and timing unspecified.""]",L1_REPORT_ONLY,OK
1.2.826.0.1.3680043.8.498.22803020644232321685575897661362804423,Lateral Meniscus,db0521bc8f48910b1e26de5c42aec66eba2f3536c983d09adfcce80f10fb2965,b24873474aca972ceb3832c56eca3343f9aea96102d4c0a2d65695d1aa6b7a36,tr,ABSENT,"[""Lateral menisküs  normaldir.""]","{""code"":""LATERAL_MENISCUS"",""text"":""Lateral menisküs""}","{""grade"":""NONE"",""text"":""normaldir""}","""""",UNSPECIFIED,"{""class_absence_supported"":{""value"":true,""evidence"":[""Lateral menisküs  normaldir.""]},""definite_meniscal_tear"":{""value"":false,""evidence"":[""Lateral menisküs  normaldir.""]},""internal_degeneration_only"":{""value"":false,""evidence"":[""Lateral menisküs  normaldir.""]},""postoperative_only"":{""value"":null,""evidence"":[]}}",NO,NO,0.05,1.0,1,[],L1_REPORT_ONLY,OK
1.2.826.0.1.3680043.8.498.22803020644232321685575897661362804423,Medial OA,db0521bc8f48910b1e26de5c42aec66eba2f3536c983d09adfcce80f10fb2965,b24873474aca972ceb3832c56eca3343f9aea96102d4c0a2d65695d1aa6b7a36,tr,NOT_MENTIONED,[],"{""code"":""UNKNOWN"",""text"":""""}","{""grade"":""UNSPECIFIED"",""text"":""""}","""""",UNSPECIFIED,"{""class_absence_supported"":{""value"":null,""evidence"":[]},""cartilage_loss_gt50pct"":{""value"":null,""evidence"":[]},""cartilage_extent_ge10mm"":{""value"":null,""evidence"":[]},""low_grade_only"":{""value"":null,""evidence"":[]}}",UNKNOWN,UNKNOWN,,0.0,0,[],L1_REPORT_ONLY,OK
1.2.826.0.1.3680043.8.498.22803020644232321685575897661362804423,Lateral OA,db0521bc8f48910b1e26de5c42aec66eba2f3536c983d09adfcce80f10fb2965,b24873474aca972ceb3832c56eca3343f9aea96102d4c0a2d65695d1aa6b7a36,tr,NOT_MENTIONED,[],"{""code"":""UNKNOWN"",""text"":""""}","{""grade"":""UNSPECIFIED"",""text"":""""}","""""",UNSPECIFIED,"{""class_absence_supported"":{""value"":null,""evidence"":[]},""cartilage_loss_gt50pct"":{""value"":null,""evidence"":[]},""cartilage_extent_ge10mm"":{""value"":null,""evidence"":[]},""low_grade_only"":{""value"":null,""evidence"":[]}}",UNKNOWN,UNKNOWN,,0.0,0,[],L1_REPORT_ONLY,OK
1.2.826.0.1.3680043.8.498.22803020644232321685575897661362804423,PF OA,db0521bc8f48910b1e26de5c42aec66eba2f3536c983d09adfcce80f10fb2965,b24873474aca972ceb3832c56eca3343f9aea96102d4c0a2d65695d1aa6b7a36,tr,NOT_MENTIONED,[],"{""code"":""UNKNOWN"",""text"":""""}","{""grade"":""UNSPECIFIED"",""text"":""""}","""""",UNSPECIFIED,"{""class_absence_supported"":{""value"":null,""evidence"":[]},""cartilage_loss_gt50pct"":{""value"":null,""evidence"":[]},""cartilage_extent_ge10mm"":{""value"":null,""evidence"":[]},""low_grade_only"":{""value"":null,""evidence"":[]}}",UNKNOWN,UNKNOWN,,0.0,0,[],L1_REPORT_ONLY,OK
1.2.826.0.1.3680043.8.498.22803020644232321685575897661362804423,Effusion,db0521bc8f48910b1e26de5c42aec66eba2f3536c983d09adfcce80f10fb2965,b24873474aca972ceb3832c56eca3343f9aea96102d4c0a2d65695d1aa6b7a36,tr,PRESENT,"[""Diz eklemi içerisinde hafif sıvı artışı izlenmiştir.""]","{""code"":""KNEE_JOINT"",""text"":""Diz eklemi içerisinde""}","{""grade"":""MILD"",""text"":""hafif sıvı artışı""}","""""",UNSPECIFIED,"{""class_absence_supported"":{""value"":null,""evidence"":[]},""joint_distension"":{""value"":null,""evidence"":[]},""low_grade_only"":{""value"":true,""evidence"":[""Diz eklemi içerisinde hafif sıvı artışı izlenmiştir.""]}}",NO,NO,0.05,1.0,1,"[""explicit_subthreshold_or_alternative"",""llm_review:Mild fluid is subthreshold; joint distension and timing unspecified.""]",L1_REPORT_ONLY,OK
1.2.826.0.1.3680043.8.498.22803020644232321685575897661362804423,Synovitis,db0521bc8f48910b1e26de5c42aec66eba2f3536c983d09adfcce80f10fb2965,b24873474aca972ceb3832c56eca3343f9aea96102d4c0a2d65695d1aa6b7a36,tr,NOT_MENTIONED,[],"{""code"":""UNKNOWN"",""text"":""""}","{""grade"":""UNSPECIFIED"",""text"":""""}","""""",UNSPECIFIED,"{""class_absence_supported"":{""value"":null,""evidence"":[]},""direct_synovial_evidence"":{""value"":null,""evidence"":[]}}",UNKNOWN,UNKNOWN,,0.0,0,[],L1_REPORT_ONLY,OK
1.2.826.0.1.3680043.8.498.22803020644232321685575897661362804423,Baker's,db0521bc8f48910b1e26de5c42aec66eba2f3536c983d09adfcce80f10fb2965,b24873474aca972ceb3832c56eca3343f9aea96102d4c0a2d65695d1aa6b7a36,tr,PRESENT,"[""Popliteal fossada yaklaşık 22x10 mm boyutlarında baker kisti izlendi.""]","{""code"":""POSTEROMEDIAL_POPLITEAL"",""text"":""Popliteal fossada""}","{""grade"":""UNSPECIFIED"",""text"":""""}","""yaklaşık 22x10 mm boyutlarında""",UNSPECIFIED,"{""class_absence_supported"":{""value"":null,""evidence"":[]},""typical_baker_location"":{""value"":true,""evidence"":[""Popliteal fossada yaklaşık 22x10 mm boyutlarında baker kisti izlendi.""]},""low_grade_only"":{""value"":null,""evidence"":[]}}",UNKNOWN,UNKNOWN,,0.0,0,"[""criteria_anatomy_severity_extent_or_timing_insufficient"",""llm_review:Dimensions are reported, but moderate/large severity is not established; timing unspecified.""]",L1_REPORT_ONLY,OK
1.2.826.0.1.3680043.8.498.22803020644232321685575897661362804423,Contusion,db0521bc8f48910b1e26de5c42aec66eba2f3536c983d09adfcce80f10fb2965,b24873474aca972ceb3832c56eca3343f9aea96102d4c0a2d65695d1aa6b7a36,tr,NOT_MENTIONED,[],"{""code"":""UNKNOWN"",""text"":""""}","{""grade"":""UNSPECIFIED"",""text"":""""}","""""",UNSPECIFIED,"{""class_absence_supported"":{""value"":null,""evidence"":[]},""traumatic_marrow_edema"":{""value"":null,""evidence"":[]},""fracture_line_present"":{""value"":null,""evidence"":[]},""degenerative_only"":{""value"":null,""evidence"":[]}}",UNKNOWN,UNKNOWN,,0.0,0,[],L1_REPORT_ONLY,OK
1.2.826.0.1.3680043.8.498.22803020644232321685575897661362804423,Fracture,db0521bc8f48910b1e26de5c42aec66eba2f3536c983d09adfcce80f10fb2965,b24873474aca972ceb3832c56eca3343f9aea96102d4c0a2d65695d1aa6b7a36,tr,NOT_MENTIONED,[],"{""code"":""UNKNOWN"",""text"":""""}","{""grade"":""UNSPECIFIED"",""text"":""""}","""""",UNSPECIFIED,"{""class_absence_supported"":{""value"":null,""evidence"":[]},""fracture_line_present"":{""value"":null,""evidence"":[]},""acute_injury"":{""value"":null,""evidence"":[]},""procedure_only"":{""value"":null,""evidence"":[]}}",UNKNOWN,UNKNOWN,,0.0,0,[],L1_REPORT_ONLY,OK
1.2.826.0.1.3680043.8.498.23378338408981699466914366379590099738,ACL,781ec995f32488f13f135ce7b809977ad8f233ca61619162efc489c971e8c4a5,d208c6a6f43d4cf9f9dccdabd11845108945f539f2fc49ada2862b35ab7d1f02,en,ABSENT,"[""The contour of ACL & PCL appear to be within normal, no abnormal signal intensity is noted.""]","{""code"":""ACL"",""text"":""ACL""}","{""grade"":""NONE"",""text"":""within normal""}","""""",UNSPECIFIED,"{""class_absence_supported"":{""value"":true,""evidence"":[""The contour of ACL & PCL appear to be within normal, no abnormal signal intensity is noted.""]},""high_grade_tear"":{""value"":false,""evidence"":[""The contour of ACL & PCL appear to be within normal, no abnormal signal intensity is noted.""]},""low_grade_only"":{""value"":null,""evidence"":[]},""postoperative_only"":{""value"":null,""evidence"":[]}}",NO,NO,0.05,1.0,1,[],L1_REPORT_ONLY,OK
1.2.826.0.1.3680043.8.498.23378338408981699466914366379590099738,MCL,781ec995f32488f13f135ce7b809977ad8f233ca61619162efc489c971e8c4a5,d208c6a6f43d4cf9f9dccdabd11845108945f539f2fc49ada2862b35ab7d1f02,en,ABSENT,"[""Both medial & lateral collateral ligaments appear to be within normal.""]","{""code"":""MCL"",""text"":""medial & lateral collateral ligaments""}","{""grade"":""NONE"",""text"":""within normal""}","""""",UNSPECIFIED,"{""class_absence_supported"":{""value"":true,""evidence"":[""Both medial & lateral collateral ligaments appear to be within normal.""]},""high_grade_tear"":{""value"":false,""evidence"":[""Both medial & lateral collateral ligaments appear to be within normal.""]},""acute_injury"":{""value"":null,""evidence"":[]},""low_grade_only"":{""value"":null,""evidence"":[]},""postoperative_only"":{""value"":null,""evidence"":[]}}",NO,NO,0.05,1.0,1,[],L1_REPORT_ONLY,OK
1.2.826.0.1.3680043.8.498.23378338408981699466914366379590099738,Medial Meniscus,781ec995f32488f13f135ce7b809977ad8f233ca61619162efc489c971e8c4a5,d208c6a6f43d4cf9f9dccdabd11845108945f539f2fc49ada2862b35ab7d1f02,en,UNCERTAIN,"[""Linear signal intensity in posterior horn of medial meniscus, with suspicious of extending into the surface, R/O tear."",""Degeneration and R/O tear of posterior horn of medial meniscus.""]","{""code"":""MEDIAL_MENISCUS"",""text"":""posterior horn of medial meniscus""}","{""grade"":""UNSPECIFIED"",""text"":""""}","""posterior horn""",UNSPECIFIED,"{""class_absence_supported"":{""value"":null,""evidence"":[]},""definite_meniscal_tear"":{""value"":null,""evidence"":[]},""internal_degeneration_only"":{""value"":null,""evidence"":[]},""postoperative_only"":{""value"":null,""evidence"":[]}}",UNKNOWN,UNKNOWN,0.5,0.25,1,"[""history_or_postoperative_scope_review"",""llm_review:Degeneration is reported, but degeneration alone cannot be established because a tear remains possible."",""llm_review:Surface extension is suspicious and tear is stated as R/O; no definite tear diagnosis."",""uncertain_report""]",L1_REPORT_ONLY,OK
1.2.826.0.1.3680043.8.498.23378338408981699466914366379590099738,Lateral Meniscus,781ec995f32488f13f135ce7b809977ad8f233ca61619162efc489c971e8c4a5,d208c6a6f43d4cf9f9dccdabd11845108945f539f2fc49ada2862b35ab7d1f02,en,ABSENT,"[""No strong MR evidence of tear of lateral meniscus.""]","{""code"":""LATERAL_MENISCUS"",""text"":""lateral meniscus""}","{""grade"":""UNSPECIFIED"",""text"":""""}","""""",UNSPECIFIED,"{""class_absence_supported"":{""value"":null,""evidence"":[]},""definite_meniscal_tear"":{""value"":null,""evidence"":[]},""internal_degeneration_only"":{""value"":null,""evidence"":[]},""postoperative_only"":{""value"":null,""evidence"":[]}}",UNKNOWN,UNKNOWN,,0.0,0,"[""llm_review:The qualified negative 'No strong MR evidence' does not unequivocally exclude all meniscal tears."",""negative_scope_insufficient""]",L1_REPORT_ONLY,OK
1.2.826.0.1.3680043.8.498.23378338408981699466914366379590099738,Medial OA,781ec995f32488f13f135ce7b809977ad8f233ca61619162efc489c971e8c4a5,d208c6a6f43d4cf9f9dccdabd11845108945f539f2fc49ada2862b35ab7d1f02,en,NOT_MENTIONED,[],"{""code"":""UNKNOWN"",""text"":""""}","{""grade"":""UNSPECIFIED"",""text"":""""}","""""",UNSPECIFIED,"{""class_absence_supported"":{""value"":null,""evidence"":[]},""cartilage_loss_gt50pct"":{""value"":null,""evidence"":[]},""cartilage_extent_ge10mm"":{""value"":null,""evidence"":[]},""low_grade_only"":{""value"":null,""evidence"":[]}}",UNKNOWN,UNKNOWN,,0.0,0,"[""llm_review:Generic knee osteoarthritis is reported without localization to the medial tibiofemoral compartment.""]",L1_REPORT_ONLY,OK
1.2.826.0.1.3680043.8.498.23378338408981699466914366379590099738,Lateral OA,781ec995f32488f13f135ce7b809977ad8f233ca61619162efc489c971e8c4a5,d208c6a6f43d4cf9f9dccdabd11845108945f539f2fc49ada2862b35ab7d1f02,en,NOT_MENTIONED,[],"{""code"":""UNKNOWN"",""text"":""""}","{""grade"":""UNSPECIFIED"",""text"":""""}","""""",UNSPECIFIED,"{""class_absence_supported"":{""value"":null,""evidence"":[]},""cartilage_loss_gt50pct"":{""value"":null,""evidence"":[]},""cartilage_extent_ge10mm"":{""value"":null,""evidence"":[]},""low_grade_only"":{""value"":null,""evidence"":[]}}",UNKNOWN,UNKNOWN,,0.0,0,"[""llm_review:Generic knee osteoarthritis is reported without localization to the lateral tibiofemoral compartment.""]",L1_REPORT_ONLY,OK
1.2.826.0.1.3680043.8.498.23378338408981699466914366379590099738,PF OA,781ec995f32488f13f135ce7b809977ad8f233ca61619162efc489c971e8c4a5,d208c6a6f43d4cf9f9dccdabd11845108945f539f2fc49ada2862b35ab7d1f02,en,PRESENT,"[""Tiny subchondral cysts in femoral trochlea"",""Focal wearing articular cartilage of medial patella, reflecting grade 2-3 chondromalacia."",""C/W osteoarthritis of left knee, with grade 3-4 chondromalacia of patellofemoral joint.""]","{""code"":""PATELLOFEMORAL"",""text"":""patellofemoral joint""}","{""grade"":""UNSPECIFIED"",""text"":""grade 3-4 chondromalacia""}","""Focal""",CURRENT_CHRONIC,"{""class_absence_supported"":{""value"":null,""evidence"":[]},""cartilage_loss_gt50pct"":{""value"":null,""evidence"":[]},""cartilage_extent_ge10mm"":{""value"":null,""evidence"":[]},""low_grade_only"":{""value"":null,""evidence"":[]}}",UNKNOWN,UNKNOWN,,0.0,0,"[""llm_review:Cartilage lesion dimensions are missing; 'Focal' does not establish extent of at least 10 mm."",""llm_review:Findings describe grade 2-3 medial patellar chondromalacia, whereas the impression describes grade 3-4 patellofemoral chondromalacia; the grade discrepancy requires review."",""llm_review:The grading convention is unspecified, so greater than 50% cartilage thickness loss cannot be established."",""unresolved_contradiction"",""pilot_text_review_mask""]",L1_REPORT_ONLY,OK
1.2.826.0.1.3680043.8.498.23378338408981699466914366379590099738,Effusion,781ec995f32488f13f135ce7b809977ad8f233ca61619162efc489c971e8c4a5,d208c6a6f43d4cf9f9dccdabd11845108945f539f2fc49ada2862b35ab7d1f02,en,PRESENT,"[""Joint effusion and suprapatellar bursitis with suprapatellar and medial plicae""]","{""code"":""KNEE_JOINT"",""text"":""Joint""}","{""grade"":""UNSPECIFIED"",""text"":""""}","""""",UNSPECIFIED,"{""class_absence_supported"":{""value"":null,""evidence"":[]},""joint_distension"":{""value"":null,""evidence"":[]},""low_grade_only"":{""value"":null,""evidence"":[]}}",UNKNOWN,UNKNOWN,,0.0,0,"[""criteria_anatomy_severity_extent_or_timing_insufficient"",""llm_review:Effusion volume and joint distension are not specified."",""llm_review:Suprapatellar bursitis does not independently establish moderate or large intra-articular effusion.""]",L1_REPORT_ONLY,OK
1.2.826.0.1.3680043.8.498.23378338408981699466914366379590099738,Synovitis,781ec995f32488f13f135ce7b809977ad8f233ca61619162efc489c971e8c4a5,d208c6a6f43d4cf9f9dccdabd11845108945f539f2fc49ada2862b35ab7d1f02,en,PRESENT,"[""hypertrophy of the synovium, indicative of synovitis."",""Synovitis of left knee with suprapatellar bursitis and patellar plicae.""]","{""code"":""KNEE_SYNOVIUM"",""text"":""synovium""}","{""grade"":""UNSPECIFIED"",""text"":""""}","""""",UNSPECIFIED,"{""class_absence_supported"":{""value"":null,""evidence"":[]},""direct_synovial_evidence"":{""value"":true,""evidence"":[""hypertrophy of the synovium, indicative of synovitis.""]}}",YES,YES,0.95,1.0,1,[],L1_REPORT_ONLY,OK
1.2.826.0.1.3680043.8.498.23378338408981699466914366379590099738,Baker's,781ec995f32488f13f135ce7b809977ad8f233ca61619162efc489c971e8c4a5,d208c6a6f43d4cf9f9dccdabd11845108945f539f2fc49ada2862b35ab7d1f02,en,PRESENT,"[""SMall Baker's cyst"",""Small Baker's cyst with perifocal edema over medial popliteal fossa.""]","{""code"":""POSTEROMEDIAL_POPLITEAL"",""text"":""medial popliteal fossa""}","{""grade"":""MILD"",""text"":""Small""}","""""",UNSPECIFIED,"{""class_absence_supported"":{""value"":null,""evidence"":[]},""typical_baker_location"":{""value"":true,""evidence"":[""Small Baker's cyst with perifocal edema over medial popliteal fossa.""]},""low_grade_only"":{""value"":true,""evidence"":[""SMall Baker's cyst"",""Small Baker's cyst with perifocal edema over medial popliteal fossa.""]}}",NO,NO,0.05,1.0,1,"[""explicit_subthreshold_or_alternative"",""llm_review:The cyst is explicitly small and does not meet the moderate or large size criterion.""]",L1_REPORT_ONLY,OK
1.2.826.0.1.3680043.8.498.23378338408981699466914366379590099738,Contusion,781ec995f32488f13f135ce7b809977ad8f233ca61619162efc489c971e8c4a5,d208c6a6f43d4cf9f9dccdabd11845108945f539f2fc49ada2862b35ab7d1f02,en,NOT_MENTIONED,[],"{""code"":""UNKNOWN"",""text"":""""}","{""grade"":""UNSPECIFIED"",""text"":""""}","""""",UNSPECIFIED,"{""class_absence_supported"":{""value"":null,""evidence"":[]},""traumatic_marrow_edema"":{""value"":null,""evidence"":[]},""fracture_line_present"":{""value"":null,""evidence"":[]},""degenerative_only"":{""value"":null,""evidence"":[]}}",UNKNOWN,UNKNOWN,,0.0,0,[],L1_REPORT_ONLY,OK
1.2.826.0.1.3680043.8.498.23378338408981699466914366379590099738,Fracture,781ec995f32488f13f135ce7b809977ad8f233ca61619162efc489c971e8c4a5,d208c6a6f43d4cf9f9dccdabd11845108945f539f2fc49ada2862b35ab7d1f02,en,NOT_MENTIONED,[],"{""code"":""UNKNOWN"",""text"":""""}","{""grade"":""UNSPECIFIED"",""text"":""""}","""""",UNSPECIFIED,"{""class_absence_supported"":{""value"":null,""evidence"":[]},""fracture_line_present"":{""value"":null,""evidence"":[]},""acute_injury"":{""value"":null,""evidence"":[]},""procedure_only"":{""value"":null,""evidence"":[]}}",UNKNOWN,UNKNOWN,,0.0,0,[],L1_REPORT_ONLY,OK
1.2.826.0.1.3680043.8.498.25206096958520407302630747466352252249,ACL,d00b626e5aa358a14a1f41bad11b7870b008c1371859ceb2db8a1df9097c5452,8ea3952f16e5c964c7d84a7d3ca385c8e987a77cfaf61805b9fd6376bbe0d101,el,PRESENT,"[""Αναγνωρίζεται παθολογικό σήμα, ασυνέχεια και διαταραχή του προσανατολισμού των ινών του προσθίου χιαστού συνδέσμου στα πλαίσια πλήρους χρονίας ρήξης του.""]","{""code"":""ACL"",""text"":""του προσθίου χιαστού συνδέσμου""}","{""grade"":""SEVERE"",""text"":""πλήρους χρονίας ρήξης του""}","""""",CURRENT_CHRONIC,"{""class_absence_supported"":{""value"":null,""evidence"":[]},""high_grade_tear"":{""value"":true,""evidence"":[""πλήρους χρονίας ρήξης του""]},""low_grade_only"":{""value"":false,""evidence"":[""πλήρους χρονίας ρήξης του""]},""postoperative_only"":{""value"":null,""evidence"":[]}}",YES,YES,0.95,1.0,1,[],L1_REPORT_ONLY,OK
1.2.826.0.1.3680043.8.498.25206096958520407302630747466352252249,MCL,d00b626e5aa358a14a1f41bad11b7870b008c1371859ceb2db8a1df9097c5452,8ea3952f16e5c964c7d84a7d3ca385c8e987a77cfaf61805b9fd6376bbe0d101,el,ABSENT,"[""Ο οπίσθιος χιαστός και οι πλάγιοι σύνδεσμοι έχουν φυσιολογική απεικόνιση.""]","{""code"":""MCL"",""text"":""οι πλάγιοι σύνδεσμοι""}","{""grade"":""NONE"",""text"":""φυσιολογική απεικόνιση""}","""""",UNSPECIFIED,"{""class_absence_supported"":{""value"":true,""evidence"":[""Ο οπίσθιος χιαστός και οι πλάγιοι σύνδεσμοι έχουν φυσιολογική απεικόνιση.""]},""high_grade_tear"":{""value"":false,""evidence"":[""Ο οπίσθιος χιαστός και οι πλάγιοι σύνδεσμοι έχουν φυσιολογική απεικόνιση.""]},""acute_injury"":{""value"":null,""evidence"":[]},""low_grade_only"":{""value"":null,""evidence"":[]},""postoperative_only"":{""value"":null,""evidence"":[]}}",NO,NO,0.05,1.0,1,[],L1_REPORT_ONLY,OK
1.2.826.0.1.3680043.8.498.25206096958520407302630747466352252249,Medial Meniscus,d00b626e5aa358a14a1f41bad11b7870b008c1371859ceb2db8a1df9097c5452,8ea3952f16e5c964c7d84a7d3ca385c8e987a77cfaf61805b9fd6376bbe0d101,el,PRESENT,"[""Παρατηρείται κάθετη ρήξη στο σώμα και οπίσθιο κέρας του έσω μηνίσκου.""]","{""code"":""MEDIAL_MENISCUS"",""text"":""του έσω μηνίσκου""}","{""grade"":""UNSPECIFIED"",""text"":""""}","""στο σώμα και οπίσθιο κέρας""",UNSPECIFIED,"{""class_absence_supported"":{""value"":null,""evidence"":[]},""definite_meniscal_tear"":{""value"":true,""evidence"":[""Παρατηρείται κάθετη ρήξη στο σώμα και οπίσθιο κέρας του έσω μηνίσκου.""]},""internal_degeneration_only"":{""value"":false,""evidence"":[""Παρατηρείται κάθετη ρήξη στο σώμα και οπίσθιο κέρας του έσω μηνίσκου.""]},""postoperative_only"":{""value"":null,""evidence"":[]}}",YES,YES,0.95,1.0,1,[],L1_REPORT_ONLY,OK
1.2.826.0.1.3680043.8.498.25206096958520407302630747466352252249,Lateral Meniscus,d00b626e5aa358a14a1f41bad11b7870b008c1371859ceb2db8a1df9097c5452,8ea3952f16e5c964c7d84a7d3ca385c8e987a77cfaf61805b9fd6376bbe0d101,el,NOT_MENTIONED,[],"{""code"":""UNKNOWN"",""text"":""""}","{""grade"":""UNSPECIFIED"",""text"":""""}","""""",UNSPECIFIED,"{""class_absence_supported"":{""value"":null,""evidence"":[]},""definite_meniscal_tear"":{""value"":null,""evidence"":[]},""internal_degeneration_only"":{""value"":null,""evidence"":[]},""postoperative_only"":{""value"":null,""evidence"":[]}}",UNKNOWN,UNKNOWN,,0.0,0,[],L1_REPORT_ONLY,OK
1.2.826.0.1.3680043.8.498.25206096958520407302630747466352252249,Medial OA,d00b626e5aa358a14a1f41bad11b7870b008c1371859ceb2db8a1df9097c5452,8ea3952f16e5c964c7d84a7d3ca385c8e987a77cfaf61805b9fd6376bbe0d101,el,ABSENT,"[""Ο οστικός μυελός και ο αρθρικός χόνδρος δεν παρουσιάζουν παθολογικά ευρήματα.""]","{""code"":""MEDIAL_TIBIOFEMORAL"",""text"":""ο αρθρικός χόνδρος""}","{""grade"":""NONE"",""text"":""δεν παρουσιάζουν παθολογικά ευρήματα""}","""""",UNSPECIFIED,"{""class_absence_supported"":{""value"":true,""evidence"":[""Ο οστικός μυελός και ο αρθρικός χόνδρος δεν παρουσιάζουν παθολογικά ευρήματα.""]},""cartilage_loss_gt50pct"":{""value"":false,""evidence"":[""Ο οστικός μυελός και ο αρθρικός χόνδρος δεν παρουσιάζουν παθολογικά ευρήματα.""]},""cartilage_extent_ge10mm"":{""value"":null,""evidence"":[]},""low_grade_only"":{""value"":null,""evidence"":[]}}",NO,NO,0.05,1.0,1,[],L1_REPORT_ONLY,OK
1.2.826.0.1.3680043.8.498.25206096958520407302630747466352252249,Lateral OA,d00b626e5aa358a14a1f41bad11b7870b008c1371859ceb2db8a1df9097c5452,8ea3952f16e5c964c7d84a7d3ca385c8e987a77cfaf61805b9fd6376bbe0d101,el,ABSENT,"[""Ο οστικός μυελός και ο αρθρικός χόνδρος δεν παρουσιάζουν παθολογικά ευρήματα.""]","{""code"":""LATERAL_TIBIOFEMORAL"",""text"":""ο αρθρικός χόνδρος""}","{""grade"":""NONE"",""text"":""δεν παρουσιάζουν παθολογικά ευρήματα""}","""""",UNSPECIFIED,"{""class_absence_supported"":{""value"":true,""evidence"":[""Ο οστικός μυελός και ο αρθρικός χόνδρος δεν παρουσιάζουν παθολογικά ευρήματα.""]},""cartilage_loss_gt50pct"":{""value"":false,""evidence"":[""Ο οστικός μυελός και ο αρθρικός χόνδρος δεν παρουσιάζουν παθολογικά ευρήματα.""]},""cartilage_extent_ge10mm"":{""value"":null,""evidence"":[]},""low_grade_only"":{""value"":null,""evidence"":[]}}",NO,NO,0.05,1.0,1,[],L1_REPORT_ONLY,OK
1.2.826.0.1.3680043.8.498.25206096958520407302630747466352252249,PF OA,d00b626e5aa358a14a1f41bad11b7870b008c1371859ceb2db8a1df9097c5452,8ea3952f16e5c964c7d84a7d3ca385c8e987a77cfaf61805b9fd6376bbe0d101,el,ABSENT,"[""Ο οστικός μυελός και ο αρθρικός χόνδρος δεν παρουσιάζουν παθολογικά ευρήματα.""]","{""code"":""PATELLOFEMORAL"",""text"":""ο αρθρικός χόνδρος""}","{""grade"":""NONE"",""text"":""δεν παρουσιάζουν παθολογικά ευρήματα""}","""""",UNSPECIFIED,"{""class_absence_supported"":{""value"":true,""evidence"":[""Ο οστικός μυελός και ο αρθρικός χόνδρος δεν παρουσιάζουν παθολογικά ευρήματα.""]},""cartilage_loss_gt50pct"":{""value"":false,""evidence"":[""Ο οστικός μυελός και ο αρθρικός χόνδρος δεν παρουσιάζουν παθολογικά ευρήματα.""]},""cartilage_extent_ge10mm"":{""value"":null,""evidence"":[]},""low_grade_only"":{""value"":null,""evidence"":[]}}",NO,NO,0.05,1.0,1,[],L1_REPORT_ONLY,OK
1.2.826.0.1.3680043.8.498.25206096958520407302630747466352252249,Effusion,d00b626e5aa358a14a1f41bad11b7870b008c1371859ceb2db8a1df9097c5452,8ea3952f16e5c964c7d84a7d3ca385c8e987a77cfaf61805b9fd6376bbe0d101,el,PRESENT,"[""Αναγνωρίζεται ελάχιστη συλλογή υγρού ενδαρθικά.""]","{""code"":""KNEE_JOINT"",""text"":""ενδαρθικά""}","{""grade"":""MILD"",""text"":""ελάχιστη""}","""""",UNSPECIFIED,"{""class_absence_supported"":{""value"":null,""evidence"":[]},""joint_distension"":{""value"":null,""evidence"":[]},""low_grade_only"":{""value"":true,""evidence"":[""Αναγνωρίζεται ελάχιστη συλλογή υγρού ενδαρθικά.""]}}",NO,NO,0.05,1.0,1,"[""explicit_subthreshold_or_alternative""]",L1_REPORT_ONLY,OK
1.2.826.0.1.3680043.8.498.25206096958520407302630747466352252249,Synovitis,d00b626e5aa358a14a1f41bad11b7870b008c1371859ceb2db8a1df9097c5452,8ea3952f16e5c964c7d84a7d3ca385c8e987a77cfaf61805b9fd6376bbe0d101,el,NOT_MENTIONED,[],"{""code"":""UNKNOWN"",""text"":""""}","{""grade"":""UNSPECIFIED"",""text"":""""}","""""",UNSPECIFIED,"{""class_absence_supported"":{""value"":null,""evidence"":[]},""direct_synovial_evidence"":{""value"":null,""evidence"":[]}}",UNKNOWN,UNKNOWN,,0.0,0,[],L1_REPORT_ONLY,OK
1.2.826.0.1.3680043.8.498.25206096958520407302630747466352252249,Baker's,d00b626e5aa358a14a1f41bad11b7870b008c1371859ceb2db8a1df9097c5452,8ea3952f16e5c964c7d84a7d3ca385c8e987a77cfaf61805b9fd6376bbe0d101,el,NOT_MENTIONED,[],"{""code"":""UNKNOWN"",""text"":""""}","{""grade"":""UNSPECIFIED"",""text"":""""}","""""",UNSPECIFIED,"{""class_absence_supported"":{""value"":null,""evidence"":[]},""typical_baker_location"":{""value"":null,""evidence"":[]},""low_grade_only"":{""value"":null,""evidence"":[]}}",UNKNOWN,UNKNOWN,,0.0,0,[],L1_REPORT_ONLY,OK
1.2.826.0.1.3680043.8.498.25206096958520407302630747466352252249,Contusion,d00b626e5aa358a14a1f41bad11b7870b008c1371859ceb2db8a1df9097c5452,8ea3952f16e5c964c7d84a7d3ca385c8e987a77cfaf61805b9fd6376bbe0d101,el,ABSENT,"[""Ο οστικός μυελός και ο αρθρικός χόνδρος δεν παρουσιάζουν παθολογικά ευρήματα.""]","{""code"":""BONE"",""text"":""Ο οστικός μυελός""}","{""grade"":""NONE"",""text"":""δεν παρουσιάζουν παθολογικά ευρήματα""}","""""",UNSPECIFIED,"{""class_absence_supported"":{""value"":true,""evidence"":[""Ο οστικός μυελός και ο αρθρικός χόνδρος δεν παρουσιάζουν παθολογικά ευρήματα.""]},""traumatic_marrow_edema"":{""value"":false,""evidence"":[""Ο οστικός μυελός και ο αρθρικός χόνδρος δεν παρουσιάζουν παθολογικά ευρήματα.""]},""fracture_line_present"":{""value"":null,""evidence"":[]},""degenerative_only"":{""value"":null,""evidence"":[]}}",NO,NO,0.05,1.0,1,[],L1_REPORT_ONLY,OK
1.2.826.0.1.3680043.8.498.25206096958520407302630747466352252249,Fracture,d00b626e5aa358a14a1f41bad11b7870b008c1371859ceb2db8a1df9097c5452,8ea3952f16e5c964c7d84a7d3ca385c8e987a77cfaf61805b9fd6376bbe0d101,el,NOT_MENTIONED,[],"{""code"":""UNKNOWN"",""text"":""""}","{""grade"":""UNSPECIFIED"",""text"":""""}","""""",UNSPECIFIED,"{""class_absence_supported"":{""value"":null,""evidence"":[]},""fracture_line_present"":{""value"":null,""evidence"":[]},""acute_injury"":{""value"":null,""evidence"":[]},""procedure_only"":{""value"":null,""evidence"":[]}}",UNKNOWN,UNKNOWN,,0.0,0,[],L1_REPORT_ONLY,OK
1.2.826.0.1.3680043.8.498.25505153402978560400776672230220616863,ACL,f0e6c8915cbc6512c8cb352292112a95bb95896f00bd5f1fd79af329e3a6237f,a0e4b7f4859b5b149fe89f299f7510ad182dfd5422dfa50c1505215c5ca7911d,fr,ABSENT,"[""Ligament croisé antérieur : Normal.""]","{""code"":""ACL"",""text"":""Ligament croisé antérieur""}","{""grade"":""NONE"",""text"":""Normal.""}","""""",UNSPECIFIED,"{""class_absence_supported"":{""value"":true,""evidence"":[""Ligament croisé antérieur : Normal.""]},""high_grade_tear"":{""value"":false,""evidence"":[""Ligament croisé antérieur : Normal.""]},""low_grade_only"":{""value"":null,""evidence"":[]},""postoperative_only"":{""value"":null,""evidence"":[]}}",NO,NO,0.05,1.0,1,[],L1_REPORT_ONLY,OK
1.2.826.0.1.3680043.8.498.25505153402978560400776672230220616863,MCL,f0e6c8915cbc6512c8cb352292112a95bb95896f00bd5f1fd79af329e3a6237f,a0e4b7f4859b5b149fe89f299f7510ad182dfd5422dfa50c1505215c5ca7911d,fr,ABSENT,"[""Ligament collatéral médial : Normal.""]","{""code"":""MCL"",""text"":""Ligament collatéral médial""}","{""grade"":""NONE"",""text"":""Normal.""}","""""",UNSPECIFIED,"{""class_absence_supported"":{""value"":true,""evidence"":[""Ligament collatéral médial : Normal.""]},""high_grade_tear"":{""value"":false,""evidence"":[""Ligament collatéral médial : Normal.""]},""acute_injury"":{""value"":false,""evidence"":[""Ligament collatéral médial : Normal.""]},""low_grade_only"":{""value"":null,""evidence"":[]},""postoperative_only"":{""value"":null,""evidence"":[]}}",NO,NO,0.05,1.0,1,[],L1_REPORT_ONLY,OK
1.2.826.0.1.3680043.8.498.25505153402978560400776672230220616863,Medial Meniscus,f0e6c8915cbc6512c8cb352292112a95bb95896f00bd5f1fd79af329e3a6237f,a0e4b7f4859b5b149fe89f299f7510ad182dfd5422dfa50c1505215c5ca7911d,fr,ABSENT,"[""Ménisque médial : Normal.""]","{""code"":""MEDIAL_MENISCUS"",""text"":""Ménisque médial""}","{""grade"":""NONE"",""text"":""Normal.""}","""""",UNSPECIFIED,"{""class_absence_supported"":{""value"":true,""evidence"":[""Ménisque médial : Normal.""]},""definite_meniscal_tear"":{""value"":false,""evidence"":[""Ménisque médial : Normal.""]},""internal_degeneration_only"":{""value"":null,""evidence"":[]},""postoperative_only"":{""value"":null,""evidence"":[]}}",NO,NO,0.05,1.0,1,[],L1_REPORT_ONLY,OK
1.2.826.0.1.3680043.8.498.25505153402978560400776672230220616863,Lateral Meniscus,f0e6c8915cbc6512c8cb352292112a95bb95896f00bd5f1fd79af329e3a6237f,a0e4b7f4859b5b149fe89f299f7510ad182dfd5422dfa50c1505215c5ca7911d,fr,ABSENT,"[""Ménisque latéral : Normal.""]","{""code"":""LATERAL_MENISCUS"",""text"":""Ménisque latéral""}","{""grade"":""NONE"",""text"":""Normal.""}","""""",UNSPECIFIED,"{""class_absence_supported"":{""value"":true,""evidence"":[""Ménisque latéral : Normal.""]},""definite_meniscal_tear"":{""value"":false,""evidence"":[""Ménisque latéral : Normal.""]},""internal_degeneration_only"":{""value"":null,""evidence"":[]},""postoperative_only"":{""value"":null,""evidence"":[]}}",NO,NO,0.05,1.0,1,[],L1_REPORT_ONLY,OK
1.2.826.0.1.3680043.8.498.25505153402978560400776672230220616863,Medial OA,f0e6c8915cbc6512c8cb352292112a95bb95896f00bd5f1fd79af329e3a6237f,a0e4b7f4859b5b149fe89f299f7510ad182dfd5422dfa50c1505215c5ca7911d,fr,ABSENT,"[""Changements dégénératifs :\nAucune.""]","{""code"":""UNKNOWN"",""text"":""""}","{""grade"":""NONE"",""text"":""Aucune.""}","""""",UNSPECIFIED,"{""class_absence_supported"":{""value"":true,""evidence"":[""Changements dégénératifs :\nAucune.""]},""cartilage_loss_gt50pct"":{""value"":null,""evidence"":[]},""cartilage_extent_ge10mm"":{""value"":null,""evidence"":[]},""low_grade_only"":{""value"":null,""evidence"":[]}}",NO,UNKNOWN,,0.0,0,"[""anatomy_missing_or_wrong"",""llm_review:Global negative for degenerative changes; compartments are not individually named."",""pilot_text_review_mask""]",L1_REPORT_ONLY,OK
1.2.826.0.1.3680043.8.498.25505153402978560400776672230220616863,Lateral OA,f0e6c8915cbc6512c8cb352292112a95bb95896f00bd5f1fd79af329e3a6237f,a0e4b7f4859b5b149fe89f299f7510ad182dfd5422dfa50c1505215c5ca7911d,fr,ABSENT,"[""Changements dégénératifs :\nAucune.""]","{""code"":""UNKNOWN"",""text"":""""}","{""grade"":""NONE"",""text"":""Aucune.""}","""""",UNSPECIFIED,"{""class_absence_supported"":{""value"":true,""evidence"":[""Changements dégénératifs :\nAucune.""]},""cartilage_loss_gt50pct"":{""value"":null,""evidence"":[]},""cartilage_extent_ge10mm"":{""value"":null,""evidence"":[]},""low_grade_only"":{""value"":null,""evidence"":[]}}",NO,UNKNOWN,,0.0,0,"[""anatomy_missing_or_wrong"",""llm_review:Global negative for degenerative changes; compartments are not individually named."",""pilot_text_review_mask""]",L1_REPORT_ONLY,OK
1.2.826.0.1.3680043.8.498.25505153402978560400776672230220616863,PF OA,f0e6c8915cbc6512c8cb352292112a95bb95896f00bd5f1fd79af329e3a6237f,a0e4b7f4859b5b149fe89f299f7510ad182dfd5422dfa50c1505215c5ca7911d,fr,ABSENT,"[""Changements dégénératifs :\nAucune.""]","{""code"":""UNKNOWN"",""text"":""""}","{""grade"":""NONE"",""text"":""Aucune.""}","""""",UNSPECIFIED,"{""class_absence_supported"":{""value"":true,""evidence"":[""Changements dégénératifs :\nAucune.""]},""cartilage_loss_gt50pct"":{""value"":null,""evidence"":[]},""cartilage_extent_ge10mm"":{""value"":null,""evidence"":[]},""low_grade_only"":{""value"":null,""evidence"":[]}}",NO,UNKNOWN,,0.0,0,"[""anatomy_missing_or_wrong"",""llm_review:Global negative for degenerative changes; compartments are not individually named."",""pilot_text_review_mask""]",L1_REPORT_ONLY,OK
1.2.826.0.1.3680043.8.498.25505153402978560400776672230220616863,Effusion,f0e6c8915cbc6512c8cb352292112a95bb95896f00bd5f1fd79af329e3a6237f,a0e4b7f4859b5b149fe89f299f7510ad182dfd5422dfa50c1505215c5ca7911d,fr,ABSENT,"[""Épanchement articulaire : Pas de liquide significatif.""]","{""code"":""KNEE_JOINT"",""text"":""Épanchement articulaire""}","{""grade"":""UNSPECIFIED"",""text"":""Pas de liquide significatif.""}","""""",UNSPECIFIED,"{""class_absence_supported"":{""value"":true,""evidence"":[""Épanchement articulaire : Pas de liquide significatif.""]},""joint_distension"":{""value"":null,""evidence"":[]},""low_grade_only"":{""value"":null,""evidence"":[]}}",NO,NO,0.05,1.0,1,"[""llm_review:No significant fluid excludes qualifying effusion but does not explicitly exclude trace fluid.""]",L1_REPORT_ONLY,OK
1.2.826.0.1.3680043.8.498.25505153402978560400776672230220616863,Synovitis,f0e6c8915cbc6512c8cb352292112a95bb95896f00bd5f1fd79af329e3a6237f,a0e4b7f4859b5b149fe89f299f7510ad182dfd5422dfa50c1505215c5ca7911d,fr,NOT_MENTIONED,[],"{""code"":""UNKNOWN"",""text"":""""}","{""grade"":""UNSPECIFIED"",""text"":""""}","""""",UNSPECIFIED,"{""class_absence_supported"":{""value"":null,""evidence"":[]},""direct_synovial_evidence"":{""value"":null,""evidence"":[]}}",UNKNOWN,UNKNOWN,,0.0,0,[],L1_REPORT_ONLY,OK
1.2.826.0.1.3680043.8.498.25505153402978560400776672230220616863,Baker's,f0e6c8915cbc6512c8cb352292112a95bb95896f00bd5f1fd79af329e3a6237f,a0e4b7f4859b5b149fe89f299f7510ad182dfd5422dfa50c1505215c5ca7911d,fr,ABSENT,"[""Kyste de Baker : Aucun.""]","{""code"":""POSTEROMEDIAL_POPLITEAL"",""text"":""Kyste de Baker""}","{""grade"":""NONE"",""text"":""Aucun.""}","""""",UNSPECIFIED,"{""class_absence_supported"":{""value"":true,""evidence"":[""Kyste de Baker : Aucun.""]},""typical_baker_location"":{""value"":null,""evidence"":[]},""low_grade_only"":{""value"":null,""evidence"":[]}}",NO,NO,0.05,1.0,1,[],L1_REPORT_ONLY,OK
1.2.826.0.1.3680043.8.498.25505153402978560400776672230220616863,Contusion,f0e6c8915cbc6512c8cb352292112a95bb95896f00bd5f1fd79af329e3a6237f,a0e4b7f4859b5b149fe89f299f7510ad182dfd5422dfa50c1505215c5ca7911d,fr,ABSENT,"[""Signal de la moelle osseuse :\nNormal.""]","{""code"":""BONE"",""text"":""moelle osseuse""}","{""grade"":""NONE"",""text"":""Normal.""}","""""",UNSPECIFIED,"{""class_absence_supported"":{""value"":true,""evidence"":[""Signal de la moelle osseuse :\nNormal.""]},""traumatic_marrow_edema"":{""value"":false,""evidence"":[""Signal de la moelle osseuse :\nNormal.""]},""fracture_line_present"":{""value"":false,""evidence"":[""Fractures :\nAucune.""]},""degenerative_only"":{""value"":null,""evidence"":[]}}",NO,NO,0.05,1.0,1,[],L1_REPORT_ONLY,OK
1.2.826.0.1.3680043.8.498.25505153402978560400776672230220616863,Fracture,f0e6c8915cbc6512c8cb352292112a95bb95896f00bd5f1fd79af329e3a6237f,a0e4b7f4859b5b149fe89f299f7510ad182dfd5422dfa50c1505215c5ca7911d,fr,ABSENT,"[""Fractures :\nAucune.""]","{""code"":""BONE"",""text"":""""}","{""grade"":""NONE"",""text"":""Aucune.""}","""""",UNSPECIFIED,"{""class_absence_supported"":{""value"":true,""evidence"":[""Fractures :\nAucune.""]},""fracture_line_present"":{""value"":false,""evidence"":[""Fractures :\nAucune.""]},""acute_injury"":{""value"":null,""evidence"":[]},""procedure_only"":{""value"":null,""evidence"":[]}}",NO,NO,0.05,1.0,1,[],L1_REPORT_ONLY,OK
1.2.826.0.1.3680043.8.498.27656830051511853680197276412365020780,ACL,291433287f58821bc7c6b77eaa659662f3af3ddfdbe3068829266daa5f53f7c2,5bf5984b68abf322be1c196b3f27b83042786f422d292520bd504a482e99cd55,en,ABSENT,"[""Anterior cruciate ligament (ACL): Normal with both bundles intact.""]","{""code"":""ACL"",""text"":""Anterior cruciate ligament (ACL)""}","{""grade"":""NONE"",""text"":""Normal with both bundles intact.""}","""""",UNSPECIFIED,"{""class_absence_supported"":{""value"":true,""evidence"":[""Anterior cruciate ligament (ACL): Normal with both bundles intact.""]},""high_grade_tear"":{""value"":false,""evidence"":[""Anterior cruciate ligament (ACL): Normal with both bundles intact.""]},""low_grade_only"":{""value"":null,""evidence"":[]},""postoperative_only"":{""value"":null,""evidence"":[]}}",NO,NO,0.05,1.0,1,[],L1_REPORT_ONLY,OK
1.2.826.0.1.3680043.8.498.27656830051511853680197276412365020780,MCL,291433287f58821bc7c6b77eaa659662f3af3ddfdbe3068829266daa5f53f7c2,5bf5984b68abf322be1c196b3f27b83042786f422d292520bd504a482e99cd55,en,ABSENT,"[""Medial collateral ligament (MCL): Normal.""]","{""code"":""MCL"",""text"":""Medial collateral ligament (MCL)""}","{""grade"":""NONE"",""text"":""Normal.""}","""""",UNSPECIFIED,"{""class_absence_supported"":{""value"":true,""evidence"":[""Medial collateral ligament (MCL): Normal.""]},""high_grade_tear"":{""value"":false,""evidence"":[""Medial collateral ligament (MCL): Normal.""]},""acute_injury"":{""value"":false,""evidence"":[""Medial collateral ligament (MCL): Normal.""]},""low_grade_only"":{""value"":null,""evidence"":[]},""postoperative_only"":{""value"":null,""evidence"":[]}}",NO,NO,0.05,1.0,1,[],L1_REPORT_ONLY,OK
1.2.826.0.1.3680043.8.498.27656830051511853680197276412365020780,Medial Meniscus,291433287f58821bc7c6b77eaa659662f3af3ddfdbe3068829266daa5f53f7c2,5bf5984b68abf322be1c196b3f27b83042786f422d292520bd504a482e99cd55,en,ABSENT,"[""Medial meniscus: Normal in morphology and signal."",""No meniscus tear.""]","{""code"":""MEDIAL_MENISCUS"",""text"":""Medial meniscus""}","{""grade"":""NONE"",""text"":""Normal in morphology and signal.""}","""""",UNSPECIFIED,"{""class_absence_supported"":{""value"":true,""evidence"":[""Medial meniscus: Normal in morphology and signal."",""No meniscus tear.""]},""definite_meniscal_tear"":{""value"":false,""evidence"":[""No meniscus tear.""]},""internal_degeneration_only"":{""value"":false,""evidence"":[""Medial meniscus: Normal in morphology and signal.""]},""postoperative_only"":{""value"":null,""evidence"":[]}}",NO,NO,0.05,1.0,1,[],L1_REPORT_ONLY,OK
1.2.826.0.1.3680043.8.498.27656830051511853680197276412365020780,Lateral Meniscus,291433287f58821bc7c6b77eaa659662f3af3ddfdbe3068829266daa5f53f7c2,5bf5984b68abf322be1c196b3f27b83042786f422d292520bd504a482e99cd55,en,ABSENT,"[""Lateral meniscus: Normal in morphology and signal."",""No meniscus tear.""]","{""code"":""LATERAL_MENISCUS"",""text"":""Lateral meniscus""}","{""grade"":""NONE"",""text"":""Normal in morphology and signal.""}","""""",UNSPECIFIED,"{""class_absence_supported"":{""value"":true,""evidence"":[""Lateral meniscus: Normal in morphology and signal."",""No meniscus tear.""]},""definite_meniscal_tear"":{""value"":false,""evidence"":[""No meniscus tear.""]},""internal_degeneration_only"":{""value"":false,""evidence"":[""Lateral meniscus: Normal in morphology and signal.""]},""postoperative_only"":{""value"":null,""evidence"":[]}}",NO,NO,0.05,1.0,1,[],L1_REPORT_ONLY,OK
1.2.826.0.1.3680043.8.498.27656830051511853680197276412365020780,Medial OA,291433287f58821bc7c6b77eaa659662f3af3ddfdbe3068829266daa5f53f7c2,5bf5984b68abf322be1c196b3f27b83042786f422d292520bd504a482e99cd55,en,ABSENT,"[""Medial compartment cartilage: No focal cartilage defects.""]","{""code"":""MEDIAL_TIBIOFEMORAL"",""text"":""Medial compartment cartilage""}","{""grade"":""UNSPECIFIED"",""text"":""""}","""""",UNSPECIFIED,"{""class_absence_supported"":{""value"":null,""evidence"":[]},""cartilage_loss_gt50pct"":{""value"":null,""evidence"":[]},""cartilage_extent_ge10mm"":{""value"":null,""evidence"":[]},""low_grade_only"":{""value"":null,""evidence"":[]}}",UNKNOWN,UNKNOWN,,0.0,0,"[""llm_review:Negative statement is limited to focal cartilage defects; diffuse cartilage loss is not explicitly excluded. Cartilage depth and extent are unspecified."",""negative_scope_insufficient""]",L1_REPORT_ONLY,OK
1.2.826.0.1.3680043.8.498.27656830051511853680197276412365020780,Lateral OA,291433287f58821bc7c6b77eaa659662f3af3ddfdbe3068829266daa5f53f7c2,5bf5984b68abf322be1c196b3f27b83042786f422d292520bd504a482e99cd55,en,ABSENT,"[""Lateral compartment cartilage: No focal cartilage defects.""]","{""code"":""LATERAL_TIBIOFEMORAL"",""text"":""Lateral compartment cartilage""}","{""grade"":""UNSPECIFIED"",""text"":""""}","""""",UNSPECIFIED,"{""class_absence_supported"":{""value"":null,""evidence"":[]},""cartilage_loss_gt50pct"":{""value"":null,""evidence"":[]},""cartilage_extent_ge10mm"":{""value"":null,""evidence"":[]},""low_grade_only"":{""value"":null,""evidence"":[]}}",UNKNOWN,UNKNOWN,,0.0,0,"[""llm_review:Negative statement is limited to focal cartilage defects; diffuse cartilage loss is not explicitly excluded. Cartilage depth and extent are unspecified."",""negative_scope_insufficient""]",L1_REPORT_ONLY,OK
1.2.826.0.1.3680043.8.498.27656830051511853680197276412365020780,PF OA,291433287f58821bc7c6b77eaa659662f3af3ddfdbe3068829266daa5f53f7c2,5bf5984b68abf322be1c196b3f27b83042786f422d292520bd504a482e99cd55,en,ABSENT,"[""Patellofemoral compartment cartilage: No focal cartilage defects.""]","{""code"":""PATELLOFEMORAL"",""text"":""Patellofemoral compartment cartilage""}","{""grade"":""UNSPECIFIED"",""text"":""""}","""""",UNSPECIFIED,"{""class_absence_supported"":{""value"":null,""evidence"":[]},""cartilage_loss_gt50pct"":{""value"":null,""evidence"":[]},""cartilage_extent_ge10mm"":{""value"":null,""evidence"":[]},""low_grade_only"":{""value"":null,""evidence"":[]}}",UNKNOWN,UNKNOWN,,0.0,0,"[""llm_review:Negative statement is limited to focal cartilage defects; diffuse cartilage loss is not explicitly excluded. Cartilage depth and extent are unspecified."",""negative_scope_insufficient""]",L1_REPORT_ONLY,OK
1.2.826.0.1.3680043.8.498.27656830051511853680197276412365020780,Effusion,291433287f58821bc7c6b77eaa659662f3af3ddfdbe3068829266daa5f53f7c2,5bf5984b68abf322be1c196b3f27b83042786f422d292520bd504a482e99cd55,en,ABSENT,"[""No joint effusion.""]","{""code"":""KNEE_JOINT"",""text"":""joint""}","{""grade"":""NONE"",""text"":""No joint effusion.""}","""""",UNSPECIFIED,"{""class_absence_supported"":{""value"":true,""evidence"":[""No joint effusion.""]},""joint_distension"":{""value"":null,""evidence"":[]},""low_grade_only"":{""value"":null,""evidence"":[]}}",NO,NO,0.05,1.0,1,[],L1_REPORT_ONLY,OK
1.2.826.0.1.3680043.8.498.27656830051511853680197276412365020780,Synovitis,291433287f58821bc7c6b77eaa659662f3af3ddfdbe3068829266daa5f53f7c2,5bf5984b68abf322be1c196b3f27b83042786f422d292520bd504a482e99cd55,en,NOT_MENTIONED,[],"{""code"":""UNKNOWN"",""text"":""""}","{""grade"":""UNSPECIFIED"",""text"":""""}","""""",UNSPECIFIED,"{""class_absence_supported"":{""value"":null,""evidence"":[]},""direct_synovial_evidence"":{""value"":null,""evidence"":[]}}",UNKNOWN,UNKNOWN,,0.0,0,[],L1_REPORT_ONLY,OK
1.2.826.0.1.3680043.8.498.27656830051511853680197276412365020780,Baker's,291433287f58821bc7c6b77eaa659662f3af3ddfdbe3068829266daa5f53f7c2,5bf5984b68abf322be1c196b3f27b83042786f422d292520bd504a482e99cd55,en,ABSENT,"[""No Baker's cyst.""]","{""code"":""POSTEROMEDIAL_POPLITEAL"",""text"":""Baker's cyst""}","{""grade"":""NONE"",""text"":""No Baker's cyst.""}","""""",UNSPECIFIED,"{""class_absence_supported"":{""value"":true,""evidence"":[""No Baker's cyst.""]},""typical_baker_location"":{""value"":null,""evidence"":[]},""low_grade_only"":{""value"":null,""evidence"":[]}}",NO,NO,0.05,1.0,1,[],L1_REPORT_ONLY,OK
1.2.826.0.1.3680043.8.498.27656830051511853680197276412365020780,Contusion,291433287f58821bc7c6b77eaa659662f3af3ddfdbe3068829266daa5f53f7c2,5bf5984b68abf322be1c196b3f27b83042786f422d292520bd504a482e99cd55,en,UNCERTAIN,"[""Marrow edema along the peripheral aspect of the medial femoral condyle could represent a very small osseous contusion in the appropriate context."",""Small focus of mild marrow edema along the peripheral aspect of the medial femoral condyle which could represent a healing osseous contusion in the appropriate context.""]","{""code"":""BONE"",""text"":""peripheral aspect of the medial femoral condyle""}","{""grade"":""MILD"",""text"":""mild marrow edema""}","""Small focus""",UNSPECIFIED,"{""class_absence_supported"":{""value"":null,""evidence"":[]},""traumatic_marrow_edema"":{""value"":null,""evidence"":[]},""fracture_line_present"":{""value"":null,""evidence"":[]},""degenerative_only"":{""value"":null,""evidence"":[]}}",UNKNOWN,UNKNOWN,0.4,0.25,1,"[""llm_review:Contusion is conditional on an appropriate clinical context; traumatic etiology is uncertain. Healing is suggested, but injury timing is unspecified. Absence of a fracture line at this lesion is not explicitly stated."",""uncertain_report""]",L1_REPORT_ONLY,OK
1.2.826.0.1.3680043.8.498.27656830051511853680197276412365020780,Fracture,291433287f58821bc7c6b77eaa659662f3af3ddfdbe3068829266daa5f53f7c2,5bf5984b68abf322be1c196b3f27b83042786f422d292520bd504a482e99cd55,en,NOT_MENTIONED,[],"{""code"":""UNKNOWN"",""text"":""""}","{""grade"":""UNSPECIFIED"",""text"":""""}","""""",UNSPECIFIED,"{""class_absence_supported"":{""value"":null,""evidence"":[]},""fracture_line_present"":{""value"":null,""evidence"":[]},""acute_injury"":{""value"":null,""evidence"":[]},""procedure_only"":{""value"":null,""evidence"":[]}}",UNKNOWN,UNKNOWN,,0.0,0,[],L1_REPORT_ONLY,OK
