StudyInstanceUID,category,report_hash,report_status,evidence,meets_criteria,audit_reasons,disposition,status_correct,evidence_correct,negation_correct,anatomy_correct,severity_correct,temporal_correct,criteria_correct,reviewer,notes
1.2.826.0.1.3680043.8.498.10058298717414171145622092128156266866,ACL,25ed1b3348605063d91c719a951c175cdc4db5cdc05a9748c326dba0145eccd0,ABSENT,"[""Χιαστοί και πλάγιοι σύνδεσµοι απεικονίζονται εντός του φυσιολογικού.""]",NO,[],KEEP,PASS,PASS,PASS,PASS,PASS,PASS,PASS,GPT-6.1 Sol independent text reviewer A,交叉韧带明确正常，阴性范围涵盖ACL撕裂。
1.2.826.0.1.3680043.8.498.10058298717414171145622092128156266866,MCL,25ed1b3348605063d91c719a951c175cdc4db5cdc05a9748c326dba0145eccd0,ABSENT,"[""Χιαστοί και πλάγιοι σύνδεσµοι απεικονίζονται εντός του φυσιολογικού.""]",NO,[],KEEP,PASS,PASS,PASS,PASS,PASS,PASS,PASS,GPT-6.1 Sol independent text reviewer A,侧副韧带明确正常，涵盖MCL病变。
1.2.826.0.1.3680043.8.498.10058298717414171145622092128156266866,Medial Meniscus,25ed1b3348605063d91c719a951c175cdc4db5cdc05a9748c326dba0145eccd0,ABSENT,"[""Οι µηνίσκοι δεν παρουσιάζουν παθολογικά ευρήµατα.""]",NO,[],KEEP,PASS,PASS,PASS,PASS,PASS,PASS,PASS,GPT-6.1 Sol independent text reviewer A,半月板均无病理发现，内侧阴性有直接支持。
1.2.826.0.1.3680043.8.498.10058298717414171145622092128156266866,Lateral Meniscus,25ed1b3348605063d91c719a951c175cdc4db5cdc05a9748c326dba0145eccd0,ABSENT,"[""Οι µηνίσκοι δεν παρουσιάζουν παθολογικά ευρήµατα.""]",NO,[],KEEP,PASS,PASS,PASS,PASS,PASS,PASS,PASS,GPT-6.1 Sol independent text reviewer A,半月板均无病理发现，外侧阴性有直接支持。
1.2.826.0.1.3680043.8.498.10058298717414171145622092128156266866,Medial OA,25ed1b3348605063d91c719a951c175cdc4db5cdc05a9748c326dba0145eccd0,ABSENT,"[""Ο αρθρικός χόνδρος σε έσω και έξω διαµέρισµα είναι φυσιολογικός.""]",NO,[],KEEP,PASS,PASS,PASS,PASS,PASS,PASS,PASS,GPT-6.1 Sol independent text reviewer A,内侧关节软骨正常，未将局部全层否定当全面阴性。
1.2.826.0.1.3680043.8.498.10058298717414171145622092128156266866,Lateral OA,25ed1b3348605063d91c719a951c175cdc4db5cdc05a9748c326dba0145eccd0,ABSENT,"[""Ο αρθρικός χόνδρος σε έσω και έξω διαµέρισµα είναι φυσιολογικός.""]",NO,[],KEEP,PASS,PASS,PASS,PASS,PASS,PASS,PASS,GPT-6.1 Sol independent text reviewer A,外侧关节软骨正常，直接支持该间室阴性。
1.2.826.0.1.3680043.8.498.10058298717414171145622092128156266866,PF OA,25ed1b3348605063d91c719a951c175cdc4db5cdc05a9748c326dba0145eccd0,PRESENT,"[""Ευµέγεθες περίπου 1,5cm, οστεοχόνδρινο ξένο σώµα παρατηρείται στο έσω κόλπωµα της αρθρικής κοιλότητας."",""Η βλάβη έχει αποσπαστεί από την έσω µοίρα της µεσότητας της επιγονατίδας η οποία έχει µορφολογία Wiberg II.""]",UNKNOWN,"[""criteria_anatomy_severity_extent_or_timing_insufficient"",""llm_review:Degenerative etiology and acute/chronic timing are unspecified."",""llm_review:Patellar osteochondral detachment is described, but cartilage loss depth and donor-site extent are not quantified."",""llm_review:The approximately 1.5 cm measurement belongs to the loose body and cannot establish cartilage defect extent.""]",KEEP,PASS,PASS,PASS,PASS,PASS,PASS,PASS,GPT-6.1 Sol independent text reviewer A,髌骨骨软骨游离体脱离，供区深度及范围不详；1.5cm为游离体大小，维持未知并已屏蔽。
1.2.826.0.1.3680043.8.498.10058298717414171145622092128156266866,Effusion,25ed1b3348605063d91c719a951c175cdc4db5cdc05a9748c326dba0145eccd0,PRESENT,"[""Μικρό ύδραρθρο σηµειούται στην άρθρωση του γόνατος.""]",NO,"[""explicit_subthreshold_or_alternative""]",KEEP,PASS,PASS,PASS,PASS,PASS,PASS,PASS,GPT-6.1 Sol independent text reviewer A,原文仅小量关节液，未扩大为中大量阳性。
1.2.826.0.1.3680043.8.498.10058298717414171145622092128156266866,Synovitis,25ed1b3348605063d91c719a951c175cdc4db5cdc05a9748c326dba0145eccd0,NOT_MENTIONED,[],UNKNOWN,[],KEEP,PASS,PASS,PASS,PASS,PASS,PASS,PASS,GPT-6.1 Sol independent text reviewer A,原文未谈滑膜炎；关节液未被推成滑膜炎。
1.2.826.0.1.3680043.8.498.10058298717414171145622092128156266866,Baker's,25ed1b3348605063d91c719a951c175cdc4db5cdc05a9748c326dba0145eccd0,NOT_MENTIONED,[],UNKNOWN,[],KEEP,PASS,PASS,PASS,PASS,PASS,PASS,PASS,GPT-6.1 Sol independent text reviewer A,原文未谈典型腘窝囊肿，保留未知。
1.2.826.0.1.3680043.8.498.10058298717414171145622092128156266866,Contusion,25ed1b3348605063d91c719a951c175cdc4db5cdc05a9748c326dba0145eccd0,NOT_MENTIONED,[],UNKNOWN,[],KEEP,PASS,PASS,PASS,PASS,PASS,PASS,PASS,GPT-6.1 Sol independent text reviewer A,髂胫束旁软组织水肿未误作骨挫伤；未描述创伤性骨髓水肿。
1.2.826.0.1.3680043.8.498.10058298717414171145622092128156266866,Fracture,25ed1b3348605063d91c719a951c175cdc4db5cdc05a9748c326dba0145eccd0,UNCERTAIN,"[""Η βλάβη έχει αποσπαστεί από την έσω µοίρα της µεσότητας της επιγονατίδας η οποία έχει µορφολογία Wiberg II."",""Ξένο σώµα οστεοχόνδρινης σύστασης στο έσω πλάγιο κόλπωµα της άρθρωσης, αποσπασθέν από την επιγονατίδα.""]",UNKNOWN,"[""llm_review:An osteochondral fragment detached from the patella is described; an acute fracture diagnosis, fracture line, and injury timing are not specified."",""uncertain_report""]",KEEP,PASS,PASS,PASS,PASS,PASS,PASS,PASS,GPT-6.1 Sol independent text reviewer A,骨软骨块脱离但无当前急性骨折线及时间，保留不确定并已屏蔽。
1.2.826.0.1.3680043.8.498.10147180484860577398303524379319212586,ACL,11cb3bba6623f22527640f68aad4a63e38db100063015bf3b756597f82daee6c,PRESENT,"[""Anterior çapraz bağda mukoid dejenerasyona sekonder diffüz kalınlaşma ve sinyal artışı izlenmiştir.""]",NO,"[""explicit_subthreshold_or_alternative"",""llm_review:Mucoid degeneration is subthreshold; no definite high-grade tear is described."",""llm_review:Timing is unspecified.""]",KEEP,PASS,PASS,PASS,PASS,PASS,PASS,PASS,GPT-6.1 Sol independent text reviewer A,ACL黏液样变性及增厚信号改变，未误作高级别撕裂。
1.2.826.0.1.3680043.8.498.10147180484860577398303524379319212586,MCL,11cb3bba6623f22527640f68aad4a63e38db100063015bf3b756597f82daee6c,PRESENT,"[""Medial kollateral ligamende periligamentöz ödem izlenmiştir."",""Medial kollateral ligamande grade I sprain.""]",NO,"[""explicit_subthreshold_or_alternative"",""llm_review:Acute timing is not explicitly established."",""llm_review:Grade I sprain is subthreshold."",""timing_or_trauma_review""]",KEEP,PASS,PASS,PASS,PASS,PASS,PASS,PASS,GPT-6.1 Sol independent text reviewer A,明确MCL一级扭伤，低于急性高级别撕裂阈值，未推断时效。
1.2.826.0.1.3680043.8.498.10147180484860577398303524379319212586,Medial Meniscus,11cb3bba6623f22527640f68aad4a63e38db100063015bf3b756597f82daee6c,PRESENT,"[""Medial menisküs diz ekleminde 3.5 mm mediale ekstrüdedir."",""Menisküste volüm kaybı, posterior horn ve gövde kesimde grade III dejenerasyon izlenmiştir."",""Medial menisküste volüm kaybı, medial ekstrüzyon ve grade III meniskopatiler.""]",UNKNOWN,"[""criteria_anatomy_severity_extent_or_timing_insufficient"",""history_or_postoperative_scope_review"",""llm_review:Grade III degeneration/meniscopathy is reported without an explicit tear diagnosis or defined grading convention."",""llm_review:Timing is unspecified."",""llm_review:Volume loss and extrusion do not independently establish a tear.""]",KEEP,PASS,PASS,PASS,PASS,PASS,PASS,PASS,GPT-6.1 Sol independent text reviewer A,内侧III级退变、体积减少和挤出并无明确撕裂诊断，UNKNOWN已屏蔽。
1.2.826.0.1.3680043.8.498.10147180484860577398303524379319212586,Lateral Meniscus,11cb3bba6623f22527640f68aad4a63e38db100063015bf3b756597f82daee6c,PRESENT,"[""Lateral menisküs anterior hornu ve gövde kesimde grade II dejenerasyon izlenmiştir."",""Lateral menisküste grade II meniskopati.""]",NO,"[""explicit_subthreshold_or_alternative"",""llm_review:Grade II degeneration is subthreshold; no definite tear diagnosis is reported."",""llm_review:Timing is unspecified.""]",KEEP,PASS,PASS,PASS,PASS,PASS,PASS,PASS,GPT-6.1 Sol independent text reviewer A,外侧II级退变，支持内部退变低于撕裂标准。
1.2.826.0.1.3680043.8.498.10147180484860577398303524379319212586,Medial OA,11cb3bba6623f22527640f68aad4a63e38db100063015bf3b756597f82daee6c,PRESENT,"[""Tibiofemoral eklem medialde eklem aralığında daralma, ekleme komşu femur medial kondilde subkondral milimetrik kistler ve ödem izlenmiştir."",""Bu düzeyde femoral ve tibial kartilajda incelme ve destrüksiyon izlenmiştir."",""bulgular dejeneratif artrit lehine yorumlandı.""]",UNKNOWN,"[""criteria_anatomy_severity_extent_or_timing_insufficient"",""llm_review:Medial cartilage thinning and destruction are reported, but percentage thickness loss and cartilage lesion extent are unspecified."",""llm_review:Millimetric measurements refer to subchondral cysts, not cartilage loss extent.""]",KEEP,PASS,PASS,PASS,PASS,PASS,PASS,PASS,GPT-6.1 Sol independent text reviewer A,内侧软骨变薄破坏但未量化厚度比例或范围；毫米级囊肿非软骨长度。
1.2.826.0.1.3680043.8.498.10147180484860577398303524379319212586,Lateral OA,11cb3bba6623f22527640f68aad4a63e38db100063015bf3b756597f82daee6c,PRESENT,"[""Diz eklemini oluşturan her üç kompartmanda santral-marjinal osteofit formasyonu izlenmiştir."",""Gonartroz""]",UNKNOWN,"[""criteria_anatomy_severity_extent_or_timing_insufficient"",""llm_review:Tricompartmental osteophytes support lateral degenerative disease, but lateral cartilage loss depth and extent are not reported.""]",KEEP,PASS,PASS,PASS,PASS,PASS,PASS,PASS,GPT-6.1 Sol independent text reviewer A,三间室骨赘涵盖外侧，但无外侧软骨双阈值，保持未知。
1.2.826.0.1.3680043.8.498.10147180484860577398303524379319212586,PF OA,11cb3bba6623f22527640f68aad4a63e38db100063015bf3b756597f82daee6c,PRESENT,"[""Diz eklemini oluşturan her üç kompartmanda santral-marjinal osteofit formasyonu izlenmiştir."",""Gonartroz""]",UNKNOWN,"[""criteria_anatomy_severity_extent_or_timing_insufficient"",""llm_review:Tricompartmental osteophytes support patellofemoral degenerative disease, but patellofemoral cartilage loss depth and extent are not reported.""]",KEEP,PASS,PASS,PASS,PASS,PASS,PASS,PASS,GPT-6.1 Sol independent text reviewer A,三间室骨赘涵盖髌股，但无髌股软骨深度及范围，保持未知。
1.2.826.0.1.3680043.8.498.10147180484860577398303524379319212586,Effusion,11cb3bba6623f22527640f68aad4a63e38db100063015bf3b756597f82daee6c,PRESENT,"[""Suprapatellar bursa ve diz eklem mesafesinde sıvı artışı izlenmektedir.""]",UNKNOWN,"[""criteria_anatomy_severity_extent_or_timing_insufficient"",""llm_review:Intra-articular fluid is increased, but volume severity and joint distension are unspecified."",""llm_review:Timing is unspecified.""]",KEEP,PASS,PASS,PASS,PASS,PASS,PASS,PASS,GPT-6.1 Sol independent text reviewer A,关节液增多但未量化及未说明膨胀，未强行达标。
1.2.826.0.1.3680043.8.498.10147180484860577398303524379319212586,Synovitis,11cb3bba6623f22527640f68aad4a63e38db100063015bf3b756597f82daee6c,PRESENT,"[""diz ekleminde sinovit""]",YES,"[""llm_review:Severity and timing are unspecified.""]",KEEP,PASS,PASS,PASS,PASS,PASS,PASS,PASS,GPT-6.1 Sol independent text reviewer A,结论直接诊断膝滑膜炎，阳性来自直接文字而非由积液推断。
1.2.826.0.1.3680043.8.498.10147180484860577398303524379319212586,Baker's,11cb3bba6623f22527640f68aad4a63e38db100063015bf3b756597f82daee6c,NOT_MENTIONED,[],UNKNOWN,[],KEEP,PASS,PASS,PASS,PASS,PASS,PASS,PASS,GPT-6.1 Sol independent text reviewer A,未提及腘窝囊肿，保持未知。
1.2.826.0.1.3680043.8.498.10147180484860577398303524379319212586,Contusion,11cb3bba6623f22527640f68aad4a63e38db100063015bf3b756597f82daee6c,UNCERTAIN,"[""Tibia interkondiler eminens anterior çapraz bağ yapışma düzeyinde medüller kemik iliğinde ödem ile uyumlu sinyal değişikliği izlenmiştir."",""Tibiofemoral eklem medialde eklem aralığında daralma, ekleme komşu femur medial kondilde subkondral milimetrik kistler ve ödem izlenmiştir."",""bulgular dejeneratif artrit lehine yorumlandı.""]",UNKNOWN,"[""llm_review:Medial femoral subchondral edema accompanies degenerative arthritis; the cause of tibial edema is unspecified."",""llm_review:Tibial marrow edema is reported without a traumatic attribution or explicit exclusion of a fracture line."",""llm_review:Timing is unspecified."",""uncertain_report""]",KEEP,PASS,PASS,PASS,PASS,PASS,PASS,PASS,GPT-6.1 Sol independent text reviewer A,胫骨骨髓水肿原因不详，股骨退行性软骨下水肿未误作创伤挫伤；UNKNOWN合理。
1.2.826.0.1.3680043.8.498.10147180484860577398303524379319212586,Fracture,11cb3bba6623f22527640f68aad4a63e38db100063015bf3b756597f82daee6c,NOT_MENTIONED,[],UNKNOWN,[],KEEP,PASS,PASS,PASS,PASS,PASS,PASS,PASS,GPT-6.1 Sol independent text reviewer A,原文未描述骨折线或骨折诊断，保持未提及而不填阴性。
1.2.826.0.1.3680043.8.498.10603952065748622499432940419853732241,ACL,2e0fc967fca966dd40866015156c6053967baf754a927f950019b6890ee2f5d1,ABSENT,"[""Kruisbanden en laterale banden intact.""]",NO,[],KEEP,PASS,PASS,PASS,PASS,PASS,PASS,PASS,GPT-6.1 Sol independent text reviewer A,交叉韧带完整，支持ACL全面阴性。
1.2.826.0.1.3680043.8.498.10603952065748622499432940419853732241,MCL,2e0fc967fca966dd40866015156c6053967baf754a927f950019b6890ee2f5d1,NOT_MENTIONED,[],UNKNOWN,"[""llm_review:The statement about lateral ligaments does not explicitly identify the MCL.""]",KEEP,PASS,PASS,PASS,PASS,PASS,PASS,PASS,GPT-6.1 Sol independent text reviewer A,laterale banden未单独指明内侧副韧带，保守保留未知，未扩大解剖范围。
1.2.826.0.1.3680043.8.498.10603952065748622499432940419853732241,Medial Meniscus,2e0fc967fca966dd40866015156c6053967baf754a927f950019b6890ee2f5d1,ABSENT,"[""Normaal voorkomen menisci.""]",NO,[],KEEP,PASS,PASS,PASS,PASS,PASS,PASS,PASS,GPT-6.1 Sol independent text reviewer A,半月板正常外观，涵盖内侧半月板阴性。
1.2.826.0.1.3680043.8.498.10603952065748622499432940419853732241,Lateral Meniscus,2e0fc967fca966dd40866015156c6053967baf754a927f950019b6890ee2f5d1,ABSENT,"[""Normaal voorkomen menisci.""]",NO,[],KEEP,PASS,PASS,PASS,PASS,PASS,PASS,PASS,GPT-6.1 Sol independent text reviewer A,半月板正常外观，涵盖外侧半月板阴性。
1.2.826.0.1.3680043.8.498.10603952065748622499432940419853732241,Medial OA,2e0fc967fca966dd40866015156c6053967baf754a927f950019b6890ee2f5d1,NOT_MENTIONED,[],UNKNOWN,[],KEEP,PASS,PASS,PASS,PASS,PASS,PASS,PASS,GPT-6.1 Sol independent text reviewer A,仅髌股软骨病变，未讨论内侧胫股软骨，维持未知。
1.2.826.0.1.3680043.8.498.10603952065748622499432940419853732241,Lateral OA,2e0fc967fca966dd40866015156c6053967baf754a927f950019b6890ee2f5d1,NOT_MENTIONED,[],UNKNOWN,[],KEEP,PASS,PASS,PASS,PASS,PASS,PASS,PASS,GPT-6.1 Sol independent text reviewer A,髌骨外侧面属髌股间室，未误放到外侧胫股OA。
1.2.826.0.1.3680043.8.498.10603952065748622499432940419853732241,PF OA,2e0fc967fca966dd40866015156c6053967baf754a927f950019b6890ee2f5d1,PRESENT,"[""Meerdere diepe kraakbeen fissuren centraal op de crista patellaris en laterale facet van de patella"",""Matig femoropatellair kraakbeenlijden graad 3.""]",UNKNOWN,"[""criteria_anatomy_severity_extent_or_timing_insufficient"",""llm_review:Cartilage lesion extent is not measured."",""llm_review:Grade 3 grading convention is unspecified; deep fissures do not quantify percentage thickness loss."",""llm_review:Timing is unspecified.""]",KEEP,PASS,PASS,PASS,PASS,PASS,PASS,PASS,GPT-6.1 Sol independent text reviewer A,髌股中度三级病变及深裂隙，分级体系和病变长度不详，未强行双阈值达标。
1.2.826.0.1.3680043.8.498.10603952065748622499432940419853732241,Effusion,2e0fc967fca966dd40866015156c6053967baf754a927f950019b6890ee2f5d1,PRESENT,"[""Matige opzetting van suprapatellaire recessus."",""Matige hydrops.""]",YES,[],KEEP,PASS,PASS,PASS,PASS,PASS,PASS,PASS,GPT-6.1 Sol independent text reviewer A,中量积液并明确髌上隐窝扩张，两个条件均由当前原文支持。
1.2.826.0.1.3680043.8.498.10603952065748622499432940419853732241,Synovitis,2e0fc967fca966dd40866015156c6053967baf754a927f950019b6890ee2f5d1,NOT_MENTIONED,[],UNKNOWN,[],KEEP,PASS,PASS,PASS,PASS,PASS,PASS,PASS,GPT-6.1 Sol independent text reviewer A,未描述滑膜炎或增厚，未由hydrops推出滑膜炎。
1.2.826.0.1.3680043.8.498.10603952065748622499432940419853732241,Baker's,2e0fc967fca966dd40866015156c6053967baf754a927f950019b6890ee2f5d1,PRESENT,"[""Volumineuze Bakerse cyste, met recente ruptuur en vochtinfiltratie langsheen de oppervlakte van de musculus gastrocnemius medialis"",""Volumineuze bakercyste, met recente ruptuur.""]",YES,[],KEEP,PASS,PASS,PASS,PASS,PASS,PASS,PASS,GPT-6.1 Sol independent text reviewer A,明确大体积Baker囊肿且近期破裂，命名支持典型部位，量级及时效正确。
1.2.826.0.1.3680043.8.498.10603952065748622499432940419853732241,Contusion,2e0fc967fca966dd40866015156c6053967baf754a927f950019b6890ee2f5d1,UNCERTAIN,"[""Meerdere diepe kraakbeen fissuren centraal op de crista patellaris en laterale facet van de patella, gepaard gaand met beperkt botoedeem op de onderpool van de patella.""]",UNKNOWN,"[""llm_review:Edema etiology, timing, and absence of a fracture line at the lesion are not explicitly established."",""llm_review:Patellar bone edema accompanies cartilage fissures; traumatic contusion is not diagnosed."",""uncertain_report""]",KEEP,PASS,PASS,PASS,PASS,PASS,PASS,PASS,GPT-6.1 Sol independent text reviewer A,髌骨下极有限骨水肿伴软骨裂隙，未直接确诊创伤挫伤，UNKNOWN已屏蔽。
1.2.826.0.1.3680043.8.498.10603952065748622499432940419853732241,Fracture,2e0fc967fca966dd40866015156c6053967baf754a927f950019b6890ee2f5d1,NOT_MENTIONED,[],UNKNOWN,[],KEEP,PASS,PASS,PASS,PASS,PASS,PASS,PASS,GPT-6.1 Sol independent text reviewer A,未谈骨折，未把骨水肿或囊肿破裂视为骨折。
1.2.826.0.1.3680043.8.498.11282706861378379965012380644125662529,ACL,9b84079cdb32c3038678a3b76fe0ec88bf4b77fbfe1ce319a56234cd3c725926,UNCERTAIN,"[""There is thickening hyperintense strands in the proximal to distal ACL."",""Probably intrasubstance partial tear ACL""]",UNKNOWN,"[""llm_review:Partial tear is described as probable; high-grade involvement and timing are unspecified."",""uncertain_report""]",KEEP,PASS,PASS,PASS,PASS,PASS,PASS,PASS,GPT-6.1 Sol independent text reviewer A,可能ACL实质内部分撕裂，未指定高级别，保留UNCERTAIN并屏蔽。
1.2.826.0.1.3680043.8.498.11282706861378379965012380644125662529,MCL,9b84079cdb32c3038678a3b76fe0ec88bf4b77fbfe1ce319a56234cd3c725926,ABSENT,"[""MCL is intact.""]",NO,[],KEEP,PASS,PASS,PASS,PASS,PASS,PASS,PASS,GPT-6.1 Sol independent text reviewer A,MCL明确完整，全面阴性支持未越界。
1.2.826.0.1.3680043.8.498.11282706861378379965012380644125662529,Medial Meniscus,9b84079cdb32c3038678a3b76fe0ec88bf4b77fbfe1ce319a56234cd3c725926,UNCERTAIN,"[""Hyperintense along posterior meniscocapsular region is noted."",""Probably posterior meniscocapsular injury of the medial meniscus""]",UNKNOWN,"[""history_or_postoperative_scope_review"",""llm_review:Probable meniscocapsular injury does not establish a definite meniscal tear; severity and timing are unspecified."",""uncertain_report""]",KEEP,PASS,PASS,PASS,PASS,PASS,PASS,PASS,GPT-6.1 Sol independent text reviewer A,可能内侧后方半月板囊连接损伤，未扩大为确定半月板撕裂。
1.2.826.0.1.3680043.8.498.11282706861378379965012380644125662529,Lateral Meniscus,9b84079cdb32c3038678a3b76fe0ec88bf4b77fbfe1ce319a56234cd3c725926,ABSENT,"[""Lateral meniscus is not torn.""]",NO,[],KEEP,PASS,PASS,PASS,PASS,PASS,PASS,PASS,GPT-6.1 Sol independent text reviewer A,明确外侧半月板未撕裂，支持阴性。
1.2.826.0.1.3680043.8.498.11282706861378379965012380644125662529,Medial OA,9b84079cdb32c3038678a3b76fe0ec88bf4b77fbfe1ce319a56234cd3c725926,NOT_MENTIONED,[],UNKNOWN,[],KEEP,PASS,PASS,PASS,PASS,PASS,PASS,PASS,GPT-6.1 Sol independent text reviewer A,未单独描述内侧胫股软骨；未将无骨软骨病变硬推全面OA阴性。
1.2.826.0.1.3680043.8.498.11282706861378379965012380644125662529,Lateral OA,9b84079cdb32c3038678a3b76fe0ec88bf4b77fbfe1ce319a56234cd3c725926,NOT_MENTIONED,[],UNKNOWN,[],KEEP,PASS,PASS,PASS,PASS,PASS,PASS,PASS,GPT-6.1 Sol independent text reviewer A,未单独描述外侧胫股软骨；骨挫伤部位不等于OA。
1.2.826.0.1.3680043.8.498.11282706861378379965012380644125662529,PF OA,9b84079cdb32c3038678a3b76fe0ec88bf4b77fbfe1ce319a56234cd3c725926,ABSENT,"[""The PF joint and joint surface are preserved.""]",NO,[],KEEP,PASS,PASS,PASS,PASS,PASS,PASS,PASS,GPT-6.1 Sol independent text reviewer A,髌股关节及关节面保持正常，直接支持该间室阴性。
1.2.826.0.1.3680043.8.498.11282706861378379965012380644125662529,Effusion,9b84079cdb32c3038678a3b76fe0ec88bf4b77fbfe1ce319a56234cd3c725926,PRESENT,"[""Minimal joint effusion is seen.""]",NO,"[""explicit_subthreshold_or_alternative"",""llm_review:Minimal effusion is below the moderate/large threshold.""]",KEEP,PASS,PASS,PASS,PASS,PASS,PASS,PASS,GPT-6.1 Sol independent text reviewer A,仅极少量积液，低于中大量阈值。
1.2.826.0.1.3680043.8.498.11282706861378379965012380644125662529,Synovitis,9b84079cdb32c3038678a3b76fe0ec88bf4b77fbfe1ce319a56234cd3c725926,NOT_MENTIONED,[],UNKNOWN,[],KEEP,PASS,PASS,PASS,PASS,PASS,PASS,PASS,GPT-6.1 Sol independent text reviewer A,未讨论滑膜炎，未由液体或邻近信号推断。
1.2.826.0.1.3680043.8.498.11282706861378379965012380644125662529,Baker's,9b84079cdb32c3038678a3b76fe0ec88bf4b77fbfe1ce319a56234cd3c725926,NOT_MENTIONED,[],UNKNOWN,[],KEEP,PASS,PASS,PASS,PASS,PASS,PASS,PASS,GPT-6.1 Sol independent text reviewer A,未提及腘窝囊肿，保持未知。
1.2.826.0.1.3680043.8.498.11282706861378379965012380644125662529,Contusion,9b84079cdb32c3038678a3b76fe0ec88bf4b77fbfe1ce319a56234cd3c725926,PRESENT,"[""Mild focal bone contusion at posterior lateral proximal tibia and mid lateral femoral condyle is noted."",""no definite fracture line noted.""]",YES,"[""history_or_postoperative_scope_review"",""llm_review:Timing is unspecified."",""negation_scope_review"",""timing_or_trauma_review""]",KEEP,PASS,PASS,PASS,PASS,PASS,PASS,PASS,GPT-6.1 Sol independent text reviewer A,明确轻度局灶骨挫伤且全报告无骨折线，骨挫伤无需中重度阈值；未误用ACL疑似诊断。
1.2.826.0.1.3680043.8.498.11282706861378379965012380644125662529,Fracture,9b84079cdb32c3038678a3b76fe0ec88bf4b77fbfe1ce319a56234cd3c725926,ABSENT,"[""no definite fracture line noted.""]",NO,[],KEEP,PASS,PASS,PASS,PASS,PASS,PASS,PASS,GPT-6.1 Sol independent text reviewer A,当前检查明确未见骨折线，未仅否定移位型骨折；阴性有文字支持。
1.2.826.0.1.3680043.8.498.11440217845998767853986099058965644463,ACL,1e86d4b01c6376b7af3e6b10d2156080d496e8026da1da1e18dd48e628bd53f2,ABSENT,"[""Prednji križni ligament se prati u kontinuitetu, bez znakova rupture, održane napetosti.""]",NO,[],KEEP,PASS,PASS,PASS,PASS,PASS,PASS,PASS,GPT-6.1 Sol independent text reviewer A,前交叉韧带连续且无撕裂征、张力保持，支持全面阴性。
1.2.826.0.1.3680043.8.498.11440217845998767853986099058965644463,MCL,1e86d4b01c6376b7af3e6b10d2156080d496e8026da1da1e18dd48e628bd53f2,PRESENT,"[""Medijalni kolateralni ligament je smanjene napetosti i izmjenjenog intenziteta signala pri\nfemoralnom hvatištu u smislu parcijalne rupture uz vidjiv formirani manji kalcifikat.""]",UNKNOWN,"[""criteria_anatomy_severity_extent_or_timing_insufficient"",""llm_review:Associated calcification is described; it does not establish injury age."",""llm_review:Partial tear is described without a high-grade designation or explicit acute timing."",""timing_or_trauma_review""]",KEEP,PASS,PASS,PASS,PASS,PASS,PASS,PASS,GPT-6.1 Sol independent text reviewer A,MCL股骨附着部分撕裂及钙化，未给高级别或急性，UNKNOWN未被修成阴性。
1.2.826.0.1.3680043.8.498.11440217845998767853986099058965644463,Medial Meniscus,1e86d4b01c6376b7af3e6b10d2156080d496e8026da1da1e18dd48e628bd53f2,PRESENT,"[""Kompleksna ruptura medijalnog mensika na prijelazu prednjeg roga u korupus, seže do obje\nartikulacijske povrišne uz vidljiv veći radijalni defekt meniska."",""Ekstruzija meniska van zglobne\npovršine za do 3mm.""]",YES,[],KEEP,PASS,PASS,PASS,PASS,PASS,PASS,PASS,GPT-6.1 Sol independent text reviewer A,明确内侧复杂撕裂达两关节面及径向缺损，直接满足撕裂诊断。
1.2.826.0.1.3680043.8.498.11440217845998767853986099058965644463,Lateral Meniscus,1e86d4b01c6376b7af3e6b10d2156080d496e8026da1da1e18dd48e628bd53f2,PRESENT,"[""Kompleksna ruptura prijelaza korupusa u stražnji rog lateralnog meniska koja seže u obje\nartikualcijske površine."",""Degenerativne promjene meniska.""]",YES,[],KEEP,PASS,PASS,PASS,PASS,PASS,PASS,PASS,GPT-6.1 Sol independent text reviewer A,明确外侧体后角交界复杂撕裂达两关节面，未被后续退变描述覆盖。
1.2.826.0.1.3680043.8.498.11440217845998767853986099058965644463,Medial OA,1e86d4b01c6376b7af3e6b10d2156080d496e8026da1da1e18dd48e628bd53f2,PRESENT,"[""Obostrano hondromalacija IV. femoralnih kondila\nuz manje zone priležećeg koštanog edema."",""Obostrano OA promjene FT""]",UNKNOWN,"[""criteria_anatomy_severity_extent_or_timing_insufficient"",""llm_review:Both femoral condyles and both FT compartments are described; compartment-specific lesion extent is missing."",""llm_review:The 7 x5mm measurement describes an intercondylar osteochondral lesion/subchondral cyst and cannot establish medial cartilage extent."",""llm_review:The cartilage grading convention is unspecified, so grade IV alone does not establish the required depth threshold.""]",KEEP,PASS,PASS,PASS,PASS,PASS,PASS,PASS,GPT-6.1 Sol independent text reviewer A,双侧股骨髁IV级软骨病变涉及内侧，但无面积长度；7x5mm为髁间骨软骨病变或囊肿。
1.2.826.0.1.3680043.8.498.11440217845998767853986099058965644463,Lateral OA,1e86d4b01c6376b7af3e6b10d2156080d496e8026da1da1e18dd48e628bd53f2,PRESENT,"[""Hondromalacija III° lateralnog tibijalnog platoa."",""Obostrano hondromalacija IV. femoralnih kondila\nuz manje zone priležećeg koštanog edema."",""Obostrano OA promjene FT""]",UNKNOWN,"[""criteria_anatomy_severity_extent_or_timing_insufficient"",""llm_review:Lateral cartilage lesion extent is not reported."",""llm_review:The cartilage grading convention is unspecified, so grades III/IV alone do not establish the required depth threshold.""]",KEEP,PASS,PASS,PASS,PASS,PASS,PASS,PASS,GPT-6.1 Sol independent text reviewer A,外侧胫骨平台III级及股骨髁IV级病变，分级体系和长度不明，保守UNKNOWN。
1.2.826.0.1.3680043.8.498.11440217845998767853986099058965644463,PF OA,1e86d4b01c6376b7af3e6b10d2156080d496e8026da1da1e18dd48e628bd53f2,PRESENT,"[""Stanjenje patelarne i trohlearne hrskavice uz vidljivu hondromalaciju II° trohlearne hrskavice."",""početne OA promjene FP zgloba.""]",UNKNOWN,"[""criteria_anatomy_severity_extent_or_timing_insufficient"",""llm_review:Early PF OA and cartilage thinning are reported without quantified thickness loss or lesion extent."",""llm_review:The grading convention for trochlear grade II chondromalacia is unspecified.""]",KEEP,PASS,PASS,PASS,PASS,PASS,PASS,PASS,GPT-6.1 Sol independent text reviewer A,髌骨滑车变薄、滑车II级及早期髌股OA，未凭初期病变强行NO或双阈值YES。
1.2.826.0.1.3680043.8.498.11440217845998767853986099058965644463,Effusion,1e86d4b01c6376b7af3e6b10d2156080d496e8026da1da1e18dd48e628bd53f2,PRESENT,"[""Umjereni Izljev u koljenu.""]",UNKNOWN,"[""criteria_anatomy_severity_extent_or_timing_insufficient"",""llm_review:Moderate knee effusion is explicit; joint distension is not explicitly described.""]",KEEP,PASS,PASS,PASS,PASS,PASS,PASS,PASS,GPT-6.1 Sol independent text reviewer A,明确中量膝积液但未直接描述关节扩张，UNKNOWN已屏蔽。
1.2.826.0.1.3680043.8.498.11440217845998767853986099058965644463,Synovitis,1e86d4b01c6376b7af3e6b10d2156080d496e8026da1da1e18dd48e628bd53f2,PRESENT,"[""Sinovitis medijalnog kompartmenta FT zgloba.""]",YES,[],KEEP,PASS,PASS,PASS,PASS,PASS,PASS,PASS,GPT-6.1 Sol independent text reviewer A,直接诊断内侧胫股间室滑膜炎，解剖及阳性正确。
1.2.826.0.1.3680043.8.498.11440217845998767853986099058965644463,Baker's,1e86d4b01c6376b7af3e6b10d2156080d496e8026da1da1e18dd48e628bd53f2,PRESENT,"[""Kolabirana poplitealna cista veličine 21x9mm.""]",UNKNOWN,"[""criteria_anatomy_severity_extent_or_timing_insufficient"",""llm_review:A collapsed popliteal cyst is reported with dimensions, but moderate/large severity is not established.""]",KEEP,PASS,PASS,PASS,PASS,PASS,PASS,PASS,GPT-6.1 Sol independent text reviewer A,塌陷腘窝囊肿21x9mm，未将二维尺寸自动等同中大量，保留未知。
1.2.826.0.1.3680043.8.498.11440217845998767853986099058965644463,Contusion,1e86d4b01c6376b7af3e6b10d2156080d496e8026da1da1e18dd48e628bd53f2,UNCERTAIN,"[""Koštani edem medijalnog tibijalnog platoa s medijalne strane."",""Obostrano hondromalacija IV. femoralnih kondila\nuz manje zone priležećeg koštanog edema.""]",UNKNOWN,"[""llm_review:Femoral condylar edema accompanies chondromalacia; it does not establish a traumatic contusion."",""llm_review:Femoral metaphyseal signal is explicitly attributed to red marrow reconversion."",""llm_review:Medial tibial plateau marrow edema has no specified traumatic cause or timing, and fracture-line status is not reported."",""uncertain_report""]",KEEP,PASS,PASS,PASS,PASS,PASS,PASS,PASS,GPT-6.1 Sol independent text reviewer A,胫骨内侧平台水肿原因未说明，股骨软骨病变伴水肿及红骨髓再转化未误作创伤挫伤。
1.2.826.0.1.3680043.8.498.11440217845998767853986099058965644463,Fracture,1e86d4b01c6376b7af3e6b10d2156080d496e8026da1da1e18dd48e628bd53f2,NOT_MENTIONED,[],UNKNOWN,[],KEEP,PASS,PASS,PASS,PASS,PASS,PASS,PASS,GPT-6.1 Sol independent text reviewer A,未报告当前骨折，骨软骨病变和软组织部分断裂未误作骨折。
1.2.826.0.1.3680043.8.498.11574480940878399452466699512074769686,ACL,e4c4ab91517fb9ba26f4a57afad055a4d465081cf789e17777cd59e15a665c97,PRESENT,"[""Vidi se kompletna ruptura prednjeg križnog ligamenta pri femoralnom hvatištu uz vidljivu\ngraničnu prednju tibijalnu translaciju (7.3mm).""]",YES,"[""llm_review:Tear timing is unspecified.""]",KEEP,PASS,PASS,PASS,PASS,PASS,PASS,PASS,GPT-6.1 Sol independent text reviewer A,前交叉韧带股骨附着处完全撕裂，当前完整断裂直接支持YES，未凭胫骨前移单独推断。
1.2.826.0.1.3680043.8.498.11574480940878399452466699512074769686,MCL,e4c4ab91517fb9ba26f4a57afad055a4d465081cf789e17777cd59e15a665c97,NOT_MENTIONED,[],UNKNOWN,"[""llm_review:The MCL is referenced as an anatomical landmark for probable meniscocapsular separation; no MCL injury or normality is stated.""]",KEEP,PASS,PASS,PASS,PASS,PASS,PASS,PASS,GPT-6.1 Sol independent text reviewer A,MCL仅作半月板囊分离的解剖参照，未实际评价MCL完整性或损伤，未知合理。
1.2.826.0.1.3680043.8.498.11574480940878399452466699512074769686,Medial Meniscus,e4c4ab91517fb9ba26f4a57afad055a4d465081cf789e17777cd59e15a665c97,PRESENT,"[""Kompleksna \""parrot beak\"" ruptura trupa medijanog meniska sa širenjem u stražnji rog te manjim\nflapom interkondilarno."",""Tanka hiperintenzivna linija između trupa medijalnog meniska i medijalnog\nkolateralnog ligamenta, vjerojatno u sklopu meniskokapsularne separacije.""]",YES,"[""llm_review:Associated meniscocapsular separation is probable rather than definite."",""llm_review:Tear timing and severity grade are unspecified.""]",KEEP,PASS,PASS,PASS,PASS,PASS,PASS,PASS,GPT-6.1 Sol independent text reviewer A,内侧鹦鹉嘴复杂撕裂延至后角带瓣，确定撕裂不因旁侧可能囊分离而变不确定。
1.2.826.0.1.3680043.8.498.11574480940878399452466699512074769686,Lateral Meniscus,e4c4ab91517fb9ba26f4a57afad055a4d465081cf789e17777cd59e15a665c97,PRESENT,"[""Longitudinalna ruptura prednjeg roga i anteriornog dijela trupa lateralnog meniska koja se širi u\nobje zglobne površine.""]",YES,"[""llm_review:Tear timing and severity grade are unspecified.""]",KEEP,PASS,PASS,PASS,PASS,PASS,PASS,PASS,GPT-6.1 Sol independent text reviewer A,外侧前角及体前部纵裂达双面，直接满足撕裂文字标准。
1.2.826.0.1.3680043.8.498.11574480940878399452466699512074769686,Medial OA,e4c4ab91517fb9ba26f4a57afad055a4d465081cf789e17777cd59e15a665c97,ABSENT,"[""Zglobne hrskavice su primjerenog intenziteta signala, primjerene debljine.""]",UNKNOWN,"[""anatomy_missing_or_wrong"",""llm_review:The unrestricted normal cartilage statement supports absence across compartments; the medial compartment is not separately named.""]",MASK,PASS,PASS,PASS,PASS,PASS,PASS,PASS,GPT-6.1 Sol independent text reviewer A,原文泛称关节软骨信号及厚度正常，未单列Medial OA间室，保守anatomy UNKNOWN忠实于原文；critical合同要求MASK，非语义错侧。
1.2.826.0.1.3680043.8.498.11574480940878399452466699512074769686,Lateral OA,e4c4ab91517fb9ba26f4a57afad055a4d465081cf789e17777cd59e15a665c97,ABSENT,"[""Zglobne hrskavice su primjerenog intenziteta signala, primjerene debljine.""]",UNKNOWN,"[""anatomy_missing_or_wrong"",""llm_review:The unrestricted normal cartilage statement supports absence across compartments; the lateral compartment is not separately named.""]",MASK,PASS,PASS,PASS,PASS,PASS,PASS,PASS,GPT-6.1 Sol independent text reviewer A,原文泛称关节软骨信号及厚度正常，未单列Lateral OA间室，保守anatomy UNKNOWN忠实于原文；critical合同要求MASK，非语义错侧。
1.2.826.0.1.3680043.8.498.11574480940878399452466699512074769686,PF OA,e4c4ab91517fb9ba26f4a57afad055a4d465081cf789e17777cd59e15a665c97,ABSENT,"[""Zglobne hrskavice su primjerenog intenziteta signala, primjerene debljine.""]",UNKNOWN,"[""anatomy_missing_or_wrong"",""llm_review:The unrestricted normal cartilage statement supports absence across compartments; the patellofemoral compartment is not separately named.""]",MASK,PASS,PASS,PASS,PASS,PASS,PASS,PASS,GPT-6.1 Sol independent text reviewer A,原文泛称关节软骨信号及厚度正常，未单列PF OA间室，保守anatomy UNKNOWN忠实于原文；critical合同要求MASK，非语义错侧。
1.2.826.0.1.3680043.8.498.11574480940878399452466699512074769686,Effusion,e4c4ab91517fb9ba26f4a57afad055a4d465081cf789e17777cd59e15a665c97,PRESENT,"[""Izljev u suprapatelarnom recessusu s lateralne strane.""]",UNKNOWN,"[""criteria_anatomy_severity_extent_or_timing_insufficient"",""llm_review:Effusion volume, joint distension and timing are unspecified.""]",KEEP,PASS,PASS,PASS,PASS,PASS,PASS,PASS,GPT-6.1 Sol independent text reviewer A,髌上隐窝外侧积液未定量且无扩张，未强行中大量YES。
1.2.826.0.1.3680043.8.498.11574480940878399452466699512074769686,Synovitis,e4c4ab91517fb9ba26f4a57afad055a4d465081cf789e17777cd59e15a665c97,NOT_MENTIONED,[],UNKNOWN,[],KEEP,PASS,PASS,PASS,PASS,PASS,PASS,PASS,GPT-6.1 Sol independent text reviewer A,未提及滑膜炎，维持未知而不从积液推断。
1.2.826.0.1.3680043.8.498.11574480940878399452466699512074769686,Baker's,e4c4ab91517fb9ba26f4a57afad055a4d465081cf789e17777cd59e15a665c97,NOT_MENTIONED,[],UNKNOWN,[],KEEP,PASS,PASS,PASS,PASS,PASS,PASS,PASS,GPT-6.1 Sol independent text reviewer A,未提及典型腘窝囊肿，保留未知。
1.2.826.0.1.3680043.8.498.11574480940878399452466699512074769686,Contusion,e4c4ab91517fb9ba26f4a57afad055a4d465081cf789e17777cd59e15a665c97,UNCERTAIN,"[""Koštani edem posteriornog aspekta medijalnog femoralnog kondila te manji koštani edem\nposteromedijalnog apsekta lateralnog tibijalnog platoa.""]",UNKNOWN,"[""history_or_postoperative_scope_review"",""llm_review:Bone edema is present, but traumatic etiology, absence of a fracture line and timing are not stated."",""llm_review:The smaller tibial edema description does not establish overall contusion severity."",""uncertain_report""]",KEEP,PASS,PASS,PASS,PASS,PASS,PASS,PASS,GPT-6.1 Sol independent text reviewer A,内侧股骨髁与外侧胫骨平台骨水肿但创伤归因和局部无骨折线均未明确，不凭ACL断裂推成挫伤。
1.2.826.0.1.3680043.8.498.11574480940878399452466699512074769686,Fracture,e4c4ab91517fb9ba26f4a57afad055a4d465081cf789e17777cd59e15a665c97,NOT_MENTIONED,[],UNKNOWN,[],KEEP,PASS,PASS,PASS,PASS,PASS,PASS,PASS,GPT-6.1 Sol independent text reviewer A,未提及骨折线或骨折诊断，保留未知。
1.2.826.0.1.3680043.8.498.11905397531490569218559534495408776672,ACL,25538a9d8ad25d21d8d012249688c4fe30f5c8aa8071859430f6b1390ef1b826,ABSENT,"[""Kreuzbänder intakt.""]",NO,[],KEEP,PASS,PASS,PASS,PASS,PASS,PASS,PASS,GPT-6.1 Sol independent text reviewer A,交叉韧带完整，ACL全面否定合理。
1.2.826.0.1.3680043.8.498.11905397531490569218559534495408776672,MCL,25538a9d8ad25d21d8d012249688c4fe30f5c8aa8071859430f6b1390ef1b826,ABSENT,"[""Kollateralbänder intakt.""]",NO,[],KEEP,PASS,PASS,PASS,PASS,PASS,PASS,PASS,GPT-6.1 Sol independent text reviewer A,侧副韧带完整，MCL阴性支持充分。
1.2.826.0.1.3680043.8.498.11905397531490569218559534495408776672,Medial Meniscus,25538a9d8ad25d21d8d012249688c4fe30f5c8aa8071859430f6b1390ef1b826,ABSENT,"[""Menisci intakt.""]",NO,[],KEEP,PASS,PASS,PASS,PASS,PASS,PASS,PASS,GPT-6.1 Sol independent text reviewer A,半月板完整泛称涵盖内侧，未误用局部否定。
1.2.826.0.1.3680043.8.498.11905397531490569218559534495408776672,Lateral Meniscus,25538a9d8ad25d21d8d012249688c4fe30f5c8aa8071859430f6b1390ef1b826,ABSENT,"[""Menisci intakt.""]",NO,[],KEEP,PASS,PASS,PASS,PASS,PASS,PASS,PASS,GPT-6.1 Sol independent text reviewer A,半月板完整泛称涵盖外侧，阴性正确。
1.2.826.0.1.3680043.8.498.11905397531490569218559534495408776672,Medial OA,25538a9d8ad25d21d8d012249688c4fe30f5c8aa8071859430f6b1390ef1b826,ABSENT,"[""Keine höhergradige Chondropathie""]",UNKNOWN,"[""anatomy_missing_or_wrong"",""llm_review:General negative for higher-grade chondropathy; compartment, grading convention, cartilage-loss depth and extent are unspecified. The negative cannot be mapped confidently to both competition thresholds."",""negative_scope_insufficient""]",MASK,PASS,PASS,PASS,PASS,PASS,PASS,PASS,GPT-6.1 Sol independent text reviewer A,未见高级别软骨病泛称未指内侧间室和分级，保守UNKNOWN；critical合同排除。
1.2.826.0.1.3680043.8.498.11905397531490569218559534495408776672,Lateral OA,25538a9d8ad25d21d8d012249688c4fe30f5c8aa8071859430f6b1390ef1b826,ABSENT,"[""Keine höhergradige Chondropathie""]",UNKNOWN,"[""anatomy_missing_or_wrong"",""llm_review:General negative for higher-grade chondropathy; compartment, grading convention, cartilage-loss depth and extent are unspecified. The negative cannot be mapped confidently to both competition thresholds."",""negative_scope_insufficient""]",MASK,PASS,PASS,PASS,PASS,PASS,PASS,PASS,GPT-6.1 Sol independent text reviewer A,未见高级别软骨病未单指外侧，未强制完整阴性，保守UNKNOWN；critical合同排除。
1.2.826.0.1.3680043.8.498.11905397531490569218559534495408776672,PF OA,25538a9d8ad25d21d8d012249688c4fe30f5c8aa8071859430f6b1390ef1b826,ABSENT,"[""Keine höhergradige Chondropathie""]",UNKNOWN,"[""anatomy_missing_or_wrong"",""llm_review:General negative for higher-grade chondropathy; compartment, grading convention, cartilage-loss depth and extent are unspecified. The negative cannot be mapped confidently to both competition thresholds."",""negative_scope_insufficient""]",MASK,PASS,PASS,PASS,PASS,PASS,PASS,PASS,GPT-6.1 Sol independent text reviewer A,泛称无高级别软骨病未单列髌股，UNKNOWN合理；critical合同排除。
1.2.826.0.1.3680043.8.498.11905397531490569218559534495408776672,Effusion,25538a9d8ad25d21d8d012249688c4fe30f5c8aa8071859430f6b1390ef1b826,ABSENT,"[""Kein Gelenkerguss.""]",NO,[],KEEP,PASS,PASS,PASS,PASS,PASS,PASS,PASS,GPT-6.1 Sol independent text reviewer A,明确无关节积液，阴性范围充分。
1.2.826.0.1.3680043.8.498.11905397531490569218559534495408776672,Synovitis,25538a9d8ad25d21d8d012249688c4fe30f5c8aa8071859430f6b1390ef1b826,NOT_MENTIONED,[],UNKNOWN,[],KEEP,PASS,PASS,PASS,PASS,PASS,PASS,PASS,GPT-6.1 Sol independent text reviewer A,未谈滑膜炎，软组织无异常不硬推滑膜全面阴性。
1.2.826.0.1.3680043.8.498.11905397531490569218559534495408776672,Baker's,25538a9d8ad25d21d8d012249688c4fe30f5c8aa8071859430f6b1390ef1b826,NOT_MENTIONED,[],UNKNOWN,[],KEEP,PASS,PASS,PASS,PASS,PASS,PASS,PASS,GPT-6.1 Sol independent text reviewer A,未谈Baker囊肿，保持未知。
1.2.826.0.1.3680043.8.498.11905397531490569218559534495408776672,Contusion,25538a9d8ad25d21d8d012249688c4fe30f5c8aa8071859430f6b1390ef1b826,NOT_MENTIONED,[],UNKNOWN,[],KEEP,PASS,PASS,PASS,PASS,PASS,PASS,PASS,GPT-6.1 Sol independent text reviewer A,胫骨两处硬化骨岛不是骨挫伤；未谈创伤性骨髓水肿。
1.2.826.0.1.3680043.8.498.11905397531490569218559534495408776672,Fracture,25538a9d8ad25d21d8d012249688c4fe30f5c8aa8071859430f6b1390ef1b826,ABSENT,"[""Kein frischer Frakturnachweis.""]",NO,[],KEEP,PASS,PASS,PASS,PASS,PASS,PASS,PASS,GPT-6.1 Sol independent text reviewer A,明确未见新鲜骨折，当前急性骨折阴性充分，不借既往片推断旧病。
1.2.826.0.1.3680043.8.498.12015406188790105426257083591807220760,ACL,a8bc92dcde1c6372904fa714e84413ce68cf6f83635eca077f4061f0fd97a579,ABSENT,"[""Ön çapraz bağ ve arka çapraz bağ, lateral ve medial kollateral ligaman normaldir.""]",NO,[],KEEP,PASS,PASS,PASS,PASS,PASS,PASS,PASS,GPT-6.1 Sol independent text reviewer A,前交叉韧带明确正常，ACL阴性有直接支持。
1.2.826.0.1.3680043.8.498.12015406188790105426257083591807220760,MCL,a8bc92dcde1c6372904fa714e84413ce68cf6f83635eca077f4061f0fd97a579,ABSENT,"[""Ön çapraz bağ ve arka çapraz bağ, lateral ve medial kollateral ligaman normaldir.""]",NO,[],KEEP,PASS,PASS,PASS,PASS,PASS,PASS,PASS,GPT-6.1 Sol independent text reviewer A,明确内侧副韧带正常，未由外侧韧带正常代替。
1.2.826.0.1.3680043.8.498.12015406188790105426257083591807220760,Medial Meniscus,a8bc92dcde1c6372904fa714e84413ce68cf6f83635eca077f4061f0fd97a579,PRESENT,"[""Medial menisküste grade II dejenerasyon izlendi.""]",NO,"[""explicit_subthreshold_or_alternative"",""llm_review:Grade II degeneration is subthreshold; no definite tear diagnosis.""]",KEEP,PASS,PASS,PASS,PASS,PASS,PASS,PASS,GPT-6.1 Sol independent text reviewer A,内侧II级内部退变，低于确定半月板撕裂阈值。
1.2.826.0.1.3680043.8.498.12015406188790105426257083591807220760,Lateral Meniscus,a8bc92dcde1c6372904fa714e84413ce68cf6f83635eca077f4061f0fd97a579,PRESENT,"[""Lateral menisküste grade I dejenerasyon izlendi.""]",NO,"[""explicit_subthreshold_or_alternative"",""llm_review:Grade I degeneration is subthreshold; no definite tear diagnosis.""]",KEEP,PASS,PASS,PASS,PASS,PASS,PASS,PASS,GPT-6.1 Sol independent text reviewer A,外侧I级内部退变，未扩成撕裂阳性。
1.2.826.0.1.3680043.8.498.12015406188790105426257083591807220760,Medial OA,a8bc92dcde1c6372904fa714e84413ce68cf6f83635eca077f4061f0fd97a579,NOT_MENTIONED,[],UNKNOWN,[],KEEP,PASS,PASS,PASS,PASS,PASS,PASS,PASS,GPT-6.1 Sol independent text reviewer A,髌股内侧面软骨损伤不属于内侧胫股间室，未误配内侧OA。
1.2.826.0.1.3680043.8.498.12015406188790105426257083591807220760,Lateral OA,a8bc92dcde1c6372904fa714e84413ce68cf6f83635eca077f4061f0fd97a579,NOT_MENTIONED,[],UNKNOWN,[],KEEP,PASS,PASS,PASS,PASS,PASS,PASS,PASS,GPT-6.1 Sol independent text reviewer A,未提及外侧胫股软骨，保持未知。
1.2.826.0.1.3680043.8.498.12015406188790105426257083591807220760,PF OA,a8bc92dcde1c6372904fa714e84413ce68cf6f83635eca077f4061f0fd97a579,PRESENT,"[""Patellofemoral eklem medial faset düzeyinde patellar düzeyde kıkırdakta bütünlük kaybı ve komşu kemikte subkondral kemik iliği ödemi izlenmektedir.""]",UNKNOWN,"[""criteria_anatomy_severity_extent_or_timing_insufficient"",""llm_review:Cartilage integrity loss is reported, but thickness-loss percentage, grade and lesion extent are unspecified.""]",KEEP,PASS,PASS,PASS,PASS,PASS,PASS,PASS,GPT-6.1 Sol independent text reviewer A,髌股内侧髌面软骨完整性受损及邻骨髓水肿，但深度比例及长度均未给，UNKNOWN正确。
1.2.826.0.1.3680043.8.498.12015406188790105426257083591807220760,Effusion,a8bc92dcde1c6372904fa714e84413ce68cf6f83635eca077f4061f0fd97a579,PRESENT,"[""Suprapatellar bursada sıvı artışı izlenmektedir.""]",UNKNOWN,"[""criteria_anatomy_severity_extent_or_timing_insufficient"",""llm_review:Increased suprapatellar fluid is reported without size grade or explicit joint distension.""]",KEEP,PASS,PASS,PASS,PASS,PASS,PASS,PASS,GPT-6.1 Sol independent text reviewer A,髌上液体增多未定量或说明扩张，未强推中大量YES。
1.2.826.0.1.3680043.8.498.12015406188790105426257083591807220760,Synovitis,a8bc92dcde1c6372904fa714e84413ce68cf6f83635eca077f4061f0fd97a579,NOT_MENTIONED,[],UNKNOWN,[],KEEP,PASS,PASS,PASS,PASS,PASS,PASS,PASS,GPT-6.1 Sol independent text reviewer A,未讨论滑膜炎，未由髌上液体推断。
1.2.826.0.1.3680043.8.498.12015406188790105426257083591807220760,Baker's,a8bc92dcde1c6372904fa714e84413ce68cf6f83635eca077f4061f0fd97a579,PRESENT,"[""Popliteal fossada 40x14 mm boyutlarında Baker kisti izlendi.""]",UNKNOWN,"[""criteria_anatomy_severity_extent_or_timing_insufficient"",""llm_mapper_disagreement"",""llm_review:Measured 40x14 mm cyst supports a moderate-sized lesion; no explicit size grade is stated.""]",MASK,PASS,PASS,PASS,PASS,PASS,PASS,FAIL,GPT-6.1 Sol independent text reviewer A,Baker囊肿40x14mm支持命名与部位，但无定义的中大量尺寸门槛；模型自行称中等并提案YES缺支持，虽然最终mapper UNKNOWN仍有0.8软监督，保守MASK。
1.2.826.0.1.3680043.8.498.12015406188790105426257083591807220760,Contusion,a8bc92dcde1c6372904fa714e84413ce68cf6f83635eca077f4061f0fd97a579,ABSENT,"[""Diz eklemini oluşturan kemik yapıların sinyal intensiteleri doğaldır."",""Patellofemoral eklem medial faset düzeyinde patellar düzeyde kıkırdakta bütünlük kaybı ve komşu kemikte subkondral kemik iliği ödemi izlenmektedir.""]",UNKNOWN,"[""llm_review:General normal bone-signal statement conflicts with focal subchondral marrow edema. The focal edema accompanies cartilage damage and is not described as traumatic; the general negative cannot confidently exclude qualifying contusion."",""unresolved_contradiction""]",MASK,PASS,PASS,PASS,PASS,PASS,PASS,PASS,GPT-6.1 Sol independent text reviewer A,局灶软骨下水肿与泛称骨信号正常相冲突，两者均保留且contradiction=true，critical要求MASK；未擅自消解。
1.2.826.0.1.3680043.8.498.12015406188790105426257083591807220760,Fracture,a8bc92dcde1c6372904fa714e84413ce68cf6f83635eca077f4061f0fd97a579,NOT_MENTIONED,[],UNKNOWN,[],KEEP,PASS,PASS,PASS,PASS,PASS,PASS,PASS,GPT-6.1 Sol independent text reviewer A,未谈骨折，骨髓信号正常未被强行当骨折全面阴性。
1.2.826.0.1.3680043.8.498.12257484608743859456600273083454447341,ACL,d7743f3a099e7486d317c3691e4209eafd4040ffe50592c0db9477f9253a47b6,ABSENT,"[""the anterior and posterior cruciate ligaments are intact.""]",NO,"[""history_or_postoperative_scope_review""]",KEEP,PASS,PASS,PASS,PASS,PASS,PASS,PASS,GPT-6.1 Sol independent text reviewer A,ACL及PCL明确完整，ACL全面阴性充分。
1.2.826.0.1.3680043.8.498.12257484608743859456600273083454447341,MCL,d7743f3a099e7486d317c3691e4209eafd4040ffe50592c0db9477f9253a47b6,PRESENT,"[""There is grade II ligamentous sprain (partial tear) of the medial collateral ligament, at mid substance (deep and superficial fibers).""]",UNKNOWN,"[""criteria_anatomy_severity_extent_or_timing_insufficient"",""llm_review:Acute versus chronic timing is unspecified."",""llm_review:Grade II partial tear does not specify whether the tear is high-grade."",""timing_or_trauma_review""]",KEEP,PASS,PASS,PASS,PASS,PASS,PASS,PASS,GPT-6.1 Sol independent text reviewer A,MCL中段深浅纤维II级部分撕裂，未明高级别和急性时效，UNKNOWN合理。
1.2.826.0.1.3680043.8.498.12257484608743859456600273083454447341,Medial Meniscus,d7743f3a099e7486d317c3691e4209eafd4040ffe50592c0db9477f9253a47b6,ABSENT,"[""In the medial compartment, the meniscus is not torn""]",NO,[],KEEP,PASS,PASS,PASS,PASS,PASS,PASS,PASS,GPT-6.1 Sol independent text reviewer A,内侧间室半月板未撕裂，明确阴性。
1.2.826.0.1.3680043.8.498.12257484608743859456600273083454447341,Lateral Meniscus,d7743f3a099e7486d317c3691e4209eafd4040ffe50592c0db9477f9253a47b6,UNCERTAIN,"[""there is suspected small radial free edge tear at the body of the lateral meniscus.""]",UNKNOWN,"[""llm_review:The tear is suspected rather than definite."",""uncertain_report""]",KEEP,PASS,PASS,PASS,PASS,PASS,PASS,PASS,GPT-6.1 Sol independent text reviewer A,外侧半月板体部小径向自由缘撕裂仅怀疑，未改成确定阳性。
1.2.826.0.1.3680043.8.498.12257484608743859456600273083454447341,Medial OA,d7743f3a099e7486d317c3691e4209eafd4040ffe50592c0db9477f9253a47b6,ABSENT,"[""In the medial compartment, the meniscus is not torn and there is no focal chondrosis or chondral injury.""]",UNKNOWN,"[""llm_review:The negative is limited to focal chondrosis or chondral injury and does not explicitly exclude all qualifying cartilage loss."",""negative_scope_insufficient""]",KEEP,PASS,PASS,PASS,PASS,PASS,PASS,PASS,GPT-6.1 Sol independent text reviewer A,仅否定局灶软骨病/损伤，class_absence_supported=null且UNKNOWN，未把有限否定变全面NO。
1.2.826.0.1.3680043.8.498.12257484608743859456600273083454447341,Lateral OA,d7743f3a099e7486d317c3691e4209eafd4040ffe50592c0db9477f9253a47b6,NOT_MENTIONED,[],UNKNOWN,[],MASK,FAIL,PASS,PASS,PASS,PASS,PASS,PASS,GPT-6.1 Sol independent text reviewer A,外侧股骨髁负重区明确骨软骨骨折，已有该间室骨软骨病变信息，NOT_MENTIONED遗漏；深度长度可仍UNKNOWN，乱码尺寸不解释。
1.2.826.0.1.3680043.8.498.12257484608743859456600273083454447341,PF OA,d7743f3a099e7486d317c3691e4209eafd4040ffe50592c0db9477f9253a47b6,ABSENT,"[""The patellofemoral joint, the patellar and trochlear cartilage appears congruent without chondral lesion.""]",NO,[],KEEP,PASS,PASS,PASS,PASS,PASS,PASS,PASS,GPT-6.1 Sol independent text reviewer A,髌骨滑车软骨平整且无软骨病灶，全面髌股阴性有支持。
1.2.826.0.1.3680043.8.498.12257484608743859456600273083454447341,Effusion,d7743f3a099e7486d317c3691e4209eafd4040ffe50592c0db9477f9253a47b6,PRESENT,"[""Some amount of right knee effusion with synovitis is present.""]",UNKNOWN,"[""criteria_anatomy_severity_extent_or_timing_insufficient"",""llm_review:Effusion size and joint distension are unspecified.""]",KEEP,PASS,PASS,PASS,PASS,PASS,PASS,PASS,GPT-6.1 Sol independent text reviewer A,Some amount积液未给量级及扩张，保留UNKNOWN。
1.2.826.0.1.3680043.8.498.12257484608743859456600273083454447341,Synovitis,d7743f3a099e7486d317c3691e4209eafd4040ffe50592c0db9477f9253a47b6,PRESENT,"[""Some amount of right knee effusion with synovitis is present.""]",YES,[],KEEP,PASS,PASS,PASS,PASS,PASS,PASS,PASS,GPT-6.1 Sol independent text reviewer A,直接文字诊断effusion with synovitis，滑膜炎YES来源明确。
1.2.826.0.1.3680043.8.498.12257484608743859456600273083454447341,Baker's,d7743f3a099e7486d317c3691e4209eafd4040ffe50592c0db9477f9253a47b6,NOT_MENTIONED,[],UNKNOWN,[],KEEP,PASS,PASS,PASS,PASS,PASS,PASS,PASS,GPT-6.1 Sol independent text reviewer A,未谈Baker囊肿，后内侧斜韧带完整不是囊肿阴性。
1.2.826.0.1.3680043.8.498.12257484608743859456600273083454447341,Contusion,d7743f3a099e7486d317c3691e4209eafd4040ffe50592c0db9477f9253a47b6,NOT_MENTIONED,[],UNKNOWN,[],KEEP,PASS,PASS,PASS,PASS,PASS,PASS,PASS,GPT-6.1 Sol independent text reviewer A,未描述创伤性骨髓水肿，不从骨软骨骨折推另有挫伤。
1.2.826.0.1.3680043.8.498.12257484608743859456600273083454447341,Fracture,d7743f3a099e7486d317c3691e4209eafd4040ffe50592c0db9477f9253a47b6,PRESENT,"[""There is focal osteochondral fracture at mid weight-baring lateral femoral condyle (about intact6* intact7 cm).""]",UNKNOWN,"[""criteria_anatomy_severity_extent_or_timing_insufficient"",""llm_review:A fracture line or cortical disruption is not explicitly described."",""llm_review:Fracture age is unspecified."",""llm_review:The reported dimensions contain malformed text and cannot be reliably interpreted."",""timing_or_trauma_review""]",KEEP,PASS,PASS,PASS,PASS,PASS,PASS,PASS,GPT-6.1 Sol independent text reviewer A,明确骨软骨骨折但未给急性时效；原文intact6* intact7 cm为乱码，不擅自恢复尺寸或强推YES。
1.2.826.0.1.3680043.8.498.12525752631743097782762806859112218620,ACL,a0575c3a509f40a16ed88508d7713c0883caed1d5100a380b229c76ed3d216b0,ABSENT,"[""The contour of ACL & PCL appear to be within normal, no abnormal signal intensity is noted.""]",NO,[],KEEP,PASS,PASS,PASS,PASS,PASS,PASS,PASS,GPT-6.1 Sol independent text reviewer A,ACL形态正常且无异常信号，全面阴性有当前检查支持。
1.2.826.0.1.3680043.8.498.12525752631743097782762806859112218620,MCL,a0575c3a509f40a16ed88508d7713c0883caed1d5100a380b229c76ed3d216b0,ABSENT,"[""Both medial & lateral collateral ligaments appear to be within normal.""]",NO,[],KEEP,PASS,PASS,PASS,PASS,PASS,PASS,PASS,GPT-6.1 Sol independent text reviewer A,内外侧副韧带均正常，MCL未误配。
1.2.826.0.1.3680043.8.498.12525752631743097782762806859112218620,Medial Meniscus,a0575c3a509f40a16ed88508d7713c0883caed1d5100a380b229c76ed3d216b0,PRESENT,"[""Linear signal intensity in posterior horn of medial meniscus, without significant extending into the surface, in favor of  grade 2 intrasubstance signal of posterior horn of medial meniscus, maybe due to degeneration."",""R/O grade 2 intrasubstance signal of posterior horn of medial meniscus, maybe due to contusion or degeneration.""]",UNKNOWN,"[""criteria_anatomy_severity_extent_or_timing_insufficient"",""history_or_postoperative_scope_review"",""llm_mapper_disagreement"",""llm_review:Etiology is uncertain: meniscal contusion or degeneration."",""llm_review:Grade 2 describes intrasubstance signal, not tear severity; timing is unspecified."",""llm_review:Intrasubstance signal is described without a definite tear diagnosis."",""negation_scope_review""]",KEEP,PASS,PASS,PASS,PASS,PASS,PASS,PASS,GPT-6.1 Sol independent text reviewer A,内侧后角II级实质内信号不明显达表面，病因为挫伤或退变不确定；无确定撕裂，最终UNKNOWN保守、低软分有文本依据。
1.2.826.0.1.3680043.8.498.12525752631743097782762806859112218620,Lateral Meniscus,a0575c3a509f40a16ed88508d7713c0883caed1d5100a380b229c76ed3d216b0,ABSENT,"[""Lateral meniscus appears to be normal.""]",NO,[],KEEP,PASS,PASS,PASS,PASS,PASS,PASS,PASS,GPT-6.1 Sol independent text reviewer A,外侧半月板外观正常，支持撕裂阴性。
1.2.826.0.1.3680043.8.498.12525752631743097782762806859112218620,Medial OA,a0575c3a509f40a16ed88508d7713c0883caed1d5100a380b229c76ed3d216b0,NOT_MENTIONED,[],UNKNOWN,[],KEEP,PASS,PASS,PASS,PASS,PASS,PASS,PASS,GPT-6.1 Sol independent text reviewer A,未描述内侧胫股软骨，半月板内侧不代表内侧OA。
1.2.826.0.1.3680043.8.498.12525752631743097782762806859112218620,Lateral OA,a0575c3a509f40a16ed88508d7713c0883caed1d5100a380b229c76ed3d216b0,NOT_MENTIONED,[],UNKNOWN,[],KEEP,PASS,PASS,PASS,PASS,PASS,PASS,PASS,GPT-6.1 Sol independent text reviewer A,未描述外侧胫股软骨病变，保持未知。
1.2.826.0.1.3680043.8.498.12525752631743097782762806859112218620,PF OA,a0575c3a509f40a16ed88508d7713c0883caed1d5100a380b229c76ed3d216b0,NOT_MENTIONED,[],UNKNOWN,[],KEEP,PASS,PASS,PASS,PASS,PASS,PASS,PASS,GPT-6.1 Sol independent text reviewer A,髌骨内下极和内侧滑车体积较小、轮廓低陷未直接描述软骨病变或缺损，未推OA。
1.2.826.0.1.3680043.8.498.12525752631743097782762806859112218620,Effusion,a0575c3a509f40a16ed88508d7713c0883caed1d5100a380b229c76ed3d216b0,NOT_MENTIONED,[],UNKNOWN,[],KEEP,PASS,PASS,PASS,PASS,PASS,PASS,PASS,GPT-6.1 Sol independent text reviewer A,未谈积液，保持未知。
1.2.826.0.1.3680043.8.498.12525752631743097782762806859112218620,Synovitis,a0575c3a509f40a16ed88508d7713c0883caed1d5100a380b229c76ed3d216b0,NOT_MENTIONED,[],UNKNOWN,[],KEEP,PASS,PASS,PASS,PASS,PASS,PASS,PASS,GPT-6.1 Sol independent text reviewer A,未谈滑膜炎，保持未知。
1.2.826.0.1.3680043.8.498.12525752631743097782762806859112218620,Baker's,a0575c3a509f40a16ed88508d7713c0883caed1d5100a380b229c76ed3d216b0,NOT_MENTIONED,[],UNKNOWN,[],KEEP,PASS,PASS,PASS,PASS,PASS,PASS,PASS,GPT-6.1 Sol independent text reviewer A,未谈典型后内侧腘窝囊肿，保持未知。
1.2.826.0.1.3680043.8.498.12525752631743097782762806859112218620,Contusion,a0575c3a509f40a16ed88508d7713c0883caed1d5100a380b229c76ed3d216b0,ABSENT,"[""No significant bone marrow edema of distal femur and patella.""]",UNKNOWN,"[""llm_review:Negative is limited to significant marrow edema in the distal femur and patella; it does not exclude all qualifying bone contusions."",""llm_review:Possible contusion in the impression refers to the medial meniscus, not bone."",""negative_scope_insufficient""]",KEEP,PASS,PASS,PASS,PASS,PASS,PASS,PASS,GPT-6.1 Sol independent text reviewer A,仅否定股骨远端及髌骨显著骨髓水肿，不涵盖所有骨/轻度水肿；UNKNOWN正确，半月板contusion未混成骨挫伤。
1.2.826.0.1.3680043.8.498.12525752631743097782762806859112218620,Fracture,a0575c3a509f40a16ed88508d7713c0883caed1d5100a380b229c76ed3d216b0,NOT_MENTIONED,[],UNKNOWN,[],KEEP,PASS,PASS,PASS,PASS,PASS,PASS,PASS,GPT-6.1 Sol independent text reviewer A,复位后髌骨脱位病史不等于当前骨折，未明确骨折，保持未知。
1.2.826.0.1.3680043.8.498.12568337973304376222940287737691898395,ACL,05636226bf4634775fc77f364ed2b878a59be82aecb68f25bfc801c3f2ea831f,ABSENT,"[""uredna morfologija i intenziteti signala kolateralnih ligamenata, prednjeg i stražnjeg križnog ligamenta"",""Sitne cistične degenerativne promjene na tibijalnom hvatištu prednjeg križnog ligamenta.""]",NO,"[""llm_review:Small cystic degenerative changes are localized to the tibial attachment; the ligament itself is described as normal.""]",KEEP,PASS,PASS,PASS,PASS,PASS,PASS,PASS,GPT-6.1 Sol independent text reviewer A,ACL形态及信号正常；胫骨附着小囊性退变为附着部改变，未误作韧带撕裂或矛盾。
1.2.826.0.1.3680043.8.498.12568337973304376222940287737691898395,MCL,05636226bf4634775fc77f364ed2b878a59be82aecb68f25bfc801c3f2ea831f,ABSENT,"[""uredna morfologija i intenziteti signala kolateralnih ligamenata""]",NO,[],KEEP,PASS,PASS,PASS,PASS,PASS,PASS,PASS,GPT-6.1 Sol independent text reviewer A,侧副韧带形态信号正常，涵盖MCL阴性。
1.2.826.0.1.3680043.8.498.12568337973304376222940287737691898395,Medial Meniscus,05636226bf4634775fc77f364ed2b878a59be82aecb68f25bfc801c3f2ea831f,ABSENT,"[""Medijalni i lateralni menisk uredne su morfologije i intenziteta signala.""]",NO,[],KEEP,PASS,PASS,PASS,PASS,PASS,PASS,PASS,GPT-6.1 Sol independent text reviewer A,明确内侧半月板形态信号正常，撕裂阴性正确。
1.2.826.0.1.3680043.8.498.12568337973304376222940287737691898395,Lateral Meniscus,05636226bf4634775fc77f364ed2b878a59be82aecb68f25bfc801c3f2ea831f,ABSENT,"[""Medijalni i lateralni menisk uredne su morfologije i intenziteta signala.""]",NO,[],KEEP,PASS,PASS,PASS,PASS,PASS,PASS,PASS,GPT-6.1 Sol independent text reviewer A,明确外侧半月板正常，与内侧独立对应。
1.2.826.0.1.3680043.8.498.12568337973304376222940287737691898395,Medial OA,05636226bf4634775fc77f364ed2b878a59be82aecb68f25bfc801c3f2ea831f,PRESENT,"[""Blago je reducirana debljina artikulacijske hrskavice medijalnog i lateralnog kompartmenta femorotibijalnog zgloba uz hondromalaciju II. stupnja.""]",NO,"[""explicit_subthreshold_or_alternative"",""llm_review:Mild cartilage thinning with grade II chondromalacia is subthreshold; extent is not reported.""]",KEEP,PASS,PASS,PASS,PASS,PASS,PASS,PASS,GPT-6.1 Sol independent text reviewer A,内侧胫股软骨轻度变薄伴II级软化，直接轻度支持低于深度标准，不需补造长度。
1.2.826.0.1.3680043.8.498.12568337973304376222940287737691898395,Lateral OA,05636226bf4634775fc77f364ed2b878a59be82aecb68f25bfc801c3f2ea831f,PRESENT,"[""Blago je reducirana debljina artikulacijske hrskavice medijalnog i lateralnog kompartmenta femorotibijalnog zgloba uz hondromalaciju II. stupnja.""]",NO,"[""explicit_subthreshold_or_alternative"",""llm_review:Mild cartilage thinning with grade II chondromalacia is subthreshold; extent is not reported.""]",KEEP,PASS,PASS,PASS,PASS,PASS,PASS,PASS,GPT-6.1 Sol independent text reviewer A,同句明确外侧胫股轻度软骨变薄，低于双阈值病变，未误当严重OA。
1.2.826.0.1.3680043.8.498.12568337973304376222940287737691898395,PF OA,05636226bf4634775fc77f364ed2b878a59be82aecb68f25bfc801c3f2ea831f,NOT_MENTIONED,[],UNKNOWN,[],KEEP,PASS,PASS,PASS,PASS,PASS,PASS,PASS,GPT-6.1 Sol independent text reviewer A,髌骨轻度外侧半脱位和滑车发育不良未描述软骨病变，未自动转换髌股OA。
1.2.826.0.1.3680043.8.498.12568337973304376222940287737691898395,Effusion,05636226bf4634775fc77f364ed2b878a59be82aecb68f25bfc801c3f2ea831f,NOT_MENTIONED,[],UNKNOWN,[],KEEP,PASS,PASS,PASS,PASS,PASS,PASS,PASS,GPT-6.1 Sol independent text reviewer A,无积液描述，未由皮下髌前水肿推断关节积液。
1.2.826.0.1.3680043.8.498.12568337973304376222940287737691898395,Synovitis,05636226bf4634775fc77f364ed2b878a59be82aecb68f25bfc801c3f2ea831f,NOT_MENTIONED,[],UNKNOWN,[],KEEP,PASS,PASS,PASS,PASS,PASS,PASS,PASS,GPT-6.1 Sol independent text reviewer A,未提及滑膜炎，保持未知。
1.2.826.0.1.3680043.8.498.12568337973304376222940287737691898395,Baker's,05636226bf4634775fc77f364ed2b878a59be82aecb68f25bfc801c3f2ea831f,ABSENT,"[""Ne nalazi se poplitealne (Bakerove) ciste.""]",NO,[],KEEP,PASS,PASS,PASS,PASS,PASS,PASS,PASS,GPT-6.1 Sol independent text reviewer A,明确无腘窝Baker囊肿，充分阴性。
1.2.826.0.1.3680043.8.498.12568337973304376222940287737691898395,Contusion,05636226bf4634775fc77f364ed2b878a59be82aecb68f25bfc801c3f2ea831f,ABSENT,"[""Ostale prikazane koštane, mekotkivne i neurovaskularne strukture uredne su morfologije i intenziteta signala.""]",NO,"[""llm_review:Absence is supported by the general normal bone morphology and signal statement.""]",KEEP,PASS,PASS,PASS,PASS,PASS,PASS,PASS,GPT-6.1 Sol independent text reviewer A,其余骨形态信号正常，已提的附着部小囊性退变非创伤骨水肿，支持无骨挫伤。
1.2.826.0.1.3680043.8.498.12568337973304376222940287737691898395,Fracture,05636226bf4634775fc77f364ed2b878a59be82aecb68f25bfc801c3f2ea831f,ABSENT,"[""Ostale prikazane koštane, mekotkivne i neurovaskularne strukture uredne su morfologije i intenziteta signala.""]",NO,"[""llm_review:Absence is supported by the general normal bone morphology and signal statement.""]",KEEP,PASS,PASS,PASS,PASS,PASS,PASS,PASS,GPT-6.1 Sol independent text reviewer A,骨结构形态信号正常，附着部退变和髌骨位置异常非骨折，阴性有支持。
1.2.826.0.1.3680043.8.498.12957252711278416684461267069498115130,ACL,3af3a1cc168b15113aba7c7ecb26d4f068e0baaf61d6e21e0f7ecaee904c155f,ABSENT,"[""Vorderes und hinteres Kreuzband intakt.""]",NO,[],KEEP,PASS,PASS,PASS,PASS,PASS,PASS,PASS,GPT-6.1 Sol independent text reviewer A,前后交叉韧带完整，ACL阴性明确。
1.2.826.0.1.3680043.8.498.12957252711278416684461267069498115130,MCL,3af3a1cc168b15113aba7c7ecb26d4f068e0baaf61d6e21e0f7ecaee904c155f,PRESENT,"[""Kollateralbänder intakt, geringer Reizzustand des MCL.""]",NO,"[""explicit_subthreshold_or_alternative"",""llm_review:Mild irritation with intact collateral ligaments; injury timing unspecified."",""timing_or_trauma_review""]",KEEP,PASS,PASS,PASS,PASS,PASS,PASS,PASS,GPT-6.1 Sol independent text reviewer A,MCL轻度刺激而韧带完整，PRESENT低阈值NO，未推成高级别急性撕裂。
1.2.826.0.1.3680043.8.498.12957252711278416684461267069498115130,Medial Meniscus,3af3a1cc168b15113aba7c7ecb26d4f068e0baaf61d6e21e0f7ecaee904c155f,PRESENT,"[""Der Innenmeniskus ab Pars intermedia bis ins Hinterhorn deutlich signalalteriert und aufgetrieben mit schräger Risskomponente (z. B. 5/9) und kleiner meniscealer Zyste (4/19).""]",YES,[],KEEP,PASS,PASS,PASS,PASS,PASS,PASS,PASS,GPT-6.1 Sol independent text reviewer A,内侧体至后角明确斜向撕裂组件，旁半月板小囊肿不替代直接撕裂证据。
1.2.826.0.1.3680043.8.498.12957252711278416684461267069498115130,Lateral Meniscus,3af3a1cc168b15113aba7c7ecb26d4f068e0baaf61d6e21e0f7ecaee904c155f,ABSENT,"[""Der Außenmeniskus ist intakt.""]",NO,[],KEEP,PASS,PASS,PASS,PASS,PASS,PASS,PASS,GPT-6.1 Sol independent text reviewer A,外侧半月板完整，直接支持阴性。
1.2.826.0.1.3680043.8.498.12957252711278416684461267069498115130,Medial OA,3af3a1cc168b15113aba7c7ecb26d4f068e0baaf61d6e21e0f7ecaee904c155f,PRESENT,"[""Medialseitig teils fokal tief greifende Chondropathie (z. B. 6/10 oder 4/23) in der Hauptbelastungszone der Femurkondyle."",""Ansonsten vorwiegend oberflächliche Chondropathie."",""Diskrete osteophytäre Anbauten (1005/73).""]",UNKNOWN,"[""criteria_anatomy_severity_extent_or_timing_insufficient"",""llm_review:Deep focal chondropathy is reported, but cartilage loss greater than 50% and extent of at least 10 mm are not established.""]",KEEP,PASS,PASS,PASS,PASS,PASS,PASS,PASS,GPT-6.1 Sol independent text reviewer A,内侧局灶深软骨病但未定百分比及长度，未由深字直接达双阈值。
1.2.826.0.1.3680043.8.498.12957252711278416684461267069498115130,Lateral OA,3af3a1cc168b15113aba7c7ecb26d4f068e0baaf61d6e21e0f7ecaee904c155f,ABSENT,"[""Femorotibial lateralseitig erhaltener Knorpelbelag ohne tief greifende Chondropathie jedoch mit auffallender chondraler Calcinosis (z. B. 4/25).""]",NO,"[""llm_review:Chondral calcinosis is reported with preserved cartilage; it does not establish qualifying cartilage loss.""]",KEEP,PASS,PASS,PASS,PASS,PASS,PASS,PASS,GPT-6.1 Sol independent text reviewer A,外侧胫股软骨覆盖保持且无深层软骨病，钙化不等于深度丧失；阴性指竞争软骨损失，钙化已保留说明。
1.2.826.0.1.3680043.8.498.12957252711278416684461267069498115130,PF OA,3af3a1cc168b15113aba7c7ecb26d4f068e0baaf61d6e21e0f7ecaee904c155f,PRESENT,"[""Patella zentriert stehend. Mehrere oberflächliche, teils bis zur Hälfte der Knorpelschicht erreichenden chondralen Läsionen (siehe z. B. 7/9)."",""Chondrale Calcinosis femoropatellar, führend retropatellar (z. B. 3/46 und 3/57)."",""Ansonsten erhaltene Knorpelbelag.""]",NO,"[""explicit_subthreshold_or_alternative"",""llm_review:Reported lesions reach at most half the cartilage thickness; numerical lesion extent is unspecified.""]",KEEP,PASS,PASS,PASS,PASS,PASS,PASS,PASS,GPT-6.1 Sol independent text reviewer A,髌股病灶表浅且最深仅一半，严格大于50%不满足，NO有明示深度依据。
1.2.826.0.1.3680043.8.498.12957252711278416684461267069498115130,Effusion,3af3a1cc168b15113aba7c7ecb26d4f068e0baaf61d6e21e0f7ecaee904c155f,PRESENT,"[""Geringer Gelenkerguss.""]",NO,"[""explicit_subthreshold_or_alternative"",""llm_review:Mild effusion is subthreshold; joint distension is not reported.""]",KEEP,PASS,PASS,PASS,PASS,PASS,PASS,PASS,GPT-6.1 Sol independent text reviewer A,少量积液，未扩大成中大量，髌前囊扩大非关节液量级。
1.2.826.0.1.3680043.8.498.12957252711278416684461267069498115130,Synovitis,3af3a1cc168b15113aba7c7ecb26d4f068e0baaf61d6e21e0f7ecaee904c155f,ABSENT,"[""Synovialis nicht verdickt.""]",UNKNOWN,"[""llm_review:The negative addresses synovial thickening only; it does not explicitly exclude all synovial inflammation."",""negative_scope_insufficient""]",KEEP,PASS,PASS,PASS,PASS,PASS,PASS,PASS,GPT-6.1 Sol independent text reviewer A,仅滑膜未增厚，不全面排除炎症，class_absence_supported=null且UNKNOWN。
1.2.826.0.1.3680043.8.498.12957252711278416684461267069498115130,Baker's,3af3a1cc168b15113aba7c7ecb26d4f068e0baaf61d6e21e0f7ecaee904c155f,NOT_MENTIONED,[],UNKNOWN,[],KEEP,PASS,PASS,PASS,PASS,PASS,PASS,PASS,GPT-6.1 Sol independent text reviewer A,髌前滑囊增大非Baker典型后内侧囊肿，未提及Baker保留未知。
1.2.826.0.1.3680043.8.498.12957252711278416684461267069498115130,Contusion,3af3a1cc168b15113aba7c7ecb26d4f068e0baaf61d6e21e0f7ecaee904c155f,UNCERTAIN,"[""Als anatomische Normvariante Patella tripartita am superolateralen Pol (4/7) mit geringem Knochenmarködem in dem kleinerem akzessorischen Fragment (4/7)."",""Ansonsten altersentsprechendes Knochenmarkssignal.""]",UNKNOWN,"[""llm_review:Marrow edema is localized to an accessory fragment of a stated anatomical variant; traumatic origin, timing and absence of a fracture line at this lesion are not established."",""uncertain_report""]",KEEP,PASS,PASS,PASS,PASS,PASS,PASS,PASS,GPT-6.1 Sol independent text reviewer A,明确三分髌骨正常变异小副骨块骨髓水肿，无创伤归因或无骨折线描述，UNKNOWN合理。
1.2.826.0.1.3680043.8.498.12957252711278416684461267069498115130,Fracture,3af3a1cc168b15113aba7c7ecb26d4f068e0baaf61d6e21e0f7ecaee904c155f,NOT_MENTIONED,[],UNKNOWN,[],KEEP,PASS,PASS,PASS,PASS,PASS,PASS,PASS,GPT-6.1 Sol independent text reviewer A,三分髌骨为明确解剖变异，不误作急性骨折，未提及骨折保持未知。
1.2.826.0.1.3680043.8.498.14061227335828384505403558788548348446,ACL,9fd9343722563f757d0cf2e63bd654fecdff4b3d658d169662e9928fa15cf589,ABSENT,"[""Autrement le ligament croisé antérieur, le ligament croisé postérieur, le mécanisme des extenseurs, le ligament collatéral interne, le semi-membraneux, le muscle et tendon du poplité, le biceps femoris distal, le ligament collatéral externe et la bandelette ilio-tibiale sont sans particularité.""]",NO,"[""history_or_postoperative_scope_review""]",KEEP,PASS,PASS,PASS,PASS,PASS,PASS,PASS,GPT-6.1 Sol independent text reviewer A,前交叉韧带被明确列于无异常结构，非病史描述，阴性正确。
1.2.826.0.1.3680043.8.498.14061227335828384505403558788548348446,MCL,9fd9343722563f757d0cf2e63bd654fecdff4b3d658d169662e9928fa15cf589,ABSENT,"[""Autrement le ligament croisé antérieur, le ligament croisé postérieur, le mécanisme des extenseurs, le ligament collatéral interne, le semi-membraneux, le muscle et tendon du poplité, le biceps femoris distal, le ligament collatéral externe et la bandelette ilio-tibiale sont sans particularité.""]",NO,"[""history_or_postoperative_scope_review""]",KEEP,PASS,PASS,PASS,PASS,PASS,PASS,PASS,GPT-6.1 Sol independent text reviewer A,内侧副韧带明确无异常，当前阴性充分。
1.2.826.0.1.3680043.8.498.14061227335828384505403558788548348446,Medial Meniscus,9fd9343722563f757d0cf2e63bd654fecdff4b3d658d169662e9928fa15cf589,PRESENT,"[""Il y a des changements dégénératifs intrasubstance impliquant le corps et la corne postérieure du ménisque interne."",""Il y a une déchirure radiale complète de la racine postérieure avec extrusion du ménisque."",""Changements dégénératifs intrasubstance du ménisque interne, avec déchirure radiale complète de la racine postérieure avec extrusion du ménisque.""]",YES,"[""history_or_postoperative_scope_review"",""llm_review:Tear timing is unspecified.""]",KEEP,PASS,PASS,PASS,PASS,PASS,PASS,PASS,GPT-6.1 Sol independent text reviewer A,内侧后根完整径向撕裂伴挤出，虽合并内部退变仍确定撕裂YES。
1.2.826.0.1.3680043.8.498.14061227335828384505403558788548348446,Lateral Meniscus,9fd9343722563f757d0cf2e63bd654fecdff4b3d658d169662e9928fa15cf589,ABSENT,"[""Le ménisque externe est sans particularité.""]",NO,[],KEEP,PASS,PASS,PASS,PASS,PASS,PASS,PASS,GPT-6.1 Sol independent text reviewer A,外侧半月板无异常，未由内侧撕裂推外侧病变。
1.2.826.0.1.3680043.8.498.14061227335828384505403558788548348446,Medial OA,9fd9343722563f757d0cf2e63bd654fecdff4b3d658d169662e9928fa15cf589,PRESENT,"[""Il y a des changements dégénératifs modérés du compartiment interne avec amincissement modéré du cartilage à la partie centrale du condyle fémoral interne et du plafond tibial avec légers changements réactifs sous-chondraux.""]",UNKNOWN,"[""criteria_anatomy_severity_extent_or_timing_insufficient"",""llm_review:Cartilage lesion extent in millimeters is unspecified."",""llm_review:Moderate cartilage thinning does not quantify loss greater than 50%.""]",KEEP,PASS,PASS,PASS,PASS,PASS,PASS,PASS,GPT-6.1 Sol independent text reviewer A,内侧中度软骨变薄但无大于50%比例及长度，UNKNOWN正确。
1.2.826.0.1.3680043.8.498.14061227335828384505403558788548348446,Lateral OA,9fd9343722563f757d0cf2e63bd654fecdff4b3d658d169662e9928fa15cf589,PRESENT,"[""Il y a un léger amincissement du cartilage des compartiments externes et patello-fémoral.""]",NO,"[""explicit_subthreshold_or_alternative"",""llm_review:Only mild cartilage thinning is described; numerical depth and extent are unspecified.""]",KEEP,PASS,PASS,PASS,PASS,PASS,PASS,PASS,GPT-6.1 Sol independent text reviewer A,外侧轻度软骨变薄，亚阈值改变已保留PRESENT并NO。
1.2.826.0.1.3680043.8.498.14061227335828384505403558788548348446,PF OA,9fd9343722563f757d0cf2e63bd654fecdff4b3d658d169662e9928fa15cf589,PRESENT,"[""Il y a un léger amincissement du cartilage des compartiments externes et patello-fémoral.""]",NO,"[""explicit_subthreshold_or_alternative"",""llm_review:Only mild cartilage thinning is described; numerical depth and extent are unspecified.""]",KEEP,PASS,PASS,PASS,PASS,PASS,PASS,PASS,GPT-6.1 Sol independent text reviewer A,髌股轻度软骨变薄，与轻度髌骨外侧半脱位分开，PRESENT低阈值NO。
1.2.826.0.1.3680043.8.498.14061227335828384505403558788548348446,Effusion,9fd9343722563f757d0cf2e63bd654fecdff4b3d658d169662e9928fa15cf589,PRESENT,"[""Il y a un épanchement intra-articulaire modéré sans kyste poplité.""]",UNKNOWN,"[""criteria_anatomy_severity_extent_or_timing_insufficient"",""llm_review:Moderate intra-articular effusion is explicit, but joint distension is not described."",""negation_scope_review""]",KEEP,PASS,PASS,PASS,PASS,PASS,PASS,PASS,GPT-6.1 Sol independent text reviewer A,中量关节积液明确但无扩张，最终UNKNOWN正确；0.75仅低权重假设，未断言标准满足。
1.2.826.0.1.3680043.8.498.14061227335828384505403558788548348446,Synovitis,9fd9343722563f757d0cf2e63bd654fecdff4b3d658d169662e9928fa15cf589,NOT_MENTIONED,[],UNKNOWN,[],KEEP,PASS,PASS,PASS,PASS,PASS,PASS,PASS,GPT-6.1 Sol independent text reviewer A,未谈滑膜炎，未由中量积液推断。
1.2.826.0.1.3680043.8.498.14061227335828384505403558788548348446,Baker's,9fd9343722563f757d0cf2e63bd654fecdff4b3d658d169662e9928fa15cf589,ABSENT,"[""Il y a un épanchement intra-articulaire modéré sans kyste poplité."",""Épanchement intra-articulaire sans kyste poplité.""]",NO,[],KEEP,PASS,PASS,PASS,PASS,PASS,PASS,PASS,GPT-6.1 Sol independent text reviewer A,两处明确无腘窝囊肿，否定仅作用Baker而非积液。
1.2.826.0.1.3680043.8.498.14061227335828384505403558788548348446,Contusion,9fd9343722563f757d0cf2e63bd654fecdff4b3d658d169662e9928fa15cf589,NOT_MENTIONED,[],UNKNOWN,[],KEEP,PASS,PASS,PASS,PASS,PASS,PASS,PASS,GPT-6.1 Sol independent text reviewer A,轻度软骨下反应性改变未直接描述骨髓水肿或创伤挫伤，NOT_MENTIONED合理。
1.2.826.0.1.3680043.8.498.14061227335828384505403558788548348446,Fracture,9fd9343722563f757d0cf2e63bd654fecdff4b3d658d169662e9928fa15cf589,NOT_MENTIONED,[],UNKNOWN,[],KEEP,PASS,PASS,PASS,PASS,PASS,PASS,PASS,GPT-6.1 Sol independent text reviewer A,未提及骨折，保持未知。
1.2.826.0.1.3680043.8.498.15133818248365103660456294775831248835,ACL,fb7cfddf6ddae2b5b738a5c711aff027d288e19b7c34c1dc7c5227662ab176f4,ABSENT,"[""Intact voorkomen van de voorste / achtste kruisband en de beide collaterale ligamenten.""]",NO,[],KEEP,PASS,PASS,PASS,PASS,PASS,PASS,PASS,GPT-6.1 Sol independent text reviewer A,前交叉韧带完整，扫描目的半月板疑问非当前ACL病变。
1.2.826.0.1.3680043.8.498.15133818248365103660456294775831248835,MCL,fb7cfddf6ddae2b5b738a5c711aff027d288e19b7c34c1dc7c5227662ab176f4,ABSENT,"[""Intact voorkomen van de voorste / achtste kruisband en de beide collaterale ligamenten.""]",NO,[],KEEP,PASS,PASS,PASS,PASS,PASS,PASS,PASS,GPT-6.1 Sol independent text reviewer A,双侧副韧带完整，MCL阴性有明确支持。
1.2.826.0.1.3680043.8.498.15133818248365103660456294775831248835,Medial Meniscus,fb7cfddf6ddae2b5b738a5c711aff027d288e19b7c34c1dc7c5227662ab176f4,NOT_MENTIONED,[],UNKNOWN,[],KEEP,PASS,PASS,PASS,PASS,PASS,PASS,PASS,GPT-6.1 Sol independent text reviewer A,仅外侧半月板病变，未提及内侧，保持未知。
1.2.826.0.1.3680043.8.498.15133818248365103660456294775831248835,Lateral Meniscus,fb7cfddf6ddae2b5b738a5c711aff027d288e19b7c34c1dc7c5227662ab176f4,PRESENT,"[""Aberrante horizontaal verlopende lineaire signaalalteratie corpusgedeelte laterale meniscus (zone 1>3 ) deels overgrijpend op de achterhoorn en de voorhoorn: horizontale scheur met kleine aanliggende parameniscale cyste nabij het corpus"",""Horizontale scheur laterale meniscus.""]",YES,[],KEEP,PASS,PASS,PASS,PASS,PASS,PASS,PASS,GPT-6.1 Sol independent text reviewer A,外侧体部横裂伸及前后角并旁半月板小囊肿，结论确定撕裂YES。
1.2.826.0.1.3680043.8.498.15133818248365103660456294775831248835,Medial OA,fb7cfddf6ddae2b5b738a5c711aff027d288e19b7c34c1dc7c5227662ab176f4,NOT_MENTIONED,[],UNKNOWN,[],KEEP,PASS,PASS,PASS,PASS,PASS,PASS,PASS,GPT-6.1 Sol independent text reviewer A,胫股内侧关节关系保持未评价软骨厚度，NOT_MENTIONED不补陰性。
1.2.826.0.1.3680043.8.498.15133818248365103660456294775831248835,Lateral OA,fb7cfddf6ddae2b5b738a5c711aff027d288e19b7c34c1dc7c5227662ab176f4,NOT_MENTIONED,[],UNKNOWN,[],KEEP,PASS,PASS,PASS,PASS,PASS,PASS,PASS,GPT-6.1 Sol independent text reviewer A,髌骨外侧面软骨损伤属髌股而非外侧胫股，未误归外侧OA。
1.2.826.0.1.3680043.8.498.15133818248365103660456294775831248835,PF OA,fb7cfddf6ddae2b5b738a5c711aff027d288e19b7c34c1dc7c5227662ab176f4,PRESENT,"[""oppervlakkige kraakbeen letseltje laterale patellaire facet alsook een graad 4 kraakbeenletsel mediale patellaire facet met ge ïsoleerde focus van botoedeem nabij de subchondrale beenplaat."",""Patellaire chondromalacie.""]",UNKNOWN,"[""criteria_anatomy_severity_extent_or_timing_insufficient"",""llm_review:Cartilage lesion extent is not reported."",""llm_review:Grade 4 is reported without an identified grading convention or explicit cartilage-loss depth."",""llm_review:Timing is unspecified.""]",KEEP,PASS,PASS,PASS,PASS,PASS,PASS,PASS,GPT-6.1 Sol independent text reviewer A,髌骨内侧面四级病变和外侧表浅灶，分级体系及长度不明，UNKNOWN合理。
1.2.826.0.1.3680043.8.498.15133818248365103660456294775831248835,Effusion,fb7cfddf6ddae2b5b738a5c711aff027d288e19b7c34c1dc7c5227662ab176f4,ABSENT,"[""Geen opzetting van suprapatellaire bursa""]",UNKNOWN,"[""llm_review:The negative statement is limited to suprapatellar bursal distension; it does not explicitly exclude effusion throughout the joint."",""negative_scope_insufficient""]",KEEP,PASS,PASS,PASS,PASS,PASS,PASS,PASS,GPT-6.1 Sol independent text reviewer A,仅无髌上滑囊扩张，未全面否定其他关节液，absence=null且UNKNOWN。
1.2.826.0.1.3680043.8.498.15133818248365103660456294775831248835,Synovitis,fb7cfddf6ddae2b5b738a5c711aff027d288e19b7c34c1dc7c5227662ab176f4,NOT_MENTIONED,[],UNKNOWN,[],KEEP,PASS,PASS,PASS,PASS,PASS,PASS,PASS,GPT-6.1 Sol independent text reviewer A,未直接讨论滑膜炎，保持未知。
1.2.826.0.1.3680043.8.498.15133818248365103660456294775831248835,Baker's,fb7cfddf6ddae2b5b738a5c711aff027d288e19b7c34c1dc7c5227662ab176f4,UNCERTAIN,"[""een (niet met ruptuur verwikkelde Baker-cyste )/ multiloculaire T2-hyperintense structuur posterieur van de achterste kruisband (nabij de tibiale insertie interface posterieure capsuloligamentaire structuren) : ganglioncyste, afmetingen 1,9 x 1,2 x 0,6\\~cm.""]",UNKNOWN,"[""anatomy_missing_or_wrong"",""history_or_postoperative_scope_review"",""llm_review:Moderate or large Baker cyst size and typical posteromedial location are not established."",""llm_review:Slash-separated wording ambiguously mentions a Baker cyst and a posterior cruciate ganglion cyst."",""llm_review:The reported dimensions cannot confidently be assigned to a separate Baker cyst."",""uncertain_report""]",MASK,PASS,PASS,PASS,PASS,PASS,PASS,PASS,GPT-6.1 Sol independent text reviewer A,Baker/后交叉附近多房ganglion斜线措辞存在歧义，未知解剖和大小归属合理；critical合同MASK。
1.2.826.0.1.3680043.8.498.15133818248365103660456294775831248835,Contusion,fb7cfddf6ddae2b5b738a5c711aff027d288e19b7c34c1dc7c5227662ab176f4,PRESENT,"[""graad 4 kraakbeenletsel mediale patellaire facet met ge ïsoleerde focus van botoedeem nabij de subchondrale beenplaat.""]",NO,"[""explicit_subthreshold_or_alternative"",""llm_review:Fracture-line absence and injury timing are not stated."",""llm_review:Reported marrow edema accompanies patellar cartilage disease; a traumatic contusion is not diagnosed."",""timing_or_trauma_review""]",MASK,PASS,PASS,PASS,PASS,PASS,PASS,FAIL,GPT-6.1 Sol independent text reviewer A,软骨下骨水肿伴髌骨软骨病只证明伴随关系，不明确全部为退变性；degenerative_only=true缺充分证据且mapper因此NO，应保持UNKNOWN，MASK。
1.2.826.0.1.3680043.8.498.15133818248365103660456294775831248835,Fracture,fb7cfddf6ddae2b5b738a5c711aff027d288e19b7c34c1dc7c5227662ab176f4,NOT_MENTIONED,[],UNKNOWN,[],KEEP,PASS,PASS,PASS,PASS,PASS,PASS,PASS,GPT-6.1 Sol independent text reviewer A,无骨折描述，未从软骨下水肿推骨折。
1.2.826.0.1.3680043.8.498.12331841096593105748526634055968654914,ACL,42ced12e453c3835d8e2e376e17a1e46834e102b3043e584f3a0a35a8921e3bc,PRESENT,"[""Engrosamiento, alteración de señal y disrupción completa de las fibras del ligamento cruzado\nanterior en tercio medio / distal."",""Rotura completa del LCA con contusiones óseas en cóndilo femoral lateral y platillo tibial lateral,\nsugerentes de evento de inestabilidad reciente.""]",YES,[],KEEP,PASS,PASS,PASS,PASS,PASS,PASS,PASS,GPT-6.1 Sol independent text reviewer A,当前ACL中远段纤维完整断裂，结论结合骨挫伤提示近期不稳定事件；不是仅引用临床排除LCA问题。
1.2.826.0.1.3680043.8.498.12331841096593105748526634055968654914,MCL,42ced12e453c3835d8e2e376e17a1e46834e102b3043e584f3a0a35a8921e3bc,PRESENT,"[""Ligamentos cruzado posterior y colaterales continuos."",""Engrosamiento con leve alteración de señal\ndel componente superficial del ligamento colateral medial."",""Esguince grado I del componente superficial del LCM.""]",NO,"[""explicit_subthreshold_or_alternative"",""history_or_postoperative_scope_review"",""llm_review:MCL injury timing is not explicitly specified."",""timing_or_trauma_review""]",KEEP,PASS,PASS,PASS,PASS,PASS,PASS,PASS,GPT-6.1 Sol independent text reviewer A,表层MCL一级扭伤且连续，低阈值NO；未由ACL完全断裂推MCL高级别。
1.2.826.0.1.3680043.8.498.12331841096593105748526634055968654914,Medial Meniscus,42ced12e453c3835d8e2e376e17a1e46834e102b3043e584f3a0a35a8921e3bc,UNCERTAIN,"[""Menisco medial de morfología conservada con alteración de señal del cuerno posterior que no\ncumple criterios de rotura."",""Destaca leve edema en la interfase meniscocapsular del cuerno\nposterior del menisco medial."",""Edema la interfase meniscocapsular del cuerno posterior del menisco medial, pudiera traducir\nlesión a este nivel.""]",UNKNOWN,"[""history_or_postoperative_scope_review"",""llm_review:Internal signal does not meet tear criteria, but a separate meniscocapsular injury is suggested without a definite tear diagnosis."",""uncertain_report""]",KEEP,PASS,PASS,PASS,PASS,PASS,PASS,PASS,GPT-6.1 Sol independent text reviewer A,内侧后角信号明确不达撕裂标准，另可能半月板囊损伤，保留两信息与UNCERTAIN。
1.2.826.0.1.3680043.8.498.12331841096593105748526634055968654914,Lateral Meniscus,42ced12e453c3835d8e2e376e17a1e46834e102b3043e584f3a0a35a8921e3bc,PRESENT,"[""Rotura longitudinal vertical en la periferia del cuerno posterior del menisco lateral en sitio inserción\ndel ligamento menisco femoral de Wrisberg.""]",YES,"[""history_or_postoperative_scope_review""]",KEEP,PASS,PASS,PASS,PASS,PASS,PASS,PASS,GPT-6.1 Sol independent text reviewer A,外侧后角Wrisberg附着区明确纵行垂直周缘撕裂，YES。
1.2.826.0.1.3680043.8.498.12331841096593105748526634055968654914,Medial OA,42ced12e453c3835d8e2e376e17a1e46834e102b3043e584f3a0a35a8921e3bc,UNCERTAIN,"[""Alteración de señal e irregularidad superficial del cartílago femorotibial, sin defectos condrales\nprofundos."",""Condropatía femorotibial superficial.""]",UNKNOWN,"[""anatomy_missing_or_wrong"",""llm_mapper_disagreement"",""llm_review:Cartilage abnormality is superficial; extent is not specified."",""llm_review:Tibiofemoral chondropathy is not localized to the medial or lateral compartment."",""uncertain_report""]",MASK,PASS,PASS,PASS,PASS,PASS,PASS,PASS,GPT-6.1 Sol independent text reviewer A,泛称胫股表浅软骨病未侧别，UNKNOWN解剖为保守，不假定内侧；critical要求MASK。
1.2.826.0.1.3680043.8.498.12331841096593105748526634055968654914,Lateral OA,42ced12e453c3835d8e2e376e17a1e46834e102b3043e584f3a0a35a8921e3bc,UNCERTAIN,"[""Alteración de señal e irregularidad superficial del cartílago femorotibial, sin defectos condrales\nprofundos."",""Condropatía femorotibial superficial.""]",UNKNOWN,"[""anatomy_missing_or_wrong"",""llm_mapper_disagreement"",""llm_review:Cartilage abnormality is superficial; extent is not specified."",""llm_review:Tibiofemoral chondropathy is not localized to the medial or lateral compartment."",""uncertain_report""]",MASK,PASS,PASS,PASS,PASS,PASS,PASS,PASS,GPT-6.1 Sol independent text reviewer A,同样胫股表浅病变未侧别，未擅自指定外侧；critical安全MASK。
1.2.826.0.1.3680043.8.498.12331841096593105748526634055968654914,PF OA,42ced12e453c3835d8e2e376e17a1e46834e102b3043e584f3a0a35a8921e3bc,PRESENT,"[""Cartílago rotuliano con alteración de señal e irregularidad superficial en faceta lateral y medial."",""Úlcera condral de espesor subtotal con componente delaminativo, sin cambios óseos reactivos en\nvertiente medial, región central y vertiente lateral de la tróclea, se extiende 13 mm medio lateral y\n10 mm craneocaudal."",""Defecto condral grado 2-3 que compromete vertiente medial, región central y vertiente lateral de la\ntróclea.""]",YES,"[""llm_review:Grading convention for grade 2-3 is unspecified; depth is supported independently by the subtotal-thickness description."",""negation_scope_review""]",KEEP,PASS,PASS,PASS,PASS,PASS,PASS,PASS,GPT-6.1 Sol independent text reviewer A,滑车近全层软骨溃疡独立支持大于50%，13x10mm独立满足长度，不依赖2-3级分级推阈值。
1.2.826.0.1.3680043.8.498.12331841096593105748526634055968654914,Effusion,42ced12e453c3835d8e2e376e17a1e46834e102b3043e584f3a0a35a8921e3bc,PRESENT,"[""Acentuado derrame articular.""]",UNKNOWN,"[""criteria_anatomy_severity_extent_or_timing_insufficient"",""llm_review:Marked effusion is reported, but joint distension is not explicitly described.""]",KEEP,PASS,PASS,PASS,PASS,PASS,PASS,PASS,GPT-6.1 Sol independent text reviewer A,明显积液未直接描述扩张，最终UNKNOWN；0.9为低权重估计而非虚构扩张。
1.2.826.0.1.3680043.8.498.12331841096593105748526634055968654914,Synovitis,42ced12e453c3835d8e2e376e17a1e46834e102b3043e584f3a0a35a8921e3bc,NOT_MENTIONED,[],UNKNOWN,[],KEEP,PASS,PASS,PASS,PASS,PASS,PASS,PASS,GPT-6.1 Sol independent text reviewer A,未提及滑膜炎，不由明显积液推出。
1.2.826.0.1.3680043.8.498.12331841096593105748526634055968654914,Baker's,42ced12e453c3835d8e2e376e17a1e46834e102b3043e584f3a0a35a8921e3bc,ABSENT,"[""No se observa quiste de Baker.""]",NO,[],KEEP,PASS,PASS,PASS,PASS,PASS,PASS,PASS,GPT-6.1 Sol independent text reviewer A,明确未见Baker囊肿，阴性充分。
1.2.826.0.1.3680043.8.498.12331841096593105748526634055968654914,Contusion,42ced12e453c3835d8e2e376e17a1e46834e102b3043e584f3a0a35a8921e3bc,PRESENT,"[""Focos de edema óseo post contusionales en tercio medio de carga del cóndilo femoral lateral y\naspecto posterior del platillo tibial lateral."",""Rotura completa del LCA con contusiones óseas en cóndilo femoral lateral y platillo tibial lateral,\nsugerentes de evento de inestabilidad reciente.""]",UNKNOWN,"[""criteria_anatomy_severity_extent_or_timing_insufficient"",""history_or_postoperative_scope_review"",""llm_review:Recent bone contusions are explicitly diagnosed, but absence of a fracture line at these lesions is not explicitly documented.""]",KEEP,PASS,PASS,PASS,PASS,PASS,PASS,PASS,GPT-6.1 Sol independent text reviewer A,局灶挫伤后骨水肿和近期事件明确，未有无骨折线证据故最终UNKNOWN；高软分仅低权重。
1.2.826.0.1.3680043.8.498.12331841096593105748526634055968654914,Fracture,42ced12e453c3835d8e2e376e17a1e46834e102b3043e584f3a0a35a8921e3bc,NOT_MENTIONED,[],UNKNOWN,[],KEEP,PASS,PASS,PASS,PASS,PASS,PASS,PASS,GPT-6.1 Sol independent text reviewer A,未提及骨折，未由骨挫伤推骨折。
1.2.826.0.1.3680043.8.498.17070139245390396445395414066427036835,ACL,117a84a6ad3dab626e29c1a352c8dcc4fa83e26a40380a93c4a1d7fc1314264b,ABSENT,"[""Χωρίς παθολογικά ευρήµατα από τον έλεγχο των χιαστών και του έσω πλαγίου συνδέσµου, του εσω µηνίσκου.""]",NO,[],KEEP,PASS,PASS,PASS,PASS,PASS,PASS,PASS,GPT-6.1 Sol independent text reviewer A,交叉韧带无病理发现，ACL阴性充分；同句内侧半月板矛盾不影响ACL。
1.2.826.0.1.3680043.8.498.17070139245390396445395414066427036835,MCL,117a84a6ad3dab626e29c1a352c8dcc4fa83e26a40380a93c4a1d7fc1314264b,ABSENT,"[""Χωρίς παθολογικά ευρήµατα από τον έλεγχο των χιαστών και του έσω πλαγίου συνδέσµου, του εσω µηνίσκου.""]",NO,[],KEEP,PASS,PASS,PASS,PASS,PASS,PASS,PASS,GPT-6.1 Sol independent text reviewer A,内侧副韧带无病理发现，直接阴性支持。
1.2.826.0.1.3680043.8.498.17070139245390396445395414066427036835,Medial Meniscus,117a84a6ad3dab626e29c1a352c8dcc4fa83e26a40380a93c4a1d7fc1314264b,PRESENT,"[""Παθολογικό σήµα αναγνωρίζεται στο οπίσθιο κέρας του έσω µηνίσκου ο οποίος παρουσιάζει ήπιο υπεξάρθρηµα."",""Χωρίς παθολογικά ευρήµατα από τον έλεγχο των χιαστών και του έσω πλαγίου συνδέσµου, του εσω µηνίσκου."",""Απλή εκφύλιση χωρίς ρήξη, έσω µηνίσκου.""]",UNKNOWN,"[""llm_mapper_disagreement"",""llm_review:Medial meniscal abnormal signal, mild subluxation and degeneration conflict with the statement of no pathological medial meniscal findings."",""llm_review:The conclusion explicitly excludes a medial meniscal tear."",""negation_scope_review"",""unresolved_contradiction""]",MASK,PASS,PASS,PASS,PASS,PASS,PASS,PASS,GPT-6.1 Sol independent text reviewer A,内侧后角异常信号轻度半脱位/单纯退变与另一句无病理冲突，两类证据都保留；critical安全MASK。
1.2.826.0.1.3680043.8.498.17070139245390396445395414066427036835,Lateral Meniscus,117a84a6ad3dab626e29c1a352c8dcc4fa83e26a40380a93c4a1d7fc1314264b,PRESENT,"[""Σηµειώνεται παθολογικό σήµα κατά το σώµα και οπίσθιο κέρας ευµεγέθους έξω µηνίσκου."",""Συνυπάρχει παθολογικό σήµα και στο πρόσθιο κέρας."",""Σύµπλοκη ρήξη, κάθετη σώµατος και ακτινωτή οπισθίου κέρατος δισκοειδούς έξω µηνίσκου µε ύδραρθρο.""]",YES,[],KEEP,PASS,PASS,PASS,PASS,PASS,PASS,PASS,GPT-6.1 Sol independent text reviewer A,盘状外侧半月板体垂直裂及后角径向复杂裂直接确诊，YES。
1.2.826.0.1.3680043.8.498.17070139245390396445395414066427036835,Medial OA,117a84a6ad3dab626e29c1a352c8dcc4fa83e26a40380a93c4a1d7fc1314264b,ABSENT,"[""Από τον έλεγχο του εκτατικού µηχανισµού, του αρθρικού χόνδρου και του οστικού µυελού δεν σηµειώθηκε αξιοσηµείωτη παθολογία.""]",UNKNOWN,"[""anatomy_missing_or_wrong"",""llm_review:General articular cartilage negative; compartments are not individually named.""]",MASK,PASS,PASS,PASS,PASS,PASS,PASS,PASS,GPT-6.1 Sol independent text reviewer A,泛称关节软骨无值得注意病理但未单列内侧间室，保守UNKNOWN解剖忠实；critical要求MASK。
1.2.826.0.1.3680043.8.498.17070139245390396445395414066427036835,Lateral OA,117a84a6ad3dab626e29c1a352c8dcc4fa83e26a40380a93c4a1d7fc1314264b,ABSENT,"[""Από τον έλεγχο του εκτατικού µηχανισµού, του αρθρικού χόνδρου και του οστικού µυελού δεν σηµειώθηκε αξιοσηµείωτη παθολογία.""]",UNKNOWN,"[""anatomy_missing_or_wrong"",""llm_review:General articular cartilage negative; compartments are not individually named.""]",MASK,PASS,PASS,PASS,PASS,PASS,PASS,PASS,GPT-6.1 Sol independent text reviewer A,软骨泛称负面信息未单列外侧胫股，UNKNOWN为保守排除；critical要求MASK。
1.2.826.0.1.3680043.8.498.17070139245390396445395414066427036835,PF OA,117a84a6ad3dab626e29c1a352c8dcc4fa83e26a40380a93c4a1d7fc1314264b,ABSENT,"[""Από τον έλεγχο του εκτατικού µηχανισµού, του αρθρικού χόνδρου και του οστικού µυελού δεν σηµειώθηκε αξιοσηµείωτη παθολογία.""]",UNKNOWN,"[""anatomy_missing_or_wrong"",""llm_review:General articular cartilage negative; compartments are not individually named.""]",MASK,PASS,PASS,PASS,PASS,PASS,PASS,PASS,GPT-6.1 Sol independent text reviewer A,泛称软骨无显著病理未单列髌股，保守UNKNOWN；critical合同MASK。
1.2.826.0.1.3680043.8.498.17070139245390396445395414066427036835,Effusion,117a84a6ad3dab626e29c1a352c8dcc4fa83e26a40380a93c4a1d7fc1314264b,PRESENT,"[""Αναγνωρίζεται µέτρια ποσότητα υγρού ενδαρθρικά."",""Σύµπλοκη ρήξη, κάθετη σώµατος και ακτινωτή οπισθίου κέρατος δισκοειδούς έξω µηνίσκου µε ύδραρθρο.""]",UNKNOWN,"[""criteria_anatomy_severity_extent_or_timing_insufficient"",""llm_review:Moderate intra-articular fluid is explicit; joint distension is not explicitly described.""]",KEEP,PASS,PASS,PASS,PASS,PASS,PASS,PASS,GPT-6.1 Sol independent text reviewer A,中量关节液明确而未描述扩张，UNKNOWN与低权重0.8符合未校准估计。
1.2.826.0.1.3680043.8.498.17070139245390396445395414066427036835,Synovitis,117a84a6ad3dab626e29c1a352c8dcc4fa83e26a40380a93c4a1d7fc1314264b,NOT_MENTIONED,[],UNKNOWN,[],KEEP,PASS,PASS,PASS,PASS,PASS,PASS,PASS,GPT-6.1 Sol independent text reviewer A,未谈滑膜炎，不从hydrops推断。
1.2.826.0.1.3680043.8.498.17070139245390396445395414066427036835,Baker's,117a84a6ad3dab626e29c1a352c8dcc4fa83e26a40380a93c4a1d7fc1314264b,NOT_MENTIONED,[],UNKNOWN,[],KEEP,PASS,PASS,PASS,PASS,PASS,PASS,PASS,GPT-6.1 Sol independent text reviewer A,未提及Baker囊肿，保持未知。
1.2.826.0.1.3680043.8.498.17070139245390396445395414066427036835,Contusion,117a84a6ad3dab626e29c1a352c8dcc4fa83e26a40380a93c4a1d7fc1314264b,ABSENT,"[""Από τον έλεγχο του εκτατικού µηχανισµού, του αρθρικού χόνδρου και του οστικού µυελού δεν σηµειώθηκε αξιοσηµείωτη παθολογία.""]",NO,[],MASK,PASS,PASS,FAIL,PASS,PASS,PASS,FAIL,GPT-6.1 Sol independent text reviewer A,骨髓未见值得注意/显著病理只是否定显著异常，不能排除轻度骨挫伤；class_absence_supported=true与NO范围过强，MASK。
1.2.826.0.1.3680043.8.498.17070139245390396445395414066427036835,Fracture,117a84a6ad3dab626e29c1a352c8dcc4fa83e26a40380a93c4a1d7fc1314264b,NOT_MENTIONED,[],UNKNOWN,[],KEEP,PASS,PASS,PASS,PASS,PASS,PASS,PASS,GPT-6.1 Sol independent text reviewer A,未直接描述骨折，泛称骨髓无显著病理未硬推骨折阴性。
1.2.826.0.1.3680043.8.498.18114567737638963627123562895002602285,ACL,586ab04319352e2252f4c7953070eb09ca2d49e7015b9ec32f68841401bf9205,ABSENT,"[""Ligamentos cruzados y colateral lateral sin alteraciones.""]",NO,[],KEEP,PASS,PASS,PASS,PASS,PASS,PASS,PASS,GPT-6.1 Sol independent text reviewer A,交叉韧带无改变，ACL阴性直接支持。
1.2.826.0.1.3680043.8.498.18114567737638963627123562895002602285,MCL,586ab04319352e2252f4c7953070eb09ca2d49e7015b9ec32f68841401bf9205,PRESENT,"[""Engrosamiento y aumento de señal del componente superficial y profundo del complejo\nligamentario medial con pérdida parcial de la continuidad ambos componentes en su tercio\nproximal, con edema las partes blandas regionales."",""Esguince grado II del componente superficial y profundo del complejo ligamentario medial en su\naspecto proximal, con edema las partes blandas adyacentes.""]",UNKNOWN,"[""criteria_anatomy_severity_extent_or_timing_insufficient"",""llm_review:Acute timing is not explicitly stated."",""llm_review:Grade II sprain and partial continuity loss establish partial injury but do not specify a high-grade partial tear."",""timing_or_trauma_review""]",KEEP,PASS,PASS,PASS,PASS,PASS,PASS,PASS,GPT-6.1 Sol independent text reviewer A,内侧浅深纤维近端部分连续性丧失、II级扭伤伴邻软组织水肿，不自动推高级别或急性，UNKNOWN合理。
1.2.826.0.1.3680043.8.498.18114567737638963627123562895002602285,Medial Meniscus,586ab04319352e2252f4c7953070eb09ca2d49e7015b9ec32f68841401bf9205,ABSENT,"[""Meniscos impresionan de morfología y señal conservada, sin signos de rotura.""]",NO,[],KEEP,PASS,PASS,PASS,PASS,PASS,PASS,PASS,GPT-6.1 Sol independent text reviewer A,半月板形态信号保持无裂征，内侧阴性明确。
1.2.826.0.1.3680043.8.498.18114567737638963627123562895002602285,Lateral Meniscus,586ab04319352e2252f4c7953070eb09ca2d49e7015b9ec32f68841401bf9205,ABSENT,"[""Meniscos impresionan de morfología y señal conservada, sin signos de rotura.""]",NO,[],KEEP,PASS,PASS,PASS,PASS,PASS,PASS,PASS,GPT-6.1 Sol independent text reviewer A,半月板泛称无裂征涵盖外侧，未误借内侧MCL病变。
1.2.826.0.1.3680043.8.498.18114567737638963627123562895002602285,Medial OA,586ab04319352e2252f4c7953070eb09ca2d49e7015b9ec32f68841401bf9205,ABSENT,"[""Cartílagos de los compartimentos femorotibiales y patelofemoral sin alteraciones.""]",NO,[],KEEP,PASS,PASS,PASS,PASS,PASS,PASS,PASS,GPT-6.1 Sol independent text reviewer A,复数胫股间室软骨无改变涵盖内侧，全面阴性支持充分。
1.2.826.0.1.3680043.8.498.18114567737638963627123562895002602285,Lateral OA,586ab04319352e2252f4c7953070eb09ca2d49e7015b9ec32f68841401bf9205,ABSENT,"[""Cartílagos de los compartimentos femorotibiales y patelofemoral sin alteraciones.""]",NO,[],KEEP,PASS,PASS,PASS,PASS,PASS,PASS,PASS,GPT-6.1 Sol independent text reviewer A,复数胫股间室软骨无改变涵盖外侧，阴性有支持。
1.2.826.0.1.3680043.8.498.18114567737638963627123562895002602285,PF OA,586ab04319352e2252f4c7953070eb09ca2d49e7015b9ec32f68841401bf9205,ABSENT,"[""Cartílagos de los compartimentos femorotibiales y patelofemoral sin alteraciones.""]",NO,[],KEEP,PASS,PASS,PASS,PASS,PASS,PASS,PASS,GPT-6.1 Sol independent text reviewer A,明确髌股软骨无改变，阴性正确。
1.2.826.0.1.3680043.8.498.18114567737638963627123562895002602285,Effusion,586ab04319352e2252f4c7953070eb09ca2d49e7015b9ec32f68841401bf9205,ABSENT,"[""No hay significativo derrame articular.""]",NO,"[""llm_review:The negative excludes significant effusion but does not assert complete absence of joint fluid.""]",KEEP,PASS,PASS,PASS,PASS,PASS,PASS,PASS,GPT-6.1 Sol independent text reviewer A,未见显著积液可排除本类中大量门槛，但并非声称完全无微量液体；notes保留限定。
1.2.826.0.1.3680043.8.498.18114567737638963627123562895002602285,Synovitis,586ab04319352e2252f4c7953070eb09ca2d49e7015b9ec32f68841401bf9205,NOT_MENTIONED,[],UNKNOWN,[],KEEP,PASS,PASS,PASS,PASS,PASS,PASS,PASS,GPT-6.1 Sol independent text reviewer A,未提及滑膜炎，邻软组织水肿不作为滑膜证据。
1.2.826.0.1.3680043.8.498.18114567737638963627123562895002602285,Baker's,586ab04319352e2252f4c7953070eb09ca2d49e7015b9ec32f68841401bf9205,PRESENT,"[""Pequeño quiste poplíteo no complicado""]",NO,"[""explicit_subthreshold_or_alternative"",""llm_review:Small popliteal cyst is below the moderate/large size threshold."",""negation_scope_review""]",KEEP,PASS,PASS,PASS,PASS,PASS,PASS,PASS,GPT-6.1 Sol independent text reviewer A,明确小型不复杂腘窝囊肿，量级低于中大量，PRESENT/NO正确。
1.2.826.0.1.3680043.8.498.18114567737638963627123562895002602285,Contusion,586ab04319352e2252f4c7953070eb09ca2d49e7015b9ec32f68841401bf9205,ABSENT,"[""No hay alteraciones de señal significativas de la médula ósea.""]",UNKNOWN,"[""llm_review:The negative is limited to significant marrow signal abnormalities; it does not explicitly exclude all traumatic marrow edema."",""negative_scope_insufficient""]",KEEP,PASS,PASS,PASS,PASS,PASS,PASS,PASS,GPT-6.1 Sol independent text reviewer A,仅无显著骨髓信号异常，不能全面排除轻微创伤水肿；absence=null、最终UNKNOWN且mask0正确。
1.2.826.0.1.3680043.8.498.18114567737638963627123562895002602285,Fracture,586ab04319352e2252f4c7953070eb09ca2d49e7015b9ec32f68841401bf9205,NOT_MENTIONED,[],UNKNOWN,[],KEEP,PASS,PASS,PASS,PASS,PASS,PASS,PASS,GPT-6.1 Sol independent text reviewer A,未提及骨折，未以显著骨髓异常否定作全面骨折阴性。
1.2.826.0.1.3680043.8.498.17107696939614797679012793547913769707,ACL,39ec626ccdd8c52cc01fd056193306ae75952291097314da38dd8275b7373bf2,PRESENT,"[""Ruptura prednjeg križnog ligamenta.""]",UNKNOWN,"[""criteria_anatomy_severity_extent_or_timing_insufficient"",""llm_review:ACL rupture is diagnosed, but partial versus complete rupture and tear grade are unspecified."",""llm_review:Injury timing is unspecified.""]",KEEP,PASS,PASS,PASS,PASS,PASS,PASS,PASS,GPT-6.1 Sol independent text reviewer A,仅ACL断裂未写部分/完全或高级别，PRESENT但UNKNOWN不补全程度。
1.2.826.0.1.3680043.8.498.17107696939614797679012793547913769707,MCL,39ec626ccdd8c52cc01fd056193306ae75952291097314da38dd8275b7373bf2,ABSENT,"[""Uredna je morfologija i intenziteti signala kolateralnih ligamenata""]",NO,[],KEEP,PASS,PASS,PASS,PASS,PASS,PASS,PASS,GPT-6.1 Sol independent text reviewer A,侧副韧带形态信号正常，MCL当前损伤阴性有支持。
1.2.826.0.1.3680043.8.498.17107696939614797679012793547913769707,Medial Meniscus,39ec626ccdd8c52cc01fd056193306ae75952291097314da38dd8275b7373bf2,PRESENT,"[""Vidi se vertikalna ruptura stražnjeg roga medijalnog meniska.""]",YES,[],KEEP,PASS,PASS,PASS,PASS,PASS,PASS,PASS,GPT-6.1 Sol independent text reviewer A,内侧后角确定垂直撕裂，足以支持YES。
1.2.826.0.1.3680043.8.498.17107696939614797679012793547913769707,Lateral Meniscus,39ec626ccdd8c52cc01fd056193306ae75952291097314da38dd8275b7373bf2,PRESENT,"[""Radijalna ruptura stražnjeg roga lateralnog meniska.""]",YES,[],KEEP,PASS,PASS,PASS,PASS,PASS,PASS,PASS,GPT-6.1 Sol independent text reviewer A,外侧后角确定径向撕裂，足以支持YES。
1.2.826.0.1.3680043.8.498.17107696939614797679012793547913769707,Medial OA,39ec626ccdd8c52cc01fd056193306ae75952291097314da38dd8275b7373bf2,ABSENT,"[""Prikazane artikulacijske hrskavice urednih su intenziteta signala.""]",UNKNOWN,"[""anatomy_missing_or_wrong"",""llm_review:Medial compartment localization, cartilage depth and extent are unspecified."",""llm_review:The general cartilage negative describes normal signal only; it does not explicitly exclude qualifying cartilage thickness loss."",""negative_scope_insufficient""]",MASK,PASS,PASS,PASS,PASS,PASS,PASS,PASS,GPT-6.1 Sol independent text reviewer A,泛称关节软骨信号正常未保证厚度、无内侧单列，UNKNOWN解剖和否定范围正确；critical MASK。
1.2.826.0.1.3680043.8.498.17107696939614797679012793547913769707,Lateral OA,39ec626ccdd8c52cc01fd056193306ae75952291097314da38dd8275b7373bf2,ABSENT,"[""Prikazane artikulacijske hrskavice urednih su intenziteta signala.""]",UNKNOWN,"[""anatomy_missing_or_wrong"",""llm_review:Lateral compartment localization, cartilage depth and extent are unspecified."",""llm_review:The general cartilage negative describes normal signal only; it does not explicitly exclude qualifying cartilage thickness loss."",""negative_scope_insufficient""]",MASK,PASS,PASS,PASS,PASS,PASS,PASS,PASS,GPT-6.1 Sol independent text reviewer A,软骨泛称正常信号未单列外侧及厚度，保守UNKNOWN；critical安全MASK。
1.2.826.0.1.3680043.8.498.17107696939614797679012793547913769707,PF OA,39ec626ccdd8c52cc01fd056193306ae75952291097314da38dd8275b7373bf2,ABSENT,"[""Prikazane artikulacijske hrskavice urednih su intenziteta signala.""]",UNKNOWN,"[""anatomy_missing_or_wrong"",""llm_review:Patellofemoral compartment localization, cartilage depth and extent are unspecified."",""llm_review:The general cartilage negative describes normal signal only; it does not explicitly exclude qualifying cartilage thickness loss."",""negative_scope_insufficient""]",MASK,PASS,PASS,PASS,PASS,PASS,PASS,PASS,GPT-6.1 Sol independent text reviewer A,泛称软骨信号正常未单列髌股厚度或范围，未全面NO；critical MASK。
1.2.826.0.1.3680043.8.498.17107696939614797679012793547913769707,Effusion,39ec626ccdd8c52cc01fd056193306ae75952291097314da38dd8275b7373bf2,PRESENT,"[""Manja količina slobodne tekućine u zglobnom prostoru.""]",NO,"[""explicit_subthreshold_or_alternative""]",KEEP,PASS,PASS,PASS,PASS,PASS,PASS,PASS,GPT-6.1 Sol independent text reviewer A,少量游离关节液，低于中大量门槛，PRESENT/NO合理。
1.2.826.0.1.3680043.8.498.17107696939614797679012793547913769707,Synovitis,39ec626ccdd8c52cc01fd056193306ae75952291097314da38dd8275b7373bf2,NOT_MENTIONED,[],UNKNOWN,[],KEEP,PASS,PASS,PASS,PASS,PASS,PASS,PASS,GPT-6.1 Sol independent text reviewer A,无滑膜炎提及，未由少量液体推断。
1.2.826.0.1.3680043.8.498.17107696939614797679012793547913769707,Baker's,39ec626ccdd8c52cc01fd056193306ae75952291097314da38dd8275b7373bf2,NOT_MENTIONED,[],UNKNOWN,[],KEEP,PASS,PASS,PASS,PASS,PASS,PASS,PASS,GPT-6.1 Sol independent text reviewer A,未谈Baker囊肿，保持未知。
1.2.826.0.1.3680043.8.498.17107696939614797679012793547913769707,Contusion,39ec626ccdd8c52cc01fd056193306ae75952291097314da38dd8275b7373bf2,NOT_MENTIONED,[],UNKNOWN,[],KEEP,PASS,PASS,PASS,PASS,PASS,PASS,PASS,GPT-6.1 Sol independent text reviewer A,未描述骨髓水肿，不从ACL或半月板撕裂推骨挫伤。
1.2.826.0.1.3680043.8.498.17107696939614797679012793547913769707,Fracture,39ec626ccdd8c52cc01fd056193306ae75952291097314da38dd8275b7373bf2,NOT_MENTIONED,[],UNKNOWN,[],KEEP,PASS,PASS,PASS,PASS,PASS,PASS,PASS,GPT-6.1 Sol independent text reviewer A,未提及骨折，保留未知。
1.2.826.0.1.3680043.8.498.21584859831565112159503971937497384030,ACL,a1482c9453ac29877754a0011e893a73be54aae5e687ea6de57a7c0b368d0e7e,ABSENT,"[""Από τον έλεγχο, των µηνίσκων των χιαστών και πλαγίων συνδέσµων, του αρθρικού χόνδρου και του εκτατικού µηχανισµού δεν παρατηρούνται αξιόλογα ευρήµατα.""]",NO,[],KEEP,PASS,PASS,PASS,PASS,PASS,PASS,PASS,GPT-6.1 Sol independent text reviewer A,本次交叉韧带检查无值得注意发现，全面ACL负面描述。
1.2.826.0.1.3680043.8.498.21584859831565112159503971937497384030,MCL,a1482c9453ac29877754a0011e893a73be54aae5e687ea6de57a7c0b368d0e7e,ABSENT,"[""Από τον έλεγχο, των µηνίσκων των χιαστών και πλαγίων συνδέσµων, του αρθρικού χόνδρου και του εκτατικού µηχανισµού δεν παρατηρούνται αξιόλογα ευρήµατα.""]",NO,[],KEEP,PASS,PASS,PASS,PASS,PASS,PASS,PASS,GPT-6.1 Sol independent text reviewer A,侧副韧带检查无异常发现涵盖MCL，不从其他韧带推断。
1.2.826.0.1.3680043.8.498.21584859831565112159503971937497384030,Medial Meniscus,a1482c9453ac29877754a0011e893a73be54aae5e687ea6de57a7c0b368d0e7e,ABSENT,"[""Από τον έλεγχο, των µηνίσκων των χιαστών και πλαγίων συνδέσµων, του αρθρικού χόνδρου και του εκτατικού µηχανισµού δεν παρατηρούνται αξιόλογα ευρήµατα.""]",NO,[],KEEP,PASS,PASS,PASS,PASS,PASS,PASS,PASS,GPT-6.1 Sol independent text reviewer A,半月板整体无病理发现，内侧阴性对应正确。
1.2.826.0.1.3680043.8.498.21584859831565112159503971937497384030,Lateral Meniscus,a1482c9453ac29877754a0011e893a73be54aae5e687ea6de57a7c0b368d0e7e,ABSENT,"[""Από τον έλεγχο, των µηνίσκων των χιαστών και πλαγίων συνδέσµων, του αρθρικού χόνδρου και του εκτατικού µηχανισµού δεν παρατηρούνται αξιόλογα ευρήµατα.""]",NO,[],KEEP,PASS,PASS,PASS,PASS,PASS,PASS,PASS,GPT-6.1 Sol independent text reviewer A,半月板整体无病理发现，外侧阴性对应正确。
1.2.826.0.1.3680043.8.498.21584859831565112159503971937497384030,Medial OA,a1482c9453ac29877754a0011e893a73be54aae5e687ea6de57a7c0b368d0e7e,ABSENT,"[""Από τον έλεγχο, των µηνίσκων των χιαστών και πλαγίων συνδέσµων, του αρθρικού χόνδρου και του εκτατικού µηχανισµού δεν παρατηρούνται αξιόλογα ευρήµατα.""]",UNKNOWN,"[""anatomy_missing_or_wrong"",""llm_review:The global cartilage negative applies across compartments; no individual compartment is named.""]",MASK,PASS,PASS,PASS,PASS,PASS,PASS,PASS,GPT-6.1 Sol independent text reviewer A,软骨泛称无异常未单列内侧，UNKNOWN解剖保守；critical合同MASK。
1.2.826.0.1.3680043.8.498.21584859831565112159503971937497384030,Lateral OA,a1482c9453ac29877754a0011e893a73be54aae5e687ea6de57a7c0b368d0e7e,ABSENT,"[""Από τον έλεγχο, των µηνίσκων των χιαστών και πλαγίων συνδέσµων, του αρθρικού χόνδρου και του εκτατικού µηχανισµού δεν παρατηρούνται αξιόλογα ευρήµατα.""]",UNKNOWN,"[""anatomy_missing_or_wrong"",""llm_review:The global cartilage negative applies across compartments; no individual compartment is named.""]",MASK,PASS,PASS,PASS,PASS,PASS,PASS,PASS,GPT-6.1 Sol independent text reviewer A,泛称软骨无显著病理未单列外侧，UNKNOWN解剖保守；critical合同MASK。
1.2.826.0.1.3680043.8.498.21584859831565112159503971937497384030,PF OA,a1482c9453ac29877754a0011e893a73be54aae5e687ea6de57a7c0b368d0e7e,ABSENT,"[""Από τον έλεγχο, των µηνίσκων των χιαστών και πλαγίων συνδέσµων, του αρθρικού χόνδρου και του εκτατικού µηχανισµού δεν παρατηρούνται αξιόλογα ευρήµατα.""]",UNKNOWN,"[""anatomy_missing_or_wrong"",""llm_review:The global cartilage negative applies across compartments; the patellofemoral plicae description does not describe cartilage disease.""]",MASK,PASS,PASS,PASS,PASS,PASS,PASS,PASS,GPT-6.1 Sol independent text reviewer A,泛称软骨负面未单列髌股，滑膜皱襞不代表软骨病变；critical MASK。
1.2.826.0.1.3680043.8.498.21584859831565112159503971937497384030,Effusion,a1482c9453ac29877754a0011e893a73be54aae5e687ea6de57a7c0b368d0e7e,PRESENT,"[""Μικρή συλλογή υγρού παρατηρείται ενδαρθρικά""]",NO,"[""explicit_subthreshold_or_alternative"",""llm_review:Small effusion is subthreshold; joint distension and acute/chronic timing are not stated.""]",KEEP,PASS,PASS,PASS,PASS,PASS,PASS,PASS,GPT-6.1 Sol independent text reviewer A,小量关节液明确，PRESENT而低于中大量标准。
1.2.826.0.1.3680043.8.498.21584859831565112159503971937497384030,Synovitis,a1482c9453ac29877754a0011e893a73be54aae5e687ea6de57a7c0b368d0e7e,NOT_MENTIONED,[],UNKNOWN,"[""llm_review:Synovial plicae are described without synovial inflammation or thickening.""]",KEEP,PASS,PASS,PASS,PASS,PASS,PASS,PASS,GPT-6.1 Sol independent text reviewer A,仅内外侧滑膜皱襞可见，无炎症/增厚诊断，未当滑膜炎。
1.2.826.0.1.3680043.8.498.21584859831565112159503971937497384030,Baker's,a1482c9453ac29877754a0011e893a73be54aae5e687ea6de57a7c0b368d0e7e,NOT_MENTIONED,[],UNKNOWN,[],KEEP,PASS,PASS,PASS,PASS,PASS,PASS,PASS,GPT-6.1 Sol independent text reviewer A,未谈Baker囊肿，保持未知。
1.2.826.0.1.3680043.8.498.21584859831565112159503971937497384030,Contusion,a1482c9453ac29877754a0011e893a73be54aae5e687ea6de57a7c0b368d0e7e,NOT_MENTIONED,[],UNKNOWN,[],KEEP,PASS,PASS,PASS,PASS,PASS,PASS,PASS,GPT-6.1 Sol independent text reviewer A,骨髓良性增生非创伤水肿，未描述骨挫伤，NOT_MENTIONED合理。
1.2.826.0.1.3680043.8.498.21584859831565112159503971937497384030,Fracture,a1482c9453ac29877754a0011e893a73be54aae5e687ea6de57a7c0b368d0e7e,NOT_MENTIONED,[],UNKNOWN,[],KEEP,PASS,PASS,PASS,PASS,PASS,PASS,PASS,GPT-6.1 Sol independent text reviewer A,骨髓良性增生非骨折，未描述骨折，保持未知。
1.2.826.0.1.3680043.8.498.19124879088354547836118593585646705198,ACL,5f3a45d54f2cee7d1d0c583d4f12852990efa707313cc3d34aa7202cd2ea1418,ABSENT,"[""Intact voorkomen van de anterieur en posterieure kruisband.""]",NO,"[""history_or_postoperative_scope_review""]",KEEP,PASS,PASS,PASS,PASS,PASS,PASS,PASS,GPT-6.1 Sol independent text reviewer A,前后交叉韧带完整，ACL直接阴性。
1.2.826.0.1.3680043.8.498.19124879088354547836118593585646705198,MCL,5f3a45d54f2cee7d1d0c583d4f12852990efa707313cc3d34aa7202cd2ea1418,ABSENT,"[""Intact voorkomen van het mediale collaterale ligament.""]",NO,[],KEEP,PASS,PASS,PASS,PASS,PASS,PASS,PASS,GPT-6.1 Sol independent text reviewer A,内侧副韧带明确完整，未借外侧完整。
1.2.826.0.1.3680043.8.498.19124879088354547836118593585646705198,Medial Meniscus,5f3a45d54f2cee7d1d0c583d4f12852990efa707313cc3d34aa7202cd2ea1418,PRESENT,"[""Muco ïde degeneratie op de overgang van corpus naar de posterieure hoorn van de mediale meniscus (zone 4)."",""Beginnende muco ïde degeneratie op de overgang van corpus naar posterieure hoorn van de mediale meniscus.""]",NO,"[""explicit_subthreshold_or_alternative"",""history_or_postoperative_scope_review"",""llm_review:Mucoid degeneration is described without a definite tear diagnosis.""]",KEEP,PASS,PASS,PASS,PASS,PASS,PASS,PASS,GPT-6.1 Sol independent text reviewer A,内侧体后角交界早期黏液样退变，描述保留PRESENT、低于撕裂NO。
1.2.826.0.1.3680043.8.498.19124879088354547836118593585646705198,Lateral Meniscus,5f3a45d54f2cee7d1d0c583d4f12852990efa707313cc3d34aa7202cd2ea1418,ABSENT,"[""Intact voorkomen van de laterale meniscus.""]",NO,[],KEEP,PASS,PASS,PASS,PASS,PASS,PASS,PASS,GPT-6.1 Sol independent text reviewer A,外侧半月板完整，支持阴性。
1.2.826.0.1.3680043.8.498.19124879088354547836118593585646705198,Medial OA,5f3a45d54f2cee7d1d0c583d4f12852990efa707313cc3d34aa7202cd2ea1418,ABSENT,"[""Intact voorkomen van het mediaal femorotibiaal kraakbeen.""]",NO,[],KEEP,PASS,PASS,PASS,PASS,PASS,PASS,PASS,GPT-6.1 Sol independent text reviewer A,内侧胫股软骨完整，全面阴性充分。
1.2.826.0.1.3680043.8.498.19124879088354547836118593585646705198,Lateral OA,5f3a45d54f2cee7d1d0c583d4f12852990efa707313cc3d34aa7202cd2ea1418,ABSENT,"[""Intact voorkomen van het lateraal femorotibiaal kraakbeen.""]",NO,[],KEEP,PASS,PASS,PASS,PASS,PASS,PASS,PASS,GPT-6.1 Sol independent text reviewer A,外侧胫股软骨完整，阴性充分。
1.2.826.0.1.3680043.8.498.19124879088354547836118593585646705198,PF OA,5f3a45d54f2cee7d1d0c583d4f12852990efa707313cc3d34aa7202cd2ea1418,PRESENT,"[""Sterk onregelmatige aflijning van het patellair kraakbeen met focaal kraakbeendefect aan de mediale zijde."",""Schuine fissurale doorloop van het kraakbeendefect naar laterocraniaal tot meer dan 50\\~% van de kraakbeendikte (graad 3)."",""Patellair kraakbeenlijden met kraakbeendefect mediaal en fissurale uitloper tot graad 3 .""]",UNKNOWN,"[""criteria_anatomy_severity_extent_or_timing_insufficient"",""llm_review:Depth exceeds 50%, but lesion extent of approximately 10 mm or more is not established.""]",KEEP,PASS,PASS,PASS,PASS,PASS,PASS,PASS,GPT-6.1 Sol independent text reviewer A,髌骨内侧缺损裂隙明确超过50%但未给长度，UNKNOWN没有补造10mm。
1.2.826.0.1.3680043.8.498.19124879088354547836118593585646705198,Effusion,5f3a45d54f2cee7d1d0c583d4f12852990efa707313cc3d34aa7202cd2ea1418,ABSENT,"[""Geen significante hydrops van het kniegewricht.""]",NO,"[""llm_review:The negative excludes significant effusion; trace fluid is not explicitly excluded.""]",MASK,PASS,PASS,PASS,PASS,FAIL,PASS,PASS,GPT-6.1 Sol independent text reviewer A,原文仅无显著hydrops，标准NO可支持，但severity NONE断言无液体过强，报告notes也承认未排除微量，程度应未指定，保守MASK。
1.2.826.0.1.3680043.8.498.19124879088354547836118593585646705198,Synovitis,5f3a45d54f2cee7d1d0c583d4f12852990efa707313cc3d34aa7202cd2ea1418,NOT_MENTIONED,[],UNKNOWN,[],KEEP,PASS,PASS,PASS,PASS,PASS,PASS,PASS,GPT-6.1 Sol independent text reviewer A,髌下脂肪垫撞击及浸润非滑膜炎直接证据，未误推。
1.2.826.0.1.3680043.8.498.19124879088354547836118593585646705198,Baker's,5f3a45d54f2cee7d1d0c583d4f12852990efa707313cc3d34aa7202cd2ea1418,PRESENT,"[""Beperkte hoeveelheid vocht in de bursa semimembranosus gastrocnemius.""]",NO,"[""explicit_subthreshold_or_alternative"",""llm_review:Limited fluid in the typical bursa is subthreshold; a moderate or large cyst is not described.""]",KEEP,PASS,PASS,PASS,PASS,PASS,PASS,PASS,GPT-6.1 Sol independent text reviewer A,半膜肌腓肠肌典型滑囊有限液体，部位正确且小量亚阈值NO。
1.2.826.0.1.3680043.8.498.19124879088354547836118593585646705198,Contusion,5f3a45d54f2cee7d1d0c583d4f12852990efa707313cc3d34aa7202cd2ea1418,ABSENT,"[""Geen zones van botoedeem.""]",NO,[],KEEP,PASS,PASS,PASS,PASS,PASS,PASS,PASS,GPT-6.1 Sol independent text reviewer A,明确无骨水肿区域，支持骨挫伤阴性；未由软骨缺损推挫伤。
1.2.826.0.1.3680043.8.498.19124879088354547836118593585646705198,Fracture,5f3a45d54f2cee7d1d0c583d4f12852990efa707313cc3d34aa7202cd2ea1418,NOT_MENTIONED,[],UNKNOWN,[],KEEP,PASS,PASS,PASS,PASS,PASS,PASS,PASS,GPT-6.1 Sol independent text reviewer A,无骨折提及，无骨水肿不能自动当全面骨折阴性，未知合理。
1.2.826.0.1.3680043.8.498.25505153402978560400776672230220616863,ACL,f0e6c8915cbc6512c8cb352292112a95bb95896f00bd5f1fd79af329e3a6237f,ABSENT,"[""Ligament croisé antérieur : Normal.""]",NO,[],KEEP,PASS,PASS,PASS,PASS,PASS,PASS,PASS,GPT-6.1 Sol independent text reviewer A,ACL单独明确正常，阴性正确。
1.2.826.0.1.3680043.8.498.25505153402978560400776672230220616863,MCL,f0e6c8915cbc6512c8cb352292112a95bb95896f00bd5f1fd79af329e3a6237f,ABSENT,"[""Ligament collatéral médial : Normal.""]",NO,[],KEEP,PASS,PASS,PASS,PASS,PASS,PASS,PASS,GPT-6.1 Sol independent text reviewer A,内侧副韧带单独正常，阴性正确。
1.2.826.0.1.3680043.8.498.25505153402978560400776672230220616863,Medial Meniscus,f0e6c8915cbc6512c8cb352292112a95bb95896f00bd5f1fd79af329e3a6237f,ABSENT,"[""Ménisque médial : Normal.""]",NO,[],KEEP,PASS,PASS,PASS,PASS,PASS,PASS,PASS,GPT-6.1 Sol independent text reviewer A,内侧半月板单列正常，撕裂阴性充分。
1.2.826.0.1.3680043.8.498.25505153402978560400776672230220616863,Lateral Meniscus,f0e6c8915cbc6512c8cb352292112a95bb95896f00bd5f1fd79af329e3a6237f,ABSENT,"[""Ménisque latéral : Normal.""]",NO,[],KEEP,PASS,PASS,PASS,PASS,PASS,PASS,PASS,GPT-6.1 Sol independent text reviewer A,外侧半月板单列正常，未借内侧阴性。
1.2.826.0.1.3680043.8.498.25505153402978560400776672230220616863,Medial OA,f0e6c8915cbc6512c8cb352292112a95bb95896f00bd5f1fd79af329e3a6237f,ABSENT,"[""Changements dégénératifs :\nAucune.""]",UNKNOWN,"[""anatomy_missing_or_wrong"",""llm_review:Global negative for degenerative changes; compartments are not individually named.""]",MASK,PASS,PASS,PASS,PASS,PASS,PASS,PASS,GPT-6.1 Sol independent text reviewer A,全局无退变改变但未列内侧间室，保守UNKNOWN结构；critical安全MASK。
1.2.826.0.1.3680043.8.498.25505153402978560400776672230220616863,Lateral OA,f0e6c8915cbc6512c8cb352292112a95bb95896f00bd5f1fd79af329e3a6237f,ABSENT,"[""Changements dégénératifs :\nAucune.""]",UNKNOWN,"[""anatomy_missing_or_wrong"",""llm_review:Global negative for degenerative changes; compartments are not individually named.""]",MASK,PASS,PASS,PASS,PASS,PASS,PASS,PASS,GPT-6.1 Sol independent text reviewer A,泛称无退变未点名外侧间室，UNKNOWN解剖合理；critical MASK。
1.2.826.0.1.3680043.8.498.25505153402978560400776672230220616863,PF OA,f0e6c8915cbc6512c8cb352292112a95bb95896f00bd5f1fd79af329e3a6237f,ABSENT,"[""Changements dégénératifs :\nAucune.""]",UNKNOWN,"[""anatomy_missing_or_wrong"",""llm_review:Global negative for degenerative changes; compartments are not individually named.""]",MASK,PASS,PASS,PASS,PASS,PASS,PASS,PASS,GPT-6.1 Sol independent text reviewer A,泛称无退变未单列髌股间室，UNKNOWN合理；critical MASK。
1.2.826.0.1.3680043.8.498.25505153402978560400776672230220616863,Effusion,f0e6c8915cbc6512c8cb352292112a95bb95896f00bd5f1fd79af329e3a6237f,ABSENT,"[""Épanchement articulaire : Pas de liquide significatif.""]",NO,"[""llm_review:No significant fluid excludes qualifying effusion but does not explicitly exclude trace fluid.""]",KEEP,PASS,PASS,PASS,PASS,PASS,PASS,PASS,GPT-6.1 Sol independent text reviewer A,无显著液体仅排中大量，程度UNSPECIFIED正确，不断言微量液体完全不存在。
1.2.826.0.1.3680043.8.498.25505153402978560400776672230220616863,Synovitis,f0e6c8915cbc6512c8cb352292112a95bb95896f00bd5f1fd79af329e3a6237f,NOT_MENTIONED,[],UNKNOWN,[],KEEP,PASS,PASS,PASS,PASS,PASS,PASS,PASS,GPT-6.1 Sol independent text reviewer A,无直接滑膜评估，正常总体结论未硬推滑膜阴性。
1.2.826.0.1.3680043.8.498.25505153402978560400776672230220616863,Baker's,f0e6c8915cbc6512c8cb352292112a95bb95896f00bd5f1fd79af329e3a6237f,ABSENT,"[""Kyste de Baker : Aucun.""]",NO,[],KEEP,PASS,PASS,PASS,PASS,PASS,PASS,PASS,GPT-6.1 Sol independent text reviewer A,Baker明确无，直接支持NO。
1.2.826.0.1.3680043.8.498.25505153402978560400776672230220616863,Contusion,f0e6c8915cbc6512c8cb352292112a95bb95896f00bd5f1fd79af329e3a6237f,ABSENT,"[""Signal de la moelle osseuse :\nNormal.""]",NO,[],KEEP,PASS,PASS,PASS,PASS,PASS,PASS,PASS,GPT-6.1 Sol independent text reviewer A,骨髓信号明确正常且无骨折，充分排除创伤水肿，不是仅显著限定否定。
1.2.826.0.1.3680043.8.498.25505153402978560400776672230220616863,Fracture,f0e6c8915cbc6512c8cb352292112a95bb95896f00bd5f1fd79af329e3a6237f,ABSENT,"[""Fractures :\nAucune.""]",NO,[],KEEP,PASS,PASS,PASS,PASS,PASS,PASS,PASS,GPT-6.1 Sol independent text reviewer A,骨折条目明确无，阴性有直接支持。
1.2.826.0.1.3680043.8.498.13162479706670045075896993021883562680,ACL,4113972cb871449b387563daf21956146439c29e2514aa46ad9e9579a0021ac7,ABSENT,"[""ACL normal.""]",NO,[],KEEP,PASS,PASS,PASS,PASS,PASS,PASS,PASS,GPT-6.1 Sol independent text reviewer A,ACL明确正常，阴性正确。
1.2.826.0.1.3680043.8.498.13162479706670045075896993021883562680,MCL,4113972cb871449b387563daf21956146439c29e2514aa46ad9e9579a0021ac7,ABSENT,"[""MCL normal.""]",NO,[],KEEP,PASS,PASS,PASS,PASS,PASS,PASS,PASS,GPT-6.1 Sol independent text reviewer A,MCL明确正常，当前阴性有支持。
1.2.826.0.1.3680043.8.498.13162479706670045075896993021883562680,Medial Meniscus,4113972cb871449b387563daf21956146439c29e2514aa46ad9e9579a0021ac7,PRESENT,"[""Medial meniscus: incipient degeneration of posterior horn.""]",NO,"[""explicit_subthreshold_or_alternative"",""history_or_postoperative_scope_review"",""llm_review:Only degeneration is reported; no definite tear diagnosis.""]",KEEP,PASS,PASS,PASS,PASS,PASS,PASS,PASS,GPT-6.1 Sol independent text reviewer A,内侧后角初期退变，PRESENT内部退变NO不抹成无异常。
1.2.826.0.1.3680043.8.498.13162479706670045075896993021883562680,Lateral Meniscus,4113972cb871449b387563daf21956146439c29e2514aa46ad9e9579a0021ac7,ABSENT,"[""Lateral meniscus normal.""]",NO,[],KEEP,PASS,PASS,PASS,PASS,PASS,PASS,PASS,GPT-6.1 Sol independent text reviewer A,外侧半月板正常，直接阴性。
1.2.826.0.1.3680043.8.498.13162479706670045075896993021883562680,Medial OA,4113972cb871449b387563daf21956146439c29e2514aa46ad9e9579a0021ac7,ABSENT,"[""Cartilages normal.""]",UNKNOWN,"[""anatomy_missing_or_wrong"",""llm_review:Global cartilage normality statement; compartment not individually named.""]",MASK,PASS,PASS,PASS,PASS,PASS,PASS,PASS,GPT-6.1 Sol independent text reviewer A,软骨泛称正常未逐名内侧，保守UNKNOWN；critical要求MASK。
1.2.826.0.1.3680043.8.498.13162479706670045075896993021883562680,Lateral OA,4113972cb871449b387563daf21956146439c29e2514aa46ad9e9579a0021ac7,ABSENT,"[""Cartilages normal.""]",UNKNOWN,"[""anatomy_missing_or_wrong"",""llm_review:Global cartilage normality statement; compartment not individually named.""]",MASK,PASS,PASS,PASS,PASS,PASS,PASS,PASS,GPT-6.1 Sol independent text reviewer A,软骨泛称正常未点名外侧，UNKNOWN解剖合理；critical MASK。
1.2.826.0.1.3680043.8.498.13162479706670045075896993021883562680,PF OA,4113972cb871449b387563daf21956146439c29e2514aa46ad9e9579a0021ac7,ABSENT,"[""Cartilages normal.""]",UNKNOWN,"[""anatomy_missing_or_wrong"",""llm_review:Global cartilage normality statement; compartment not individually named.""]",MASK,PASS,PASS,PASS,PASS,PASS,PASS,PASS,GPT-6.1 Sol independent text reviewer A,软骨泛称正常未单列髌股，骨片未指明软骨供区且可来自支持结构，UNKNOWN解剖；critical MASK。
1.2.826.0.1.3680043.8.498.13162479706670045075896993021883562680,Effusion,4113972cb871449b387563daf21956146439c29e2514aa46ad9e9579a0021ac7,ABSENT,"[""No effusion.""]",NO,[],KEEP,PASS,PASS,PASS,PASS,PASS,PASS,PASS,GPT-6.1 Sol independent text reviewer A,明确无积液，没有显著/重要限定，阴性及NONE程度正确。
1.2.826.0.1.3680043.8.498.13162479706670045075896993021883562680,Synovitis,4113972cb871449b387563daf21956146439c29e2514aa46ad9e9579a0021ac7,NOT_MENTIONED,[],UNKNOWN,[],KEEP,PASS,PASS,PASS,PASS,PASS,PASS,PASS,GPT-6.1 Sol independent text reviewer A,未提及滑膜炎，保持未知。
1.2.826.0.1.3680043.8.498.13162479706670045075896993021883562680,Baker's,4113972cb871449b387563daf21956146439c29e2514aa46ad9e9579a0021ac7,ABSENT,"[""No baker's cyst.""]",NO,[],KEEP,PASS,PASS,PASS,PASS,PASS,PASS,PASS,GPT-6.1 Sol independent text reviewer A,明确无Baker囊肿，否定范围充分。
1.2.826.0.1.3680043.8.498.13162479706670045075896993021883562680,Contusion,4113972cb871449b387563daf21956146439c29e2514aa46ad9e9579a0021ac7,NOT_MENTIONED,[],UNKNOWN,[],KEEP,PASS,PASS,PASS,PASS,PASS,PASS,PASS,GPT-6.1 Sol independent text reviewer A,未描述骨髓水肿，骨片及反复脱位提示不自动推骨挫伤。
1.2.826.0.1.3680043.8.498.13162479706670045075896993021883562680,Fracture,4113972cb871449b387563daf21956146439c29e2514aa46ad9e9579a0021ac7,UNCERTAIN,"[""bone fragment adjacent to medial border of patella and medial retinaculum suggestive of repeated patellar luxations.""]",UNKNOWN,"[""llm_review:Bone fragment is described without a definite fracture diagnosis, fracture line, cortical disruption, or acute timing."",""uncertain_report""]",KEEP,PASS,PASS,PASS,PASS,PASS,PASS,PASS,GPT-6.1 Sol independent text reviewer A,髌骨内缘及内侧支持带旁骨片提示反复脱位，但无明确骨折线或急性时间，UNCERTAIN/UNKNOWN正确。
1.2.826.0.1.3680043.8.498.10459901081962705567398560859229437818,ACL,8eb4a7b364d4565c864d9db4c92fd9cb7314b6e7c527bb2e90af0dfb87a8f40a,PRESENT,"[""Complete loss of normal ACL with deformed residual distal ACL part is detected."",""Complete tear of ACL""]",YES,"[""llm_review:Tear timing is unspecified.""]",KEEP,PASS,PASS,PASS,PASS,PASS,PASS,PASS,GPT-6.1 Sol independent text reviewer B,结论明确ACL完全撕裂，原文及高等级事实吻合；未推断急慢性，YES成立。
1.2.826.0.1.3680043.8.498.10459901081962705567398560859229437818,MCL,8eb4a7b364d4565c864d9db4c92fd9cb7314b6e7c527bb2e90af0dfb87a8f40a,PRESENT,"[""Mild thickened hyperintense deep proximal MCL attached site , associated with small bone fragment, about 8x4mm., at the medial femoral condyle, could be old avulsion injury of  deep proximal MCL"",""Old avulsion injury of  deep proximal MCL""]",UNKNOWN,"[""criteria_anatomy_severity_extent_or_timing_insufficient"",""history_or_postoperative_scope_review"",""llm_mapper_disagreement"",""llm_review:Findings hedge the avulsion diagnosis; the conclusion states it definitively."",""llm_review:Mild describes thickening and signal, not a tear grade."",""llm_review:Old avulsion injury with current residual findings; does not establish an acute MCL tear.""]",KEEP,PASS,PASS,PASS,PASS,PASS,PASS,PASS,GPT-6.1 Sol independent text reviewer B,深层近端MCL轻度增厚伴旧撕脱碎片，结论注明Old；当前残留慢性改变合理，未支持急性高级别撕裂，UNKNOWN保守。
1.2.826.0.1.3680043.8.498.10459901081962705567398560859229437818,Medial Meniscus,8eb4a7b364d4565c864d9db4c92fd9cb7314b6e7c527bb2e90af0dfb87a8f40a,PRESENT,"[""Oblique vertical tear at posterior horn of the medial meniscus with small extension to the posterior root is noted.""]",YES,"[""history_or_postoperative_scope_review"",""llm_review:Tear severity and timing are unspecified.""]",KEEP,PASS,PASS,PASS,PASS,PASS,PASS,PASS,GPT-6.1 Sol independent text reviewer B,内侧半月板后角斜垂直撕裂延及后根，侧别和撕裂原文直接支持YES。
1.2.826.0.1.3680043.8.498.10459901081962705567398560859229437818,Lateral Meniscus,8eb4a7b364d4565c864d9db4c92fd9cb7314b6e7c527bb2e90af0dfb87a8f40a,PRESENT,"[""Oblique vertical tear at posterior horn of the lateral meniscus extended to posterior root is detected."",""Horizontal tear at posterior meniscal body is observed.""]",YES,"[""history_or_postoperative_scope_review"",""llm_review:Tear severity and timing are unspecified."",""llm_review:The horizontal posterior body tear has no explicit meniscal side; the separately localized lateral posterior horn tear establishes this category.""]",KEEP,PASS,PASS,PASS,PASS,PASS,PASS,PASS,GPT-6.1 Sol independent text reviewer B,外侧后角至后根明确撕裂足以阳性；后体水平撕裂侧别未再明确，模型另行注明，未靠此建立类别。
1.2.826.0.1.3680043.8.498.10459901081962705567398560859229437818,Medial OA,8eb4a7b364d4565c864d9db4c92fd9cb7314b6e7c527bb2e90af0dfb87a8f40a,NOT_MENTIONED,[],UNKNOWN,[],KEEP,PASS,PASS,PASS,PASS,PASS,PASS,PASS,GPT-6.1 Sol independent text reviewer B,原文没有内侧间室软骨或OA评估，未借内侧半月板撕裂推断OA，未知屏蔽正确。
1.2.826.0.1.3680043.8.498.10459901081962705567398560859229437818,Lateral OA,8eb4a7b364d4565c864d9db4c92fd9cb7314b6e7c527bb2e90af0dfb87a8f40a,NOT_MENTIONED,[],UNKNOWN,[],KEEP,PASS,PASS,PASS,PASS,PASS,PASS,PASS,GPT-6.1 Sol independent text reviewer B,外侧骨挫伤与外侧半月板撕裂均不代表外侧OA，原文无该间室软骨描述，保持未提及。
1.2.826.0.1.3680043.8.498.10459901081962705567398560859229437818,PF OA,8eb4a7b364d4565c864d9db4c92fd9cb7314b6e7c527bb2e90af0dfb87a8f40a,ABSENT,"[""PF joint and joint surface are preserved.""]",NO,[],KEEP,PASS,PASS,PASS,PASS,PASS,PASS,PASS,GPT-6.1 Sol independent text reviewer B,PF joint and joint surface are preserved为髌股关节面完整正常，全面否定支持NO。
1.2.826.0.1.3680043.8.498.10459901081962705567398560859229437818,Effusion,8eb4a7b364d4565c864d9db4c92fd9cb7314b6e7c527bb2e90af0dfb87a8f40a,PRESENT,"[""Minimal joint effusion with fluid distended suprapatellar bursa is observed."",""Reactive joint effusion.""]",NO,"[""explicit_subthreshold_or_alternative"",""llm_review:Minimal effusion is subthreshold despite reported suprapatellar distension.""]",KEEP,PASS,PASS,PASS,PASS,PASS,PASS,PASS,GPT-6.1 Sol independent text reviewer B,Minimal joint effusion明确少量，即使髌上囊扩张仍不足中大量阈值；PRESENT与标准NO正确分开。
1.2.826.0.1.3680043.8.498.10459901081962705567398560859229437818,Synovitis,8eb4a7b364d4565c864d9db4c92fd9cb7314b6e7c527bb2e90af0dfb87a8f40a,NOT_MENTIONED,[],UNKNOWN,[],KEEP,PASS,PASS,PASS,PASS,PASS,PASS,PASS,GPT-6.1 Sol independent text reviewer B,Reactive effusion不是滑膜炎直接证据，未报告滑膜增厚或炎症，保持未知正确。
1.2.826.0.1.3680043.8.498.10459901081962705567398560859229437818,Baker's,8eb4a7b364d4565c864d9db4c92fd9cb7314b6e7c527bb2e90af0dfb87a8f40a,NOT_MENTIONED,[],UNKNOWN,[],KEEP,PASS,PASS,PASS,PASS,PASS,PASS,PASS,GPT-6.1 Sol independent text reviewer B,未描述腘窝囊肿；髌上囊积液不能转成Baker囊肿证据。
1.2.826.0.1.3680043.8.498.10459901081962705567398560859229437818,Contusion,8eb4a7b364d4565c864d9db4c92fd9cb7314b6e7c527bb2e90af0dfb87a8f40a,PRESENT,"[""Mild bone contusion at mid lateral femoral condyle and lateral proximal tibia is observed."",""No fracture is detected.""]",YES,"[""llm_review:Contusion timing is unspecified; explicit bone contusion diagnosis supports traumatic marrow injury."",""negation_scope_review"",""timing_or_trauma_review""]",KEEP,PASS,PASS,PASS,PASS,PASS,PASS,PASS,GPT-6.1 Sol independent text reviewer B,明确诊断股骨外髁及近端胫骨轻度bone contusion并排除当前骨折，未误解无骨折为无挫伤；YES成立。
1.2.826.0.1.3680043.8.498.10459901081962705567398560859229437818,Fracture,8eb4a7b364d4565c864d9db4c92fd9cb7314b6e7c527bb2e90af0dfb87a8f40a,ABSENT,"[""No fracture is detected."",""Old avulsion injury of  deep proximal MCL""]",NO,"[""history_or_postoperative_scope_review"",""llm_review:Current fracture is explicitly excluded. The medial femoral condyle fragment is attributed to an old avulsion injury and does not establish an acute fracture.""]",KEEP,PASS,PASS,PASS,PASS,PASS,PASS,PASS,GPT-6.1 Sol independent text reviewer B,No fracture is detected覆盖当前骨折，内髁碎片明确归于旧MCL撕脱，保留旧病变说明不构成急性冲突，NO合理。
1.2.826.0.1.3680043.8.498.10207134048598925821261298801127950516,ACL,12c52bf5b530341daf9b99c3ee7e8b80b12d148a91ee14c6c8fc8925cb3f6af1,ABSENT,"[""Autrement le ligament croisé antérieur, le ligament croisé postérieur, le ménisque interne, le ménisque externe, le mécanisme des extenseurs, le ligament collatéral interne, le semi-membraneux, le muscle et tendon du poplité, le biceps femoris distal, le ligament collatéral externe et la bandelette ilio-tibiale sont sans particularité.""]",NO,"[""history_or_postoperative_scope_review""]",KEEP,PASS,PASS,PASS,PASS,PASS,PASS,PASS,GPT-6.1 Sol independent text reviewer B,法语列举前交叉韧带sans particularité明确正常，否定覆盖ACL，NO成立；posterieur并非术后病史。
1.2.826.0.1.3680043.8.498.10207134048598925821261298801127950516,MCL,12c52bf5b530341daf9b99c3ee7e8b80b12d148a91ee14c6c8fc8925cb3f6af1,ABSENT,"[""Autrement le ligament croisé antérieur, le ligament croisé postérieur, le ménisque interne, le ménisque externe, le mécanisme des extenseurs, le ligament collatéral interne, le semi-membraneux, le muscle et tendon du poplité, le biceps femoris distal, le ligament collatéral externe et la bandelette ilio-tibiale sont sans particularité.""]",NO,"[""history_or_postoperative_scope_review""]",KEEP,PASS,PASS,PASS,PASS,PASS,PASS,PASS,GPT-6.1 Sol independent text reviewer B,ligament collatéral interne列于正常结构清单，内侧副韧带无异常，未凭急性时效缺失制造阳性。
1.2.826.0.1.3680043.8.498.10207134048598925821261298801127950516,Medial Meniscus,12c52bf5b530341daf9b99c3ee7e8b80b12d148a91ee14c6c8fc8925cb3f6af1,ABSENT,"[""Autrement le ligament croisé antérieur, le ligament croisé postérieur, le ménisque interne, le ménisque externe, le mécanisme des extenseurs, le ligament collatéral interne, le semi-membraneux, le muscle et tendon du poplité, le biceps femoris distal, le ligament collatéral externe et la bandelette ilio-tibiale sont sans particularité.""]",NO,"[""history_or_postoperative_scope_review"",""side_or_compartment_scope_review""]",KEEP,PASS,PASS,PASS,PASS,PASS,PASS,PASS,GPT-6.1 Sol independent text reviewer B,ménisque interne正常，长句列举的共同谓语涵盖内侧半月板，侧别与NO正确。
1.2.826.0.1.3680043.8.498.10207134048598925821261298801127950516,Lateral Meniscus,12c52bf5b530341daf9b99c3ee7e8b80b12d148a91ee14c6c8fc8925cb3f6af1,ABSENT,"[""Autrement le ligament croisé antérieur, le ligament croisé postérieur, le ménisque interne, le ménisque externe, le mécanisme des extenseurs, le ligament collatéral interne, le semi-membraneux, le muscle et tendon du poplité, le biceps femoris distal, le ligament collatéral externe et la bandelette ilio-tibiale sont sans particularité.""]",NO,"[""history_or_postoperative_scope_review"",""side_or_compartment_scope_review""]",KEEP,PASS,PASS,PASS,PASS,PASS,PASS,PASS,GPT-6.1 Sol independent text reviewer B,ménisque externe同时列于sans particularité清单，正常谓语亦覆盖外侧半月板，不能因同时出现interne认作侧别冲突。
1.2.826.0.1.3680043.8.498.10207134048598925821261298801127950516,Medial OA,12c52bf5b530341daf9b99c3ee7e8b80b12d148a91ee14c6c8fc8925cb3f6af1,ABSENT,"[""Le cartilage articulaire est préservé.""]",UNKNOWN,"[""anatomy_missing_or_wrong"",""llm_review:Global cartilage preservation supports absence across compartments; the medial compartment is not individually named.""]",MASK,PASS,PASS,PASS,PASS,PASS,PASS,PASS,GPT-6.1 Sol independent text reviewer B,全局关节软骨préservé支持正常描述，但未独立写内侧间室；anatomy UNKNOWN导致critical，按保守解剖排除MASK，并非错读。
1.2.826.0.1.3680043.8.498.10207134048598925821261298801127950516,Lateral OA,12c52bf5b530341daf9b99c3ee7e8b80b12d148a91ee14c6c8fc8925cb3f6af1,ABSENT,"[""Le cartilage articulaire est préservé.""]",UNKNOWN,"[""anatomy_missing_or_wrong"",""llm_review:Global cartilage preservation supports absence across compartments; the lateral compartment is not individually named.""]",MASK,PASS,PASS,PASS,PASS,PASS,PASS,PASS,GPT-6.1 Sol independent text reviewer B,未单列外侧软骨；原文全局cartilage articulaire préservé可支持正常，但解剖UNKNOWN被规则critical屏蔽，保留安全排除。
1.2.826.0.1.3680043.8.498.10207134048598925821261298801127950516,PF OA,12c52bf5b530341daf9b99c3ee7e8b80b12d148a91ee14c6c8fc8925cb3f6af1,ABSENT,"[""Le cartilage articulaire est préservé.""]",UNKNOWN,"[""anatomy_missing_or_wrong"",""llm_review:Global cartilage preservation supports absence across compartments; the patellofemoral compartment is not individually named.""]",MASK,PASS,PASS,PASS,PASS,PASS,PASS,PASS,GPT-6.1 Sol independent text reviewer B,未明确髌股间室名称，模型如实记UNKNOWN；全局软骨正常与UNKNOWN标准不矛盾，critical要求MASK。
1.2.826.0.1.3680043.8.498.10207134048598925821261298801127950516,Effusion,12c52bf5b530341daf9b99c3ee7e8b80b12d148a91ee14c6c8fc8925cb3f6af1,ABSENT,"[""Il n'y a pas d'épanchement significatif ou de kyste poplité.""]",NO,"[""llm_review:The negative excludes significant effusion but does not explicitly exclude trace fluid.""]",KEEP,PASS,PASS,PASS,PASS,PASS,PASS,PASS,GPT-6.1 Sol independent text reviewer B,无显著积液明确排除中大量阈值，并未把可能微量液体当完全消失；模型保留范围说明，NO合理。
1.2.826.0.1.3680043.8.498.10207134048598925821261298801127950516,Synovitis,12c52bf5b530341daf9b99c3ee7e8b80b12d148a91ee14c6c8fc8925cb3f6af1,NOT_MENTIONED,[],UNKNOWN,[],KEEP,PASS,PASS,PASS,PASS,PASS,PASS,PASS,GPT-6.1 Sol independent text reviewer B,未明确滑膜、炎症或增厚，结论Examen sans particularité不扩展成所有疾病否定，未提及正确。
1.2.826.0.1.3680043.8.498.10207134048598925821261298801127950516,Baker's,12c52bf5b530341daf9b99c3ee7e8b80b12d148a91ee14c6c8fc8925cb3f6af1,ABSENT,"[""Il n'y a pas d'épanchement significatif ou de kyste poplité.""]",NO,[],KEEP,PASS,PASS,PASS,PASS,PASS,PASS,PASS,GPT-6.1 Sol independent text reviewer B,kyste poplité被否定谓语直接覆盖，腘窝囊肿不存在支持Baker标准NO。
1.2.826.0.1.3680043.8.498.10207134048598925821261298801127950516,Contusion,12c52bf5b530341daf9b99c3ee7e8b80b12d148a91ee14c6c8fc8925cb3f6af1,ABSENT,"[""Le signal de la moelle osseuse est normal.""]",NO,[],KEEP,PASS,PASS,PASS,PASS,PASS,PASS,PASS,GPT-6.1 Sol independent text reviewer B,骨髓信号normal直接排除当前骨挫伤性髓水肿，正常解剖和程度均对应原文。
1.2.826.0.1.3680043.8.498.10207134048598925821261298801127950516,Fracture,12c52bf5b530341daf9b99c3ee7e8b80b12d148a91ee14c6c8fc8925cb3f6af1,NOT_MENTIONED,[],UNKNOWN,[],KEEP,PASS,PASS,PASS,PASS,PASS,PASS,PASS,GPT-6.1 Sol independent text reviewer B,没有骨折线或骨皮质评价；骨髓正常未被跨推成无骨折，未知屏蔽保守正确。
1.2.826.0.1.3680043.8.498.11040296449332764126530525726037541310,ACL,884f5518830d1c33d13bbd66d13fa5e4a6105936bfdea087e156c1817a407ddd,PRESENT,"[""VKB distal ausgeprägt mukoid mit deutlicher Elongation ventral in die Notch sowie mit begleitenden Zysten und Knochenödem in der ventralen und mittleren Eminentia interkondylaris.""]",NO,"[""explicit_subthreshold_or_alternative"",""llm_review:Mucoid degeneration and elongation are described without a tear diagnosis; severe mucoid change does not establish a high-grade tear.""]",KEEP,PASS,PASS,PASS,PASS,PASS,PASS,PASS,GPT-6.1 Sol independent text reviewer B,VKB明确显著黏液样变伴延长而非撕裂，SEVERE对应黏液变程度，不混成高级别撕裂；亚阈值NO合理。
1.2.826.0.1.3680043.8.498.11040296449332764126530525726037541310,MCL,884f5518830d1c33d13bbd66d13fa5e4a6105936bfdea087e156c1817a407ddd,ABSENT,"[""HKB und Kollateralbänder intakt.""]",NO,[],KEEP,PASS,PASS,PASS,PASS,PASS,PASS,PASS,GPT-6.1 Sol independent text reviewer B,Kollateralbänder intakt覆盖内外侧副韧带完整，MCL全面否定证据成立。
1.2.826.0.1.3680043.8.498.11040296449332764126530525726037541310,Medial Meniscus,884f5518830d1c33d13bbd66d13fa5e4a6105936bfdea087e156c1817a407ddd,PRESENT,"[""Innenmeniskus deutlich mukoide mit horizontaler Rissbildung Pars intermedia und Hinterhorn links bzw. nach ventral umgeschlagenem Lappenriss aus der Pars intermedia (3/86).""]",YES,"[""llm_review:Tear timing and severity are unspecified.""]",KEEP,PASS,PASS,PASS,PASS,PASS,PASS,PASS,GPT-6.1 Sol independent text reviewer B,Innenmeniskus明确水平裂及向前翻转瓣状裂，体部后角侧别准确，直接诊断支持YES。
1.2.826.0.1.3680043.8.498.11040296449332764126530525726037541310,Lateral Meniscus,884f5518830d1c33d13bbd66d13fa5e4a6105936bfdea087e156c1817a407ddd,PRESENT,"[""Außenmeniskus gering extrudiert und mukoid signalalteriert bei aufgefaserter Hinterhornwurzel.""]",UNKNOWN,"[""criteria_anatomy_severity_extent_or_timing_insufficient"",""llm_review:Posterior root fraying is described without a definite tear diagnosis; the findings are not limited explicitly to internal degeneration.""]",KEEP,PASS,PASS,PASS,PASS,PASS,PASS,PASS,GPT-6.1 Sol independent text reviewer B,Außenmeniskus轻度外突黏液信号与后根毛糙不等于确定撕裂，PRESENT而标准UNKNOWN保守合适。
1.2.826.0.1.3680043.8.498.11040296449332764126530525726037541310,Medial OA,884f5518830d1c33d13bbd66d13fa5e4a6105936bfdea087e156c1817a407ddd,PRESENT,"[""Oberflächliche, zum Rand hin progrediente Chondropathie auch im medialen Gelenkkompartiment.""]",NO,"[""explicit_subthreshold_or_alternative"",""llm_review:Superficial chondropathy is subthreshold; numeric extent is unspecified.""]",KEEP,PASS,PASS,PASS,PASS,PASS,PASS,PASS,GPT-6.1 Sol independent text reviewer B,medialen Gelenkkompartiment表浅软骨病变Oberflächliche对应低等级，未凭边缘进展推成大于50%损失，NO合理。
1.2.826.0.1.3680043.8.498.11040296449332764126530525726037541310,Lateral OA,884f5518830d1c33d13bbd66d13fa5e4a6105936bfdea087e156c1817a407ddd,PRESENT,"[""Teils vollschichtige Chondropathie femorotibial lateral, führend in der dorsalen Belastungszone, mit fokal subchondraler Stressreaktion tibial.""]",UNKNOWN,"[""criteria_anatomy_severity_extent_or_timing_insufficient"",""llm_review:Full-thickness loss supports the depth threshold, but extent of at least approximately 10 mm is not established.""]",KEEP,PASS,PASS,PASS,PASS,PASS,PASS,PASS,GPT-6.1 Sol independent text reviewer B,外侧股胫局部全层软骨病满足深度但未量化10mm范围，保留UNKNOWN及低权重没有虚构范围。
1.2.826.0.1.3680043.8.498.11040296449332764126530525726037541310,PF OA,884f5518830d1c33d13bbd66d13fa5e4a6105936bfdea087e156c1817a407ddd,PRESENT,"[""Fokal vollschichtige Chondropathie mit subchondraler Zysten- und Ödembildung am Patellafirst.""]",UNKNOWN,"[""criteria_anatomy_severity_extent_or_timing_insufficient"",""llm_review:Full-thickness loss supports the depth threshold; focal extent is unmeasured.""]",KEEP,PASS,PASS,PASS,PASS,PASS,PASS,PASS,GPT-6.1 Sol independent text reviewer B,髌骨嵴局灶全层软骨病定位髌股，深度明确而Fokal未测量，UNKNOWN正确。
1.2.826.0.1.3680043.8.498.11040296449332764126530525726037541310,Effusion,884f5518830d1c33d13bbd66d13fa5e4a6105936bfdea087e156c1817a407ddd,PRESENT,"[""Geringer Gelenkerguss""]",NO,"[""explicit_subthreshold_or_alternative"",""llm_review:Small effusion is subthreshold; joint distension is not described.""]",KEEP,PASS,PASS,PASS,PASS,PASS,PASS,PASS,GPT-6.1 Sol independent text reviewer B,Geringer Gelenkerguss是少量积液，报告存在与比赛标准NO分别保存正确。
1.2.826.0.1.3680043.8.498.11040296449332764126530525726037541310,Synovitis,884f5518830d1c33d13bbd66d13fa5e4a6105936bfdea087e156c1817a407ddd,PRESENT,"[""Reizsynovialitis""]",YES,[],KEEP,PASS,PASS,PASS,PASS,PASS,PASS,PASS,GPT-6.1 Sol independent text reviewer B,Reizsynovialitis为直接滑膜炎诊断，未由积液间接补全，YES有原文支持。
1.2.826.0.1.3680043.8.498.11040296449332764126530525726037541310,Baker's,884f5518830d1c33d13bbd66d13fa5e4a6105936bfdea087e156c1817a407ddd,PRESENT,"[""deutlich Flüssigkeit gefüllte Baker-Zyste mit CC knapp 5 cm""]",UNKNOWN,"[""criteria_anatomy_severity_extent_or_timing_insufficient"",""llm_mapper_disagreement"",""llm_review:Nearly 5 cm craniocaudal size and marked fluid filling support qualifying size, although no explicit moderate/large grade is stated.""]",KEEP,PASS,PASS,PASS,PASS,PASS,PASS,PASS,GPT-6.1 Sol independent text reviewer B,Baker-Zyste头尾近5cm并显著充液，保留原文尺寸及典型部位；未明确中大量分级，最终UNKNOWN是允许的保守映射。
1.2.826.0.1.3680043.8.498.11040296449332764126530525726037541310,Contusion,884f5518830d1c33d13bbd66d13fa5e4a6105936bfdea087e156c1817a407ddd,NOT_MENTIONED,[],UNKNOWN,[],MASK,FAIL,PASS,PASS,PASS,PASS,PASS,PASS,GPT-6.1 Sol independent text reviewer B,原文明确ACL附着骨水肿、外侧软骨下stress反应和髌骨囊肿水肿；NOT_MENTIONED遗漏相关骨髓异常，应记录PRESENT或UNCERTAIN并保留性质不明。不能把伴软骨病变自行证明全部退变，也不应推为创伤挫伤；最终UNKNOWN/mask0安全，描述错误MASK。
1.2.826.0.1.3680043.8.498.11040296449332764126530525726037541310,Fracture,884f5518830d1c33d13bbd66d13fa5e4a6105936bfdea087e156c1817a407ddd,NOT_MENTIONED,[],UNKNOWN,[],KEEP,PASS,PASS,PASS,PASS,PASS,PASS,PASS,GPT-6.1 Sol independent text reviewer B,原文无骨折线、骨皮质中断或急性骨折诊断，未将软骨下stress或囊肿误作骨折。
1.2.826.0.1.3680043.8.498.11079556243110299049578981210837702995,ACL,be06c1283646e6bdbc04220ffcc238fbd7758c9b870cc68c6fb89294eb8f5361,PRESENT,"[""Uznapredovale degenerativne promjene prednjeg križnog ligamenta."",""U području distalne insercije\nje vidljiv fokalni hiperintenzitet koji može odgovarati manjoj intrasupstancijskoj rupturi.""]",UNKNOWN,"[""criteria_anatomy_severity_extent_or_timing_insufficient"",""llm_review:Definite degeneration with a possible small intrasubstance tear; tear grade is unspecified.""]",KEEP,PASS,PASS,PASS,PASS,PASS,PASS,PASS,GPT-6.1 Sol independent text reviewer B,前交叉韧带进展性退变明确存在，远端局部高信号仅可能小型束内裂；未提升高级别撕裂，UNKNOWN及慢性退变时效保守合理。
1.2.826.0.1.3680043.8.498.11079556243110299049578981210837702995,MCL,be06c1283646e6bdbc04220ffcc238fbd7758c9b870cc68c6fb89294eb8f5361,ABSENT,"[""Lateralni i medijalni kolateralni ligamenti su primjerenih intenziteta signala, održanog\nkontinuiteta.""]",NO,[],KEEP,PASS,PASS,PASS,PASS,PASS,PASS,PASS,GPT-6.1 Sol independent text reviewer B,内外侧副韧带正常信号并连续性保持，完整正常足以全面排除高级别MCL损伤。
1.2.826.0.1.3680043.8.498.11079556243110299049578981210837702995,Medial Meniscus,be06c1283646e6bdbc04220ffcc238fbd7758c9b870cc68c6fb89294eb8f5361,PRESENT,"[""U području stražnjeg dijela tijela te stražnjeg roga i korijena medijalnog meniska vidljivo je\nstanje po kompleksnoj rupturi na podlozi degenerativnih promjena.""]",UNKNOWN,"[""history_only_no_current_assessment"",""llm_review:No surgery is explicitly reported."",""llm_review:The phrase 'stanje po kompleksnoj rupturi' describes a prior tear or its sequelae; whether a current persistent tear is intended is ambiguous.""]",KEEP,PASS,PASS,PASS,PASS,PASS,PASS,PASS,GPT-6.1 Sol independent text reviewer B,stanje po kompleksnoj rupturi为复杂撕裂后状态，部位内侧体后部、后角及根；当前持续裂是否存在不明确，HISTORY_ONLY并屏蔽属允许的保守处理。
1.2.826.0.1.3680043.8.498.11079556243110299049578981210837702995,Lateral Meniscus,be06c1283646e6bdbc04220ffcc238fbd7758c9b870cc68c6fb89294eb8f5361,ABSENT,"[""Lateralni menisk bez znakova rupture ili degeneracije.""]",NO,[],KEEP,PASS,PASS,PASS,PASS,PASS,PASS,PASS,GPT-6.1 Sol independent text reviewer B,Lateralni menisk bez znakova rupture ili degeneracije全面否定外侧裂及退变，NO有直接证据。
1.2.826.0.1.3680043.8.498.11079556243110299049578981210837702995,Medial OA,be06c1283646e6bdbc04220ffcc238fbd7758c9b870cc68c6fb89294eb8f5361,PRESENT,"[""Reducirana je debljina hrskavice u medijalnom kompartmentu FT zgloba uz hondromalaciji I-II.\nstupnja.""]",NO,"[""explicit_subthreshold_or_alternative"",""llm_review:Low-grade chondromalacia is reported; cartilage loss percentage and lesion extent are unspecified.""]",KEEP,PASS,PASS,PASS,PASS,PASS,PASS,PASS,GPT-6.1 Sol independent text reviewer B,内侧股胫软骨变薄伴I-II级软骨软化，低等级对应原文，未虚构百分比或范围，标准NO合理。
1.2.826.0.1.3680043.8.498.11079556243110299049578981210837702995,Lateral OA,be06c1283646e6bdbc04220ffcc238fbd7758c9b870cc68c6fb89294eb8f5361,NOT_MENTIONED,[],UNKNOWN,[],KEEP,PASS,PASS,PASS,PASS,PASS,PASS,PASS,GPT-6.1 Sol independent text reviewer B,仅内侧间室有软骨评价，外侧半月板正常不能替代外侧OA描述，未提及正确。
1.2.826.0.1.3680043.8.498.11079556243110299049578981210837702995,PF OA,be06c1283646e6bdbc04220ffcc238fbd7758c9b870cc68c6fb89294eb8f5361,NOT_MENTIONED,[],UNKNOWN,[],KEEP,PASS,PASS,PASS,PASS,PASS,PASS,PASS,GPT-6.1 Sol independent text reviewer B,髌腱及支持带连续不等于髌股软骨正常，未提及髌股OA保留UNKNOWN。
1.2.826.0.1.3680043.8.498.11079556243110299049578981210837702995,Effusion,be06c1283646e6bdbc04220ffcc238fbd7758c9b870cc68c6fb89294eb8f5361,PRESENT,"[""Umjerena količina izljeva u suprapatelarnoj burzi, izraženije u lateralnom dijelu.""]",UNKNOWN,"[""criteria_anatomy_severity_extent_or_timing_insufficient"",""llm_review:Moderate effusion is explicit, but joint distension and timing are unspecified.""]",KEEP,PASS,PASS,PASS,PASS,PASS,PASS,PASS,GPT-6.1 Sol independent text reviewer B,髌上囊Umjerena明确中量积液，侧方更显著但未明确关节扩张，PRESENT和保守UNKNOWN一致。
1.2.826.0.1.3680043.8.498.11079556243110299049578981210837702995,Synovitis,be06c1283646e6bdbc04220ffcc238fbd7758c9b870cc68c6fb89294eb8f5361,NOT_MENTIONED,[],UNKNOWN,[],KEEP,PASS,PASS,PASS,PASS,PASS,PASS,PASS,GPT-6.1 Sol independent text reviewer B,未直接提及滑膜炎、滑膜厚度或炎症，不从中量积液补滑膜阳性。
1.2.826.0.1.3680043.8.498.11079556243110299049578981210837702995,Baker's,be06c1283646e6bdbc04220ffcc238fbd7758c9b870cc68c6fb89294eb8f5361,ABSENT,"[""Manji izljev u burzi tetive m. semimembranosus, bez formirane poplitealne ciste.""]",NO,"[""llm_review:Small semimembranosus bursal fluid is described with explicit absence of a formed popliteal cyst.""]",KEEP,PASS,PASS,PASS,PASS,PASS,PASS,PASS,GPT-6.1 Sol independent text reviewer B,半膜肌腱滑囊少量液体但明确无形成的腘窝囊肿，否定范围覆盖Baker并不误用髌上液体。
1.2.826.0.1.3680043.8.498.11079556243110299049578981210837702995,Contusion,be06c1283646e6bdbc04220ffcc238fbd7758c9b870cc68c6fb89294eb8f5361,NOT_MENTIONED,[],UNKNOWN,[],KEEP,PASS,PASS,PASS,PASS,PASS,PASS,PASS,GPT-6.1 Sol independent text reviewer B,骨髓斑片性再转化并非创伤水肿，ACL附着高信号也非骨挫伤诊断，保持未提及。
1.2.826.0.1.3680043.8.498.11079556243110299049578981210837702995,Fracture,be06c1283646e6bdbc04220ffcc238fbd7758c9b870cc68c6fb89294eb8f5361,NOT_MENTIONED,[],UNKNOWN,[],KEEP,PASS,PASS,PASS,PASS,PASS,PASS,PASS,GPT-6.1 Sol independent text reviewer B,骨形态正常但未明示骨折线、皮质中断或骨折否定，保守未提及不造成阴性补填。
1.2.826.0.1.3680043.8.498.11498239309891927151456629915927889165,ACL,831f069954868964dc2aab96042dc6d940ff8bf3ce13ccfb85c4a3d96121aed0,ABSENT,"[""Intacte voorste kruisband.""]",NO,[],KEEP,PASS,PASS,PASS,PASS,PASS,PASS,PASS,GPT-6.1 Sol independent text reviewer B,Intacte voorste kruisband直接说明前交叉韧带完整，当前全面否定而非只否定完全裂，NO成立。
1.2.826.0.1.3680043.8.498.11498239309891927151456629915927889165,MCL,831f069954868964dc2aab96042dc6d940ff8bf3ce13ccfb85c4a3d96121aed0,ABSENT,"[""Intact mediaal collateraal ligament.""]",NO,[],KEEP,PASS,PASS,PASS,PASS,PASS,PASS,PASS,GPT-6.1 Sol independent text reviewer B,Intact mediaal collateraal ligament内侧副韧带完整，未把外侧髂胫束水肿跨映到MCL。
1.2.826.0.1.3680043.8.498.11498239309891927151456629915927889165,Medial Meniscus,831f069954868964dc2aab96042dc6d940ff8bf3ce13ccfb85c4a3d96121aed0,ABSENT,"[""Intacte mediale meniscus.""]",NO,[],KEEP,PASS,PASS,PASS,PASS,PASS,PASS,PASS,GPT-6.1 Sol independent text reviewer B,Intacte mediale meniscus明确内侧半月板完整，侧别及否定范围与证据一致。
1.2.826.0.1.3680043.8.498.11498239309891927151456629915927889165,Lateral Meniscus,831f069954868964dc2aab96042dc6d940ff8bf3ce13ccfb85c4a3d96121aed0,ABSENT,"[""Intacte laterale meniscus.""]",NO,[],KEEP,PASS,PASS,PASS,PASS,PASS,PASS,PASS,GPT-6.1 Sol independent text reviewer B,Intacte laterale meniscus单独评价外侧完整，不受附近后交叉韧带旁ganglion影响。
1.2.826.0.1.3680043.8.498.11498239309891927151456629915927889165,Medial OA,831f069954868964dc2aab96042dc6d940ff8bf3ce13ccfb85c4a3d96121aed0,ABSENT,"[""Geen majeure kraakbeendefecten mediaal en lateraal femorotibiaal.""]",UNKNOWN,"[""llm_review:The negative is limited to major cartilage defects; cartilage loss depth and extent are unspecified, so qualifying disease is not fully excluded."",""negative_scope_insufficient""]",KEEP,PASS,PASS,PASS,PASS,PASS,PASS,PASS,GPT-6.1 Sol independent text reviewer B,Geen majeure软骨缺损仅否定主要病变，深度范围不明确；没有class_absence_supported=true，UNKNOWN及屏蔽正确。
1.2.826.0.1.3680043.8.498.11498239309891927151456629915927889165,Lateral OA,831f069954868964dc2aab96042dc6d940ff8bf3ce13ccfb85c4a3d96121aed0,ABSENT,"[""Geen majeure kraakbeendefecten mediaal en lateraal femorotibiaal.""]",UNKNOWN,"[""llm_review:The negative is limited to major cartilage defects; cartilage loss depth and extent are unspecified, so qualifying disease is not fully excluded."",""negative_scope_insufficient""]",KEEP,PASS,PASS,PASS,PASS,PASS,PASS,PASS,GPT-6.1 Sol independent text reviewer B,mediaal en lateraal femorotibiaal同时含外侧间室，原文仅否定majeure缺损，外侧也保守UNKNOWN而未强行NO。
1.2.826.0.1.3680043.8.498.11498239309891927151456629915927889165,PF OA,831f069954868964dc2aab96042dc6d940ff8bf3ce13ccfb85c4a3d96121aed0,ABSENT,"[""Geen majeure kraakbeendefecten patellofemoraal.""]",UNKNOWN,"[""llm_review:The negative is limited to major cartilage defects; cartilage loss depth and extent are unspecified, so qualifying disease is not fully excluded."",""negative_scope_insufficient""]",KEEP,PASS,PASS,PASS,PASS,PASS,PASS,PASS,GPT-6.1 Sol independent text reviewer B,patellofemoraal明确髌股部位，但majeure非定量阈值，有限否定未扩展为所有合格软骨缺损。
1.2.826.0.1.3680043.8.498.11498239309891927151456629915927889165,Effusion,831f069954868964dc2aab96042dc6d940ff8bf3ce13ccfb85c4a3d96121aed0,ABSENT,"[""Geen significante hydrops.""]",NO,[],KEEP,PASS,PASS,PASS,PASS,PASS,PASS,PASS,GPT-6.1 Sol independent text reviewer B,Geen significante hydrops排除显著积液，足以支持中大量比赛阈值NO，未推断从未存在微量液体。
1.2.826.0.1.3680043.8.498.11498239309891927151456629915927889165,Synovitis,831f069954868964dc2aab96042dc6d940ff8bf3ce13ccfb85c4a3d96121aed0,NOT_MENTIONED,[],UNKNOWN,[],KEEP,PASS,PASS,PASS,PASS,PASS,PASS,PASS,GPT-6.1 Sol independent text reviewer B,Hoffa脂肪垫正常及外侧软组织水肿不是滑膜炎评价，未提及保留未知。
1.2.826.0.1.3680043.8.498.11498239309891927151456629915927889165,Baker's,831f069954868964dc2aab96042dc6d940ff8bf3ce13ccfb85c4a3d96121aed0,NOT_MENTIONED,[],UNKNOWN,[],KEEP,PASS,PASS,PASS,PASS,PASS,PASS,PASS,GPT-6.1 Sol independent text reviewer B,11mm ganglion在后交叉韧带旁，不能归入典型腘窝Baker囊肿，未提及正确。
1.2.826.0.1.3680043.8.498.11498239309891927151456629915927889165,Contusion,831f069954868964dc2aab96042dc6d940ff8bf3ce13ccfb85c4a3d96121aed0,ABSENT,"[""Geen botoedeem.""]",NO,[],KEEP,PASS,PASS,PASS,PASS,PASS,PASS,PASS,GPT-6.1 Sol independent text reviewer B,Geen botoedeem明确无骨水肿，可排除创伤骨挫伤；髂胫束与股骨上髁间软组织水肿未混为骨髓。
1.2.826.0.1.3680043.8.498.11498239309891927151456629915927889165,Fracture,831f069954868964dc2aab96042dc6d940ff8bf3ce13ccfb85c4a3d96121aed0,NOT_MENTIONED,[],UNKNOWN,[],KEEP,PASS,PASS,PASS,PASS,PASS,PASS,PASS,GPT-6.1 Sol independent text reviewer B,未描述骨折线、皮质连续或骨折否定，无骨水肿不被跨推为确定无骨折，未知正确。
1.2.826.0.1.3680043.8.498.11569601172991867969672947467467392425,ACL,1c90d60254eb53fd47f5fd9e9604313b0008a14fdc0d02c6f2ce1c95af826ba8,ABSENT,"[""Anterior cruciate ligament (ACL): Normal with both bundles intact.""]",NO,[],KEEP,PASS,PASS,PASS,PASS,PASS,PASS,PASS,GPT-6.1 Sol independent text reviewer B,ACL Normal with both bundles intact全面正常，未把对侧或其他韧带信号混入，NO成立。
1.2.826.0.1.3680043.8.498.11569601172991867969672947467467392425,MCL,1c90d60254eb53fd47f5fd9e9604313b0008a14fdc0d02c6f2ce1c95af826ba8,PRESENT,"[""Mild to moderate sprain of the medial collateral ligament with focal thickening and heterogeneous signal intensity at the proximal fibers, and edema surrounding the mid to distal fibers.""]",NO,"[""explicit_subthreshold_or_alternative"",""llm_review:Mild-to-moderate sprain; no high-grade tear diagnosis. Acute timing is not explicitly stated."",""timing_or_trauma_review""]",KEEP,PASS,PASS,PASS,PASS,PASS,PASS,PASS,GPT-6.1 Sol independent text reviewer B,MCL明确轻至中度扭伤，近端增厚及周围水肿对应原文，无高级别急性裂诊断，亚阈值NO合理。
1.2.826.0.1.3680043.8.498.11569601172991867969672947467467392425,Medial Meniscus,1c90d60254eb53fd47f5fd9e9604313b0008a14fdc0d02c6f2ce1c95af826ba8,PRESENT,"[""Complex medial meniscal tears including an oblique component at the posterior horn extending to the free edge."",""Tears at the undersurface of the body, with subluxation of the body into the medial gutter measuring 2 mm.""]",YES,"[""history_or_postoperative_scope_review""]",KEEP,PASS,PASS,PASS,PASS,PASS,PASS,PASS,GPT-6.1 Sol independent text reviewer B,内侧后角体部复杂撕裂伴2mm移位明确存在，直接撕裂诊断足以YES；未虚构两层面证据。
1.2.826.0.1.3680043.8.498.11569601172991867969672947467467392425,Lateral Meniscus,1c90d60254eb53fd47f5fd9e9604313b0008a14fdc0d02c6f2ce1c95af826ba8,ABSENT,"[""Lateral meniscus: Mild intrasubstance heterogeneous signal intensity in the body without definite tear.""]",NO,"[""llm_review:Internal signal abnormality is reported, without definite tear.""]",MASK,FAIL,PASS,PASS,PASS,PASS,PASS,PASS,GPT-6.1 Sol independent text reviewer B,外侧半月板明确Mild intrasubstance heterogeneous signal，属存在的亚阈值内部退变；输出ABSENT未区分PRESENT的退变。without definite tear可支持不满足撕裂标准NO，但不能把报告病变状态记为无异常，MASK。
1.2.826.0.1.3680043.8.498.11569601172991867969672947467467392425,Medial OA,1c90d60254eb53fd47f5fd9e9604313b0008a14fdc0d02c6f2ce1c95af826ba8,PRESENT,"[""Broad-based area of grade 4 chondrosis along the central the anterior weightbearing surface of the medial femoral condyle extending over 1.0 cm mediolateral dimension, and up to 1.9 cm anterior posterior dimension."",""Diffuse thinning of the cartilage of the medial tibial plateau with areas of up to grade 3 chondrosis medially."",""Moderate to advanced medial compartment osteoarthritis with areas of to grade 4 chondrosis in the medial femoral condyle.""]",UNKNOWN,"[""criteria_anatomy_severity_extent_or_timing_insufficient"",""history_or_postoperative_scope_review"",""llm_review:Grade 4 chondrosis spans at least 10 mm, but the grading convention and percentage cartilage depth loss are not explicitly specified.""]",KEEP,PASS,PASS,PASS,PASS,PASS,PASS,PASS,GPT-6.1 Sol independent text reviewer B,内侧股骨髁grade4软骨病范围1.0×1.9cm足够范围；分级约定未明，深度保守UNKNOWN允许，原文描述与尺寸未丢失。
1.2.826.0.1.3680043.8.498.11569601172991867969672947467467392425,Lateral OA,1c90d60254eb53fd47f5fd9e9604313b0008a14fdc0d02c6f2ce1c95af826ba8,ABSENT,"[""Lateral compartment cartilage: No focal cartilage defects.""]",UNKNOWN,"[""llm_review:The negative excludes focal cartilage defects but does not explicitly exclude diffuse qualifying cartilage loss."",""negative_scope_insufficient""]",KEEP,PASS,PASS,PASS,PASS,PASS,PASS,PASS,GPT-6.1 Sol independent text reviewer B,No focal cartilage defects只否定局灶缺损，并非排除弥漫损失，模型未给全面否定事实，UNKNOWN/mask0正确。
1.2.826.0.1.3680043.8.498.11569601172991867969672947467467392425,PF OA,1c90d60254eb53fd47f5fd9e9604313b0008a14fdc0d02c6f2ce1c95af826ba8,PRESENT,"[""Scattered areas of up to grade 2/3 chondrosis at the medial patellar facet measuring up to 0.5 cm mediolateral dimension."",""Grade 2/3 chondrosis in the medial trochlea."",""Moderate patellofemoral osteoarthritis with areas of grade 2/3 chondrosis.""]",UNKNOWN,"[""criteria_anatomy_severity_extent_or_timing_insufficient"",""llm_review:Grade 2/3 and its grading convention do not establish greater than 50% depth loss. The patellar lesion measures 5 mm; trochlear extent is unspecified.""]",KEEP,PASS,PASS,PASS,PASS,PASS,PASS,PASS,GPT-6.1 Sol independent text reviewer B,髌股grade2/3病变存在，髌内面5mm而滑车范围不明，未仅凭Moderate OA映为确定阳性，UNKNOWN合理。
1.2.826.0.1.3680043.8.498.11569601172991867969672947467467392425,Effusion,1c90d60254eb53fd47f5fd9e9604313b0008a14fdc0d02c6f2ce1c95af826ba8,PRESENT,"[""Moderate-to-large joint effusion.""]",UNKNOWN,"[""criteria_anatomy_severity_extent_or_timing_insufficient"",""llm_review:Moderate-to-large effusion is explicit; joint distension is not separately described.""]",KEEP,PASS,PASS,PASS,PASS,PASS,PASS,PASS,GPT-6.1 Sol independent text reviewer B,Moderate-to-large积液明确存在，保留范围程度文字；未写扩张故保守UNKNOWN低权重允许。
1.2.826.0.1.3680043.8.498.11569601172991867969672947467467392425,Synovitis,1c90d60254eb53fd47f5fd9e9604313b0008a14fdc0d02c6f2ce1c95af826ba8,NOT_MENTIONED,[],UNKNOWN,[],KEEP,PASS,PASS,PASS,PASS,PASS,PASS,PASS,GPT-6.1 Sol independent text reviewer B,Hoffa及周围肌肉软组织水肿不能独立支持滑膜炎，无直接滑膜描述，未提及正确。
1.2.826.0.1.3680043.8.498.11569601172991867969672947467467392425,Baker's,1c90d60254eb53fd47f5fd9e9604313b0008a14fdc0d02c6f2ce1c95af826ba8,PRESENT,"[""Minute Baker's cyst.""]",NO,"[""explicit_subthreshold_or_alternative"",""llm_review:Minute cyst is below the moderate/large threshold.""]",KEEP,PASS,PASS,PASS,PASS,PASS,PASS,PASS,GPT-6.1 Sol independent text reviewer B,Minute Baker囊肿明确微小，命名支持部位但程度不足，PRESENT与NO正确分开。
1.2.826.0.1.3680043.8.498.11569601172991867969672947467467392425,Contusion,1c90d60254eb53fd47f5fd9e9604313b0008a14fdc0d02c6f2ce1c95af826ba8,NOT_MENTIONED,[],UNKNOWN,[],MASK,FAIL,PASS,PASS,PASS,PASS,PASS,PASS,GPT-6.1 Sol independent text reviewer B,原文明示内侧胫骨平台应力骨折surrounding marrow edema；NOT_MENTIONED遗漏相关骨髓改变，应记录存在及骨折相关来源，不能自动赋值创伤骨挫伤阳性。最终UNKNOWN/mask0不造成错误监督，但描述遗漏须MASK。
1.2.826.0.1.3680043.8.498.11569601172991867969672947467467392425,Fracture,1c90d60254eb53fd47f5fd9e9604313b0008a14fdc0d02c6f2ce1c95af826ba8,PRESENT,"[""There is a stress fracture of the medial tibial plateau with curvilinear low signal intensity in the subcortical bone measuring up to 1.0 cm anterior posterior by 0.9 cm mediolateral dimension with surrounding marrow edema.""]",UNKNOWN,"[""criteria_anatomy_severity_extent_or_timing_insufficient"",""history_or_postoperative_scope_review"",""llm_review:Current stress fracture with surrounding marrow edema is described, but fracture age and acute timing are unspecified."",""timing_or_trauma_review""]",KEEP,PASS,PASS,PASS,PASS,PASS,PASS,PASS,GPT-6.1 Sol independent text reviewer B,内侧胫骨平台应力骨折有弧线低信号及0.9×1.0cm尺寸，当前病变准确；急性时效未明保留UNKNOWN合理。
1.2.826.0.1.3680043.8.498.11909779134152823550896593167929611759,ACL,190129b6834424d0cf456bedea657e45471c65a9c61cf66a623a91f75162ed2d,ABSENT,"[""∆εν αναγνωρίστηκαν παθολογικά ευρήµατα από τον έλεγχο των µηνίσκων, των χιαστών, των πλάγιων συνδέσµων.""]",NO,[],KEEP,PASS,PASS,PASS,PASS,PASS,PASS,PASS,GPT-6.1 Sol independent text reviewer B,希腊文χιαστών交叉韧带复数均无病理发现，覆盖ACL，非技术段病史，当前NO合理。
1.2.826.0.1.3680043.8.498.11909779134152823550896593167929611759,MCL,190129b6834424d0cf456bedea657e45471c65a9c61cf66a623a91f75162ed2d,ABSENT,"[""∆εν αναγνωρίστηκαν παθολογικά ευρήµατα από τον έλεγχο των µηνίσκων, των χιαστών, των πλάγιων συνδέσµων.""]",NO,[],KEEP,PASS,PASS,PASS,PASS,PASS,PASS,PASS,GPT-6.1 Sol independent text reviewer B,πλάγιων συνδέσµων侧副韧带组无病理发现包含MCL，正常程度和否定范围正确。
1.2.826.0.1.3680043.8.498.11909779134152823550896593167929611759,Medial Meniscus,190129b6834424d0cf456bedea657e45471c65a9c61cf66a623a91f75162ed2d,ABSENT,"[""∆εν αναγνωρίστηκαν παθολογικά ευρήµατα από τον έλεγχο των µηνίσκων, των χιαστών, των πλάγιων συνδέσµων.""]",NO,[],KEEP,PASS,PASS,PASS,PASS,PASS,PASS,PASS,GPT-6.1 Sol independent text reviewer B,µηνίσκων半月板复数无病理发现涵盖内侧，未把单个半月板阴性扩到未评价结构。
1.2.826.0.1.3680043.8.498.11909779134152823550896593167929611759,Lateral Meniscus,190129b6834424d0cf456bedea657e45471c65a9c61cf66a623a91f75162ed2d,ABSENT,"[""∆εν αναγνωρίστηκαν παθολογικά ευρήµατα από τον έλεγχο των µηνίσκων, των χιαστών, των πλάγιων συνδέσµων.""]",NO,[],KEEP,PASS,PASS,PASS,PASS,PASS,PASS,PASS,GPT-6.1 Sol independent text reviewer B,同一复数半月板正常谓语覆盖外侧，侧别属全组否定而非推断病变外侧转内侧。
1.2.826.0.1.3680043.8.498.11909779134152823550896593167929611759,Medial OA,190129b6834424d0cf456bedea657e45471c65a9c61cf66a623a91f75162ed2d,ABSENT,"[""Φυσιολογικός απεικονίζεται ο αρθρικός χόνδρος.""]",NO,[],KEEP,PASS,PASS,PASS,PASS,PASS,PASS,PASS,GPT-6.1 Sol independent text reviewer B,αρθρικός χόνδρος全局关节软骨明确正常，膝全局正常评价覆盖内侧；不存在局部全层缺损否定范围问题。
1.2.826.0.1.3680043.8.498.11909779134152823550896593167929611759,Lateral OA,190129b6834424d0cf456bedea657e45471c65a9c61cf66a623a91f75162ed2d,ABSENT,"[""Φυσιολογικός απεικονίζεται ο αρθρικός χόνδρος.""]",NO,[],KEEP,PASS,PASS,PASS,PASS,PASS,PASS,PASS,GPT-6.1 Sol independent text reviewer B,全局关节软骨正常亦覆盖外侧股胫，无仅内侧或某个深度限定，全面否定事实合理。
1.2.826.0.1.3680043.8.498.11909779134152823550896593167929611759,PF OA,190129b6834424d0cf456bedea657e45471c65a9c61cf66a623a91f75162ed2d,ABSENT,"[""Φυσιολογικός απεικονίζεται ο αρθρικός χόνδρος.""]",NO,[],KEEP,PASS,PASS,PASS,PASS,PASS,PASS,PASS,GPT-6.1 Sol independent text reviewer B,软骨全局正常不限定股胫间室，因此髌股全面否定NO有文本正常支持。
1.2.826.0.1.3680043.8.498.11909779134152823550896593167929611759,Effusion,190129b6834424d0cf456bedea657e45471c65a9c61cf66a623a91f75162ed2d,ABSENT,"[""Χωρίς ενδαρθρική συλλογή υγρού.""]",NO,[],KEEP,PASS,PASS,PASS,PASS,PASS,PASS,PASS,GPT-6.1 Sol independent text reviewer B,Χωρίς ενδαρθρική συλλογή υγρού明确无关节内液体，未与其他囊肿液体混淆。
1.2.826.0.1.3680043.8.498.11909779134152823550896593167929611759,Synovitis,190129b6834424d0cf456bedea657e45471c65a9c61cf66a623a91f75162ed2d,NOT_MENTIONED,[],UNKNOWN,[],KEEP,PASS,PASS,PASS,PASS,PASS,PASS,PASS,GPT-6.1 Sol independent text reviewer B,原文没有滑膜炎症或增厚检查，不能用无积液补无滑膜炎，未提及正确。
1.2.826.0.1.3680043.8.498.11909779134152823550896593167929611759,Baker's,190129b6834424d0cf456bedea657e45471c65a9c61cf66a623a91f75162ed2d,NOT_MENTIONED,[],UNKNOWN,[],KEEP,PASS,PASS,PASS,PASS,PASS,PASS,PASS,GPT-6.1 Sol independent text reviewer B,没有腘窝囊肿评价，关节内无积液不能代替Baker阴性，未知屏蔽。
1.2.826.0.1.3680043.8.498.11909779134152823550896593167929611759,Contusion,190129b6834424d0cf456bedea657e45471c65a9c61cf66a623a91f75162ed2d,ABSENT,"[""Με σήµα εντός του φυσιολογικού ελέγχεται ο οστικός µυελός.""]",NO,[],KEEP,PASS,PASS,PASS,PASS,PASS,PASS,PASS,GPT-6.1 Sol independent text reviewer B,骨髓信号位于正常范围，全面正常直接排除骨挫伤性水肿，NO合理。
1.2.826.0.1.3680043.8.498.11909779134152823550896593167929611759,Fracture,190129b6834424d0cf456bedea657e45471c65a9c61cf66a623a91f75162ed2d,NOT_MENTIONED,[],UNKNOWN,[],KEEP,PASS,PASS,PASS,PASS,PASS,PASS,PASS,GPT-6.1 Sol independent text reviewer B,骨折未独立评价，正常骨髓不被硬推为无骨折，NOT_MENTIONED保守允许。
1.2.826.0.1.3680043.8.498.11964826300307458382604479841253457304,ACL,5013a241c560fefcf72ac210e763c8124cad50d3bd6e4c458fdf13283ee56f45,PRESENT,"[""Предната кръстна връзка е със запазена цялост и се изобразява с повишен сигнален интензитет и лекостепенно задебелена, както при разтежение."",""Дегенеративни промени в задния рог на медиалния менискус и предната кръстна връзка.""]",NO,"[""explicit_subthreshold_or_alternative"",""llm_review:Strain-like signal and degenerative changes with preserved integrity; injury timing unspecified.""]",KEEP,PASS,PASS,PASS,PASS,PASS,PASS,PASS,GPT-6.1 Sol independent text reviewer B,前交叉韧带完整伴轻度增厚高信号、如拉伤，结论退变；PRESENT亚阈值而NO符合原文，未把完整误作病变消失。
1.2.826.0.1.3680043.8.498.11964826300307458382604479841253457304,MCL,5013a241c560fefcf72ac210e763c8124cad50d3bd6e4c458fdf13283ee56f45,ABSENT,"[""Задната кръстна връзка и двата колатерални лигамента се проследяват до залавните си места с правилна форма, хомогенна структура и сигнален интензитет.""]",NO,[],KEEP,PASS,PASS,PASS,PASS,PASS,PASS,PASS,GPT-6.1 Sol independent text reviewer B,两个副韧带正常形态结构信号并追踪至附着处，全面MCL正常支持NO。
1.2.826.0.1.3680043.8.498.11964826300307458382604479841253457304,Medial Meniscus,5013a241c560fefcf72ac210e763c8124cad50d3bd6e4c458fdf13283ee56f45,PRESENT,"[""Установяват се дегенеративни изменения в задния рог на медиалния менискус под формата на тънка хиперинтензна линия с хоризонтален ход.""]",NO,"[""explicit_subthreshold_or_alternative"",""llm_review:Internal degeneration is described without a definite tear diagnosis.""]",KEEP,PASS,PASS,PASS,PASS,PASS,PASS,PASS,GPT-6.1 Sol independent text reviewer B,内侧后角细水平高信号明确描述退变而非确诊裂，PRESENT和内部退变亚阈值NO正确。
1.2.826.0.1.3680043.8.498.11964826300307458382604479841253457304,Lateral Meniscus,5013a241c560fefcf72ac210e763c8124cad50d3bd6e4c458fdf13283ee56f45,ABSENT,"[""Латерален мениск - нормално изобразяване.""]",NO,[],KEEP,PASS,PASS,PASS,PASS,PASS,PASS,PASS,GPT-6.1 Sol independent text reviewer B,外侧半月板单独正常显像，类别解剖与否定直接一致。
1.2.826.0.1.3680043.8.498.11964826300307458382604479841253457304,Medial OA,5013a241c560fefcf72ac210e763c8124cad50d3bd6e4c458fdf13283ee56f45,ABSENT,"[""Хрущялът, покриващ ставните повърхности на тибията и фемура е с нормална дебелина, хомогенна структура и сигнален интензитет.""]",NO,[],KEEP,PASS,PASS,PASS,PASS,PASS,PASS,PASS,GPT-6.1 Sol independent text reviewer B,胫骨股骨关节面软骨正常厚度和结构覆盖内侧股胫，无将髌骨缺损错误扩至内侧。
1.2.826.0.1.3680043.8.498.11964826300307458382604479841253457304,Lateral OA,5013a241c560fefcf72ac210e763c8124cad50d3bd6e4c458fdf13283ee56f45,ABSENT,"[""Хрущялът, покриващ ставните повърхности на тибията и фемура е с нормална дебелина, хомогенна структура и сигнален интензитет.""]",NO,[],KEEP,PASS,PASS,PASS,PASS,PASS,PASS,PASS,GPT-6.1 Sol independent text reviewer B,同一句全局股胫软骨正常亦包含外侧，外侧NO与独立髌股病变并不冲突。
1.2.826.0.1.3680043.8.498.11964826300307458382604479841253457304,PF OA,5013a241c560fefcf72ac210e763c8124cad50d3bd6e4c458fdf13283ee56f45,PRESENT,"[""Вижда се малък дефект в хрущяла на пателата с микрокистична преустройка на нивото на дефекта по горния полюс на пателата на медиалната страна.""]",UNKNOWN,"[""criteria_anatomy_severity_extent_or_timing_insufficient"",""llm_review:Patellar cartilage defect is localized, but depth and numerical extent are unspecified; small does not establish either threshold.""]",KEEP,PASS,PASS,PASS,PASS,PASS,PASS,PASS,GPT-6.1 Sol independent text reviewer B,髌骨上极内侧小软骨缺损伴微囊改变明确存在，但未报告厚度百分比或毫米范围，UNKNOWN无分数屏蔽合适。
1.2.826.0.1.3680043.8.498.11964826300307458382604479841253457304,Effusion,5013a241c560fefcf72ac210e763c8124cad50d3bd6e4c458fdf13283ee56f45,PRESENT,"[""МР данни за ставен излив."",""МР данни за малък ставен излив.""]",NO,"[""explicit_subthreshold_or_alternative"",""llm_review:Small effusion is subthreshold; joint distension is not described.""]",KEEP,PASS,PASS,PASS,PASS,PASS,PASS,PASS,GPT-6.1 Sol independent text reviewer B,结论малък少量关节积液具体补充发现段未分程度，非冲突；PRESENT而标准NO成立。
1.2.826.0.1.3680043.8.498.11964826300307458382604479841253457304,Synovitis,5013a241c560fefcf72ac210e763c8124cad50d3bd6e4c458fdf13283ee56f45,NOT_MENTIONED,[],UNKNOWN,[],KEEP,PASS,PASS,PASS,PASS,PASS,PASS,PASS,GPT-6.1 Sol independent text reviewer B,软组织周围轻微水肿及关节液体没有滑膜炎直接证据，不以共现补全。
1.2.826.0.1.3680043.8.498.11964826300307458382604479841253457304,Baker's,5013a241c560fefcf72ac210e763c8124cad50d3bd6e4c458fdf13283ee56f45,ABSENT,"[""Фоса поплитеа – б.о.""]",NO,[],KEEP,PASS,PASS,PASS,PASS,PASS,PASS,PASS,GPT-6.1 Sol independent text reviewer B,Фоса поплитеа – б.о.为腘窝无异常，区域正常足以排除中大量Baker囊肿。
1.2.826.0.1.3680043.8.498.11964826300307458382604479841253457304,Contusion,5013a241c560fefcf72ac210e763c8124cad50d3bd6e4c458fdf13283ee56f45,UNCERTAIN,"[""Костите, формиращи дясната колянна става се изобразяват с правилна форма, структура и сигнална характеристика."",""МР данни за костномозъчен едем в долната медиална половина на пателата."",""Дефект в хрущяла на пателата в горния полюс, с наличие на костномозъчен едем в долния медиален ръб.""]",UNKNOWN,"[""llm_review:General normal bone signal conflicts with focal patellar marrow edema."",""llm_review:Marrow edema is definite, but traumatic origin, timing and absence of a fracture line at the lesion are not established."",""unresolved_contradiction""]",MASK,PASS,PASS,PASS,PASS,PASS,PASS,PASS,GPT-6.1 Sol independent text reviewer B,正常骨信号概述与髌骨下内缘骨髓水肿同时保留；水肿创伤性质不明，模型标UNCERTAIN及矛盾、自动critical屏蔽，按保守复核MASK而不判语义错读。
1.2.826.0.1.3680043.8.498.11964826300307458382604479841253457304,Fracture,5013a241c560fefcf72ac210e763c8124cad50d3bd6e4c458fdf13283ee56f45,ABSENT,"[""Костите, формиращи дясната колянна става се изобразяват с правилна форма, структура и сигнална характеристика.""]",UNKNOWN,"[""llm_review:General normal osseous appearance is reported, but fracture lines or cortical disruption are not explicitly excluded; focal patellar marrow edema limits a confident class-level negative."",""negative_scope_insufficient""]",KEEP,PASS,PASS,PASS,PASS,PASS,PASS,PASS,GPT-6.1 Sol independent text reviewer B,骨形态结构总体正常但髌骨水肿存在；模型不置全面无骨折事实，限定否定UNKNOWN并屏蔽，未误造急性骨折。
1.2.826.0.1.3680043.8.498.12185615973620890770158935333033805789,ACL,8085cd6f10c012951efea38ca936860876215f07e6ac365db3e27e17ab9855f4,ABSENT,"[""Intercondylar compartment (anterior and posterior cruciate ligaments):\nNormal.""]",NO,"[""history_or_postoperative_scope_review""]",KEEP,PASS,PASS,PASS,PASS,PASS,PASS,PASS,GPT-6.1 Sol independent text reviewer B,髁间间室标题列明前后交叉韧带，Normal谓语覆盖ACL，不能把posterior关键词看作病史。
1.2.826.0.1.3680043.8.498.12185615973620890770158935333033805789,MCL,8085cd6f10c012951efea38ca936860876215f07e6ac365db3e27e17ab9855f4,ABSENT,"[""Medial compartment (meniscus, collateral ligament, cartilage):\nNormal.""]",NO,[],KEEP,PASS,PASS,PASS,PASS,PASS,PASS,PASS,GPT-6.1 Sol independent text reviewer B,内侧间室明确包含collateral ligament并整体Normal，MCL正常否定有具体结构边界。
1.2.826.0.1.3680043.8.498.12185615973620890770158935333033805789,Medial Meniscus,8085cd6f10c012951efea38ca936860876215f07e6ac365db3e27e17ab9855f4,ABSENT,"[""Medial compartment (meniscus, collateral ligament, cartilage):\nNormal.""]",NO,[],KEEP,PASS,PASS,PASS,PASS,PASS,PASS,PASS,GPT-6.1 Sol independent text reviewer B,内侧间室列明meniscus且正常，半月板内侧NO成立，非仅结论拼写异常推断。
1.2.826.0.1.3680043.8.498.12185615973620890770158935333033805789,Lateral Meniscus,8085cd6f10c012951efea38ca936860876215f07e6ac365db3e27e17ab9855f4,ABSENT,"[""Lateral compartment (meniscus, collateral ligament complex, cartilage):\nNormal.""]",NO,[],KEEP,PASS,PASS,PASS,PASS,PASS,PASS,PASS,GPT-6.1 Sol independent text reviewer B,外侧间室列明半月板和Normal，解剖外侧否定支持充分。
1.2.826.0.1.3680043.8.498.12185615973620890770158935333033805789,Medial OA,8085cd6f10c012951efea38ca936860876215f07e6ac365db3e27e17ab9855f4,ABSENT,"[""Medial compartment (meniscus, collateral ligament, cartilage):\nNormal.""]",NO,[],KEEP,PASS,PASS,PASS,PASS,PASS,PASS,PASS,GPT-6.1 Sol independent text reviewer B,内侧标题含cartilage整体正常，全面软骨正常覆盖该间室，NO合理。
1.2.826.0.1.3680043.8.498.12185615973620890770158935333033805789,Lateral OA,8085cd6f10c012951efea38ca936860876215f07e6ac365db3e27e17ab9855f4,ABSENT,"[""Lateral compartment (meniscus, collateral ligament complex, cartilage):\nNormal.""]",NO,[],KEEP,PASS,PASS,PASS,PASS,PASS,PASS,PASS,GPT-6.1 Sol independent text reviewer B,外侧软骨在该间室正常清单中，无深度限定局部否定，NO准确。
1.2.826.0.1.3680043.8.498.12185615973620890770158935333033805789,PF OA,8085cd6f10c012951efea38ca936860876215f07e6ac365db3e27e17ab9855f4,ABSENT,"[""Anterior compartment (extensor mechanism, cartilage, Hoffa's fat pad):\nNormal.""]",NO,[],KEEP,PASS,PASS,PASS,PASS,PASS,PASS,PASS,GPT-6.1 Sol independent text reviewer B,前间室伸膝结构及软骨Normal对应髌股软骨评价，标准NO有正常原文支持。
1.2.826.0.1.3680043.8.498.12185615973620890770158935333033805789,Effusion,8085cd6f10c012951efea38ca936860876215f07e6ac365db3e27e17ab9855f4,ABSENT,"[""No significant joint effusion.""]",NO,[],KEEP,PASS,PASS,PASS,PASS,PASS,PASS,PASS,GPT-6.1 Sol independent text reviewer B,No significant joint effusion明确排除显著积液，足以排除中大量阈值；未填其他病变状态。
1.2.826.0.1.3680043.8.498.12185615973620890770158935333033805789,Synovitis,8085cd6f10c012951efea38ca936860876215f07e6ac365db3e27e17ab9855f4,NOT_MENTIONED,[],UNKNOWN,[],KEEP,PASS,PASS,PASS,PASS,PASS,PASS,PASS,GPT-6.1 Sol independent text reviewer B,没有具体滑膜炎症或增厚评价，其他结构正常不替代滑膜类别，保持未提及。
1.2.826.0.1.3680043.8.498.12185615973620890770158935333033805789,Baker's,8085cd6f10c012951efea38ca936860876215f07e6ac365db3e27e17ab9855f4,ABSENT,"[""No popliteal cyst.""]",NO,[],KEEP,PASS,PASS,PASS,PASS,PASS,PASS,PASS,GPT-6.1 Sol independent text reviewer B,No popliteal cyst完整否定腘窝囊肿，Baker NO无需构造程度。
1.2.826.0.1.3680043.8.498.12185615973620890770158935333033805789,Contusion,8085cd6f10c012951efea38ca936860876215f07e6ac365db3e27e17ab9855f4,ABSENT,"[""Bones:\nNormal.""]",NO,[],KEEP,PASS,PASS,PASS,PASS,PASS,PASS,PASS,GPT-6.1 Sol independent text reviewer B,Bones: Normal为整体骨结构正常而非仅未见骨折，足以排除创伤性骨挫伤。
1.2.826.0.1.3680043.8.498.12185615973620890770158935333033805789,Fracture,8085cd6f10c012951efea38ca936860876215f07e6ac365db3e27e17ab9855f4,ABSENT,"[""Bones:\nNormal.""]",NO,[],KEEP,PASS,PASS,PASS,PASS,PASS,PASS,PASS,GPT-6.1 Sol independent text reviewer B,整体骨检查Normal未限定某种骨折类型或只骨髓信号，全面骨折否定事实和NO合理。
1.2.826.0.1.3680043.8.498.15399233309269178192583032682669258885,ACL,fb2752505d04fafb7ea621ea7c1a98cd533d763ba784ec2b8a2807dca39faf7d,ABSENT,"[""Нормално изобразяване на предната кръстна и задната кръстна връзка.""]",NO,[],KEEP,PASS,PASS,PASS,PASS,PASS,PASS,PASS,GPT-6.1 Sol independent text reviewer B,前后交叉韧带正常显像，ACL否定覆盖完整当前结构，NO成立。
1.2.826.0.1.3680043.8.498.15399233309269178192583032682669258885,MCL,fb2752505d04fafb7ea621ea7c1a98cd533d763ba784ec2b8a2807dca39faf7d,ABSENT,"[""Медиален и латерален колатерален лигамент – б.о.""]",NO,[],KEEP,PASS,PASS,PASS,PASS,PASS,PASS,PASS,GPT-6.1 Sol independent text reviewer B,内外侧副韧带б.о.为无异常，MCL全面否定和未见急性损伤事实对应检查。
1.2.826.0.1.3680043.8.498.15399233309269178192583032682669258885,Medial Meniscus,fb2752505d04fafb7ea621ea7c1a98cd533d763ba784ec2b8a2807dca39faf7d,PRESENT,"[""Вижда се увреда в заден рог на медиален менискус под формата на хиперинтензна лезия с кос ход, достигаща в близост до хрущяла и продължаваща под формата на дегенеративни промени в предния му рог."",""МР данни за лезия 2b стадий в заден рог на медиален менискус и дегенеративни промени в преддния му рог, както и в латералния менискус.""]",UNKNOWN,"[""criteria_anatomy_severity_extent_or_timing_insufficient"",""llm_review:A stage 2b lesion and degeneration are reported, without an unequivocal tear diagnosis; proximity to cartilage does not establish articular surface contact."",""llm_review:The grading convention and lesion timing are unspecified.""]",KEEP,PASS,PASS,PASS,PASS,PASS,PASS,PASS,GPT-6.1 Sol independent text reviewer B,内侧后角2b级斜行高信号近软骨而非明确表面裂，前角退变并存；不虚构确定裂及分级体系，UNKNOWN正确。
1.2.826.0.1.3680043.8.498.15399233309269178192583032682669258885,Lateral Meniscus,fb2752505d04fafb7ea621ea7c1a98cd533d763ba784ec2b8a2807dca39faf7d,PRESENT,"[""Дегенеративни промени в латералния менискус.""]",NO,"[""explicit_subthreshold_or_alternative"",""llm_review:Only degenerative changes are described; severity, extent and timing are unspecified.""]",KEEP,PASS,PASS,PASS,PASS,PASS,PASS,PASS,GPT-6.1 Sol independent text reviewer B,外侧半月板仅明确退变，PRESENT与内部退变亚阈值NO分开，未受内侧疑似病变影响。
1.2.826.0.1.3680043.8.498.15399233309269178192583032682669258885,Medial OA,fb2752505d04fafb7ea621ea7c1a98cd533d763ba784ec2b8a2807dca39faf7d,ABSENT,"[""Артикулиращият ставен хрущял на фемура и тибията е със запазена дебелина и конгурентност по цялото си протежение.""]",NO,[],KEEP,PASS,PASS,PASS,PASS,PASS,PASS,PASS,GPT-6.1 Sol independent text reviewer B,股胫关节软骨全长厚度及协调性保持，内侧NO有全面结构正常证据。
1.2.826.0.1.3680043.8.498.15399233309269178192583032682669258885,Lateral OA,fb2752505d04fafb7ea621ea7c1a98cd533d763ba784ec2b8a2807dca39faf7d,ABSENT,"[""Артикулиращият ставен хрущял на фемура и тибията е със запазена дебелина и конгурентност по цялото си протежение.""]",NO,[],KEEP,PASS,PASS,PASS,PASS,PASS,PASS,PASS,GPT-6.1 Sol independent text reviewer B,同句股胫全长正常也覆盖外侧，未把病变或骨髓水肿推成外侧OA。
1.2.826.0.1.3680043.8.498.15399233309269178192583032682669258885,PF OA,fb2752505d04fafb7ea621ea7c1a98cd533d763ba784ec2b8a2807dca39faf7d,ABSENT,"[""Патела, хрущял на пателата и  ретинакулуми на пателата – със запазена цялост.""]",UNKNOWN,"[""llm_review:Preserved patellar cartilage integrity does not explicitly establish preserved thickness throughout the patellofemoral compartment; trochlear cartilage and qualifying loss extent are unspecified."",""negative_scope_insufficient""]",KEEP,PASS,PASS,PASS,PASS,PASS,PASS,PASS,GPT-6.1 Sol independent text reviewer B,仅髌骨软骨完整但滑车及厚度未全面评价，未置全面否定事实，UNKNOWN/mask0属保守正确。
1.2.826.0.1.3680043.8.498.15399233309269178192583032682669258885,Effusion,fb2752505d04fafb7ea621ea7c1a98cd533d763ba784ec2b8a2807dca39faf7d,ABSENT,"[""Няма МР данни за ставен излив.""]",NO,[],KEEP,PASS,PASS,PASS,PASS,PASS,PASS,PASS,GPT-6.1 Sol independent text reviewer B,Няма МР данни за ставен излив明确无关节积液，当前完整否定，NO成立。
1.2.826.0.1.3680043.8.498.15399233309269178192583032682669258885,Synovitis,fb2752505d04fafb7ea621ea7c1a98cd533d763ba784ec2b8a2807dca39faf7d,NOT_MENTIONED,[],UNKNOWN,[],KEEP,PASS,PASS,PASS,PASS,PASS,PASS,PASS,GPT-6.1 Sol independent text reviewer B,小型胫腓关节旁perisynovial/ganglion囊肿不是滑膜炎诊断，未提及滑膜直接炎症正确。
1.2.826.0.1.3680043.8.498.15399233309269178192583032682669258885,Baker's,fb2752505d04fafb7ea621ea7c1a98cd533d763ba784ec2b8a2807dca39faf7d,NOT_MENTIONED,[],UNKNOWN,[],KEEP,PASS,PASS,PASS,PASS,PASS,PASS,PASS,GPT-6.1 Sol independent text reviewer B,囊肿位于胫腓关节旁而非典型Baker腘窝，不混为Baker阳性或阴性，NOT_MENTIONED合理。
1.2.826.0.1.3680043.8.498.15399233309269178192583032682669258885,Contusion,fb2752505d04fafb7ea621ea7c1a98cd533d763ba784ec2b8a2807dca39faf7d,PRESENT,"[""Виждат се дифузни зони на повишен сигнален интензитет в епифизата на тибията, предимно в областта на медиалния кондил, съответстващи на костномозъчен едем."",""Посттравматичен костномозъчене едем.""]",UNKNOWN,"[""criteria_anatomy_severity_extent_or_timing_insufficient"",""llm_review:Traumatic marrow edema is explicit, but absence of a fracture line at the lesion is not explicitly established. Injury timing is unspecified."",""timing_or_trauma_review""]",KEEP,PASS,PASS,PASS,PASS,PASS,PASS,PASS,GPT-6.1 Sol independent text reviewer B,结论明确创伤后骨髓水肿且定位胫骨内侧髁；无骨折线排除证据，保留UNKNOWN及低权重而不确证挫伤，合理。
1.2.826.0.1.3680043.8.498.15399233309269178192583032682669258885,Fracture,fb2752505d04fafb7ea621ea7c1a98cd533d763ba784ec2b8a2807dca39faf7d,NOT_MENTIONED,[],UNKNOWN,[],KEEP,PASS,PASS,PASS,PASS,PASS,PASS,PASS,GPT-6.1 Sol independent text reviewer B,无骨折描述，骨正常形态结构又伴骨髓水肿不能全面排除骨折，保持未提及未知。
1.2.826.0.1.3680043.8.498.15444316810805746453392291780593934328,ACL,190d27ebe033a57e144f87664a1dd880372474e6624e327817b6c73b2135a524,PRESENT,"[""The contour of ACL is in a straight line but increase interstitial signal intensity inside, in favor of grade 1 injury."",""Grade 1 injury of ACL.""]",NO,"[""explicit_subthreshold_or_alternative"",""llm_review:Reported grade 1 injury is subthreshold; injury timing is unspecified.""]",KEEP,PASS,PASS,PASS,PASS,PASS,PASS,PASS,GPT-6.1 Sol independent text reviewer B,ACL形态直且间质信号增高，结论grade1 injury直接低等级支持，PRESENT但标准NO准确。
1.2.826.0.1.3680043.8.498.15444316810805746453392291780593934328,MCL,190d27ebe033a57e144f87664a1dd880372474e6624e327817b6c73b2135a524,ABSENT,"[""Both medial & lateral collateral ligaments appear to be within normal.""]",NO,[],KEEP,PASS,PASS,PASS,PASS,PASS,PASS,PASS,GPT-6.1 Sol independent text reviewer B,Both medial & lateral collateral ligaments within normal全面正常覆盖MCL，未推断高级别急性损伤。
1.2.826.0.1.3680043.8.498.15444316810805746453392291780593934328,Medial Meniscus,190d27ebe033a57e144f87664a1dd880372474e6624e327817b6c73b2135a524,UNCERTAIN,"[""Linear signla intensity area in posterior horn of medial menisus without significant extending to articular surface, R/O degeneration.""]",UNKNOWN,"[""history_or_postoperative_scope_review"",""llm_review:Degeneration is suggested with R/O wording; no definite medial meniscal tear is diagnosed."",""llm_review:Without significant surface extension is a qualified finding, not an explicit exclusion of all tears."",""uncertain_report""]",KEEP,PASS,PASS,PASS,PASS,PASS,PASS,PASS,GPT-6.1 Sol independent text reviewer B,内侧后角线状信号未明显达表面且R/O退变，UNCERTAIN及低分软监督保守，不虚构撕裂。
1.2.826.0.1.3680043.8.498.15444316810805746453392291780593934328,Lateral Meniscus,190d27ebe033a57e144f87664a1dd880372474e6624e327817b6c73b2135a524,PRESENT,"[""Linear signal intensity in posterior horn of lateral meniscus and suspicious of extends into the surface; obliteration of anterior horn of lateral meniscus, R/O tear."",""C/W tear of lateral meniscus.""]",YES,"[""history_or_postoperative_scope_review"",""llm_review:Findings use suspicious and R/O wording; the impression diagnoses a tear with C/W wording.""]",KEEP,PASS,PASS,PASS,PASS,PASS,PASS,PASS,GPT-6.1 Sol independent text reviewer B,外侧后角疑及表面、前角模糊并结论C/W tear形成明确裂诊断；保留发现段疑似文字，PRESENT/YES合理。
1.2.826.0.1.3680043.8.498.15444316810805746453392291780593934328,Medial OA,190d27ebe033a57e144f87664a1dd880372474e6624e327817b6c73b2135a524,NOT_MENTIONED,[],UNKNOWN,"[""llm_review:Generic knee osteoarthritis does not explicitly localize disease to the medial compartment.""]",KEEP,PASS,PASS,PASS,PASS,PASS,PASS,PASS,GPT-6.1 Sol independent text reviewer B,泛称膝OA且外侧更明显没有直接内侧定位，内侧保持未提及，不向三个间室扩阳性。
1.2.826.0.1.3680043.8.498.15444316810805746453392291780593934328,Lateral OA,190d27ebe033a57e144f87664a1dd880372474e6624e327817b6c73b2135a524,PRESENT,"[""Osteoarthritis of knee joint with synovitis; more prominent at lateral compartment.""]",UNKNOWN,"[""criteria_anatomy_severity_extent_or_timing_insufficient"",""llm_review:Lateral compartment osteoarthritis is reported without cartilage loss depth or measurable extent.""]",KEEP,PASS,PASS,PASS,PASS,PASS,PASS,PASS,GPT-6.1 Sol independent text reviewer B,结论lateral compartment更明显明确外侧OA存在，但未给软骨深度或长度，UNKNOWN/mask0正确。
1.2.826.0.1.3680043.8.498.15444316810805746453392291780593934328,PF OA,190d27ebe033a57e144f87664a1dd880372474e6624e327817b6c73b2135a524,PRESENT,"[""grade 2-3 chondromalacia at lateral facet of patella.""]",UNKNOWN,"[""criteria_anatomy_severity_extent_or_timing_insufficient"",""llm_review:Cartilage lesion extent is not reported."",""llm_review:Grade 2-3 spans grades and the grading convention is unspecified; greater than 50% cartilage loss cannot be established.""]",KEEP,PASS,PASS,PASS,PASS,PASS,PASS,PASS,GPT-6.1 Sol independent text reviewer B,髌骨外侧面grade2-3软骨软化定位髌股，分级约定和长度未明，保留UNKNOWN而非定量阳性。
1.2.826.0.1.3680043.8.498.15444316810805746453392291780593934328,Effusion,190d27ebe033a57e144f87664a1dd880372474e6624e327817b6c73b2135a524,PRESENT,"[""Joint effusion and suprapatellar bursitis with suprapatellar and medial plicae""]",UNKNOWN,"[""criteria_anatomy_severity_extent_or_timing_insufficient"",""llm_review:Effusion size and joint distension are not reported.""]",KEEP,PASS,PASS,PASS,PASS,PASS,PASS,PASS,GPT-6.1 Sol independent text reviewer B,Joint effusion直接存在，髌上滑囊液体不被自动视为中大量，缺程度扩张保守UNKNOWN合理。
1.2.826.0.1.3680043.8.498.15444316810805746453392291780593934328,Synovitis,190d27ebe033a57e144f87664a1dd880372474e6624e327817b6c73b2135a524,PRESENT,"[""hypertrophy of the synovium, indicative of synovitis."",""Osteoarthritis of knee joint with synovitis; more prominent at lateral compartment.""]",YES,[],KEEP,PASS,PASS,PASS,PASS,PASS,PASS,PASS,GPT-6.1 Sol independent text reviewer B,hypertrophy of synovium indicative of synovitis为直接证据，结论亦重复滑膜炎，YES不是积液推断。
1.2.826.0.1.3680043.8.498.15444316810805746453392291780593934328,Baker's,190d27ebe033a57e144f87664a1dd880372474e6624e327817b6c73b2135a524,NOT_MENTIONED,[],UNKNOWN,[],KEEP,PASS,PASS,PASS,PASS,PASS,PASS,PASS,GPT-6.1 Sol independent text reviewer B,只述髌上滑囊炎与皱襞，没有典型腘窝囊肿，未提及Baker正确。
1.2.826.0.1.3680043.8.498.15444316810805746453392291780593934328,Contusion,190d27ebe033a57e144f87664a1dd880372474e6624e327817b6c73b2135a524,NOT_MENTIONED,[],UNKNOWN,"[""llm_review:Subchondral edema is described with degeneration and does not establish traumatic contusion.""]",MASK,FAIL,PASS,PASS,PASS,PASS,PASS,PASS,GPT-6.1 Sol independent text reviewer B,原文Degeneration ... subchondral edema明确有软骨下骨髓相关水肿，输出NOT_MENTIONED遗漏描述；应记录异常并注明退变伴随、创伤性质不足。标准UNKNOWN/mask0仍安全，status错误要求MASK。
1.2.826.0.1.3680043.8.498.15444316810805746453392291780593934328,Fracture,190d27ebe033a57e144f87664a1dd880372474e6624e327817b6c73b2135a524,NOT_MENTIONED,[],UNKNOWN,[],KEEP,PASS,PASS,PASS,PASS,PASS,PASS,PASS,GPT-6.1 Sol independent text reviewer B,没有骨折线、骨皮质中断或骨折诊断，软骨下水肿不能被独立映作骨折，未提及合理。
1.2.826.0.1.3680043.8.498.17427902052389033416295416299697276519,ACL,ed3d4f3dcb8edbc2f1c270d5d2f3bce9920b36f0fc958a15a990208a0afd16af,ABSENT,"[""Χιαστοί και πλάγιοι σύνδεσµοι, αρθρικός χόνδρος και εκτατικός µηχανισµός δεν παρουσιάζουν παθολογικά ευρήµατα."",""∆εν παρατηρούνται άξια λόγου ευρήµατα από τον αδρό έλεγχο των χιαστών και πλαγίων συνδέσµων.""]",NO,"[""llm_review:Two reports are filed under this study; the second describes only a gross ligament assessment.""]",KEEP,PASS,PASS,PASS,PASS,PASS,PASS,PASS,GPT-6.1 Sol independent text reviewer B,两份并列报告均评估交叉韧带正常，第一份全面无病理、第二份粗略无显著异常；ACL无冲突，NO合理并留双报告说明。
1.2.826.0.1.3680043.8.498.17427902052389033416295416299697276519,MCL,ed3d4f3dcb8edbc2f1c270d5d2f3bce9920b36f0fc958a15a990208a0afd16af,ABSENT,"[""Χιαστοί και πλάγιοι σύνδεσµοι, αρθρικός χόνδρος και εκτατικός µηχανισµός δεν παρουσιάζουν παθολογικά ευρήµατα."",""∆εν παρατηρούνται άξια λόγου ευρήµατα από τον αδρό έλεγχο των χιαστών και πλαγίων συνδέσµων.""]",NO,"[""llm_review:Two reports are filed under this study; the second describes only a gross ligament assessment.""]",KEEP,PASS,PASS,PASS,PASS,PASS,PASS,PASS,GPT-6.1 Sol independent text reviewer B,侧副韧带两份均否定异常，原文未局限低级别特定损伤，MCL当前NO有完整正常证据。
1.2.826.0.1.3680043.8.498.17427902052389033416295416299697276519,Medial Meniscus,ed3d4f3dcb8edbc2f1c270d5d2f3bce9920b36f0fc958a15a990208a0afd16af,PRESENT,"[""εκφυλιστική ρήξη του έσω µηνίσκου µε υπεξάρθρηµα αυτού"",""εκφυλιστική ρήξη και υπεξάρθρηµα του έσω µηνίσκου""]",YES,"[""llm_review:Tear extent and severity are unspecified; two reports are filed under this study.""]",KEEP,PASS,PASS,PASS,PASS,PASS,PASS,PASS,GPT-6.1 Sol independent text reviewer B,两份均明确内侧退变性撕裂及半脱位，当前持续慢性裂而非只病史，YES成立。
1.2.826.0.1.3680043.8.498.17427902052389033416295416299697276519,Lateral Meniscus,ed3d4f3dcb8edbc2f1c270d5d2f3bce9920b36f0fc958a15a990208a0afd16af,ABSENT,"[""Στο έξω µεσάρθριο διάστηµα δεν παρατηρούνται αξιόλογα ευρήµατα."",""Χωρίς άξια λόγου ευρήµατα στο έξω µεσάρθριο διάστηµα.""]",UNKNOWN,"[""llm_review:The negative addresses noteworthy lateral-compartment findings without explicitly assessing the lateral meniscus or excluding every qualifying tear."",""negative_scope_insufficient""]",KEEP,PASS,PASS,PASS,PASS,PASS,PASS,PASS,GPT-6.1 Sol independent text reviewer B,外侧间隙无值得注意发现但未单独完整半月板评价，class_absence保持null，UNKNOWN/mask0保守安全。
1.2.826.0.1.3680043.8.498.17427902052389033416295416299697276519,Medial OA,ed3d4f3dcb8edbc2f1c270d5d2f3bce9920b36f0fc958a15a990208a0afd16af,PRESENT,"[""Χιαστοί και πλάγιοι σύνδεσµοι, αρθρικός χόνδρος και εκτατικός µηχανισµός δεν παρουσιάζουν παθολογικά ευρήµατα."",""Αντίστοιχα µε το έσω µεσάρθριο διάστηµα σηµειώνονται υφολικού πάχους διαβρώσεις του αρθρικού χόνδρου, επιχείλιοι οστεοφυτικοί σχηµατισµοί""]",UNKNOWN,"[""llm_review:Cartilage-loss extent is not reported."",""llm_review:Normal cartilage in the first report conflicts with subtotal-thickness medial cartilage erosions in the second; bilateral/report attribution requires review."",""negation_scope_review"",""unresolved_contradiction""]",MASK,PASS,PASS,PASS,PASS,PASS,PASS,PASS,GPT-6.1 Sol independent text reviewer B,第一份全局软骨无病理与第二份内侧近全厚侵蚀相冲突，模型同时保留且标contradiction；双报告归属不清，critical须MASK，无语义FAIL。
1.2.826.0.1.3680043.8.498.17427902052389033416295416299697276519,Lateral OA,ed3d4f3dcb8edbc2f1c270d5d2f3bce9920b36f0fc958a15a990208a0afd16af,ABSENT,"[""Στο έξω µεσάρθριο διάστηµα δεν παρατηρούνται αξιόλογα ευρήµατα."",""Χιαστοί και πλάγιοι σύνδεσµοι, αρθρικός χόνδρος και εκτατικός µηχανισµός δεν παρουσιάζουν παθολογικά ευρήµατα."",""Χωρίς άξια λόγου ευρήµατα στο έξω µεσάρθριο διάστηµα.""]",NO,"[""llm_review:Two reports are filed under this study; the second gives a general lateral-compartment negative.""]",KEEP,PASS,PASS,PASS,PASS,PASS,PASS,PASS,GPT-6.1 Sol independent text reviewer B,两份外侧间隙均无显著异常，第一份明确软骨无病理且第二份未报道外侧损失，外侧NO合理而不向内侧反向覆盖。
1.2.826.0.1.3680043.8.498.17427902052389033416295416299697276519,PF OA,ed3d4f3dcb8edbc2f1c270d5d2f3bce9920b36f0fc958a15a990208a0afd16af,ABSENT,"[""Χιαστοί και πλάγιοι σύνδεσµοι, αρθρικός χόνδρος και εκτατικός µηχανισµός δεν παρουσιάζουν παθολογικά ευρήµατα.""]",UNKNOWN,"[""anatomy_missing_or_wrong"",""llm_review:The cartilage negative is general rather than explicitly patellofemoral; the second filed report does not specifically assess patellofemoral cartilage.""]",MASK,PASS,PASS,PASS,PASS,PASS,PASS,PASS,GPT-6.1 Sol independent text reviewer B,髌股未被第二份单独评价，第一份全局软骨正常原文如实保存，但canonical anatomy UNKNOWN被critical屏蔽；保守排除MASK，不判解剖错读。
1.2.826.0.1.3680043.8.498.17427902052389033416295416299697276519,Effusion,ed3d4f3dcb8edbc2f1c270d5d2f3bce9920b36f0fc958a15a990208a0afd16af,PRESENT,"[""Παρατηρειται ικανή ενδοαρθρική συλλογή"",""Ικανή ενδοαρθρική συλλογή υγρού""]",UNKNOWN,"[""criteria_anatomy_severity_extent_or_timing_insufficient"",""llm_review:Substantial intra-articular fluid is reported, but joint distension is not explicit.""]",KEEP,PASS,PASS,PASS,PASS,PASS,PASS,PASS,GPT-6.1 Sol independent text reviewer B,ικανή关节内积液属显著量且两份均有，髌前3.3cm滑囊液体未混为关节积液，缺扩张保守UNKNOWN合理。
1.2.826.0.1.3680043.8.498.17427902052389033416295416299697276519,Synovitis,ed3d4f3dcb8edbc2f1c270d5d2f3bce9920b36f0fc958a15a990208a0afd16af,PRESENT,"[""µε στοιχεία αντιδραστικής υµενίτιδας που προϋπήρχαν""]",YES,"[""llm_review:Reactive synovitis remains present and is described as pre-existing; severity and extent are unspecified.""]",KEEP,PASS,PASS,PASS,PASS,PASS,PASS,PASS,GPT-6.1 Sol independent text reviewer B,第二份反应性滑膜炎仍存在且注明预先存在，CURRENT_CHRONIC不是仅病史，直接证据YES成立。
1.2.826.0.1.3680043.8.498.17427902052389033416295416299697276519,Baker's,ed3d4f3dcb8edbc2f1c270d5d2f3bce9920b36f0fc958a15a990208a0afd16af,PRESENT,"[""ευµεγέθη κύστη Baker 4,5cm κεφαλουραίας διαµέτρου"",""Ικανή ενδοαρθρική συλλογή υγρού σε επικοινωνία µε Baker µε στοιχεία αντιδραστικής υµενίτιδας που προϋπήρχαν.""]",YES,"[""llm_review:The large measured cyst is described in the first filed report; the second does not repeat its size.""]",KEEP,PASS,PASS,PASS,PASS,PASS,PASS,PASS,GPT-6.1 Sol independent text reviewer B,ευµεγέθη明确大Baker囊肿4.5cm与关节液交通，大小等级来自原文词语而非只数值猜测，YES合理。
1.2.826.0.1.3680043.8.498.17427902052389033416295416299697276519,Contusion,ed3d4f3dcb8edbc2f1c270d5d2f3bce9920b36f0fc958a15a990208a0afd16af,UNCERTAIN,"[""παρουσία οστεοµυελικού οιδήµατος στην οφρύ του έσω κνηµιαίου κονδύλου. Το εύρηµα παριστά µικρής έκτασης µικροδοκιδώδες κάταγµα ανεπάρκειας."",""οστεοµυελικό οίδηµα υπαρθρικά στον έσω κνηµιαίο κόνδυλο, σε µόλις ήπια µικρότερη έκταση συγκριτικά µε τον προηγούµενο έλεγχο, ευρήµατα στο πλαίσιο εκφυλιστικών αλλοιώσεων.""]",UNKNOWN,"[""llm_mapper_disagreement"",""llm_review:Marrow edema is attributed to an insufficiency fracture in one report and degenerative changes in the other; no traumatic contusion is diagnosed."",""llm_review:No explicit fracture-line assessment is provided; the combined reports do not support a degenerative-only fact."",""uncertain_report""]",KEEP,PASS,PASS,PASS,PASS,PASS,PASS,PASS,GPT-6.1 Sol independent text reviewer B,内侧胫骨骨髓水肿分别归于不全骨折和退变改变，UNCERTAIN保留来源，未制造创伤事实或全部纯退变，UNKNOWN低权重合理。
1.2.826.0.1.3680043.8.498.17427902052389033416295416299697276519,Fracture,ed3d4f3dcb8edbc2f1c270d5d2f3bce9920b36f0fc958a15a990208a0afd16af,PRESENT,"[""Το εύρηµα παριστά µικρής έκτασης µικροδοκιδώδες κάταγµα ανεπάρκειας."",""παρουσία οστεοµυελικού οιδήµατος στην οφρύ του έσω κνηµιαίου κονδύλου.""]",UNKNOWN,"[""criteria_anatomy_severity_extent_or_timing_insufficient"",""llm_review:An insufficiency microtrabecular fracture is diagnosed, but acuity and a fracture line or cortical disruption are not explicitly reported."",""llm_review:The second filed report attributes persistent edema to degeneration without explicitly confirming or excluding fracture."",""timing_or_trauma_review""]",KEEP,PASS,PASS,PASS,PASS,PASS,PASS,PASS,GPT-6.1 Sol independent text reviewer B,第一份明确小范围微小骨小梁不全骨折，第二份残留水肿减轻不等于无骨折；保留PRESENT及时间/骨折线未知屏蔽正确。
1.2.826.0.1.3680043.8.498.17618734998753079190687719289815512319,ACL,42381e8bd771197242e45424629a8da476bf4328edb399d2bba25104d4171637,ABSENT,"[""Ligamentos cruzados y colaterales dentro de límites normales.""]",NO,[],KEEP,PASS,PASS,PASS,PASS,PASS,PASS,PASS,GPT-6.1 Sol independent text reviewer B,Ligamentos cruzados normales在Hallazgos而非Artrosis病史，ACL全面正常否定NO有支持。
1.2.826.0.1.3680043.8.498.17618734998753079190687719289815512319,MCL,42381e8bd771197242e45424629a8da476bf4328edb399d2bba25104d4171637,ABSENT,"[""Ligamentos cruzados y colaterales dentro de límites normales.""]",NO,[],KEEP,PASS,PASS,PASS,PASS,PASS,PASS,PASS,GPT-6.1 Sol independent text reviewer B,colaterales dentro límites normales涵盖MCL，未将半月板严重裂转换成MCL损伤。
1.2.826.0.1.3680043.8.498.17618734998753079190687719289815512319,Medial Meniscus,42381e8bd771197242e45424629a8da476bf4328edb399d2bba25104d4171637,PRESENT,"[""Aumento de\nseñal central del cuerno posterior del menisco medial que no contacta la superficie articular."",""Fibrilación\nmarginal del cuerpo del menisco medial."",""Fibrilación marginal del menisco medial.""]",UNKNOWN,"[""criteria_anatomy_severity_extent_or_timing_insufficient"",""history_or_postoperative_scope_review"",""llm_review:Central signal does not contact the articular surface; marginal fibrillation is also described, without a definite tear diagnosis."",""negation_scope_review""]",KEEP,PASS,PASS,PASS,PASS,PASS,PASS,PASS,GPT-6.1 Sol independent text reviewer B,内侧后角中央信号不达关节面但体缘毛糙亦存在，PRESENT描述完整；没有确定裂，UNKNOWN低权重合理。
1.2.826.0.1.3680043.8.498.17618734998753079190687719289815512319,Lateral Meniscus,42381e8bd771197242e45424629a8da476bf4328edb399d2bba25104d4171637,PRESENT,"[""Extensa rotura degenerativa con maceración y extrusión de la totalidad del menisco lateral."",""Extensa rotura degenerativa con maceración y extrusión del menisco lateral.""]",YES,[],KEEP,PASS,PASS,PASS,PASS,PASS,PASS,PASS,GPT-6.1 Sol independent text reviewer B,外侧全半月板广泛退变性撕裂伴浸软外突明确，CURRENT_CHRONIC和YES对应诊断。
1.2.826.0.1.3680043.8.498.17618734998753079190687719289815512319,Medial OA,42381e8bd771197242e45424629a8da476bf4328edb399d2bba25104d4171637,PRESENT,"[""Úlceras condrales de espesor parcial de la zona de carga del compartimento femorotibial medial sin\ncambios óseos secundarios."",""Condropatía con lesiones grado dos y tres del compartimento femorotibial medial y patelofemoral.""]",UNKNOWN,"[""criteria_anatomy_severity_extent_or_timing_insufficient"",""llm_review:Partial-thickness loss is described without a percentage or measured extent."",""llm_review:The grading convention for grades two and three is unspecified."",""negation_scope_review""]",KEEP,PASS,PASS,PASS,PASS,PASS,PASS,PASS,GPT-6.1 Sol independent text reviewer B,内侧负重区部分厚度软骨溃疡及二三级未定义百分比范围，PRESENT但UNKNOWN不能凭级数自动阳性。
1.2.826.0.1.3680043.8.498.17618734998753079190687719289815512319,Lateral OA,42381e8bd771197242e45424629a8da476bf4328edb399d2bba25104d4171637,PRESENT,"[""Úlceras condrales de espesor parcial y total del compartimento femorotibial lateral con cambios óseos\nsecundarios y proliferaciones óseas periféricas."",""Avanzados cambios degenerativos del compartimento femorotibial lateral.""]",UNKNOWN,"[""criteria_anatomy_severity_extent_or_timing_insufficient"",""llm_review:Full-thickness cartilage loss is present, but its extent is not specified.""]",KEEP,PASS,PASS,PASS,PASS,PASS,PASS,PASS,GPT-6.1 Sol independent text reviewer B,外侧部分及全层软骨溃疡支持深度，Avanzados严重原文保留，长度未给故UNKNOWN正确。
1.2.826.0.1.3680043.8.498.17618734998753079190687719289815512319,PF OA,42381e8bd771197242e45424629a8da476bf4328edb399d2bba25104d4171637,PRESENT,"[""Úlceras condrales de espesor parcial y total de distribución difusa de la tróclea femoral sin cambios óseos\nsecundarios."",""Finas úlceras condrales de espesor parcial de distribución difusa de la rótula."",""Condropatía con lesiones grado dos y tres del compartimento femorotibial medial y patelofemoral.""]",UNKNOWN,"[""criteria_anatomy_severity_extent_or_timing_insufficient"",""llm_review:Diffuse distribution does not specify the extent of the high-grade cartilage loss."",""llm_review:The grading convention for grades two and three is unspecified."",""negation_scope_review""]",KEEP,PASS,PASS,PASS,PASS,PASS,PASS,PASS,GPT-6.1 Sol independent text reviewer B,滑车部分及全层缺损、髌骨薄型部分损伤均保存，弥漫分布非定量范围，UNKNOWN合理而未忽略全层病变。
1.2.826.0.1.3680043.8.498.17618734998753079190687719289815512319,Effusion,42381e8bd771197242e45424629a8da476bf4328edb399d2bba25104d4171637,PRESENT,"[""Derrame articular con sinovitis difusa."",""Leve derrame articular con sinovitis difusa.""]",NO,"[""explicit_subthreshold_or_alternative"",""llm_review:Distension is described for the posterolateral recess; the joint effusion is explicitly mild.""]",KEEP,PASS,PASS,PASS,PASS,PASS,PASS,PASS,GPT-6.1 Sol independent text reviewer B,发现段积液及结论Leve轻度一致，不把后外侧隐窝扩张混作中大量关节积液，NO合理。
1.2.826.0.1.3680043.8.498.17618734998753079190687719289815512319,Synovitis,42381e8bd771197242e45424629a8da476bf4328edb399d2bba25104d4171637,PRESENT,"[""Derrame articular con sinovitis difusa."",""Leve derrame articular con sinovitis difusa.""]",YES,[],KEEP,PASS,PASS,PASS,PASS,PASS,PASS,PASS,GPT-6.1 Sol independent text reviewer B,sinovitis difusa直接弥漫滑膜炎证据完整，YES不靠积液共现推断。
1.2.826.0.1.3680043.8.498.17618734998753079190687719289815512319,Baker's,42381e8bd771197242e45424629a8da476bf4328edb399d2bba25104d4171637,NOT_MENTIONED,[],UNKNOWN,"[""llm_review:The described fluid-filled recess is posterolateral, without a named Baker cyst or posteromedial cyst.""]",KEEP,PASS,PASS,PASS,PASS,PASS,PASS,PASS,GPT-6.1 Sol independent text reviewer B,扩张含液隐窝明确posterolateral非posteromedial，也未命名Baker，保持未提及正确。
1.2.826.0.1.3680043.8.498.17618734998753079190687719289815512319,Contusion,42381e8bd771197242e45424629a8da476bf4328edb399d2bba25104d4171637,ABSENT,"[""No hay alteraciones de señal significativas de la médula ósea.""]",NO,[],MASK,PASS,PASS,FAIL,PASS,PASS,PASS,FAIL,GPT-6.1 Sol independent text reviewer B,原文只否定显著(significativas)骨髓信号异常，未全面排除轻微创伤性水肿；class_absence_supported=true及traumatic_marrow_edema=false扩大否定范围，再输出高权重NO。应保守UNKNOWN屏蔽，negation与criteria FAIL，MASK。
1.2.826.0.1.3680043.8.498.17618734998753079190687719289815512319,Fracture,42381e8bd771197242e45424629a8da476bf4328edb399d2bba25104d4171637,NOT_MENTIONED,[],UNKNOWN,[],KEEP,PASS,PASS,PASS,PASS,PASS,PASS,PASS,GPT-6.1 Sol independent text reviewer B,未见骨折或皮质相关描述；无显著骨髓异常不自动推出无骨折，UNKNOWN保守正确。
1.2.826.0.1.3680043.8.498.20301796413163444642416918108994411350,ACL,724552fae3118c7a0cc15f9fab2a621190a165c59086126cd1694bd98ef8e589,ABSENT,"[""Ön çapraz bağ ve arka çapraz bağ, lateral ve medial kollateral ligaman normaldir.""]",NO,[],KEEP,PASS,PASS,PASS,PASS,PASS,PASS,PASS,GPT-6.1 Sol independent text reviewer B,Ön çapraz bağ normaldir说明ACL正常，胫骨ACL附着处囊肿不等于韧带撕裂，NO准确。
1.2.826.0.1.3680043.8.498.20301796413163444642416918108994411350,MCL,724552fae3118c7a0cc15f9fab2a621190a165c59086126cd1694bd98ef8e589,ABSENT,"[""Ön çapraz bağ ve arka çapraz bağ, lateral ve medial kollateral ligaman normaldir.""]",NO,[],KEEP,PASS,PASS,PASS,PASS,PASS,PASS,PASS,GPT-6.1 Sol independent text reviewer B,medial kollateral ligaman正常列在共同谓语，MCL否定范围完整。
1.2.826.0.1.3680043.8.498.20301796413163444642416918108994411350,Medial Meniscus,724552fae3118c7a0cc15f9fab2a621190a165c59086126cd1694bd98ef8e589,PRESENT,"[""Medial menisküs posterior hornu ve gövde düzeyinde grade III dejenerasyon izlendi.""]",UNKNOWN,"[""criteria_anatomy_severity_extent_or_timing_insufficient"",""history_or_postoperative_scope_review"",""llm_review:Grade III degeneration is reported without an explicit tear diagnosis or a defined grading convention; a definite tear versus internal degeneration alone remains ambiguous."",""llm_review:Timing is unspecified.""]",KEEP,PASS,PASS,PASS,PASS,PASS,PASS,PASS,GPT-6.1 Sol independent text reviewer B,内侧后角及体部gradeIII退变明确，分级体系未说明不硬认撕裂，PRESENT而UNKNOWN保守允许。
1.2.826.0.1.3680043.8.498.20301796413163444642416918108994411350,Lateral Meniscus,724552fae3118c7a0cc15f9fab2a621190a165c59086126cd1694bd98ef8e589,ABSENT,"[""Lateral menisküs  normaldir.""]",NO,[],KEEP,PASS,PASS,PASS,PASS,PASS,PASS,PASS,GPT-6.1 Sol independent text reviewer B,外侧半月板单独normaldir，未将内侧gradeIII扩为外侧异常。
1.2.826.0.1.3680043.8.498.20301796413163444642416918108994411350,Medial OA,724552fae3118c7a0cc15f9fab2a621190a165c59086126cd1694bd98ef8e589,NOT_MENTIONED,[],UNKNOWN,[],KEEP,PASS,PASS,PASS,PASS,PASS,PASS,PASS,GPT-6.1 Sol independent text reviewer B,胫骨ACL附着处软骨下囊肿没有内側间室软骨病损失评价，不凭囊肿推OA。
1.2.826.0.1.3680043.8.498.20301796413163444642416918108994411350,Lateral OA,724552fae3118c7a0cc15f9fab2a621190a165c59086126cd1694bd98ef8e589,NOT_MENTIONED,[],UNKNOWN,[],KEEP,PASS,PASS,PASS,PASS,PASS,PASS,PASS,GPT-6.1 Sol independent text reviewer B,未描述外侧股胫软骨或OA；外侧半月板正常不自动覆盖软骨，未知正确。
1.2.826.0.1.3680043.8.498.20301796413163444642416918108994411350,PF OA,724552fae3118c7a0cc15f9fab2a621190a165c59086126cd1694bd98ef8e589,NOT_MENTIONED,[],UNKNOWN,[],KEEP,PASS,PASS,PASS,PASS,PASS,PASS,PASS,GPT-6.1 Sol independent text reviewer B,髌骨位置及支持带连续正常不是髌股软骨检查，PF OA未提及保守。
1.2.826.0.1.3680043.8.498.20301796413163444642416918108994411350,Effusion,724552fae3118c7a0cc15f9fab2a621190a165c59086126cd1694bd98ef8e589,ABSENT,"[""Eklemde sıvı artışı saptanmamıştır.""]",NO,[],KEEP,PASS,PASS,PASS,PASS,PASS,PASS,PASS,GPT-6.1 Sol independent text reviewer B,Eklemde sıvı artışı saptanmamıştır未见关节液增多，完整否定病理积液支持NO。
1.2.826.0.1.3680043.8.498.20301796413163444642416918108994411350,Synovitis,724552fae3118c7a0cc15f9fab2a621190a165c59086126cd1694bd98ef8e589,NOT_MENTIONED,[],UNKNOWN,[],KEEP,PASS,PASS,PASS,PASS,PASS,PASS,PASS,GPT-6.1 Sol independent text reviewer B,未报告滑膜炎或增厚，不从多发ganglion补滑膜病变。
1.2.826.0.1.3680043.8.498.20301796413163444642416918108994411350,Baker's,724552fae3118c7a0cc15f9fab2a621190a165c59086126cd1694bd98ef8e589,NOT_MENTIONED,[],UNKNOWN,"[""llm_review:The reported ganglion cysts adjacent to the medial gastrocnemius tendon do not establish a Baker cyst or its characteristic bursal location.""]",KEEP,PASS,PASS,PASS,PASS,PASS,PASS,PASS,GPT-6.1 Sol independent text reviewer B,内侧腓肠肌腱旁两枚10×6mm ganglion没有典型半膜肌-腓肠肌囊关系，未命名Baker，未提及类别合理。
1.2.826.0.1.3680043.8.498.20301796413163444642416918108994411350,Contusion,724552fae3118c7a0cc15f9fab2a621190a165c59086126cd1694bd98ef8e589,NOT_MENTIONED,[],UNKNOWN,[],KEEP,PASS,PASS,PASS,PASS,PASS,PASS,PASS,GPT-6.1 Sol independent text reviewer B,骨内5mm囊肿及胫骨软骨下囊肿不是骨髓水肿或创伤骨挫伤，未提及正确。
1.2.826.0.1.3680043.8.498.20301796413163444642416918108994411350,Fracture,724552fae3118c7a0cc15f9fab2a621190a165c59086126cd1694bd98ef8e589,NOT_MENTIONED,[],UNKNOWN,[],KEEP,PASS,PASS,PASS,PASS,PASS,PASS,PASS,GPT-6.1 Sol independent text reviewer B,没有骨折或骨皮质线改变，囊肿不当骨折，保持UNKNOWN。
1.2.826.0.1.3680043.8.498.18389676218363070462526838642303976332,ACL,35e6632ac317f5b2e821f22e18e25a2863a017c5d79a975b08d7d4b6effec94e,ABSENT,"[""Ligament croisé antérieur : Normal."",""Pas de signe de déchirures méniscales ou ligamentaires.""]",NO,[],KEEP,PASS,PASS,PASS,PASS,PASS,PASS,PASS,GPT-6.1 Sol independent text reviewer B,ACL Normal与结论无韧带裂相符，全面当前正常证据支持NO。
1.2.826.0.1.3680043.8.498.18389676218363070462526838642303976332,MCL,35e6632ac317f5b2e821f22e18e25a2863a017c5d79a975b08d7d4b6effec94e,ABSENT,"[""Ligament médial collatéral : Normal."",""Pas de signe de déchirures méniscales ou ligamentaires.""]",NO,[],KEEP,PASS,PASS,PASS,PASS,PASS,PASS,PASS,GPT-6.1 Sol independent text reviewer B,内侧副韧带Normal直接明确，否定无跨结构范围问题。
1.2.826.0.1.3680043.8.498.18389676218363070462526838642303976332,Medial Meniscus,35e6632ac317f5b2e821f22e18e25a2863a017c5d79a975b08d7d4b6effec94e,PRESENT,"[""Ménisque médial : Légers changements dégénératifs signalétiques du corps et de la corne postérieure sans signe de déchirure."",""Pas de signe de déchirures méniscales ou ligamentaires.""]",NO,"[""explicit_subthreshold_or_alternative"",""history_or_postoperative_scope_review"",""negation_scope_review""]",KEEP,PASS,PASS,PASS,PASS,PASS,PASS,PASS,GPT-6.1 Sol independent text reviewer B,内侧体部后角轻度内部退变明确，PRESENT保存病变而without tear映标准NO，描述和标准正确分离。
1.2.826.0.1.3680043.8.498.18389676218363070462526838642303976332,Lateral Meniscus,35e6632ac317f5b2e821f22e18e25a2863a017c5d79a975b08d7d4b6effec94e,ABSENT,"[""Ménisque latéral : Normal."",""Pas de signe de déchirures méniscales ou ligamentaires.""]",NO,[],KEEP,PASS,PASS,PASS,PASS,PASS,PASS,PASS,GPT-6.1 Sol independent text reviewer B,外侧半月板Normal及结论无半月板裂，全面否定支持NO。
1.2.826.0.1.3680043.8.498.18389676218363070462526838642303976332,Medial OA,35e6632ac317f5b2e821f22e18e25a2863a017c5d79a975b08d7d4b6effec94e,PRESENT,"[""Chondropatie des compartiments médial et fémoropatellaire. Il y a un léger amincissement diffus du cartilage."",""Dans le compartiment médial, il y a une scissure profonde de délamination focale dans le condyle fémoral portant avec une petite zone d'œdème osseux réactionnel sous-chondral.""]",UNKNOWN,"[""criteria_anatomy_severity_extent_or_timing_insufficient"",""llm_review:Deep focal delamination is described, but percentage cartilage thickness loss and extent in millimeters are unspecified.""]",KEEP,PASS,PASS,PASS,PASS,PASS,PASS,PASS,GPT-6.1 Sol independent text reviewer B,内侧软骨轻度变薄合并局灶深分层，不能仅看轻度推亚阈值，也不能凭深裂构造百分比范围，UNKNOWN正确。
1.2.826.0.1.3680043.8.498.18389676218363070462526838642303976332,Lateral OA,35e6632ac317f5b2e821f22e18e25a2863a017c5d79a975b08d7d4b6effec94e,NOT_MENTIONED,[],UNKNOWN,[],KEEP,PASS,PASS,PASS,PASS,PASS,PASS,PASS,GPT-6.1 Sol independent text reviewer B,未评估外侧软骨病，内侧和髌股异常不扩至外侧，保持未提及。
1.2.826.0.1.3680043.8.498.18389676218363070462526838642303976332,PF OA,35e6632ac317f5b2e821f22e18e25a2863a017c5d79a975b08d7d4b6effec94e,PRESENT,"[""Dans le compartiment fémoropatellaire, il y a des zones focales de chondropatie modérée à sévère impliquant la gorge trochléaire et la jonction entre la trochlée médiale et le condyle fémoral médial, avec de petits foyers de kystes et d'œdème sous-chondraux réactionnels."",""Chondropatie des compartiments médial et fémoropatellaire telle que décrite avec des zones focales de fissuration profonde.""]",UNKNOWN,"[""criteria_anatomy_severity_extent_or_timing_insufficient"",""llm_review:Moderate-to-severe chondropathy does not specify percentage cartilage thickness loss or extent in millimeters.""]",KEEP,PASS,PASS,PASS,PASS,PASS,PASS,PASS,GPT-6.1 Sol independent text reviewer B,髌股滑车中重度局灶软骨病及反应囊肿水肿保存，原文范围未量化，UNKNOWN合理。
1.2.826.0.1.3680043.8.498.18389676218363070462526838642303976332,Effusion,35e6632ac317f5b2e821f22e18e25a2863a017c5d79a975b08d7d4b6effec94e,PRESENT,"[""Épanchement articulaire : Minuscule épanchement articulaire."",""Petit épanchement articulaire et petit kyste de Baker non compliqué.""]",NO,"[""explicit_subthreshold_or_alternative""]",KEEP,PASS,PASS,PASS,PASS,PASS,PASS,PASS,GPT-6.1 Sol independent text reviewer B,Minuscule与结论Petit积液均微少量，PRESENT和标准NO正确。
1.2.826.0.1.3680043.8.498.18389676218363070462526838642303976332,Synovitis,35e6632ac317f5b2e821f22e18e25a2863a017c5d79a975b08d7d4b6effec94e,NOT_MENTIONED,[],UNKNOWN,[],KEEP,PASS,PASS,PASS,PASS,PASS,PASS,PASS,GPT-6.1 Sol independent text reviewer B,反应性骨下水肿并非滑膜炎，未描述滑膜炎症或增厚，未知正确。
1.2.826.0.1.3680043.8.498.18389676218363070462526838642303976332,Baker's,35e6632ac317f5b2e821f22e18e25a2863a017c5d79a975b08d7d4b6effec94e,PRESENT,"[""Kyste de Baker : Petit kyste de Baker non compliqué."",""Petit épanchement articulaire et petit kyste de Baker non compliqué.""]",NO,"[""explicit_subthreshold_or_alternative""]",KEEP,PASS,PASS,PASS,PASS,PASS,PASS,PASS,GPT-6.1 Sol independent text reviewer B,Petit Baker明确小囊肿，与额外上腘窝ganglion分开，不因额外囊肿合并升程度，NO正确。
1.2.826.0.1.3680043.8.498.18389676218363070462526838642303976332,Contusion,35e6632ac317f5b2e821f22e18e25a2863a017c5d79a975b08d7d4b6effec94e,ABSENT,"[""Dans le compartiment médial, il y a une scissure profonde de délamination focale dans le condyle fémoral portant avec une petite zone d'œdème osseux réactionnel sous-chondral."",""Dans le compartiment fémoropatellaire, il y a des zones focales de chondropatie modérée à sévère impliquant la gorge trochléaire et la jonction entre la trochlée médiale et le condyle fémoral médial, avec de petits foyers de kystes et d'œdème sous-chondraux réactionnels."",""Signal de la moelle osseuse :\nPar ailleurs normal.""]",NO,[],MASK,FAIL,PASS,PASS,PASS,PASS,PASS,PASS,GPT-6.1 Sol independent text reviewer B,原文内侧及髌股有明确反应性软骨下骨水肿，输出ABSENT未保存相关异常状态，应为PRESENT并注明退变反应来源。Degenerative章节、反应性水肿及其余骨髓正常可支持标准NO，但报告状态并非无异常；status FAIL，MASK。
1.2.826.0.1.3680043.8.498.18389676218363070462526838642303976332,Fracture,35e6632ac317f5b2e821f22e18e25a2863a017c5d79a975b08d7d4b6effec94e,ABSENT,"[""Fractures :\nAucune.""]",NO,[],KEEP,PASS,PASS,PASS,PASS,PASS,PASS,PASS,GPT-6.1 Sol independent text reviewer B,Fractures:Aucune直接完整否定骨折，当前NO与退变性软骨下反应改变不冲突。
1.2.826.0.1.3680043.8.498.22803020644232321685575897661362804423,ACL,db0521bc8f48910b1e26de5c42aec66eba2f3536c983d09adfcce80f10fb2965,PRESENT,"[""Ön çapraz bağ sinyali özellikle proksimalde sinyal artışı vardır (grade I sprain).""]",NO,"[""explicit_subthreshold_or_alternative"",""llm_review:Low-grade sprain; injury timing unspecified.""]",KEEP,PASS,PASS,PASS,PASS,PASS,PASS,PASS,GPT-6.1 Sol independent text reviewer B,ACL近端信号增加且grade I sprain，明确低等级损伤，PRESENT保存而标准NO，不视为高级别裂。
1.2.826.0.1.3680043.8.498.22803020644232321685575897661362804423,MCL,db0521bc8f48910b1e26de5c42aec66eba2f3536c983d09adfcce80f10fb2965,ABSENT,"[""Lateral ve medial kollateral ligaman normaldir.""]",NO,[],KEEP,PASS,PASS,PASS,PASS,PASS,PASS,PASS,GPT-6.1 Sol independent text reviewer B,内外側副韧带normaldir，MCL全面正常否定支持NO。
1.2.826.0.1.3680043.8.498.22803020644232321685575897661362804423,Medial Meniscus,db0521bc8f48910b1e26de5c42aec66eba2f3536c983d09adfcce80f10fb2965,PRESENT,"[""Medial menisküs posterior horn düzeyinde nonartiküler yüze açılan horizontal yırtık izlendi.""]",YES,"[""history_or_postoperative_scope_review"",""llm_review:Tear severity and timing unspecified.""]",KEEP,PASS,PASS,PASS,PASS,PASS,PASS,PASS,GPT-6.1 Sol independent text reviewer B,内侧后角horizontal yırtık明确水平撕裂诊断，nonarticular表面措辞未被虚构为阅片标准；直接诊断允许YES。
1.2.826.0.1.3680043.8.498.22803020644232321685575897661362804423,Lateral Meniscus,db0521bc8f48910b1e26de5c42aec66eba2f3536c983d09adfcce80f10fb2965,ABSENT,"[""Lateral menisküs  normaldir.""]",NO,[],KEEP,PASS,PASS,PASS,PASS,PASS,PASS,PASS,GPT-6.1 Sol independent text reviewer B,外侧半月板明确正常，不把内側水平裂扩到外侧，NO成立。
1.2.826.0.1.3680043.8.498.22803020644232321685575897661362804423,Medial OA,db0521bc8f48910b1e26de5c42aec66eba2f3536c983d09adfcce80f10fb2965,NOT_MENTIONED,[],UNKNOWN,[],KEEP,PASS,PASS,PASS,PASS,PASS,PASS,PASS,GPT-6.1 Sol independent text reviewer B,报告未描述内侧股胫软骨或OA，半月板撕裂不替代OA证据，未知正确。
1.2.826.0.1.3680043.8.498.22803020644232321685575897661362804423,Lateral OA,db0521bc8f48910b1e26de5c42aec66eba2f3536c983d09adfcce80f10fb2965,NOT_MENTIONED,[],UNKNOWN,[],KEEP,PASS,PASS,PASS,PASS,PASS,PASS,PASS,GPT-6.1 Sol independent text reviewer B,外側半月板正常不等于外側软骨正常，未提及保持屏蔽。
1.2.826.0.1.3680043.8.498.22803020644232321685575897661362804423,PF OA,db0521bc8f48910b1e26de5c42aec66eba2f3536c983d09adfcce80f10fb2965,NOT_MENTIONED,[],UNKNOWN,[],KEEP,PASS,PASS,PASS,PASS,PASS,PASS,PASS,GPT-6.1 Sol independent text reviewer B,髌骨位置及支持带正常未评价髌股软骨，未推NO。
1.2.826.0.1.3680043.8.498.22803020644232321685575897661362804423,Effusion,db0521bc8f48910b1e26de5c42aec66eba2f3536c983d09adfcce80f10fb2965,PRESENT,"[""Diz eklemi içerisinde hafif sıvı artışı izlenmiştir.""]",NO,"[""explicit_subthreshold_or_alternative"",""llm_review:Mild fluid is subthreshold; joint distension and timing unspecified.""]",KEEP,PASS,PASS,PASS,PASS,PASS,PASS,PASS,GPT-6.1 Sol independent text reviewer B,hafif关节内液体轻度增多，PRESENT与中大量阈值NO分离正确。
1.2.826.0.1.3680043.8.498.22803020644232321685575897661362804423,Synovitis,db0521bc8f48910b1e26de5c42aec66eba2f3536c983d09adfcce80f10fb2965,NOT_MENTIONED,[],UNKNOWN,[],KEEP,PASS,PASS,PASS,PASS,PASS,PASS,PASS,GPT-6.1 Sol independent text reviewer B,无直接滑膜炎或增厚，仅少量积液不能补滑膜炎，未提及正确。
1.2.826.0.1.3680043.8.498.22803020644232321685575897661362804423,Baker's,db0521bc8f48910b1e26de5c42aec66eba2f3536c983d09adfcce80f10fb2965,PRESENT,"[""Popliteal fossada yaklaşık 22x10 mm boyutlarında baker kisti izlendi.""]",UNKNOWN,"[""criteria_anatomy_severity_extent_or_timing_insufficient"",""llm_review:Dimensions are reported, but moderate/large severity is not established; timing unspecified.""]",KEEP,PASS,PASS,PASS,PASS,PASS,PASS,PASS,GPT-6.1 Sol independent text reviewer B,Baker囊肿位腘窝并测22×10mm，未按未预定义数值硬判中大量，UNKNOWN/mask0保守正确。
1.2.826.0.1.3680043.8.498.22803020644232321685575897661362804423,Contusion,db0521bc8f48910b1e26de5c42aec66eba2f3536c983d09adfcce80f10fb2965,NOT_MENTIONED,[],UNKNOWN,[],KEEP,PASS,PASS,PASS,PASS,PASS,PASS,PASS,GPT-6.1 Sol independent text reviewer B,没有骨髓水肿或创伤挫伤描述，不从gradeI ACL扭伤补骨挫伤。
1.2.826.0.1.3680043.8.498.22803020644232321685575897661362804423,Fracture,db0521bc8f48910b1e26de5c42aec66eba2f3536c983d09adfcce80f10fb2965,NOT_MENTIONED,[],UNKNOWN,[],KEEP,PASS,PASS,PASS,PASS,PASS,PASS,PASS,GPT-6.1 Sol independent text reviewer B,没有骨折描述或否定，未知不填阴性。
1.2.826.0.1.3680043.8.498.25206096958520407302630747466352252249,ACL,d00b626e5aa358a14a1f41bad11b7870b008c1371859ceb2db8a1df9097c5452,PRESENT,"[""Αναγνωρίζεται παθολογικό σήμα, ασυνέχεια και διαταραχή του προσανατολισμού των ινών του προσθίου χιαστού συνδέσμου στα πλαίσια πλήρους χρονίας ρήξης του.""]",YES,[],KEEP,PASS,PASS,PASS,PASS,PASS,PASS,PASS,GPT-6.1 Sol independent text reviewer B,ACL明确纤维中断及方向紊乱，完整慢性撕裂πλήρους χρονίας，当前慢性而非病史，YES合理。
1.2.826.0.1.3680043.8.498.25206096958520407302630747466352252249,MCL,d00b626e5aa358a14a1f41bad11b7870b008c1371859ceb2db8a1df9097c5452,ABSENT,"[""Ο οπίσθιος χιαστός και οι πλάγιοι σύνδεσμοι έχουν φυσιολογική απεικόνιση.""]",NO,[],KEEP,PASS,PASS,PASS,PASS,PASS,PASS,PASS,GPT-6.1 Sol independent text reviewer B,后交叉及侧副韧带正常显像，MCL全面否定支持NO。
1.2.826.0.1.3680043.8.498.25206096958520407302630747466352252249,Medial Meniscus,d00b626e5aa358a14a1f41bad11b7870b008c1371859ceb2db8a1df9097c5452,PRESENT,"[""Παρατηρείται κάθετη ρήξη στο σώμα και οπίσθιο κέρας του έσω μηνίσκου.""]",YES,[],KEEP,PASS,PASS,PASS,PASS,PASS,PASS,PASS,GPT-6.1 Sol independent text reviewer B,内侧体部后角垂直撕裂直接确诊，侧别与范围忠于原文，YES成立。
1.2.826.0.1.3680043.8.498.25206096958520407302630747466352252249,Lateral Meniscus,d00b626e5aa358a14a1f41bad11b7870b008c1371859ceb2db8a1df9097c5452,NOT_MENTIONED,[],UNKNOWN,[],KEEP,PASS,PASS,PASS,PASS,PASS,PASS,PASS,GPT-6.1 Sol independent text reviewer B,仅内侧半月板被评价，外側不能由未提及变为正常或同样撕裂，未知正确。
1.2.826.0.1.3680043.8.498.25206096958520407302630747466352252249,Medial OA,d00b626e5aa358a14a1f41bad11b7870b008c1371859ceb2db8a1df9097c5452,ABSENT,"[""Ο οστικός μυελός και ο αρθρικός χόνδρος δεν παρουσιάζουν παθολογικά ευρήματα.""]",NO,[],KEEP,PASS,PASS,PASS,PASS,PASS,PASS,PASS,GPT-6.1 Sol independent text reviewer B,全局关节软骨无病理发现没有局部深度限定，覆盖内側正常，NO合理。
1.2.826.0.1.3680043.8.498.25206096958520407302630747466352252249,Lateral OA,d00b626e5aa358a14a1f41bad11b7870b008c1371859ceb2db8a1df9097c5452,ABSENT,"[""Ο οστικός μυελός και ο αρθρικός χόνδρος δεν παρουσιάζουν παθολογικά ευρήματα.""]",NO,[],KEEP,PASS,PASS,PASS,PASS,PASS,PASS,PASS,GPT-6.1 Sol independent text reviewer B,同一全局软骨正常亦涵盖外侧，无其它相反软骨证据，NO成立。
1.2.826.0.1.3680043.8.498.25206096958520407302630747466352252249,PF OA,d00b626e5aa358a14a1f41bad11b7870b008c1371859ceb2db8a1df9097c5452,ABSENT,"[""Ο οστικός μυελός και ο αρθρικός χόνδρος δεν παρουσιάζουν παθολογικά ευρήματα.""]",NO,[],KEEP,PASS,PASS,PASS,PASS,PASS,PASS,PASS,GPT-6.1 Sol independent text reviewer B,全局关节软骨无病理包括髌股，未将髌前软组织水肿当软骨异常，NO合理。
1.2.826.0.1.3680043.8.498.25206096958520407302630747466352252249,Effusion,d00b626e5aa358a14a1f41bad11b7870b008c1371859ceb2db8a1df9097c5452,PRESENT,"[""Αναγνωρίζεται ελάχιστη συλλογή υγρού ενδαρθικά.""]",NO,"[""explicit_subthreshold_or_alternative""]",KEEP,PASS,PASS,PASS,PASS,PASS,PASS,PASS,GPT-6.1 Sol independent text reviewer B,ελάχιστη关节内微量液体明确存在，微量亚阈值NO并保留PRESENT正确。
1.2.826.0.1.3680043.8.498.25206096958520407302630747466352252249,Synovitis,d00b626e5aa358a14a1f41bad11b7870b008c1371859ceb2db8a1df9097c5452,NOT_MENTIONED,[],UNKNOWN,[],KEEP,PASS,PASS,PASS,PASS,PASS,PASS,PASS,GPT-6.1 Sol independent text reviewer B,髌前软组织水肿不是关节滑膜炎，未直接提及滑膜改变保持未知。
1.2.826.0.1.3680043.8.498.25206096958520407302630747466352252249,Baker's,d00b626e5aa358a14a1f41bad11b7870b008c1371859ceb2db8a1df9097c5452,NOT_MENTIONED,[],UNKNOWN,[],KEEP,PASS,PASS,PASS,PASS,PASS,PASS,PASS,GPT-6.1 Sol independent text reviewer B,未评价腘窝囊肿，微量积液不支持Baker推断，未提及正确。
1.2.826.0.1.3680043.8.498.25206096958520407302630747466352252249,Contusion,d00b626e5aa358a14a1f41bad11b7870b008c1371859ceb2db8a1df9097c5452,ABSENT,"[""Ο οστικός μυελός και ο αρθρικός χόνδρος δεν παρουσιάζουν παθολογικά ευρήματα.""]",NO,[],KEEP,PASS,PASS,PASS,PASS,PASS,PASS,PASS,GPT-6.1 Sol independent text reviewer B,骨髓无病理发现为完整正常否定骨髓异常，髌前水肿是软组织而非骨髓，Contusion NO成立。
1.2.826.0.1.3680043.8.498.25206096958520407302630747466352252249,Fracture,d00b626e5aa358a14a1f41bad11b7870b008c1371859ceb2db8a1df9097c5452,NOT_MENTIONED,[],UNKNOWN,[],KEEP,PASS,PASS,PASS,PASS,PASS,PASS,PASS,GPT-6.1 Sol independent text reviewer B,未明确骨折线或骨皮质评价，正常骨髓不强行覆盖所有骨折，未提及保守允许。
1.2.826.0.1.3680043.8.498.10147717839726734017869499799005084725,ACL,feaf0dc659ea1f01a840fb484a5808369937b3078aed1dcb415b27da396d7ca8,ABSENT,"[""Çapraz bağlar normal.""]",NO,[],KEEP,PASS,PASS,PASS,PASS,PASS,PASS,PASS,GPT-6.1 Sol independent text reviewer C,交叉韧带正常全面覆盖ACL，NO可靠。
1.2.826.0.1.3680043.8.498.10147717839726734017869499799005084725,MCL,feaf0dc659ea1f01a840fb484a5808369937b3078aed1dcb415b27da396d7ca8,UNCERTAIN,"[""İç yan bağın femoral tarafındaki hafif kalınlaşma eski zedelenme sekeli olabilir.""]",UNKNOWN,"[""llm_review:Mild thickening may represent an old injury sequela; an acute high-grade tear is not established."",""uncertain_report""]",KEEP,PASS,PASS,PASS,PASS,PASS,PASS,PASS,GPT-6.1 Sol independent text reviewer C,内侧韧带轻度增厚可能为旧伤后遗，疑似慢性描述合理，急性高级别不确定。
1.2.826.0.1.3680043.8.498.10147717839726734017869499799005084725,Medial Meniscus,feaf0dc659ea1f01a840fb484a5808369937b3078aed1dcb415b27da396d7ca8,PRESENT,"[""Medyal menisküsün arka boynuzundaki yapı içi dejenerasyon inferiyor eklem yüzeyine tek bir noktada (seri 4, görüntü 7) yırtık biçiminde ulaşıyor.""]",YES,[],KEEP,PASS,PASS,PASS,PASS,PASS,PASS,PASS,GPT-6.1 Sol independent text reviewer C,内侧后角变性以撕裂到达下表面，明确诊断支持YES，未虚构多切面。
1.2.826.0.1.3680043.8.498.10147717839726734017869499799005084725,Lateral Meniscus,feaf0dc659ea1f01a840fb484a5808369937b3078aed1dcb415b27da396d7ca8,UNCERTAIN,"[""Lateral menisküsün korpus kesiminde serbest kenardaki yırtık püsküllenme biçiminde olabilir.""]",UNKNOWN,"[""llm_review:The wording may qualify the tear itself or only its fraying morphology."",""uncertain_report""]",KEEP,PASS,PASS,PASS,PASS,PASS,PASS,PASS,GPT-6.1 Sol independent text reviewer C,外侧体部自由缘撕裂的毛刷状措辞有歧义，保守UNCERTAIN合理。
1.2.826.0.1.3680043.8.498.10147717839726734017869499799005084725,Medial OA,feaf0dc659ea1f01a840fb484a5808369937b3078aed1dcb415b27da396d7ca8,PRESENT,"[""Diz eklemindeki trikompartmantal dejeneratif eklem hastalığı""]",UNKNOWN,"[""criteria_anatomy_severity_extent_or_timing_insufficient"",""llm_review:Tricompartmental disease includes the medial compartment, but medial cartilage-loss depth and extent are unspecified.""]",KEEP,PASS,PASS,PASS,PASS,PASS,PASS,PASS,GPT-6.1 Sol independent text reviewer C,三间室退变包括内侧，该处深度和范围未知。
1.2.826.0.1.3680043.8.498.10147717839726734017869499799005084725,Lateral OA,feaf0dc659ea1f01a840fb484a5808369937b3078aed1dcb415b27da396d7ca8,PRESENT,"[""Diz eklemindeki trikompartmantal dejeneratif eklem hastalığı""]",UNKNOWN,"[""criteria_anatomy_severity_extent_or_timing_insufficient"",""llm_review:Tricompartmental disease includes the lateral compartment, but lateral cartilage-loss depth and extent are unspecified.""]",KEEP,PASS,PASS,PASS,PASS,PASS,PASS,PASS,GPT-6.1 Sol independent text reviewer C,三间室退变包括外侧，未跨间室使用全层损失。
1.2.826.0.1.3680043.8.498.10147717839726734017869499799005084725,PF OA,feaf0dc659ea1f01a840fb484a5808369937b3078aed1dcb415b27da396d7ca8,PRESENT,"[""Diz eklemindeki trikompartmantal dejeneratif eklem hastalığı patellofemoral kompartmanda en belirgin ve lateral patellar faset ile patella apeksinde tam kata ulaşan eklem kıkırdağı kaybı ve dejenerasyonu, subkondral medüller fibrokistik ve fibrovasküler değişiklikler ve marjinal osteofitlerle karakterize.""]",UNKNOWN,"[""criteria_anatomy_severity_extent_or_timing_insufficient"",""llm_review:Full-thickness cartilage loss is reported, but its extent is not measured.""]",KEEP,PASS,PASS,PASS,PASS,PASS,PASS,PASS,GPT-6.1 Sol independent text reviewer C,髌骨外侧面与尖部全层损失明确，无毫米范围，UNKNOWN正确。
1.2.826.0.1.3680043.8.498.10147717839726734017869499799005084725,Effusion,feaf0dc659ea1f01a840fb484a5808369937b3078aed1dcb415b27da396d7ca8,PRESENT,"[""Diz eklemi içi sıvı miktarı minimal artmış.""]",NO,"[""explicit_subthreshold_or_alternative""]",KEEP,PASS,PASS,PASS,PASS,PASS,PASS,PASS,GPT-6.1 Sol independent text reviewer C,关节液仅最小增加，MILD亚阈值NO正确。
1.2.826.0.1.3680043.8.498.10147717839726734017869499799005084725,Synovitis,feaf0dc659ea1f01a840fb484a5808369937b3078aed1dcb415b27da396d7ca8,NOT_MENTIONED,[],UNKNOWN,[],KEEP,PASS,PASS,PASS,PASS,PASS,PASS,PASS,GPT-6.1 Sol independent text reviewer C,少量液体不能推断滑膜炎，未提及合理。
1.2.826.0.1.3680043.8.498.10147717839726734017869499799005084725,Baker's,feaf0dc659ea1f01a840fb484a5808369937b3078aed1dcb415b27da396d7ca8,NOT_MENTIONED,[],UNKNOWN,[],KEEP,PASS,PASS,PASS,PASS,PASS,PASS,PASS,GPT-6.1 Sol independent text reviewer C,未描述腘窝Baker囊肿，未知合理。
1.2.826.0.1.3680043.8.498.10147717839726734017869499799005084725,Contusion,feaf0dc659ea1f01a840fb484a5808369937b3078aed1dcb415b27da396d7ca8,NOT_MENTIONED,[],UNKNOWN,[],KEEP,PASS,PASS,PASS,PASS,PASS,PASS,PASS,GPT-6.1 Sol independent text reviewer C,纤维囊性与血管改变无直接创伤性骨髓水肿，未提及骨挫伤合理。
1.2.826.0.1.3680043.8.498.10147717839726734017869499799005084725,Fracture,feaf0dc659ea1f01a840fb484a5808369937b3078aed1dcb415b27da396d7ca8,NOT_MENTIONED,[],UNKNOWN,[],KEEP,PASS,PASS,PASS,PASS,PASS,PASS,PASS,GPT-6.1 Sol independent text reviewer C,没有骨折线、皮质断裂或骨折否定，保留未提及。
1.2.826.0.1.3680043.8.498.10135587809070718435691939321937314104,ACL,b4c9a24299709da16ef9205bb296bcaea08528d8e69ee9e8e20cebb11cbe977f,ABSENT,"[""Ligamentos conservados y colaterales de grosor y señal conservados.""]",NO,"[""llm_review:ACL covered by a general statement of preserved ligaments; not individually named.""]",KEEP,PASS,PASS,PASS,PASS,PASS,PASS,PASS,GPT-6.1 Sol independent text reviewer C,所见韧带保留正常泛称覆盖ACL，非病史引用。
1.2.826.0.1.3680043.8.498.10135587809070718435691939321937314104,MCL,b4c9a24299709da16ef9205bb296bcaea08528d8e69ee9e8e20cebb11cbe977f,ABSENT,"[""Ligamentos conservados y colaterales de grosor y señal conservados.""]",NO,[],KEEP,PASS,PASS,PASS,PASS,PASS,PASS,PASS,GPT-6.1 Sol independent text reviewer C,侧副韧带厚度和信号保留包含MCL，支持NO。
1.2.826.0.1.3680043.8.498.10135587809070718435691939321937314104,Medial Meniscus,b4c9a24299709da16ef9205bb296bcaea08528d8e69ee9e8e20cebb11cbe977f,PRESENT,"[""Moderada extrusión del menisco medial, con rotura radial de los dos tercios internos del cuerno\nposterior."",""Rotura compleja de la región corporal, con fibrilación del borde libre, un componente\nvertical oblicuo y otro horizontal, que determina desplazamiento de tejido meniscal al receso\nmenisco tibial."",""Rotura radial prácticamente completa del cuerno posterior del menisco medial""]",YES,"[""history_or_postoperative_scope_review""]",KEEP,PASS,PASS,PASS,PASS,PASS,PASS,PASS,GPT-6.1 Sol independent text reviewer C,内侧近全径放射及复杂撕裂为当前所见，YES正确，posterior触发病史审计为误报。
1.2.826.0.1.3680043.8.498.10135587809070718435691939321937314104,Lateral Meniscus,b4c9a24299709da16ef9205bb296bcaea08528d8e69ee9e8e20cebb11cbe977f,PRESENT,"[""El menisco lateral presenta fibrilación difusa de su borde libre, con alteración de señal\nintrasustancia del cuerno anterior de carácter degenerativo."",""Cambios degenerativos del menisco lateral, con fibrilación difusa del borde libre.""]",NO,"[""explicit_subthreshold_or_alternative"",""llm_review:Degenerative intrasubstance signal and free-edge fibrillation; no definite tear diagnosis.""]",KEEP,PASS,PASS,PASS,PASS,PASS,PASS,PASS,GPT-6.1 Sol independent text reviewer C,外侧内部退变信号与边缘毛糙无明确撕裂诊断，NO合理。
1.2.826.0.1.3680043.8.498.10135587809070718435691939321937314104,Medial OA,b4c9a24299709da16ef9205bb296bcaea08528d8e69ee9e8e20cebb11cbe977f,PRESENT,"[""Adelgazamiento condral difuso de espesor total de la región anterior y central de carga del\ncompartimento femorotibial medial."",""Condropatía femorotibial medial difusa grado 4, con edema óseo regional sugerente de\nfenómenos de sobrecarga.""]",UNKNOWN,"[""criteria_anatomy_severity_extent_or_timing_insufficient"",""llm_review:Diffuse full-thickness loss is described, but its extent is not quantified against the approximately 10 mm threshold.""]",KEEP,PASS,PASS,PASS,PASS,PASS,PASS,PASS,GPT-6.1 Sol independent text reviewer C,内侧负重区弥漫全层损失及4级病变明确，范围未量化，UNKNOWN合理。
1.2.826.0.1.3680043.8.498.10135587809070718435691939321937314104,Lateral OA,b4c9a24299709da16ef9205bb296bcaea08528d8e69ee9e8e20cebb11cbe977f,PRESENT,"[""Irregularidad superficial difusa del cartílago del compartimento femorotibial lateral."",""Condropatía femorotibial lateral grado 2.""]",NO,"[""explicit_subthreshold_or_alternative"",""llm_review:Only superficial cartilage irregularity is described; grading convention and measured extent are unspecified.""]",KEEP,PASS,PASS,PASS,PASS,PASS,PASS,PASS,GPT-6.1 Sol independent text reviewer C,外侧仅表面不规则及2级软骨病，低级别事实支持NO。
1.2.826.0.1.3680043.8.498.10135587809070718435691939321937314104,PF OA,b4c9a24299709da16ef9205bb296bcaea08528d8e69ee9e8e20cebb11cbe977f,PRESENT,"[""Moderado adelgazamiento condral con úlceras de espesor total en la región central y faceta\nmedial de la patela."",""Irregularidad superficial difusa del cartílago troclear, con adelgazamiento de\nespesor moderado en la vertiente medial."",""Condropatía patelar grado 3-4 y troclear grado 2-3.""]",UNKNOWN,"[""criteria_anatomy_severity_extent_or_timing_insufficient"",""llm_review:Full-thickness patellar ulcers are present, but their extent is not quantified.""]",KEEP,PASS,PASS,PASS,PASS,PASS,PASS,PASS,GPT-6.1 Sol independent text reviewer C,髌骨全层溃疡和滑车中度变薄定位准确，无范围，UNKNOWN适当。
1.2.826.0.1.3680043.8.498.10135587809070718435691939321937314104,Effusion,b4c9a24299709da16ef9205bb296bcaea08528d8e69ee9e8e20cebb11cbe977f,PRESENT,"[""Leve a moderado derrame articular""]",UNKNOWN,"[""criteria_anatomy_severity_extent_or_timing_insufficient"",""llm_review:Severity spans mild to moderate; joint distension is not described.""]",KEEP,PASS,PASS,PASS,PASS,PASS,PASS,PASS,GPT-6.1 Sol independent text reviewer C,轻至中量跨阈值且未描述扩张，保留UNKNOWN。
1.2.826.0.1.3680043.8.498.10135587809070718435691939321937314104,Synovitis,b4c9a24299709da16ef9205bb296bcaea08528d8e69ee9e8e20cebb11cbe977f,PRESENT,"[""leve engrosamiento sinovial difuso"",""leve sinovitis difusa""]",YES,[],KEEP,PASS,PASS,PASS,PASS,PASS,PASS,PASS,GPT-6.1 Sol independent text reviewer C,直接轻度弥漫滑膜增厚和滑膜炎支持YES。
1.2.826.0.1.3680043.8.498.10135587809070718435691939321937314104,Baker's,b4c9a24299709da16ef9205bb296bcaea08528d8e69ee9e8e20cebb11cbe977f,ABSENT,"[""No hay quistes\npoplíteos.""]",NO,[],KEEP,PASS,PASS,PASS,PASS,PASS,PASS,PASS,GPT-6.1 Sol independent text reviewer C,明确无腘窝囊肿全面覆盖Baker，NO正确。
1.2.826.0.1.3680043.8.498.10135587809070718435691939321937314104,Contusion,b4c9a24299709da16ef9205bb296bcaea08528d8e69ee9e8e20cebb11cbe977f,PRESENT,"[""moderado edema óseo regional de ambas\nsuperficies, con esclerosis subcondral y osteofitos marginales."",""Condropatía femorotibial medial difusa grado 4, con edema óseo regional sugerente de\nfenómenos de sobrecarga.""]",NO,"[""explicit_subthreshold_or_alternative"",""llm_review:The reported marrow edema accompanies degenerative chondropathy and is attributed to overload; no traumatic contusion diagnosis or lesion-specific fracture-line assessment is provided.""]",KEEP,PASS,PASS,PASS,PASS,PASS,PASS,PASS,GPT-6.1 Sol independent text reviewer C,骨水肿伴硬化骨赘及过负荷退变，替代性PRESENT和退变性NO正确。
1.2.826.0.1.3680043.8.498.10135587809070718435691939321937314104,Fracture,b4c9a24299709da16ef9205bb296bcaea08528d8e69ee9e8e20cebb11cbe977f,NOT_MENTIONED,[],UNKNOWN,[],KEEP,PASS,PASS,PASS,PASS,PASS,PASS,PASS,GPT-6.1 Sol independent text reviewer C,无骨折描述，无弥漫骨髓异常不能当骨折否定。
1.2.826.0.1.3680043.8.498.10100718559177860518999368876392117659,ACL,e5bd2180650d1e70cb1a86a479f682f3721b0dfd532df9c779762699acc2b8ca,ABSENT,"[""Anterior cruciate ligament (ACL): Normal with both bundles intact.""]",NO,[],KEEP,PASS,PASS,PASS,PASS,PASS,PASS,PASS,GPT-6.1 Sol independent text reviewer C,ACL双束正常完整全面排除高级别，NO正确。
1.2.826.0.1.3680043.8.498.10100718559177860518999368876392117659,MCL,e5bd2180650d1e70cb1a86a479f682f3721b0dfd532df9c779762699acc2b8ca,ABSENT,"[""Medial collateral ligament (MCL): Normal.""]",NO,[],KEEP,PASS,PASS,PASS,PASS,PASS,PASS,PASS,GPT-6.1 Sol independent text reviewer C,MCL正常是直接全面阴性，非病史。
1.2.826.0.1.3680043.8.498.10100718559177860518999368876392117659,Medial Meniscus,e5bd2180650d1e70cb1a86a479f682f3721b0dfd532df9c779762699acc2b8ca,ABSENT,"[""Medial meniscus: Normal in morphology and signal."",""No MR evidence for medial meniscal tear.""]",NO,[],KEEP,PASS,PASS,PASS,PASS,PASS,PASS,PASS,GPT-6.1 Sol independent text reviewer C,内侧正常及结论无撕裂，不受检查目的疑似撕裂干扰。
1.2.826.0.1.3680043.8.498.10100718559177860518999368876392117659,Lateral Meniscus,e5bd2180650d1e70cb1a86a479f682f3721b0dfd532df9c779762699acc2b8ca,ABSENT,"[""Lateral meniscus: Normal in morphology and signal.""]",NO,[],KEEP,PASS,PASS,PASS,PASS,PASS,PASS,PASS,GPT-6.1 Sol independent text reviewer C,外侧形态信号正常支持独立NO。
1.2.826.0.1.3680043.8.498.10100718559177860518999368876392117659,Medial OA,e5bd2180650d1e70cb1a86a479f682f3721b0dfd532df9c779762699acc2b8ca,ABSENT,"[""Medial compartment cartilage: No focal full-thickness cartilage defects.""]",UNKNOWN,"[""llm_review:The negative excludes only focal full-thickness defects; qualifying partial-thickness cartilage loss is not excluded. Cartilage depth and extent are unspecified."",""negative_scope_insufficient""]",KEEP,PASS,PASS,PASS,PASS,PASS,PASS,PASS,GPT-6.1 Sol independent text reviewer C,内侧仅无局灶全层缺损，不排除部分厚度与弥漫损失，UNKNOWN正确。
1.2.826.0.1.3680043.8.498.10100718559177860518999368876392117659,Lateral OA,e5bd2180650d1e70cb1a86a479f682f3721b0dfd532df9c779762699acc2b8ca,ABSENT,"[""Lateral compartment cartilage: No focal full-thickness cartilage defects.""]",UNKNOWN,"[""llm_review:The negative excludes only focal full-thickness defects; qualifying partial-thickness cartilage loss is not excluded. Cartilage depth and extent are unspecified."",""negative_scope_insufficient""]",KEEP,PASS,PASS,PASS,PASS,PASS,PASS,PASS,GPT-6.1 Sol independent text reviewer C,外侧无局灶全层缺损是有限否定，全面absence留空正确。
1.2.826.0.1.3680043.8.498.10100718559177860518999368876392117659,PF OA,e5bd2180650d1e70cb1a86a479f682f3721b0dfd532df9c779762699acc2b8ca,ABSENT,"[""Patellofemoral compartment cartilage: No focal full-thickness cartilage defects.""]",UNKNOWN,"[""llm_review:The negative excludes only focal full-thickness defects; qualifying partial-thickness cartilage loss is not excluded. Cartilage depth and extent are unspecified."",""negative_scope_insufficient""]",KEEP,PASS,PASS,PASS,PASS,PASS,PASS,PASS,GPT-6.1 Sol independent text reviewer C,髌股无局灶全层缺损不足排除全部OA目标，UNKNOWN合理。
1.2.826.0.1.3680043.8.498.10100718559177860518999368876392117659,Effusion,e5bd2180650d1e70cb1a86a479f682f3721b0dfd532df9c779762699acc2b8ca,ABSENT,"[""Physiologic joint fluid without large volume effusion.""]",NO,[],KEEP,PASS,PASS,PASS,PASS,PASS,PASS,PASS,GPT-6.1 Sol independent text reviewer C,生理量液体本身支持无异常积液及亚阈值NO，不单凭无大量措辞。
1.2.826.0.1.3680043.8.498.10100718559177860518999368876392117659,Synovitis,e5bd2180650d1e70cb1a86a479f682f3721b0dfd532df9c779762699acc2b8ca,NOT_MENTIONED,[],UNKNOWN,[],KEEP,PASS,PASS,PASS,PASS,PASS,PASS,PASS,GPT-6.1 Sol independent text reviewer C,无直接滑膜炎证据，未提及正确。
1.2.826.0.1.3680043.8.498.10100718559177860518999368876392117659,Baker's,e5bd2180650d1e70cb1a86a479f682f3721b0dfd532df9c779762699acc2b8ca,ABSENT,"[""No Baker's cyst.""]",NO,[],KEEP,PASS,PASS,PASS,PASS,PASS,PASS,PASS,GPT-6.1 Sol independent text reviewer C,明确无Baker囊肿全面支持ABSENT与NO。
1.2.826.0.1.3680043.8.498.10100718559177860518999368876392117659,Contusion,e5bd2180650d1e70cb1a86a479f682f3721b0dfd532df9c779762699acc2b8ca,ABSENT,"[""No acute fracture or bone bruise."",""Background marrow signal is normal without infiltrative marrow process.""]",NO,[],KEEP,PASS,PASS,PASS,PASS,PASS,PASS,PASS,GPT-6.1 Sol independent text reviewer C,直接无骨挫伤且骨髓正常支持NO。
1.2.826.0.1.3680043.8.498.10100718559177860518999368876392117659,Fracture,e5bd2180650d1e70cb1a86a479f682f3721b0dfd532df9c779762699acc2b8ca,ABSENT,"[""No acute fracture or bone bruise.""]",NO,[],KEEP,PASS,PASS,PASS,PASS,PASS,PASS,PASS,GPT-6.1 Sol independent text reviewer C,明确无急性骨折排除竞争目标，NO正确。
1.2.826.0.1.3680043.8.498.10274956886032850418742861294277331382,ACL,cab45615e007575406990a1e1a7bac9d54898d67cec76cf50b49e04cea698d45,ABSENT,"[""Anterior cruciate ligament (ACL): Normal with both bundles intact.""]",NO,[],KEEP,PASS,PASS,PASS,PASS,PASS,PASS,PASS,GPT-6.1 Sol independent text reviewer C,ACL双束正常完整，全面否定支持NO。
1.2.826.0.1.3680043.8.498.10274956886032850418742861294277331382,MCL,cab45615e007575406990a1e1a7bac9d54898d67cec76cf50b49e04cea698d45,ABSENT,"[""Medial collateral ligament (MCL): Normal.""]",NO,[],KEEP,PASS,PASS,PASS,PASS,PASS,PASS,PASS,GPT-6.1 Sol independent text reviewer C,MCL直接正常，解剖定位正确。
1.2.826.0.1.3680043.8.498.10274956886032850418742861294277331382,Medial Meniscus,cab45615e007575406990a1e1a7bac9d54898d67cec76cf50b49e04cea698d45,ABSENT,"[""Medial meniscus: Normal in morphology and signal.""]",NO,[],KEEP,PASS,PASS,PASS,PASS,PASS,PASS,PASS,GPT-6.1 Sol independent text reviewer C,内侧半月板形态信号正常，NO正确。
1.2.826.0.1.3680043.8.498.10274956886032850418742861294277331382,Lateral Meniscus,cab45615e007575406990a1e1a7bac9d54898d67cec76cf50b49e04cea698d45,ABSENT,"[""Lateral meniscus: Normal in morphology and signal.""]",NO,[],KEEP,PASS,PASS,PASS,PASS,PASS,PASS,PASS,GPT-6.1 Sol independent text reviewer C,外侧半月板形态信号正常，独立NO。
1.2.826.0.1.3680043.8.498.10274956886032850418742861294277331382,Medial OA,cab45615e007575406990a1e1a7bac9d54898d67cec76cf50b49e04cea698d45,ABSENT,"[""Medial compartment cartilage: No focal cartilage defects.""]",UNKNOWN,"[""llm_review:Negative statement is limited to focal cartilage defects; diffuse cartilage thinning is not explicitly excluded."",""negative_scope_insufficient""]",KEEP,PASS,PASS,PASS,PASS,PASS,PASS,PASS,GPT-6.1 Sol independent text reviewer C,内侧无局灶缺损未覆盖弥漫损失，UNKNOWN合理。
1.2.826.0.1.3680043.8.498.10274956886032850418742861294277331382,Lateral OA,cab45615e007575406990a1e1a7bac9d54898d67cec76cf50b49e04cea698d45,ABSENT,"[""Lateral compartment cartilage: No focal cartilage defects.""]",UNKNOWN,"[""llm_review:Negative statement is limited to focal cartilage defects; diffuse cartilage thinning is not explicitly excluded."",""negative_scope_insufficient""]",KEEP,PASS,PASS,PASS,PASS,PASS,PASS,PASS,GPT-6.1 Sol independent text reviewer C,外侧无局灶缺损未全面排除退变，absence留空正确。
1.2.826.0.1.3680043.8.498.10274956886032850418742861294277331382,PF OA,cab45615e007575406990a1e1a7bac9d54898d67cec76cf50b49e04cea698d45,PRESENT,"[""Full-thickness cartilage fissuring medial patellar facet and median ridge with subchondral bone marrow edema."",""Partial-thickness cartilage loss lateral patellar facet."",""Full-thickness cartilage fissuring central trochlea with subchondral cystic change and intense subchondral bone marrow edema."",""Findings of active lateral patellar maltracking with high grade patellofemoral chondrosis.""]",UNKNOWN,"[""criteria_anatomy_severity_extent_or_timing_insufficient"",""llm_review:Cartilage lesion extent is not reported; the TT-TG measurement is not cartilage lesion extent."",""llm_review:Full-thickness fissuring is described, but cartilage thickness loss greater than 50% is not explicitly established."",""llm_review:Timing is unspecified.""]",KEEP,PASS,PASS,PASS,PASS,PASS,PASS,PASS,GPT-6.1 Sol independent text reviewer C,髌股高级别病、全层裂隙及部分厚度损失存在；缺深度范围，不拿TT-TG10毫米当病变范围。
1.2.826.0.1.3680043.8.498.10274956886032850418742861294277331382,Effusion,cab45615e007575406990a1e1a7bac9d54898d67cec76cf50b49e04cea698d45,ABSENT,"[""No joint effusion.""]",NO,[],KEEP,PASS,PASS,PASS,PASS,PASS,PASS,PASS,GPT-6.1 Sol independent text reviewer C,直接无关节积液支持NO。
1.2.826.0.1.3680043.8.498.10274956886032850418742861294277331382,Synovitis,cab45615e007575406990a1e1a7bac9d54898d67cec76cf50b49e04cea698d45,NOT_MENTIONED,[],UNKNOWN,[],KEEP,PASS,PASS,PASS,PASS,PASS,PASS,PASS,GPT-6.1 Sol independent text reviewer C,Hoffa水肿不是滑膜炎直接证据，未提及合理。
1.2.826.0.1.3680043.8.498.10274956886032850418742861294277331382,Baker's,cab45615e007575406990a1e1a7bac9d54898d67cec76cf50b49e04cea698d45,PRESENT,"[""Small partially ruptured Baker's cyst.""]",NO,"[""explicit_subthreshold_or_alternative"",""llm_review:Partial rupture is described; timing is unspecified."",""llm_review:Small cyst is below the moderate/large size threshold.""]",KEEP,PASS,PASS,PASS,PASS,PASS,PASS,PASS,GPT-6.1 Sol independent text reviewer C,小且部分破裂Baker不等于中大量，MILD与NO正确。
1.2.826.0.1.3680043.8.498.10274956886032850418742861294277331382,Contusion,cab45615e007575406990a1e1a7bac9d54898d67cec76cf50b49e04cea698d45,ABSENT,"[""No acute fracture or bone bruise.""]",NO,[],KEEP,PASS,PASS,PASS,PASS,PASS,PASS,PASS,GPT-6.1 Sol independent text reviewer C,明确无bone bruise；软骨下水肿属软骨病语境，不与创伤否定冲突。
1.2.826.0.1.3680043.8.498.10274956886032850418742861294277331382,Fracture,cab45615e007575406990a1e1a7bac9d54898d67cec76cf50b49e04cea698d45,ABSENT,"[""No acute fracture or bone bruise.""]",NO,[],KEEP,PASS,PASS,PASS,PASS,PASS,PASS,PASS,GPT-6.1 Sol independent text reviewer C,直接无急性骨折支持NO，未以水肿反推骨折。
1.2.826.0.1.3680043.8.498.10522585237725235866013737575867341946,ACL,bc35ac1474e76bbbbfd3ab2a9662c195f9f516dbc3c50df7f7c79f9a2d5d7ca5,PRESENT,"[""Ön çapraz bağda miksoid dejenerasyon ile uyumlu sinyal artışı izlendi.""]",NO,"[""explicit_subthreshold_or_alternative"",""llm_review:Only mucoid degeneration and increased signal are described; timing is unspecified.""]",KEEP,PASS,PASS,PASS,PASS,PASS,PASS,PASS,GPT-6.1 Sol independent text reviewer C,ACL仅黏液样变性和信号增加，PRESENT但亚阈值NO合理。
1.2.826.0.1.3680043.8.498.10522585237725235866013737575867341946,MCL,bc35ac1474e76bbbbfd3ab2a9662c195f9f516dbc3c50df7f7c79f9a2d5d7ca5,PRESENT,"[""Medial ve lateral  kollateral ligamen çevresinde ligamentöz ödem mevcuttur ( grade I  sprain ).""]",NO,"[""explicit_subthreshold_or_alternative"",""llm_review:Grade I sprain is subthreshold; acute timing is not explicitly established."",""timing_or_trauma_review""]",KEEP,PASS,PASS,PASS,PASS,PASS,PASS,PASS,GPT-6.1 Sol independent text reviewer C,内外侧侧副韧带周围水肿为I级扭伤，内侧定位及轻度NO合理。
1.2.826.0.1.3680043.8.498.10522585237725235866013737575867341946,Medial Meniscus,bc35ac1474e76bbbbfd3ab2a9662c195f9f516dbc3c50df7f7c79f9a2d5d7ca5,PRESENT,"[""Medial menisküste grade III dejenerasyon ve posterior hornunda  horizyontal yırtık izlendi ."",""Medial menisküs ekstrüe görünümdedir.""]",YES,"[""history_or_postoperative_scope_review"",""llm_review:Grade III describes degeneration rather than tear severity; timing is unspecified.""]",KEEP,PASS,PASS,PASS,PASS,PASS,PASS,PASS,GPT-6.1 Sol independent text reviewer C,内侧III级退变之外明确后角水平撕裂和挤出，YES有直接诊断。
1.2.826.0.1.3680043.8.498.10522585237725235866013737575867341946,Lateral Meniscus,bc35ac1474e76bbbbfd3ab2a9662c195f9f516dbc3c50df7f7c79f9a2d5d7ca5,PRESENT,"[""Lateral menisküste maserasyon , volüm kaybı ve horizontal yırtık izlendi.""]",YES,"[""llm_review:Tear segment, severity and timing are unspecified.""]",KEEP,PASS,PASS,PASS,PASS,PASS,PASS,PASS,GPT-6.1 Sol independent text reviewer C,外侧浸渍、体积损失及水平撕裂明确，YES正确。
1.2.826.0.1.3680043.8.498.10522585237725235866013737575867341946,Medial OA,bc35ac1474e76bbbbfd3ab2a9662c195f9f516dbc3c50df7f7c79f9a2d5d7ca5,UNCERTAIN,"[""Diz eklemini oluşturan kemik yapılarda osteofitik sivrileşmeler tibiofemoral eklem mesafesinde daralma , komşu kartilajlarda incelme izlendi ( dejeneratif artrit bulguları ).""]",UNKNOWN,"[""anatomy_missing_or_wrong"",""llm_review:Tibiofemoral degeneration is not localized to the medial compartment; cartilage loss depth and extent are unspecified."",""uncertain_report""]",MASK,PASS,PASS,PASS,PASS,PASS,PASS,PASS,GPT-6.1 Sol independent text reviewer C,胫股退变未注明内侧，UNKNOWN解剖合理；虽语义保守无误，critical解剖合同要求MASK。
1.2.826.0.1.3680043.8.498.10522585237725235866013737575867341946,Lateral OA,bc35ac1474e76bbbbfd3ab2a9662c195f9f516dbc3c50df7f7c79f9a2d5d7ca5,UNCERTAIN,"[""Diz eklemini oluşturan kemik yapılarda osteofitik sivrileşmeler tibiofemoral eklem mesafesinde daralma , komşu kartilajlarda incelme izlendi ( dejeneratif artrit bulguları ).""]",UNKNOWN,"[""anatomy_missing_or_wrong"",""llm_review:Tibiofemoral degeneration is not localized to the lateral compartment; cartilage loss depth and extent are unspecified."",""uncertain_report""]",MASK,PASS,PASS,PASS,PASS,PASS,PASS,PASS,GPT-6.1 Sol independent text reviewer C,胫股退变未注明外侧，不能补侧别；critical解剖合同排除，UNKNOWN事实合理。
1.2.826.0.1.3680043.8.498.10522585237725235866013737575867341946,PF OA,bc35ac1474e76bbbbfd3ab2a9662c195f9f516dbc3c50df7f7c79f9a2d5d7ca5,PRESENT,"[""Patellofemoral eklem lateral fasette komşu kıkırdaklarda incelme eklem mesafesinde daralma ve subkondral kemik iliği ödemleri izlendi(artroz)."",""Ayrıca lateral fasette 10x4 mm boyutlarında osteokondral defekt izlendi.""]",UNKNOWN,"[""criteria_anatomy_severity_extent_or_timing_insufficient"",""llm_review:The osteochondral defect measures 10 mm in one dimension, but cartilage loss exceeding 50% thickness is not established.""]",KEEP,PASS,PASS,PASS,PASS,PASS,PASS,PASS,GPT-6.1 Sol independent text reviewer C,髌股外侧面软骨变薄及10x4毫米骨软骨缺损，范围满足但深度不明，UNKNOWN正确。
1.2.826.0.1.3680043.8.498.10522585237725235866013737575867341946,Effusion,bc35ac1474e76bbbbfd3ab2a9662c195f9f516dbc3c50df7f7c79f9a2d5d7ca5,PRESENT,"[""Suprapatellar bursada sıvı artışı , lateral reseslerde , suprapatellar bursada ve diz eklemi içerisinde  yaygın sıvı artışları izlendi.""]",UNKNOWN,"[""criteria_anatomy_severity_extent_or_timing_insufficient"",""llm_review:Widespread increased fluid is described, but moderate/large volume and joint distension are not explicitly established; timing is unspecified.""]",KEEP,PASS,PASS,PASS,PASS,PASS,PASS,PASS,GPT-6.1 Sol independent text reviewer C,关节及髌上囊广泛液体增加是真实积液，但量级和扩张未描述，UNKNOWN合理。
1.2.826.0.1.3680043.8.498.10522585237725235866013737575867341946,Synovitis,bc35ac1474e76bbbbfd3ab2a9662c195f9f516dbc3c50df7f7c79f9a2d5d7ca5,NOT_MENTIONED,[],UNKNOWN,[],KEEP,PASS,PASS,PASS,PASS,PASS,PASS,PASS,GPT-6.1 Sol independent text reviewer C,液体和软组织水肿不等于滑膜炎，未提及正确。
1.2.826.0.1.3680043.8.498.10522585237725235866013737575867341946,Baker's,bc35ac1474e76bbbbfd3ab2a9662c195f9f516dbc3c50df7f7c79f9a2d5d7ca5,PRESENT,"[""Popliteal fossada 22 mm boyutlarında baker kisti izlendi.""]",UNKNOWN,"[""criteria_anatomy_severity_extent_or_timing_insufficient"",""llm_review:A 22 mm Baker cyst is reported without a moderate/large size classification; timing is unspecified.""]",KEEP,PASS,PASS,PASS,PASS,PASS,PASS,PASS,GPT-6.1 Sol independent text reviewer C,腘窝22毫米Baker定位明确，无中大量程度分级，UNKNOWN合理。
1.2.826.0.1.3680043.8.498.10522585237725235866013737575867341946,Contusion,bc35ac1474e76bbbbfd3ab2a9662c195f9f516dbc3c50df7f7c79f9a2d5d7ca5,UNCERTAIN,"[""Tibia interkondiler tübrkul lateral düzeyde subkondral kemik iliği ödemi izlendi."",""Patellofemoral eklem lateral fasette komşu kıkırdaklarda incelme eklem mesafesinde daralma ve subkondral kemik iliği ödemleri izlendi(artroz).""]",UNKNOWN,"[""llm_review:Patellofemoral edema accompanies arthrosis; the tibial edema has no explicit traumatic or degenerative attribution. Absence of a fracture line and acute timing are not established."",""uncertain_report""]",KEEP,PASS,PASS,PASS,PASS,PASS,PASS,PASS,GPT-6.1 Sol independent text reviewer C,胫骨软骨下水肿性质不明，髌股水肿伴退变，保守UNCERTAIN不冒认创伤合理。
1.2.826.0.1.3680043.8.498.10522585237725235866013737575867341946,Fracture,bc35ac1474e76bbbbfd3ab2a9662c195f9f516dbc3c50df7f7c79f9a2d5d7ca5,NOT_MENTIONED,[],UNKNOWN,[],KEEP,PASS,PASS,PASS,PASS,PASS,PASS,PASS,GPT-6.1 Sol independent text reviewer C,骨软骨缺损未直接诊断骨折线或急性骨折，未提及正确。
1.2.826.0.1.3680043.8.498.10852517092524464338210061305792376636,ACL,615f7f98b14f309f0fcb9873c27a5ee0ec841a6bdb9f2d59309553360c3cbb83,UNCERTAIN,"[""R/O Complete ACL tear.""]",UNKNOWN,"[""llm_review:Complete tear is qualified by R/O."",""llm_review:Timing is unspecified."",""uncertain_report""]",KEEP,PASS,PASS,PASS,PASS,PASS,PASS,PASS,GPT-6.1 Sol independent text reviewer C,R/O完整ACL撕裂明确为待排，不作确定阳性，UNKNOWN正确。
1.2.826.0.1.3680043.8.498.10852517092524464338210061305792376636,MCL,615f7f98b14f309f0fcb9873c27a5ee0ec841a6bdb9f2d59309553360c3cbb83,UNCERTAIN,"[""R/O Mild medial & lateral collateral ligament sprain.""]",UNKNOWN,"[""llm_mapper_disagreement"",""llm_review:Acute timing is unspecified."",""llm_review:Only a suspected mild sprain is described."",""uncertain_report""]",KEEP,PASS,PASS,PASS,PASS,PASS,PASS,PASS,GPT-6.1 Sol independent text reviewer C,R/O轻度内侧扭伤为疑似且急性未知；最终mapper UNKNOWN合理，未采纳LLM的NO提案。
1.2.826.0.1.3680043.8.498.10852517092524464338210061305792376636,Medial Meniscus,615f7f98b14f309f0fcb9873c27a5ee0ec841a6bdb9f2d59309553360c3cbb83,PRESENT,"[""Tear of posterior horn of medial meniscus.""]",YES,"[""history_or_postoperative_scope_review""]",KEEP,PASS,PASS,PASS,PASS,PASS,PASS,PASS,GPT-6.1 Sol independent text reviewer C,内侧后角撕裂明确当前诊断支持YES，posterior不是既往病史。
1.2.826.0.1.3680043.8.498.10852517092524464338210061305792376636,Lateral Meniscus,615f7f98b14f309f0fcb9873c27a5ee0ec841a6bdb9f2d59309553360c3cbb83,UNCERTAIN,"[""Equivocal tear over posterior horn of lateral meniscus.""]",UNKNOWN,"[""history_or_postoperative_scope_review"",""llm_review:Tear diagnosis is equivocal."",""uncertain_report""]",KEEP,PASS,PASS,PASS,PASS,PASS,PASS,PASS,GPT-6.1 Sol independent text reviewer C,外侧后角Equivocal撕裂为疑似，UNKNOWN正确。
1.2.826.0.1.3680043.8.498.10852517092524464338210061305792376636,Medial OA,615f7f98b14f309f0fcb9873c27a5ee0ec841a6bdb9f2d59309553360c3cbb83,NOT_MENTIONED,[],UNKNOWN,[],KEEP,PASS,PASS,PASS,PASS,PASS,PASS,PASS,GPT-6.1 Sol independent text reviewer C,未描述内侧间室软骨退变，NOT_MENTIONED合理。
1.2.826.0.1.3680043.8.498.10852517092524464338210061305792376636,Lateral OA,615f7f98b14f309f0fcb9873c27a5ee0ec841a6bdb9f2d59309553360c3cbb83,NOT_MENTIONED,[],UNKNOWN,[],KEEP,PASS,PASS,PASS,PASS,PASS,PASS,PASS,GPT-6.1 Sol independent text reviewer C,未描述外侧软骨退变，不能从骨挫伤补OA。
1.2.826.0.1.3680043.8.498.10852517092524464338210061305792376636,PF OA,615f7f98b14f309f0fcb9873c27a5ee0ec841a6bdb9f2d59309553360c3cbb83,ABSENT,"[""Intact patellar cartilage.""]",UNKNOWN,"[""llm_review:The negative covers patellar cartilage only; trochlear cartilage is not assessed explicitly."",""negative_scope_insufficient""]",KEEP,PASS,PASS,PASS,PASS,PASS,PASS,PASS,GPT-6.1 Sol independent text reviewer C,仅髌骨软骨完整未评价滑车，全面absence留空及UNKNOWN正确。
1.2.826.0.1.3680043.8.498.10852517092524464338210061305792376636,Effusion,615f7f98b14f309f0fcb9873c27a5ee0ec841a6bdb9f2d59309553360c3cbb83,PRESENT,"[""Mild to moderate knee joint effusion with synovial hypertrophy.""]",UNKNOWN,"[""criteria_anatomy_severity_extent_or_timing_insufficient"",""llm_review:Joint distension is not explicitly described."",""llm_review:Severity spans mild and moderate.""]",KEEP,PASS,PASS,PASS,PASS,PASS,PASS,PASS,GPT-6.1 Sol independent text reviewer C,轻至中量积液跨阈值且无扩张证据，不定量推成YES。
1.2.826.0.1.3680043.8.498.10852517092524464338210061305792376636,Synovitis,615f7f98b14f309f0fcb9873c27a5ee0ec841a6bdb9f2d59309553360c3cbb83,PRESENT,"[""Mild to moderate knee joint effusion with synovial hypertrophy. R/O Synovitis."",""Mild to moderate knee joint effusion with synovitis.""]",YES,"[""llm_review:Findings qualify the diagnosis with R/O, but directly describe synovial hypertrophy; the impression states synovitis.""]",KEEP,PASS,PASS,PASS,PASS,PASS,PASS,PASS,GPT-6.1 Sol independent text reviewer C,直接滑膜肥厚独立支持滑膜炎，结论明确诊断；保留R/O证据不构成阳阴矛盾。
1.2.826.0.1.3680043.8.498.10852517092524464338210061305792376636,Baker's,615f7f98b14f309f0fcb9873c27a5ee0ec841a6bdb9f2d59309553360c3cbb83,NOT_MENTIONED,[],UNKNOWN,[],KEEP,PASS,PASS,PASS,PASS,PASS,PASS,PASS,GPT-6.1 Sol independent text reviewer C,腘窝软组织水肿不是Baker囊肿，未提及正确。
1.2.826.0.1.3680043.8.498.10852517092524464338210061305792376636,Contusion,615f7f98b14f309f0fcb9873c27a5ee0ec841a6bdb9f2d59309553360c3cbb83,PRESENT,"[""Bone marrow edema in medial & lateral femoral condyle, lateral tibial plateau, likely bone contusion."",""Bone contusion in medial & lateral femoral condyle, lateral tibial plateau.""]",UNKNOWN,"[""criteria_anatomy_severity_extent_or_timing_insufficient"",""llm_review:Bone contusion is diagnosed, but absence of a fracture line at these lesions is not explicitly documented."",""llm_review:Timing is unspecified."",""timing_or_trauma_review""]",KEEP,PASS,PASS,PASS,PASS,PASS,PASS,PASS,GPT-6.1 Sol independent text reviewer C,结论明确多部位骨挫伤，PRESENT正确；无病灶骨折线否定，最终UNKNOWN符合合同。
1.2.826.0.1.3680043.8.498.10852517092524464338210061305792376636,Fracture,615f7f98b14f309f0fcb9873c27a5ee0ec841a6bdb9f2d59309553360c3cbb83,NOT_MENTIONED,[],UNKNOWN,[],KEEP,PASS,PASS,PASS,PASS,PASS,PASS,PASS,GPT-6.1 Sol independent text reviewer C,没有骨折线或骨折否定，不能从骨挫伤推骨折阴性。
1.2.826.0.1.3680043.8.498.10546313646515875953943156661172963953,ACL,ea1d10f9f37e15e02c4a3a18f92d6021f590b1c3bde13ccfb0a9df9ceb0d33fc,ABSENT,"[""Anterior cruciate ligament (ACL): Normal with both bundles intact.""]",NO,[],KEEP,PASS,PASS,PASS,PASS,PASS,PASS,PASS,GPT-6.1 Sol independent text reviewer C,ACL正常且双束完整，当前正常证据充分，NO正确。
1.2.826.0.1.3680043.8.498.10546313646515875953943156661172963953,MCL,ea1d10f9f37e15e02c4a3a18f92d6021f590b1c3bde13ccfb0a9df9ceb0d33fc,ABSENT,"[""Medial collateral ligament (MCL): Normal.""]",NO,[],KEEP,PASS,PASS,PASS,PASS,PASS,PASS,PASS,GPT-6.1 Sol independent text reviewer C,MCL直接正常，全面否定高级别急性损伤合理。
1.2.826.0.1.3680043.8.498.10546313646515875953943156661172963953,Medial Meniscus,ea1d10f9f37e15e02c4a3a18f92d6021f590b1c3bde13ccfb0a9df9ceb0d33fc,ABSENT,"[""Medial meniscus: Normal in morphology and signal.""]",NO,[],KEEP,PASS,PASS,PASS,PASS,PASS,PASS,PASS,GPT-6.1 Sol independent text reviewer C,内侧半月板形态与信号正常，无撕裂支持NO。
1.2.826.0.1.3680043.8.498.10546313646515875953943156661172963953,Lateral Meniscus,ea1d10f9f37e15e02c4a3a18f92d6021f590b1c3bde13ccfb0a9df9ceb0d33fc,ABSENT,"[""Lateral meniscus: Normal in morphology and signal.""]",NO,[],KEEP,PASS,PASS,PASS,PASS,PASS,PASS,PASS,GPT-6.1 Sol independent text reviewer C,外侧半月板正常，未跨侧别推断，NO可靠。
1.2.826.0.1.3680043.8.498.10546313646515875953943156661172963953,Medial OA,ea1d10f9f37e15e02c4a3a18f92d6021f590b1c3bde13ccfb0a9df9ceb0d33fc,ABSENT,"[""Medial compartment cartilage: No focal cartilage defects."",""Normal exam.""]",NO,[],KEEP,PASS,PASS,PASS,PASS,PASS,PASS,PASS,GPT-6.1 Sol independent text reviewer C,内侧无局灶缺损结合结论Normal exam补充全面正常语境，NO可接受。
1.2.826.0.1.3680043.8.498.10546313646515875953943156661172963953,Lateral OA,ea1d10f9f37e15e02c4a3a18f92d6021f590b1c3bde13ccfb0a9df9ceb0d33fc,ABSENT,"[""Lateral compartment cartilage: No focal cartilage defects."",""Normal exam.""]",NO,[],KEEP,PASS,PASS,PASS,PASS,PASS,PASS,PASS,GPT-6.1 Sol independent text reviewer C,外侧无局灶缺损同时附全检查正常结论，全面absence有合并支持。
1.2.826.0.1.3680043.8.498.10546313646515875953943156661172963953,PF OA,ea1d10f9f37e15e02c4a3a18f92d6021f590b1c3bde13ccfb0a9df9ceb0d33fc,ABSENT,"[""Patellofemoral compartment cartilage: No focal cartilage defects."",""Normal exam.""]",NO,[],KEEP,PASS,PASS,PASS,PASS,PASS,PASS,PASS,GPT-6.1 Sol independent text reviewer C,髌股局灶缺损阴性与Normal exam同时引用，NO不单靠有限否定。
1.2.826.0.1.3680043.8.498.10546313646515875953943156661172963953,Effusion,ea1d10f9f37e15e02c4a3a18f92d6021f590b1c3bde13ccfb0a9df9ceb0d33fc,ABSENT,"[""No joint effusion.""]",NO,[],KEEP,PASS,PASS,PASS,PASS,PASS,PASS,PASS,GPT-6.1 Sol independent text reviewer C,明确无关节积液，量级NONE及NO正确。
1.2.826.0.1.3680043.8.498.10546313646515875953943156661172963953,Synovitis,ea1d10f9f37e15e02c4a3a18f92d6021f590b1c3bde13ccfb0a9df9ceb0d33fc,NOT_MENTIONED,[],UNKNOWN,[],KEEP,PASS,PASS,PASS,PASS,PASS,PASS,PASS,GPT-6.1 Sol independent text reviewer C,全文未单独评价滑膜炎；保守未提及不由无积液推阴性。
1.2.826.0.1.3680043.8.498.10546313646515875953943156661172963953,Baker's,ea1d10f9f37e15e02c4a3a18f92d6021f590b1c3bde13ccfb0a9df9ceb0d33fc,ABSENT,"[""No Baker cyst.""]",NO,[],KEEP,PASS,PASS,PASS,PASS,PASS,PASS,PASS,GPT-6.1 Sol independent text reviewer C,明确无Baker囊肿，典型类别直接阴性正确。
1.2.826.0.1.3680043.8.498.10546313646515875953943156661172963953,Contusion,ea1d10f9f37e15e02c4a3a18f92d6021f590b1c3bde13ccfb0a9df9ceb0d33fc,ABSENT,"[""Bone marrow signal is normal."",""No acute fracture or bone bruise.""]",NO,[],KEEP,PASS,PASS,PASS,PASS,PASS,PASS,PASS,GPT-6.1 Sol independent text reviewer C,骨髓信号正常且无bone bruise，创伤水肿否定证据充分。
1.2.826.0.1.3680043.8.498.10546313646515875953943156661172963953,Fracture,ea1d10f9f37e15e02c4a3a18f92d6021f590b1c3bde13ccfb0a9df9ceb0d33fc,ABSENT,"[""No acute fracture or bone bruise.""]",NO,[],KEEP,PASS,PASS,PASS,PASS,PASS,PASS,PASS,GPT-6.1 Sol independent text reviewer C,明确无急性骨折排除当前急性目标，NO正确。
1.2.826.0.1.3680043.8.498.11232674915186872899189440191805868376,ACL,4ac147787ecd06b84d2bdc0a8fd804c7070239b3161a2e5056747249f977448e,ABSENT,"[""the anterior cruciate ligament is intact.""]",NO,[],KEEP,PASS,PASS,PASS,PASS,PASS,PASS,PASS,GPT-6.1 Sol independent text reviewer C,ACL完整是直接阴性；PCL完全撕裂未误赋给ACL。
1.2.826.0.1.3680043.8.498.11232674915186872899189440191805868376,MCL,4ac147787ecd06b84d2bdc0a8fd804c7070239b3161a2e5056747249f977448e,PRESENT,"[""There is grade I ligamentous sprain of the medial collateral ligament.""]",NO,"[""explicit_subthreshold_or_alternative"",""llm_review:Grade I sprain is subthreshold; injury timing is unspecified."",""timing_or_trauma_review""]",KEEP,PASS,PASS,PASS,PASS,PASS,PASS,PASS,GPT-6.1 Sol independent text reviewer C,MCL为I级扭伤，轻度且亚阈值NO有依据，未补急性。
1.2.826.0.1.3680043.8.498.11232674915186872899189440191805868376,Medial Meniscus,4ac147787ecd06b84d2bdc0a8fd804c7070239b3161a2e5056747249f977448e,ABSENT,"[""In the medial compartment, the meniscus is not torn""]",NO,[],KEEP,PASS,PASS,PASS,PASS,PASS,PASS,PASS,GPT-6.1 Sol independent text reviewer C,内侧间室半月板明确未撕裂，否定范围全面。
1.2.826.0.1.3680043.8.498.11232674915186872899189440191805868376,Lateral Meniscus,4ac147787ecd06b84d2bdc0a8fd804c7070239b3161a2e5056747249f977448e,ABSENT,"[""The lateral compartment, the meniscus is not torn""]",NO,[],KEEP,PASS,PASS,PASS,PASS,PASS,PASS,PASS,GPT-6.1 Sol independent text reviewer C,外侧间室半月板明确未撕裂，独立NO正确。
1.2.826.0.1.3680043.8.498.11232674915186872899189440191805868376,Medial OA,4ac147787ecd06b84d2bdc0a8fd804c7070239b3161a2e5056747249f977448e,ABSENT,"[""In the medial compartment, the meniscus is not torn and there is no focal chondrosis or chondral injury.""]",UNKNOWN,"[""llm_review:The negative is limited to focal chondrosis or chondral injury and does not explicitly exclude diffuse qualifying cartilage loss."",""negative_scope_insufficient""]",KEEP,PASS,PASS,PASS,PASS,PASS,PASS,PASS,GPT-6.1 Sol independent text reviewer C,内侧仅无局灶软骨病或损伤，不排除弥漫损失，UNKNOWN合理。
1.2.826.0.1.3680043.8.498.11232674915186872899189440191805868376,Lateral OA,4ac147787ecd06b84d2bdc0a8fd804c7070239b3161a2e5056747249f977448e,ABSENT,"[""The lateral compartment, the meniscus is not torn and there is no focal chondrosis or chondral injury.""]",UNKNOWN,"[""llm_review:The negative is limited to focal chondrosis or chondral injury and does not explicitly exclude diffuse qualifying cartilage loss."",""negative_scope_insufficient""]",KEEP,PASS,PASS,PASS,PASS,PASS,PASS,PASS,GPT-6.1 Sol independent text reviewer C,外侧局灶软骨否定保留范围不足，absence留空正确。
1.2.826.0.1.3680043.8.498.11232674915186872899189440191805868376,PF OA,4ac147787ecd06b84d2bdc0a8fd804c7070239b3161a2e5056747249f977448e,ABSENT,"[""The patellofemoral joint, the patellar and trochlear cartilage appears congruent without chondral lesion.""]",NO,[],KEEP,PASS,PASS,PASS,PASS,PASS,PASS,PASS,GPT-6.1 Sol independent text reviewer C,髌骨和滑车均无软骨病灶，完整髌股范围支持NO。
1.2.826.0.1.3680043.8.498.11232674915186872899189440191805868376,Effusion,4ac147787ecd06b84d2bdc0a8fd804c7070239b3161a2e5056747249f977448e,PRESENT,"[""Large amount of left knee effusion with synovitis is present.""]",UNKNOWN,"[""criteria_anatomy_severity_extent_or_timing_insufficient"",""llm_review:Large effusion is explicit, but joint distension is not explicitly described.""]",KEEP,PASS,PASS,PASS,PASS,PASS,PASS,PASS,GPT-6.1 Sol independent text reviewer C,大量膝积液明确，SEVERE正确；未显式扩张，保守UNKNOWN符合映射。
1.2.826.0.1.3680043.8.498.11232674915186872899189440191805868376,Synovitis,4ac147787ecd06b84d2bdc0a8fd804c7070239b3161a2e5056747249f977448e,PRESENT,"[""Large amount of left knee effusion with synovitis is present.""]",YES,[],KEEP,PASS,PASS,PASS,PASS,PASS,PASS,PASS,GPT-6.1 Sol independent text reviewer C,原文直接写synovitis，YES独立有证据，非由积液推断。
1.2.826.0.1.3680043.8.498.11232674915186872899189440191805868376,Baker's,4ac147787ecd06b84d2bdc0a8fd804c7070239b3161a2e5056747249f977448e,NOT_MENTIONED,[],UNKNOWN,[],KEEP,PASS,PASS,PASS,PASS,PASS,PASS,PASS,GPT-6.1 Sol independent text reviewer C,未描述Baker囊肿，不能从大量液体补囊肿。
1.2.826.0.1.3680043.8.498.11232674915186872899189440191805868376,Contusion,4ac147787ecd06b84d2bdc0a8fd804c7070239b3161a2e5056747249f977448e,ABSENT,"[""There is no fracture or bone contusion.""]",NO,[],KEEP,PASS,PASS,PASS,PASS,PASS,PASS,PASS,GPT-6.1 Sol independent text reviewer C,明确无bone contusion，全面否定支持NO。
1.2.826.0.1.3680043.8.498.11232674915186872899189440191805868376,Fracture,4ac147787ecd06b84d2bdc0a8fd804c7070239b3161a2e5056747249f977448e,ABSENT,"[""There is no fracture or bone contusion.""]",NO,[],KEEP,PASS,PASS,PASS,PASS,PASS,PASS,PASS,GPT-6.1 Sol independent text reviewer C,明确无骨折无范围限制，NO符合当前目标。
1.2.826.0.1.3680043.8.498.11345369648571407541082013397591193473,ACL,75ca6b52cb76f737c0d09cde0a3820d726927104d904a083c1bf3cfbd9165eab,ABSENT,"[""Intercondylar compartment (anterior and posterior cruciate ligaments):\nNormal.""]",NO,"[""history_or_postoperative_scope_review""]",KEEP,PASS,PASS,PASS,PASS,PASS,PASS,PASS,GPT-6.1 Sol independent text reviewer C,前后交叉韧带所处间室明确正常，ACL阴性正确；posterior误触发历史提示。
1.2.826.0.1.3680043.8.498.11345369648571407541082013397591193473,MCL,75ca6b52cb76f737c0d09cde0a3820d726927104d904a083c1bf3cfbd9165eab,ABSENT,"[""The medial collateral ligament is intact.""]",NO,[],KEEP,PASS,PASS,PASS,PASS,PASS,PASS,PASS,GPT-6.1 Sol independent text reviewer C,MCL完整直接否定撕裂，NO正确。
1.2.826.0.1.3680043.8.498.11345369648571407541082013397591193473,Medial Meniscus,75ca6b52cb76f737c0d09cde0a3820d726927104d904a083c1bf3cfbd9165eab,PRESENT,"[""Multidirectional tear of the body of the medial meniscus with marked maceration of the meniscus and a flipped fragment of meniscus identified within the superior aspect of the medial joint recess."",""This represents an unstable medial meniscal tear.""]",YES,[],KEEP,PASS,PASS,PASS,PASS,PASS,PASS,PASS,GPT-6.1 Sol independent text reviewer C,内侧体部多方向不稳定撕裂、浸渍和翻转碎片明确，YES有直接证据。
1.2.826.0.1.3680043.8.498.11345369648571407541082013397591193473,Lateral Meniscus,75ca6b52cb76f737c0d09cde0a3820d726927104d904a083c1bf3cfbd9165eab,PRESENT,"[""There is a focal small tear or defect involving the free edge of the junction of the body and anterior horn of the lateral meniscus."",""Focal small tear involving the free edge of the lateral meniscus."",""Unstable, undisplaced radial oblique tear involving the body and anterior horn of the lateral meniscus.""]",YES,"[""llm_review:Findings describe a small free-edge tear or defect; the conclusion provides a definite tear diagnosis with additional morphology.""]",KEEP,PASS,PASS,PASS,PASS,PASS,PASS,PASS,GPT-6.1 Sol independent text reviewer C,所见小撕裂或缺损，结论明确外侧放射斜行撕裂，PRESENT和YES合理。
1.2.826.0.1.3680043.8.498.11345369648571407541082013397591193473,Medial OA,75ca6b52cb76f737c0d09cde0a3820d726927104d904a083c1bf3cfbd9165eab,PRESENT,"[""There is mild cartilage thinning and irregularity of the weightbearing surface of the medial femoral condyle.""]",NO,"[""explicit_subthreshold_or_alternative"",""llm_review:Only mild cartilage changes are reported; numerical depth and extent are unspecified.""]",KEEP,PASS,PASS,PASS,PASS,PASS,PASS,PASS,GPT-6.1 Sol independent text reviewer C,内侧负重面轻度变薄及不规则，低级别亚阈值NO正确。
1.2.826.0.1.3680043.8.498.11345369648571407541082013397591193473,Lateral OA,75ca6b52cb76f737c0d09cde0a3820d726927104d904a083c1bf3cfbd9165eab,ABSENT,"[""Lateral compartment (meniscus, collateral ligament complex, cartilage):"",""The articular cartilage appears unremarkable.""]",NO,[],KEEP,PASS,PASS,PASS,PASS,PASS,PASS,PASS,GPT-6.1 Sol independent text reviewer C,外侧标题下软骨unremarkable定位充分，正常NO可靠。
1.2.826.0.1.3680043.8.498.11345369648571407541082013397591193473,PF OA,75ca6b52cb76f737c0d09cde0a3820d726927104d904a083c1bf3cfbd9165eab,PRESENT,"[""Severe chondropathy of the median ridge and medial facet of the patella, with associated subchondral focal bone marrow reactive signal intensity change."",""There is mild thinning of the central trochlear articular cartilage without any bone changes.""]",UNKNOWN,"[""criteria_anatomy_severity_extent_or_timing_insufficient"",""llm_review:Cartilage lesion extent is not quantified."",""llm_review:Severe chondropathy does not establish a specific percentage of cartilage loss."",""negation_scope_review""]",KEEP,PASS,PASS,PASS,PASS,PASS,PASS,PASS,GPT-6.1 Sol independent text reviewer C,髌骨重度软骨病与滑车轻度变薄同时存在，无深度百分比和范围，UNKNOWN正确；无骨改变否定仅指滑车骨。
1.2.826.0.1.3680043.8.498.11345369648571407541082013397591193473,Effusion,75ca6b52cb76f737c0d09cde0a3820d726927104d904a083c1bf3cfbd9165eab,PRESENT,"[""Moderate right knee joint effusion.""]",UNKNOWN,"[""criteria_anatomy_severity_extent_or_timing_insufficient"",""llm_review:Moderate intra-articular effusion is explicit, but joint distension is not described.""]",KEEP,PASS,PASS,PASS,PASS,PASS,PASS,PASS,GPT-6.1 Sol independent text reviewer C,中量右膝积液量级明确，但未写扩张，保留UNKNOWN符合合同。
1.2.826.0.1.3680043.8.498.11345369648571407541082013397591193473,Synovitis,75ca6b52cb76f737c0d09cde0a3820d726927104d904a083c1bf3cfbd9165eab,NOT_MENTIONED,[],UNKNOWN,[],KEEP,PASS,PASS,PASS,PASS,PASS,PASS,PASS,GPT-6.1 Sol independent text reviewer C,未提及滑膜炎，不能由中量积液补阳性。
1.2.826.0.1.3680043.8.498.11345369648571407541082013397591193473,Baker's,75ca6b52cb76f737c0d09cde0a3820d726927104d904a083c1bf3cfbd9165eab,ABSENT,"[""No popliteal cyst.""]",NO,[],KEEP,PASS,PASS,PASS,PASS,PASS,PASS,PASS,GPT-6.1 Sol independent text reviewer C,直接无腘窝囊肿排除Baker，NO正确。
1.2.826.0.1.3680043.8.498.11345369648571407541082013397591193473,Contusion,75ca6b52cb76f737c0d09cde0a3820d726927104d904a083c1bf3cfbd9165eab,NOT_MENTIONED,[],UNKNOWN,"[""llm_review:Patellar subchondral reactive marrow signal is associated with chondropathy; it does not establish traumatic contusion.""]",KEEP,PASS,PASS,PASS,PASS,PASS,PASS,PASS,GPT-6.1 Sol independent text reviewer C,髌骨软骨下反应性信号与软骨病相关，未直接描述创伤骨挫伤，NOT_MENTIONED合理。
1.2.826.0.1.3680043.8.498.11345369648571407541082013397591193473,Fracture,75ca6b52cb76f737c0d09cde0a3820d726927104d904a083c1bf3cfbd9165eab,NOT_MENTIONED,[],UNKNOWN,[],KEEP,PASS,PASS,PASS,PASS,PASS,PASS,PASS,GPT-6.1 Sol independent text reviewer C,报告未评价骨折线或骨折否定，保留未知。
1.2.826.0.1.3680043.8.498.11762352496600661264881556836248251400,ACL,cb2e99937083a45b2761d63b52f2955cf6291f782cccedc80c33470f190d0a4d,ABSENT,"[""Normal ACL, PCL, MCL and LCL.""]",NO,[],KEEP,PASS,PASS,PASS,PASS,PASS,PASS,PASS,GPT-6.1 Sol independent text reviewer C,ACL明确正常，NO有当前全面证据。
1.2.826.0.1.3680043.8.498.11762352496600661264881556836248251400,MCL,cb2e99937083a45b2761d63b52f2955cf6291f782cccedc80c33470f190d0a4d,ABSENT,"[""Normal ACL, PCL, MCL and LCL.""]",NO,[],KEEP,PASS,PASS,PASS,PASS,PASS,PASS,PASS,GPT-6.1 Sol independent text reviewer C,MCL列于正常韧带中，否定与解剖正确。
1.2.826.0.1.3680043.8.498.11762352496600661264881556836248251400,Medial Meniscus,cb2e99937083a45b2761d63b52f2955cf6291f782cccedc80c33470f190d0a4d,ABSENT,"[""Normal medial meniscus."",""No medial meniscal tear.""]",NO,[],KEEP,PASS,PASS,PASS,PASS,PASS,PASS,PASS,GPT-6.1 Sol independent text reviewer C,内侧正常并明确无撕裂，ABSENT及NO正确。
1.2.826.0.1.3680043.8.498.11762352496600661264881556836248251400,Lateral Meniscus,cb2e99937083a45b2761d63b52f2955cf6291f782cccedc80c33470f190d0a4d,PRESENT,"[""A small free edge radial tear of the body of lateral meniscus is noted."",""Small free edge radial tear of the lateral meniscus.""]",YES,[],KEEP,PASS,PASS,PASS,PASS,PASS,PASS,PASS,GPT-6.1 Sol independent text reviewer C,外侧体部自由缘小放射撕裂明确，小不否定半月板竞争阳性。
1.2.826.0.1.3680043.8.498.11762352496600661264881556836248251400,Medial OA,cb2e99937083a45b2761d63b52f2955cf6291f782cccedc80c33470f190d0a4d,PRESENT,"[""There is mild generalized thinning of the tibiofemoral compartment articular cartilage.""]",NO,"[""explicit_subthreshold_or_alternative"",""llm_review:Generalized tibiofemoral thinning is reported without separate medial compartment localization, quantitative depth, or measured extent.""]",MASK,FAIL,PASS,PASS,FAIL,PASS,PASS,FAIL,GPT-6.1 Sol independent text reviewer C,仅泛称胫股软骨广泛轻度变薄，无内侧单独定位；PRESENT和MEDIAL代码过度指定，NO不能据此提供内侧监督，MASK。
1.2.826.0.1.3680043.8.498.11762352496600661264881556836248251400,Lateral OA,cb2e99937083a45b2761d63b52f2955cf6291f782cccedc80c33470f190d0a4d,PRESENT,"[""There is mild generalized thinning of the tibiofemoral compartment articular cartilage.""]",NO,"[""explicit_subthreshold_or_alternative"",""llm_review:Generalized tibiofemoral thinning is reported without separate lateral compartment localization, quantitative depth, or measured extent.""]",MASK,FAIL,PASS,PASS,FAIL,PASS,PASS,FAIL,GPT-6.1 Sol independent text reviewer C,胫股广泛轻度变薄没有外侧定位；填LATERAL代码与确定该侧PRESENT越出证据，类别NO需排除监督。
1.2.826.0.1.3680043.8.498.11762352496600661264881556836248251400,PF OA,cb2e99937083a45b2761d63b52f2955cf6291f782cccedc80c33470f190d0a4d,PRESENT,"[""Focal fraying of the medial patellar facet articular cartilage is noted with mild underlying bony change."",""Normal trochlear articular cartilage."",""Mild tibiofemoral and patellar chondral the as described.""]",NO,"[""explicit_subthreshold_or_alternative"",""llm_review:Cartilage loss depth and lesion dimensions are unspecified; the conclusion contains a textual error.""]",KEEP,PASS,PASS,PASS,PASS,PASS,PASS,PASS,GPT-6.1 Sol independent text reviewer C,髌骨内侧面局灶毛糙且结论明确轻度髌骨软骨病，滑车正常不否定髌骨病，亚阈值NO合理。
1.2.826.0.1.3680043.8.498.11762352496600661264881556836248251400,Effusion,cb2e99937083a45b2761d63b52f2955cf6291f782cccedc80c33470f190d0a4d,ABSENT,"[""No significant knee effusion.""]",NO,"[""llm_review:The negative excludes significant effusion but does not establish complete absence of trace fluid.""]",MASK,PASS,PASS,FAIL,PASS,PASS,PASS,FAIL,GPT-6.1 Sol independent text reviewer C,No significant knee effusion仅为显著程度的限定否定，不足完整排除竞争中大量目标；ABSENT描述及原文定位成立，但class_absence_supported=true和确定NO超出明确范围，按更新审计口径MASK。
1.2.826.0.1.3680043.8.498.11762352496600661264881556836248251400,Synovitis,cb2e99937083a45b2761d63b52f2955cf6291f782cccedc80c33470f190d0a4d,NOT_MENTIONED,[],UNKNOWN,[],KEEP,PASS,PASS,PASS,PASS,PASS,PASS,PASS,GPT-6.1 Sol independent text reviewer C,未提及滑膜炎，无显著积液不能代替滑膜评价。
1.2.826.0.1.3680043.8.498.11762352496600661264881556836248251400,Baker's,cb2e99937083a45b2761d63b52f2955cf6291f782cccedc80c33470f190d0a4d,NOT_MENTIONED,[],UNKNOWN,[],KEEP,PASS,PASS,PASS,PASS,PASS,PASS,PASS,GPT-6.1 Sol independent text reviewer C,没有Baker囊肿描述，未提及保留UNKNOWN正确。
1.2.826.0.1.3680043.8.498.11762352496600661264881556836248251400,Contusion,cb2e99937083a45b2761d63b52f2955cf6291f782cccedc80c33470f190d0a4d,NOT_MENTIONED,[],UNKNOWN,[],KEEP,PASS,PASS,PASS,PASS,PASS,PASS,PASS,GPT-6.1 Sol independent text reviewer C,轻度髌骨下骨改变未写创伤性水肿或骨挫伤，未提及合理。
1.2.826.0.1.3680043.8.498.11762352496600661264881556836248251400,Fracture,cb2e99937083a45b2761d63b52f2955cf6291f782cccedc80c33470f190d0a4d,NOT_MENTIONED,[],UNKNOWN,[],KEEP,PASS,PASS,PASS,PASS,PASS,PASS,PASS,GPT-6.1 Sol independent text reviewer C,未写骨折或骨折否定，未知正确。
1.2.826.0.1.3680043.8.498.12225975251304101975065271521710735735,ACL,95ab715319c484c8d1c869511a77891cccda735a4d888d12211f84b7e80be01d,PRESENT,"[""ACL - acute tear."",""ACL tear.""]",UNKNOWN,"[""criteria_anatomy_severity_extent_or_timing_insufficient"",""llm_review:ACL tear is definite and acute, but partial versus complete and tear grade are unspecified.""]",KEEP,PASS,PASS,PASS,PASS,PASS,PASS,PASS,GPT-6.1 Sol independent text reviewer C,ACL急性撕裂明确，时效CURRENT_ACUTE正确；级别未知不能用pivot-shift补高级别，UNKNOWN合理。
1.2.826.0.1.3680043.8.498.12225975251304101975065271521710735735,MCL,95ab715319c484c8d1c869511a77891cccda735a4d888d12211f84b7e80be01d,ABSENT,"[""MCL normal.""]",NO,[],KEEP,PASS,PASS,PASS,PASS,PASS,PASS,PASS,GPT-6.1 Sol independent text reviewer C,MCL正常支持全面ABSENT和NO，不受ACL急性损伤共现干扰。
1.2.826.0.1.3680043.8.498.12225975251304101975065271521710735735,Medial Meniscus,95ab715319c484c8d1c869511a77891cccda735a4d888d12211f84b7e80be01d,ABSENT,"[""Medial meniscus normal.""]",NO,[],KEEP,PASS,PASS,PASS,PASS,PASS,PASS,PASS,GPT-6.1 Sol independent text reviewer C,内侧半月板正常是直接全面阴性，NO正确。
1.2.826.0.1.3680043.8.498.12225975251304101975065271521710735735,Lateral Meniscus,95ab715319c484c8d1c869511a77891cccda735a4d888d12211f84b7e80be01d,ABSENT,"[""Lateral meniscus normal.""]",NO,[],KEEP,PASS,PASS,PASS,PASS,PASS,PASS,PASS,GPT-6.1 Sol independent text reviewer C,外侧半月板正常独立支持NO。
1.2.826.0.1.3680043.8.498.12225975251304101975065271521710735735,Medial OA,95ab715319c484c8d1c869511a77891cccda735a4d888d12211f84b7e80be01d,ABSENT,"[""Cartilages noraml.""]",NO,"[""llm_review:Global cartilage normality statement applies across knee compartments; compartments are not individually named.""]",KEEP,PASS,PASS,PASS,PASS,PASS,PASS,PASS,GPT-6.1 Sol independent text reviewer C,膝全部软骨正常的全局陈述覆盖内侧，noraml拼写错误未改变含义，NO可接受。
1.2.826.0.1.3680043.8.498.12225975251304101975065271521710735735,Lateral OA,95ab715319c484c8d1c869511a77891cccda735a4d888d12211f84b7e80be01d,ABSENT,"[""Cartilages noraml.""]",NO,"[""llm_review:Global cartilage normality statement applies across knee compartments; compartments are not individually named.""]",KEEP,PASS,PASS,PASS,PASS,PASS,PASS,PASS,GPT-6.1 Sol independent text reviewer C,全局软骨正常覆盖外侧，不是某单一间室正常扩展，NO正确。
1.2.826.0.1.3680043.8.498.12225975251304101975065271521710735735,PF OA,95ab715319c484c8d1c869511a77891cccda735a4d888d12211f84b7e80be01d,ABSENT,"[""Cartilages noraml.""]",NO,"[""llm_review:Global cartilage normality statement applies across knee compartments; compartments are not individually named.""]",KEEP,PASS,PASS,PASS,PASS,PASS,PASS,PASS,GPT-6.1 Sol independent text reviewer C,全局Cartilages正常覆盖髌股，未编造逐间室原文，NO合理。
1.2.826.0.1.3680043.8.498.12225975251304101975065271521710735735,Effusion,95ab715319c484c8d1c869511a77891cccda735a4d888d12211f84b7e80be01d,PRESENT,"[""Moderate effusion.""]",UNKNOWN,"[""criteria_anatomy_severity_extent_or_timing_insufficient"",""llm_review:Moderate effusion is reported, but joint distension is not explicitly described.""]",KEEP,PASS,PASS,PASS,PASS,PASS,PASS,PASS,GPT-6.1 Sol independent text reviewer C,中量积液明确量级，无扩张语句，UNKNOWN合理。
1.2.826.0.1.3680043.8.498.12225975251304101975065271521710735735,Synovitis,95ab715319c484c8d1c869511a77891cccda735a4d888d12211f84b7e80be01d,NOT_MENTIONED,[],UNKNOWN,[],KEEP,PASS,PASS,PASS,PASS,PASS,PASS,PASS,GPT-6.1 Sol independent text reviewer C,未提及滑膜炎，不能由中量积液推出阳性。
1.2.826.0.1.3680043.8.498.12225975251304101975065271521710735735,Baker's,95ab715319c484c8d1c869511a77891cccda735a4d888d12211f84b7e80be01d,ABSENT,"[""No baker's cyst.""]",NO,[],KEEP,PASS,PASS,PASS,PASS,PASS,PASS,PASS,GPT-6.1 Sol independent text reviewer C,直接否定Baker囊肿，ABSENT和NO证据充分。
1.2.826.0.1.3680043.8.498.12225975251304101975065271521710735735,Contusion,95ab715319c484c8d1c869511a77891cccda735a4d888d12211f84b7e80be01d,PRESENT,"[""Constusion of lateral femoral condyl and posterolateral part of tibial plaetau suggestive of pivot-shift injury."",""Contusion of lateral femoral condyl.""]",UNKNOWN,"[""criteria_anatomy_severity_extent_or_timing_insufficient"",""history_or_postoperative_scope_review"",""llm_review:Traumatic contusions are diagnosed, but absence of a fracture line at these lesions and injury timing are not explicitly stated."",""timing_or_trauma_review""]",KEEP,PASS,PASS,PASS,PASS,PASS,PASS,PASS,GPT-6.1 Sol independent text reviewer C,股骨外侧髁及胫骨后外侧挫伤伴pivot-shift明确创伤语境，无骨折线否定和时效，UNKNOWN正确。
1.2.826.0.1.3680043.8.498.12225975251304101975065271521710735735,Fracture,95ab715319c484c8d1c869511a77891cccda735a4d888d12211f84b7e80be01d,NOT_MENTIONED,[],UNKNOWN,[],KEEP,PASS,PASS,PASS,PASS,PASS,PASS,PASS,GPT-6.1 Sol independent text reviewer C,未直接提及骨折，挫伤不能补骨折阴性。
1.2.826.0.1.3680043.8.498.12785792890626338008419452097492192088,ACL,c60f9d18083a8491e56ea36adbe6993b6a8d228a36acefe985cf3699afe0d52c,ABSENT,"[""The anterior cruciate ligament, posterior cruciate ligament, medial collateral ligament and lateral collateral ligament complex are intact and appear unremarkable.""]",NO,"[""history_or_postoperative_scope_review""]",KEEP,PASS,PASS,PASS,PASS,PASS,PASS,PASS,GPT-6.1 Sol independent text reviewer C,ACL与其余韧带完整正常，直接支持NO；posterior历史审计是误报。
1.2.826.0.1.3680043.8.498.12785792890626338008419452097492192088,MCL,c60f9d18083a8491e56ea36adbe6993b6a8d228a36acefe985cf3699afe0d52c,ABSENT,"[""The anterior cruciate ligament, posterior cruciate ligament, medial collateral ligament and lateral collateral ligament complex are intact and appear unremarkable.""]",NO,"[""history_or_postoperative_scope_review""]",KEEP,PASS,PASS,PASS,PASS,PASS,PASS,PASS,GPT-6.1 Sol independent text reviewer C,MCL直接完整且unremarkable，NO正确，未由病史推断。
1.2.826.0.1.3680043.8.498.12785792890626338008419452097492192088,Medial Meniscus,c60f9d18083a8491e56ea36adbe6993b6a8d228a36acefe985cf3699afe0d52c,ABSENT,"[""The medial meniscus is intact.""]",NO,[],KEEP,PASS,PASS,PASS,PASS,PASS,PASS,PASS,GPT-6.1 Sol independent text reviewer C,内侧半月板完整支持无撕裂，NO合理。
1.2.826.0.1.3680043.8.498.12785792890626338008419452097492192088,Lateral Meniscus,c60f9d18083a8491e56ea36adbe6993b6a8d228a36acefe985cf3699afe0d52c,ABSENT,"[""The lateral meniscus is intact.""]",NO,[],KEEP,PASS,PASS,PASS,PASS,PASS,PASS,PASS,GPT-6.1 Sol independent text reviewer C,外侧半月板完整，阴性解剖正确。
1.2.826.0.1.3680043.8.498.12785792890626338008419452097492192088,Medial OA,c60f9d18083a8491e56ea36adbe6993b6a8d228a36acefe985cf3699afe0d52c,ABSENT,"[""The articular cartilage of the medial joint compartment is well-maintained overall.""]",NO,[],KEEP,PASS,PASS,PASS,PASS,PASS,PASS,PASS,GPT-6.1 Sol independent text reviewer C,内侧软骨总体保留，当前全面正常支持竞争NO。
1.2.826.0.1.3680043.8.498.12785792890626338008419452097492192088,Lateral OA,c60f9d18083a8491e56ea36adbe6993b6a8d228a36acefe985cf3699afe0d52c,ABSENT,"[""The articular cartilage of the lateral joint compartment is reasonably well-maintained.""]",NO,[],KEEP,PASS,PASS,PASS,PASS,PASS,PASS,PASS,GPT-6.1 Sol independent text reviewer C,外侧软骨合理保留，未称痕量改变不存在，NO可接受。
1.2.826.0.1.3680043.8.498.12785792890626338008419452097492192088,PF OA,c60f9d18083a8491e56ea36adbe6993b6a8d228a36acefe985cf3699afe0d52c,PRESENT,"[""There is focal fissuring of the articular cartilage of the patella at the apex and particularly involving the medial facet."",""The articular cartilage of the femoral trochlea also demonstrates focal chondral fissuring at the trochlear apex with subcortical interosseous cyst formation also seen to the femoral trochlea."",""There is severe articular chondrosis of the patellofemoral joint associated with early evolving degenerative change in the patellofemoral joint compartment.""]",UNKNOWN,"[""criteria_anatomy_severity_extent_or_timing_insufficient"",""llm_review:Focal fissuring is described without a measured extent establishing approximately 10 mm or greater."",""llm_review:Severe chondrosis is reported, but cartilage thickness loss exceeding 50% is not explicitly established.""]",KEEP,PASS,PASS,PASS,PASS,PASS,PASS,PASS,GPT-6.1 Sol independent text reviewer C,髌骨和滑车局灶裂隙、重度软骨病及早期退变定位明确；缺损失百分比和范围，UNKNOWN合理。
1.2.826.0.1.3680043.8.498.12785792890626338008419452097492192088,Effusion,c60f9d18083a8491e56ea36adbe6993b6a8d228a36acefe985cf3699afe0d52c,ABSENT,"[""There is no evidence of significant Baker's cyst or knee effusion.""]",NO,"[""llm_review:The negative excludes significant effusion; it does not establish absence of trace or mild fluid.""]",MASK,PASS,PASS,FAIL,PASS,PASS,PASS,FAIL,GPT-6.1 Sol independent text reviewer C,无significant Baker囊肿或膝积液为限定否定，不能作全部合格积液的完整排除；ABSENT和证据本身成立，class_absence_supported=true及确定NO依据不充分，MASK。
1.2.826.0.1.3680043.8.498.12785792890626338008419452097492192088,Synovitis,c60f9d18083a8491e56ea36adbe6993b6a8d228a36acefe985cf3699afe0d52c,NOT_MENTIONED,[],UNKNOWN,[],KEEP,PASS,PASS,PASS,PASS,PASS,PASS,PASS,GPT-6.1 Sol independent text reviewer C,全文没有直接滑膜炎或增厚评价，未提及正确。
1.2.826.0.1.3680043.8.498.12785792890626338008419452097492192088,Baker's,c60f9d18083a8491e56ea36adbe6993b6a8d228a36acefe985cf3699afe0d52c,ABSENT,"[""There is no evidence of significant Baker's cyst or knee effusion.""]",NO,"[""llm_review:The negative excludes a significant Baker's cyst; it does not establish absence of a small cyst.""]",MASK,PASS,PASS,FAIL,PASS,PASS,PASS,FAIL,GPT-6.1 Sol independent text reviewer C,无significant Baker囊肿仅否定显著病变，未提供完整程度排除；ABSENT原文定位正确，但class_absence_supported=true和确定NO过度扩大否定范围，MASK。
1.2.826.0.1.3680043.8.498.12785792890626338008419452097492192088,Contusion,c60f9d18083a8491e56ea36adbe6993b6a8d228a36acefe985cf3699afe0d52c,NOT_MENTIONED,[],UNKNOWN,[],MASK,FAIL,FAIL,PASS,FAIL,PASS,PASS,PASS,GPT-6.1 Sol independent text reviewer C,髌骨明确骨内水肿及囊性改变伴髌股退变，实际骨髓病变遗漏为NOT_MENTIONED及空证据，应记录替代性/未定性质病变；伴软骨病不足证明全部水肿纯退变，无明确创伤及病灶骨折线否定，最终UNKNOWN仍合理。描述遗漏MASK，不主张创伤阳性。
1.2.826.0.1.3680043.8.498.12785792890626338008419452097492192088,Fracture,c60f9d18083a8491e56ea36adbe6993b6a8d228a36acefe985cf3699afe0d52c,NOT_MENTIONED,[],UNKNOWN,[],KEEP,PASS,PASS,PASS,PASS,PASS,PASS,PASS,GPT-6.1 Sol independent text reviewer C,未写骨折线或骨折否定，骨内囊肿不能推骨折，未提及正确。
1.2.826.0.1.3680043.8.498.12896740277483734090633132494285615502,ACL,a407115ecdb03c3ac2ca3cd8edea47487b42b866bb1d683252887cfad111cf75,ABSENT,"[""Normal ACL, PCL, MCL and LCL.""]",NO,[],KEEP,PASS,PASS,PASS,PASS,PASS,PASS,PASS,GPT-6.1 Sol independent text reviewer C,ACL列于直接正常韧带清单，全面阴性NO正确。
1.2.826.0.1.3680043.8.498.12896740277483734090633132494285615502,MCL,a407115ecdb03c3ac2ca3cd8edea47487b42b866bb1d683252887cfad111cf75,ABSENT,"[""Normal ACL, PCL, MCL and LCL.""]",NO,[],KEEP,PASS,PASS,PASS,PASS,PASS,PASS,PASS,GPT-6.1 Sol independent text reviewer C,MCL正常支持NO，无急性时效推断。
1.2.826.0.1.3680043.8.498.12896740277483734090633132494285615502,Medial Meniscus,a407115ecdb03c3ac2ca3cd8edea47487b42b866bb1d683252887cfad111cf75,PRESENT,"[""There is incomplete tearing of the posterior root of the medial meniscus."",""Mild extrusion of the medial meniscus from the joint is demonstrated.""]",YES,"[""history_or_postoperative_scope_review"",""llm_review:Tear timing is unspecified.""]",KEEP,PASS,PASS,PASS,PASS,PASS,PASS,PASS,GPT-6.1 Sol independent text reviewer C,内侧后根不完全撕裂和轻挤出明确，不完全仍为确定撕裂，YES正确。
1.2.826.0.1.3680043.8.498.12896740277483734090633132494285615502,Lateral Meniscus,a407115ecdb03c3ac2ca3cd8edea47487b42b866bb1d683252887cfad111cf75,ABSENT,"[""Normal lateral meniscus.""]",NO,[],KEEP,PASS,PASS,PASS,PASS,PASS,PASS,PASS,GPT-6.1 Sol independent text reviewer C,外侧半月板正常独立支持NO。
1.2.826.0.1.3680043.8.498.12896740277483734090633132494285615502,Medial OA,a407115ecdb03c3ac2ca3cd8edea47487b42b866bb1d683252887cfad111cf75,PRESENT,"[""There is mild thinning of the medial compartment articular cartilage with mild osteophyte formation."",""Mild medial compartment and severe patellar articular cartilage degeneration.""]",NO,"[""explicit_subthreshold_or_alternative"",""llm_review:Cartilage lesion extent is not quantified.""]",KEEP,PASS,PASS,PASS,PASS,PASS,PASS,PASS,GPT-6.1 Sol independent text reviewer C,内侧轻度软骨变薄及骨赘直接支持低级别NO。
1.2.826.0.1.3680043.8.498.12896740277483734090633132494285615502,Lateral OA,a407115ecdb03c3ac2ca3cd8edea47487b42b866bb1d683252887cfad111cf75,ABSENT,"[""Normal lateral compartment articular cartilage.""]",NO,[],KEEP,PASS,PASS,PASS,PASS,PASS,PASS,PASS,GPT-6.1 Sol independent text reviewer C,外侧软骨正常是全面竞争阴性，NO正确。
1.2.826.0.1.3680043.8.498.12896740277483734090633132494285615502,PF OA,a407115ecdb03c3ac2ca3cd8edea47487b42b866bb1d683252887cfad111cf75,PRESENT,"[""There is severe thinning and loss of the caudal two-thirds of the patellar articular cartilage."",""The trochlear articular cartilage is relatively preserved."",""Mild medial compartment and severe patellar articular cartilage degeneration.""]",UNKNOWN,"[""criteria_anatomy_severity_extent_or_timing_insufficient"",""llm_review:Caudal two-thirds describes anatomical distribution; extent in millimeters is not reported."",""llm_review:Severe thinning and loss are reported, but percentage thickness loss is not explicit.""]",KEEP,PASS,PASS,PASS,PASS,PASS,PASS,PASS,GPT-6.1 Sol independent text reviewer C,髌骨尾侧三分之二重度变薄和损失明确，滑车相对保留不冲突；未量化厚度百分比和毫米范围，UNKNOWN保守合理。
1.2.826.0.1.3680043.8.498.12896740277483734090633132494285615502,Effusion,a407115ecdb03c3ac2ca3cd8edea47487b42b866bb1d683252887cfad111cf75,PRESENT,"[""There is a mild - moderate knee effusion.""]",UNKNOWN,"[""criteria_anatomy_severity_extent_or_timing_insufficient"",""llm_review:Joint distension and effusion timing are not specified."",""llm_review:Severity spans mild and moderate.""]",KEEP,PASS,PASS,PASS,PASS,PASS,PASS,PASS,GPT-6.1 Sol independent text reviewer C,轻至中量积液范围跨阈值且无扩张，最终UNKNOWN正确。
1.2.826.0.1.3680043.8.498.12896740277483734090633132494285615502,Synovitis,a407115ecdb03c3ac2ca3cd8edea47487b42b866bb1d683252887cfad111cf75,NOT_MENTIONED,[],UNKNOWN,[],KEEP,PASS,PASS,PASS,PASS,PASS,PASS,PASS,GPT-6.1 Sol independent text reviewer C,未描述直接滑膜炎证据，不能从积液推断。
1.2.826.0.1.3680043.8.498.12896740277483734090633132494285615502,Baker's,a407115ecdb03c3ac2ca3cd8edea47487b42b866bb1d683252887cfad111cf75,NOT_MENTIONED,[],UNKNOWN,[],KEEP,PASS,PASS,PASS,PASS,PASS,PASS,PASS,GPT-6.1 Sol independent text reviewer C,没有Baker囊肿所见，未知合理。
1.2.826.0.1.3680043.8.498.12896740277483734090633132494285615502,Contusion,a407115ecdb03c3ac2ca3cd8edea47487b42b866bb1d683252887cfad111cf75,NOT_MENTIONED,[],UNKNOWN,[],KEEP,PASS,PASS,PASS,PASS,PASS,PASS,PASS,GPT-6.1 Sol independent text reviewer C,无骨髓水肿或骨挫伤描述，NOT_MENTIONED正确。
1.2.826.0.1.3680043.8.498.12896740277483734090633132494285615502,Fracture,a407115ecdb03c3ac2ca3cd8edea47487b42b866bb1d683252887cfad111cf75,NOT_MENTIONED,[],UNKNOWN,[],KEEP,PASS,PASS,PASS,PASS,PASS,PASS,PASS,GPT-6.1 Sol independent text reviewer C,没有骨折线和骨折否定，不填NO合理。
1.2.826.0.1.3680043.8.498.13269841239774089690227054060975903636,ACL,64fa2f92251815a2d3cc40db938f92aa1904568c72976f959b7c6d5efb913ee5,PRESENT,"[""The contour of ACL is in a straight line and increase signal intensity inside on F/S T2WI, in favor of grade 1 injury."",""Grade 1 injury of ACL""]",NO,"[""explicit_subthreshold_or_alternative"",""llm_review:Injury timing is unspecified.""]",KEEP,PASS,PASS,PASS,PASS,PASS,PASS,PASS,GPT-6.1 Sol independent text reviewer C,ACL结论明确I级损伤，PRESENT和MILD正确，低级别NO不要求推断急性。
1.2.826.0.1.3680043.8.498.13269841239774089690227054060975903636,MCL,64fa2f92251815a2d3cc40db938f92aa1904568c72976f959b7c6d5efb913ee5,ABSENT,"[""Both medial & lateral collateral ligaments appear to be within normal.""]",NO,[],KEEP,PASS,PASS,PASS,PASS,PASS,PASS,PASS,GPT-6.1 Sol independent text reviewer C,内外侧副韧带均正常包含MCL，全面阴性正确。
1.2.826.0.1.3680043.8.498.13269841239774089690227054060975903636,Medial Meniscus,64fa2f92251815a2d3cc40db938f92aa1904568c72976f959b7c6d5efb913ee5,PRESENT,"[""Linear signal intensity in medial and lateral meniscus, with suspicious of extending into the surface of anterior horn of lateral meniscus, in favor of degeneration of meniscus and R/O  tear of anterior horn of lateral meniscus.""]",NO,"[""explicit_subthreshold_or_alternative"",""llm_review:Medial meniscal degeneration is described without a definite medial tear diagnosis."",""side_or_compartment_scope_review""]",KEEP,PASS,PASS,PASS,PASS,PASS,PASS,PASS,GPT-6.1 Sol independent text reviewer C,内侧线状信号退变存在，无该侧明确撕裂；PRESENT亚阈值NO合理，外侧疑似未跨侧。
1.2.826.0.1.3680043.8.498.13269841239774089690227054060975903636,Lateral Meniscus,64fa2f92251815a2d3cc40db938f92aa1904568c72976f959b7c6d5efb913ee5,UNCERTAIN,"[""Linear signal intensity in medial and lateral meniscus, with suspicious of extending into the surface of anterior horn of lateral meniscus, in favor of degeneration of meniscus and R/O  tear of anterior horn of lateral meniscus."",""Degeneration of meniscus and R/O tear of anterior horn of lateral meniscus.""]",UNKNOWN,"[""llm_review:Possible anterior horn tear is described with suspicious surface extension and R/O wording; no definite tear diagnosis."",""side_or_compartment_scope_review"",""uncertain_report""]",KEEP,PASS,PASS,PASS,PASS,PASS,PASS,PASS,GPT-6.1 Sol independent text reviewer C,外侧前角疑似到表面与R/O撕裂，UNCERTAIN而非确定YES正确。
1.2.826.0.1.3680043.8.498.13269841239774089690227054060975903636,Medial OA,64fa2f92251815a2d3cc40db938f92aa1904568c72976f959b7c6d5efb913ee5,NOT_MENTIONED,[],UNKNOWN,"[""llm_review:Generic knee osteoarthritis is not separately localized to the medial tibiofemoral compartment.""]",KEEP,PASS,PASS,PASS,PASS,PASS,PASS,PASS,GPT-6.1 Sol independent text reviewer C,泛称膝OA未单独定位内侧胫股，不将髌股退变扩展，未提及合理。
1.2.826.0.1.3680043.8.498.13269841239774089690227054060975903636,Lateral OA,64fa2f92251815a2d3cc40db938f92aa1904568c72976f959b7c6d5efb913ee5,NOT_MENTIONED,[],UNKNOWN,"[""llm_review:Lateral patellofemoral disease does not establish lateral tibiofemoral osteoarthritis.""]",KEEP,PASS,PASS,PASS,PASS,PASS,PASS,PASS,GPT-6.1 Sol independent text reviewer C,外侧髌股病不是外侧胫股OA，未提及该间室正确。
1.2.826.0.1.3680043.8.498.13269841239774089690227054060975903636,PF OA,64fa2f92251815a2d3cc40db938f92aa1904568c72976f959b7c6d5efb913ee5,PRESENT,"[""Osteoarthritis of knee joint with spur formation and subchondral bone marrow edema/cysts and irregular thining of intra-articular cartilage, more severe at lateral patellofemoral joint with grade 3-4 chondromalacia and tiny subchondral cysts over femoral trochlea."",""Osteoarthritis of right knee, more severe at lateral patellofemoral joint with grade 4 chondral injury and suspicious of lateral sublucation .""]",UNKNOWN,"[""criteria_anatomy_severity_extent_or_timing_insufficient"",""llm_review:Cartilage lesion extent is not reported."",""llm_review:Chondral grading convention is unspecified, preventing definitive extraction of greater than 50% thickness loss.""]",KEEP,PASS,PASS,PASS,PASS,PASS,PASS,PASS,GPT-6.1 Sol independent text reviewer C,髌股外侧3-4级及结论4级病变直接支持PRESENT；分级惯例与范围不明，UNKNOWN合理。
1.2.826.0.1.3680043.8.498.13269841239774089690227054060975903636,Effusion,64fa2f92251815a2d3cc40db938f92aa1904568c72976f959b7c6d5efb913ee5,PRESENT,"[""Joint effusion and suprapatellar bursitis""]",UNKNOWN,"[""criteria_anatomy_severity_extent_or_timing_insufficient"",""llm_review:Effusion volume and joint distension are unspecified.""]",KEEP,PASS,PASS,PASS,PASS,PASS,PASS,PASS,GPT-6.1 Sol independent text reviewer C,关节积液有直接词句，滑囊炎不替代关节量，未描述量级和扩张，UNKNOWN正确。
1.2.826.0.1.3680043.8.498.13269841239774089690227054060975903636,Synovitis,64fa2f92251815a2d3cc40db938f92aa1904568c72976f959b7c6d5efb913ee5,PRESENT,"[""hypertrophy of the synovium, indicative of synovitis"",""Synovitis of right knee and suprapatellar bursitis and patellar plicae.""]",YES,[],KEEP,PASS,PASS,PASS,PASS,PASS,PASS,PASS,GPT-6.1 Sol independent text reviewer C,滑膜肥厚提示滑膜炎及结论直接诊断支持YES。
1.2.826.0.1.3680043.8.498.13269841239774089690227054060975903636,Baker's,64fa2f92251815a2d3cc40db938f92aa1904568c72976f959b7c6d5efb913ee5,NOT_MENTIONED,[],UNKNOWN,[],KEEP,PASS,PASS,PASS,PASS,PASS,PASS,PASS,GPT-6.1 Sol independent text reviewer C,未提及Baker囊肿，其他囊性骨改变不混入。
1.2.826.0.1.3680043.8.498.13269841239774089690227054060975903636,Contusion,64fa2f92251815a2d3cc40db938f92aa1904568c72976f959b7c6d5efb913ee5,NOT_MENTIONED,[],UNKNOWN,"[""llm_review:Subchondral marrow edema is described in the context of osteoarthritis; no traumatic contusion is reported.""]",MASK,FAIL,FAIL,PASS,FAIL,PASS,PASS,PASS,GPT-6.1 Sol independent text reviewer C,明确软骨下骨髓水肿及囊性改变遗漏为NOT_MENTIONED和空证据，应保留替代/性质未定骨髓病变；OA语境未充分证明全部纯退变，无创伤及无骨折线依据，最终UNKNOWN仍合理，描述遗漏MASK。
1.2.826.0.1.3680043.8.498.13269841239774089690227054060975903636,Fracture,64fa2f92251815a2d3cc40db938f92aa1904568c72976f959b7c6d5efb913ee5,NOT_MENTIONED,[],UNKNOWN,[],KEEP,PASS,PASS,PASS,PASS,PASS,PASS,PASS,GPT-6.1 Sol independent text reviewer C,R/O骨岛是局灶低信号而非骨折，未提及骨折正确。
1.2.826.0.1.3680043.8.498.15024602758408626305833210011882949904,ACL,28e885ee0b68bbbefcbf4a0b22f3249e96194df868397dd3d5bf0199efc4acb4,ABSENT,"[""Anterior cruciate ligament (ACL): Normal with both bundles intact.""]",NO,[],KEEP,PASS,PASS,PASS,PASS,PASS,PASS,PASS,GPT-6.1 Sol independent text reviewer C,ACL双束完整正常，直接全面否定可靠。
1.2.826.0.1.3680043.8.498.15024602758408626305833210011882949904,MCL,28e885ee0b68bbbefcbf4a0b22f3249e96194df868397dd3d5bf0199efc4acb4,ABSENT,"[""Medial collateral ligament (MCL): Normal.""]",NO,[],KEEP,PASS,PASS,PASS,PASS,PASS,PASS,PASS,GPT-6.1 Sol independent text reviewer C,MCL正常，未由其余退变推伤，NO正确。
1.2.826.0.1.3680043.8.498.15024602758408626305833210011882949904,Medial Meniscus,28e885ee0b68bbbefcbf4a0b22f3249e96194df868397dd3d5bf0199efc4acb4,PRESENT,"[""Incomplete radial tear at the medial meniscus posterior root with adjacent reactive marrow edema."",""Incomplete radial tear at the medial meniscus posterior root with mild extrusion of the meniscal body.""]",YES,"[""history_or_postoperative_scope_review"",""llm_review:Tear timing is unspecified.""]",KEEP,PASS,PASS,PASS,PASS,PASS,PASS,PASS,GPT-6.1 Sol independent text reviewer C,内侧后根不完全放射撕裂明确，未将不完全误当疑似，YES正确。
1.2.826.0.1.3680043.8.498.15024602758408626305833210011882949904,Lateral Meniscus,28e885ee0b68bbbefcbf4a0b22f3249e96194df868397dd3d5bf0199efc4acb4,ABSENT,"[""Lateral meniscus: Normal in morphology and signal.""]",NO,[],KEEP,PASS,PASS,PASS,PASS,PASS,PASS,PASS,GPT-6.1 Sol independent text reviewer C,外侧半月板形态与信号正常，NO支持充分。
1.2.826.0.1.3680043.8.498.15024602758408626305833210011882949904,Medial OA,28e885ee0b68bbbefcbf4a0b22f3249e96194df868397dd3d5bf0199efc4acb4,PRESENT,"[""Medial compartment cartilage: High grade partial-thickness cartilage loss along the weightbearing medial femoral condyle and tibial plateau."",""Medial and patellofemoral compartment osteoarthritis, severe in the patellofemoral compartment, as described above.""]",UNKNOWN,"[""criteria_anatomy_severity_extent_or_timing_insufficient"",""llm_review:Cartilage loss extent is not measured; the approximately 10 mm threshold cannot be established.""]",KEEP,PASS,PASS,PASS,PASS,PASS,PASS,PASS,GPT-6.1 Sol independent text reviewer C,内侧高级别部分厚度损失支持高深度事实但无毫米范围，最终UNKNOWN合理。
1.2.826.0.1.3680043.8.498.15024602758408626305833210011882949904,Lateral OA,28e885ee0b68bbbefcbf4a0b22f3249e96194df868397dd3d5bf0199efc4acb4,PRESENT,"[""Tricompartmental marginal osteophytes."",""Lateral compartment cartilage: No focal cartilage defects.""]",UNKNOWN,"[""criteria_anatomy_severity_extent_or_timing_insufficient"",""llm_review:Cartilage loss depth and extent are unspecified."",""llm_review:No focal cartilage defects is a limited negative that does not exclude diffuse cartilage loss."",""llm_review:Tricompartmental osteophytes include the lateral compartment but do not establish qualifying cartilage loss."",""negation_scope_review""]",KEEP,PASS,PASS,PASS,PASS,PASS,PASS,PASS,GPT-6.1 Sol independent text reviewer C,三间室边缘骨赘包括外侧，PRESENT亚阈值相关退变；无局灶缺损不全面排除软骨损失，UNKNOWN正确。
1.2.826.0.1.3680043.8.498.15024602758408626305833210011882949904,PF OA,28e885ee0b68bbbefcbf4a0b22f3249e96194df868397dd3d5bf0199efc4acb4,PRESENT,"[""Full thickness cartilage loss along the lateral patellar facet with subchondral edema."",""Full-thickness cartilage loss along the inferolateral trochlea with subchondral edema/cystic changes."",""Medial and patellofemoral compartment osteoarthritis, severe in the patellofemoral compartment, as described above.""]",UNKNOWN,"[""criteria_anatomy_severity_extent_or_timing_insufficient"",""llm_review:Cartilage loss extent is not measured; the approximately 10 mm threshold cannot be established.""]",KEEP,PASS,PASS,PASS,PASS,PASS,PASS,PASS,GPT-6.1 Sol independent text reviewer C,髌骨外侧面及滑车下外侧全层损失与重度OA明确，缺范围仍UNKNOWN。
1.2.826.0.1.3680043.8.498.15024602758408626305833210011882949904,Effusion,28e885ee0b68bbbefcbf4a0b22f3249e96194df868397dd3d5bf0199efc4acb4,PRESENT,"[""Moderate joint effusion."",""Moderate knee joint effusion and Bakers cyst.""]",UNKNOWN,"[""criteria_anatomy_severity_extent_or_timing_insufficient"",""llm_review:Moderate effusion is explicit, but joint distension is not described.""]",KEEP,PASS,PASS,PASS,PASS,PASS,PASS,PASS,GPT-6.1 Sol independent text reviewer C,中量积液程度明确，无扩张语句，UNKNOWN符合合同。
1.2.826.0.1.3680043.8.498.15024602758408626305833210011882949904,Synovitis,28e885ee0b68bbbefcbf4a0b22f3249e96194df868397dd3d5bf0199efc4acb4,NOT_MENTIONED,[],UNKNOWN,[],KEEP,PASS,PASS,PASS,PASS,PASS,PASS,PASS,GPT-6.1 Sol independent text reviewer C,未写滑膜炎，无积液共现补全，未提及合理。
1.2.826.0.1.3680043.8.498.15024602758408626305833210011882949904,Baker's,28e885ee0b68bbbefcbf4a0b22f3249e96194df868397dd3d5bf0199efc4acb4,PRESENT,"[""Moderate Baker's cyst.""]",YES,[],KEEP,PASS,PASS,PASS,PASS,PASS,PASS,PASS,GPT-6.1 Sol independent text reviewer C,中量Baker明确命名支持典型位置和量级，YES正确。
1.2.826.0.1.3680043.8.498.15024602758408626305833210011882949904,Contusion,28e885ee0b68bbbefcbf4a0b22f3249e96194df868397dd3d5bf0199efc4acb4,ABSENT,"[""No acute fracture or bone bruise.""]",NO,[],KEEP,PASS,PASS,PASS,PASS,PASS,PASS,PASS,GPT-6.1 Sol independent text reviewer C,直接无bone bruise排除创伤挫伤；邻近反应性及软骨下水肿属于其他病变语境，未错误推创伤阳性，ABSENT与NO可接受。
1.2.826.0.1.3680043.8.498.15024602758408626305833210011882949904,Fracture,28e885ee0b68bbbefcbf4a0b22f3249e96194df868397dd3d5bf0199efc4acb4,ABSENT,"[""No acute fracture or bone bruise.""]",NO,[],KEEP,PASS,PASS,PASS,PASS,PASS,PASS,PASS,GPT-6.1 Sol independent text reviewer C,直接无急性骨折支持NO，未由术后瘢痕补骨折病史。
1.2.826.0.1.3680043.8.498.14024129019390041106306062001538710978,ACL,a8ad88703d7a6a88cb8a5ee0749c720770ba3f35ecbdc824a14669aa8a9c106b,UNCERTAIN,"[""Prednji križni ligament je povišenog signala u smislu miksoidne degeneracije, potencijalno sa\narealima parcijalne rupture starijeg datuma.""]",UNKNOWN,"[""llm_review:Definite myxoid degeneration with only a possible old partial tear; tear grade is unspecified."",""uncertain_report""]",KEEP,PASS,PASS,PASS,PASS,PASS,PASS,PASS,GPT-6.1 Sol independent text reviewer C,ACL黏液样退变并可能陈旧部分撕裂，UNCERTAIN和CURRENT_CHRONIC有原文支持，级别未知。
1.2.826.0.1.3680043.8.498.14024129019390041106306062001538710978,MCL,a8ad88703d7a6a88cb8a5ee0749c720770ba3f35ecbdc824a14669aa8a9c106b,ABSENT,"[""Medijalni kolateralni ligamenti normalnog signala. Oba se prate u\nkontinuitetu.""]",NO,[],KEEP,PASS,PASS,PASS,PASS,PASS,PASS,PASS,GPT-6.1 Sol independent text reviewer C,MCL信号正常且连续，未把外侧可能牵拉赋给内侧，NO正确。
1.2.826.0.1.3680043.8.498.14024129019390041106306062001538710978,Medial Meniscus,a8ad88703d7a6a88cb8a5ee0749c720770ba3f35ecbdc824a14669aa8a9c106b,PRESENT,"[""Medijalni menisk je izrazito promjenjenog i povišenog intenziteta signala korpusa i stražnjeg roga,\nsa ekstruzijom pod MCL za 5 mm - degenerativna ruptura.""]",YES,[],KEEP,PASS,PASS,PASS,PASS,PASS,PASS,PASS,GPT-6.1 Sol independent text reviewer C,内侧体部及后角明确退变性破裂与5毫米挤出，确定撕裂YES正确。
1.2.826.0.1.3680043.8.498.14024129019390041106306062001538710978,Lateral Meniscus,a8ad88703d7a6a88cb8a5ee0749c720770ba3f35ecbdc824a14669aa8a9c106b,PRESENT,"[""Lateralni menisk povišenog signala u smislu degeneracije.""]",NO,"[""explicit_subthreshold_or_alternative"",""llm_review:Only degenerative signal is described; no definite tear diagnosis.""]",KEEP,PASS,PASS,PASS,PASS,PASS,PASS,PASS,GPT-6.1 Sol independent text reviewer C,外侧仅退变性高信号，异常描述PRESENT与内部变性NO正确。
1.2.826.0.1.3680043.8.498.14024129019390041106306062001538710978,Medial OA,a8ad88703d7a6a88cb8a5ee0749c720770ba3f35ecbdc824a14669aa8a9c106b,PRESENT,"[""Gotovo potpuna denudacija zglobnih ploha medijalnog kompartmenta FT zgloba."",""Promjene odgovaraju uznapredovaloj OA sa hondromalacijskim promjenama 4. stupnja.""]",UNKNOWN,"[""criteria_anatomy_severity_extent_or_timing_insufficient"",""llm_review:Near-complete denudation supports high-grade depth, but cartilage lesion extent is not measured.""]",KEEP,PASS,PASS,PASS,PASS,PASS,PASS,PASS,GPT-6.1 Sol independent text reviewer C,内侧关节面近全剥脱及晚期4级OA支持深度，范围未量化，UNKNOWN合理。
1.2.826.0.1.3680043.8.498.14024129019390041106306062001538710978,Lateral OA,a8ad88703d7a6a88cb8a5ee0749c720770ba3f35ecbdc824a14669aa8a9c106b,PRESENT,"[""Stanjenje\nhrskavica lateralnog kompartmenta uz hondromalaciju 2. stupnja.""]",UNKNOWN,"[""criteria_anatomy_severity_extent_or_timing_insufficient"",""llm_review:Cartilage thinning and grade 2 chondromalacia are reported without a stated grading convention, percentage thickness loss, or lesion extent.""]",KEEP,PASS,PASS,PASS,PASS,PASS,PASS,PASS,GPT-6.1 Sol independent text reviewer C,外侧软骨变薄2级但分级惯例未注明，保守UNKNOWN不补厚度比例。
1.2.826.0.1.3680043.8.498.14024129019390041106306062001538710978,PF OA,a8ad88703d7a6a88cb8a5ee0749c720770ba3f35ecbdc824a14669aa8a9c106b,PRESENT,"[""Povišen intenzitet signala\npatelarne hrskavice uz fisure te manji edem patele u smislu hondromalacije 4. stupnja.""]",UNKNOWN,"[""criteria_anatomy_severity_extent_or_timing_insufficient"",""llm_review:Grade 4 chondromalacia is reported, but the grading convention and cartilage lesion extent are unspecified.""]",KEEP,PASS,PASS,PASS,PASS,PASS,PASS,PASS,GPT-6.1 Sol independent text reviewer C,髌骨裂隙和小骨水肿提示4级软骨病，深度惯例与范围不清，UNKNOWN合理。
1.2.826.0.1.3680043.8.498.14024129019390041106306062001538710978,Effusion,a8ad88703d7a6a88cb8a5ee0749c720770ba3f35ecbdc824a14669aa8a9c106b,PRESENT,"[""Umjereni izljev suprapatelarno.""]",UNKNOWN,"[""criteria_anatomy_severity_extent_or_timing_insufficient"",""llm_review:Moderate effusion is explicit; joint distension is not explicitly described.""]",KEEP,PASS,PASS,PASS,PASS,PASS,PASS,PASS,GPT-6.1 Sol independent text reviewer C,髌上中量积液明确，量级MODERATE正确；没有扩张，UNKNOWN合理。
1.2.826.0.1.3680043.8.498.14024129019390041106306062001538710978,Synovitis,a8ad88703d7a6a88cb8a5ee0749c720770ba3f35ecbdc824a14669aa8a9c106b,NOT_MENTIONED,[],UNKNOWN,[],KEEP,PASS,PASS,PASS,PASS,PASS,PASS,PASS,GPT-6.1 Sol independent text reviewer C,Hoffa脂肪水肿非滑膜炎直接证据，未提及合理。
1.2.826.0.1.3680043.8.498.14024129019390041106306062001538710978,Baker's,a8ad88703d7a6a88cb8a5ee0749c720770ba3f35ecbdc824a14669aa8a9c106b,PRESENT,"[""Bisagasta septirana poplitealna cista dimenzija oko 2x1.5 cm.""]",UNKNOWN,"[""anatomy_missing_or_wrong"",""criteria_anatomy_severity_extent_or_timing_insufficient"",""llm_review:Popliteal cyst is described, but typical posteromedial location and moderate/large size classification are not established.""]",MASK,PASS,PASS,PASS,PASS,PASS,PASS,PASS,GPT-6.1 Sol independent text reviewer C,分隔腘窝囊肿2x1.5厘米无典型后内侧或中大量分类，UNKNOWN解剖为合法保守排除，critical合同要求MASK。
1.2.826.0.1.3680043.8.498.14024129019390041106306062001538710978,Contusion,a8ad88703d7a6a88cb8a5ee0749c720770ba3f35ecbdc824a14669aa8a9c106b,PRESENT,"[""Suženje zglobnog prostora FT zgloba, izraženije u medijalnom dijelu, uz šire zone koštanog\nedema medijalnih zglobnih ploha femura i tibije koji se uvlači i u rubne koštane apozicije.\nSubhondralno je vidljiva i sitna cistična pregradanja kosti."",""Promjene odgovaraju uznapredovaloj OA sa hondromalacijskim promjenama 4. stupnja."",""Povišen intenzitet signala\npatelarne hrskavice uz fisure te manji edem patele u smislu hondromalacije 4. stupnja.""]",NO,"[""explicit_subthreshold_or_alternative"",""llm_review:Reported bone edema is associated with OA/chondromalacia; no traumatic contusion is diagnosed."",""timing_or_trauma_review""]",KEEP,PASS,PASS,PASS,PASS,PASS,PASS,PASS,GPT-6.1 Sol independent text reviewer C,内侧骨水肿伴改变明确被概括为晚期OA，髌骨水肿明确提示软骨软化；退变替代PRESENT和NO有描述支持，不等于创伤性骨挫伤。
1.2.826.0.1.3680043.8.498.14024129019390041106306062001538710978,Fracture,a8ad88703d7a6a88cb8a5ee0749c720770ba3f35ecbdc824a14669aa8a9c106b,NOT_MENTIONED,[],UNKNOWN,[],KEEP,PASS,PASS,PASS,PASS,PASS,PASS,PASS,GPT-6.1 Sol independent text reviewer C,无骨折评价，骨水肿不能替代骨折证据，未知正确。
1.2.826.0.1.3680043.8.498.23378338408981699466914366379590099738,ACL,781ec995f32488f13f135ce7b809977ad8f233ca61619162efc489c971e8c4a5,ABSENT,"[""The contour of ACL & PCL appear to be within normal, no abnormal signal intensity is noted.""]",NO,[],KEEP,PASS,PASS,PASS,PASS,PASS,PASS,PASS,GPT-6.1 Sol independent text reviewer C,ACL与PCL外形信号正常，直接支持ACL全面NO。
1.2.826.0.1.3680043.8.498.23378338408981699466914366379590099738,MCL,781ec995f32488f13f135ce7b809977ad8f233ca61619162efc489c971e8c4a5,ABSENT,"[""Both medial & lateral collateral ligaments appear to be within normal.""]",NO,[],KEEP,PASS,PASS,PASS,PASS,PASS,PASS,PASS,GPT-6.1 Sol independent text reviewer C,内外侧副韧带均正常，MCL阴性正确。
1.2.826.0.1.3680043.8.498.23378338408981699466914366379590099738,Medial Meniscus,781ec995f32488f13f135ce7b809977ad8f233ca61619162efc489c971e8c4a5,UNCERTAIN,"[""Linear signal intensity in posterior horn of medial meniscus, with suspicious of extending into the surface, R/O tear."",""Degeneration and R/O tear of posterior horn of medial meniscus.""]",UNKNOWN,"[""history_or_postoperative_scope_review"",""llm_review:Degeneration is reported, but degeneration alone cannot be established because a tear remains possible."",""llm_review:Surface extension is suspicious and tear is stated as R/O; no definite tear diagnosis."",""uncertain_report""]",KEEP,PASS,PASS,PASS,PASS,PASS,PASS,PASS,GPT-6.1 Sol independent text reviewer C,内侧后角线状退变疑似达表面并R/O撕裂，UNCERTAIN合理，不补确定阳性。
1.2.826.0.1.3680043.8.498.23378338408981699466914366379590099738,Lateral Meniscus,781ec995f32488f13f135ce7b809977ad8f233ca61619162efc489c971e8c4a5,ABSENT,"[""No strong MR evidence of tear of lateral meniscus.""]",UNKNOWN,"[""llm_review:The qualified negative 'No strong MR evidence' does not unequivocally exclude all meniscal tears."",""negative_scope_insufficient""]",KEEP,PASS,PASS,PASS,PASS,PASS,PASS,PASS,GPT-6.1 Sol independent text reviewer C,外侧仅无强MRI撕裂证据为限定否定，全面absence留空和UNKNOWN正确。
1.2.826.0.1.3680043.8.498.23378338408981699466914366379590099738,Medial OA,781ec995f32488f13f135ce7b809977ad8f233ca61619162efc489c971e8c4a5,NOT_MENTIONED,[],UNKNOWN,"[""llm_review:Generic knee osteoarthritis is reported without localization to the medial tibiofemoral compartment.""]",KEEP,PASS,PASS,PASS,PASS,PASS,PASS,PASS,GPT-6.1 Sol independent text reviewer C,泛称左膝OA未定位内侧胫股，未提及该间室合理。
1.2.826.0.1.3680043.8.498.23378338408981699466914366379590099738,Lateral OA,781ec995f32488f13f135ce7b809977ad8f233ca61619162efc489c971e8c4a5,NOT_MENTIONED,[],UNKNOWN,"[""llm_review:Generic knee osteoarthritis is reported without localization to the lateral tibiofemoral compartment.""]",KEEP,PASS,PASS,PASS,PASS,PASS,PASS,PASS,GPT-6.1 Sol independent text reviewer C,泛称OA不指定外侧胫股，髌股病不能跨间室补标签。
1.2.826.0.1.3680043.8.498.23378338408981699466914366379590099738,PF OA,781ec995f32488f13f135ce7b809977ad8f233ca61619162efc489c971e8c4a5,PRESENT,"[""Tiny subchondral cysts in femoral trochlea"",""Focal wearing articular cartilage of medial patella, reflecting grade 2-3 chondromalacia."",""C/W osteoarthritis of left knee, with grade 3-4 chondromalacia of patellofemoral joint.""]",UNKNOWN,"[""llm_review:Cartilage lesion dimensions are missing; 'Focal' does not establish extent of at least 10 mm."",""llm_review:Findings describe grade 2-3 medial patellar chondromalacia, whereas the impression describes grade 3-4 patellofemoral chondromalacia; the grade discrepancy requires review."",""llm_review:The grading convention is unspecified, so greater than 50% cartilage thickness loss cannot be established."",""unresolved_contradiction""]",MASK,PASS,PASS,PASS,PASS,PASS,PASS,PASS,GPT-6.1 Sol independent text reviewer C,所见髌骨2-3级与结论髌股3-4级有分级不一致，保留两句及复核合理；缺深度惯例和范围，UNKNOWN，critical按合同MASK。
1.2.826.0.1.3680043.8.498.23378338408981699466914366379590099738,Effusion,781ec995f32488f13f135ce7b809977ad8f233ca61619162efc489c971e8c4a5,PRESENT,"[""Joint effusion and suprapatellar bursitis with suprapatellar and medial plicae""]",UNKNOWN,"[""criteria_anatomy_severity_extent_or_timing_insufficient"",""llm_review:Effusion volume and joint distension are not specified."",""llm_review:Suprapatellar bursitis does not independently establish moderate or large intra-articular effusion.""]",KEEP,PASS,PASS,PASS,PASS,PASS,PASS,PASS,GPT-6.1 Sol independent text reviewer C,关节积液明确但无量级扩张，滑囊炎不替代量级，UNKNOWN合理。
1.2.826.0.1.3680043.8.498.23378338408981699466914366379590099738,Synovitis,781ec995f32488f13f135ce7b809977ad8f233ca61619162efc489c971e8c4a5,PRESENT,"[""hypertrophy of the synovium, indicative of synovitis."",""Synovitis of left knee with suprapatellar bursitis and patellar plicae.""]",YES,[],KEEP,PASS,PASS,PASS,PASS,PASS,PASS,PASS,GPT-6.1 Sol independent text reviewer C,滑膜肥厚和明确synovitis结论直接支持YES。
1.2.826.0.1.3680043.8.498.23378338408981699466914366379590099738,Baker's,781ec995f32488f13f135ce7b809977ad8f233ca61619162efc489c971e8c4a5,PRESENT,"[""SMall Baker's cyst"",""Small Baker's cyst with perifocal edema over medial popliteal fossa.""]",NO,"[""explicit_subthreshold_or_alternative"",""llm_review:The cyst is explicitly small and does not meet the moderate or large size criterion.""]",KEEP,PASS,PASS,PASS,PASS,PASS,PASS,PASS,GPT-6.1 Sol independent text reviewer C,小Baker及内侧腘窝周围水肿定位充分，MILD亚阈值NO正确。
1.2.826.0.1.3680043.8.498.23378338408981699466914366379590099738,Contusion,781ec995f32488f13f135ce7b809977ad8f233ca61619162efc489c971e8c4a5,NOT_MENTIONED,[],UNKNOWN,[],KEEP,PASS,PASS,PASS,PASS,PASS,PASS,PASS,GPT-6.1 Sol independent text reviewer C,骨囊性改变没有直接骨髓水肿，囊肿周边及鹅足脂肪水肿是软组织，未提及骨挫伤合理。
1.2.826.0.1.3680043.8.498.23378338408981699466914366379590099738,Fracture,781ec995f32488f13f135ce7b809977ad8f233ca61619162efc489c971e8c4a5,NOT_MENTIONED,[],UNKNOWN,[],KEEP,PASS,PASS,PASS,PASS,PASS,PASS,PASS,GPT-6.1 Sol independent text reviewer C,无骨折线或断裂描述，不以骨囊性改变反推骨折。
1.2.826.0.1.3680043.8.498.27656830051511853680197276412365020780,ACL,291433287f58821bc7c6b77eaa659662f3af3ddfdbe3068829266daa5f53f7c2,ABSENT,"[""Anterior cruciate ligament (ACL): Normal with both bundles intact.""]",NO,[],KEEP,PASS,PASS,PASS,PASS,PASS,PASS,PASS,GPT-6.1 Sol independent text reviewer C,ACL双束正常完整，全面阴性支持NO。
1.2.826.0.1.3680043.8.498.27656830051511853680197276412365020780,MCL,291433287f58821bc7c6b77eaa659662f3af3ddfdbe3068829266daa5f53f7c2,ABSENT,"[""Medial collateral ligament (MCL): Normal.""]",NO,[],KEEP,PASS,PASS,PASS,PASS,PASS,PASS,PASS,GPT-6.1 Sol independent text reviewer C,MCL直接正常，阴性范围充分。
1.2.826.0.1.3680043.8.498.27656830051511853680197276412365020780,Medial Meniscus,291433287f58821bc7c6b77eaa659662f3af3ddfdbe3068829266daa5f53f7c2,ABSENT,"[""Medial meniscus: Normal in morphology and signal."",""No meniscus tear.""]",NO,[],KEEP,PASS,PASS,PASS,PASS,PASS,PASS,PASS,GPT-6.1 Sol independent text reviewer C,内侧半月板正常且结论无撕裂，NO可靠。
1.2.826.0.1.3680043.8.498.27656830051511853680197276412365020780,Lateral Meniscus,291433287f58821bc7c6b77eaa659662f3af3ddfdbe3068829266daa5f53f7c2,ABSENT,"[""Lateral meniscus: Normal in morphology and signal."",""No meniscus tear.""]",NO,[],KEEP,PASS,PASS,PASS,PASS,PASS,PASS,PASS,GPT-6.1 Sol independent text reviewer C,外侧半月板正常与全局无半月板撕裂一致，NO正确。
1.2.826.0.1.3680043.8.498.27656830051511853680197276412365020780,Medial OA,291433287f58821bc7c6b77eaa659662f3af3ddfdbe3068829266daa5f53f7c2,ABSENT,"[""Medial compartment cartilage: No focal cartilage defects.""]",UNKNOWN,"[""llm_review:Negative statement is limited to focal cartilage defects; diffuse cartilage loss is not explicitly excluded. Cartilage depth and extent are unspecified."",""negative_scope_insufficient""]",KEEP,PASS,PASS,PASS,PASS,PASS,PASS,PASS,GPT-6.1 Sol independent text reviewer C,内侧无局灶软骨缺损仅有限否定，留空全面absence并UNKNOWN正确。
1.2.826.0.1.3680043.8.498.27656830051511853680197276412365020780,Lateral OA,291433287f58821bc7c6b77eaa659662f3af3ddfdbe3068829266daa5f53f7c2,ABSENT,"[""Lateral compartment cartilage: No focal cartilage defects.""]",UNKNOWN,"[""llm_review:Negative statement is limited to focal cartilage defects; diffuse cartilage loss is not explicitly excluded. Cartilage depth and extent are unspecified."",""negative_scope_insufficient""]",KEEP,PASS,PASS,PASS,PASS,PASS,PASS,PASS,GPT-6.1 Sol independent text reviewer C,外侧无局灶缺损不排除弥漫损失，UNKNOWN合理。
1.2.826.0.1.3680043.8.498.27656830051511853680197276412365020780,PF OA,291433287f58821bc7c6b77eaa659662f3af3ddfdbe3068829266daa5f53f7c2,ABSENT,"[""Patellofemoral compartment cartilage: No focal cartilage defects.""]",UNKNOWN,"[""llm_review:Negative statement is limited to focal cartilage defects; diffuse cartilage loss is not explicitly excluded. Cartilage depth and extent are unspecified."",""negative_scope_insufficient""]",KEEP,PASS,PASS,PASS,PASS,PASS,PASS,PASS,GPT-6.1 Sol independent text reviewer C,髌股局灶缺损否定不覆盖全部软骨目标，未写全面NO合理。
1.2.826.0.1.3680043.8.498.27656830051511853680197276412365020780,Effusion,291433287f58821bc7c6b77eaa659662f3af3ddfdbe3068829266daa5f53f7c2,ABSENT,"[""No joint effusion.""]",NO,[],KEEP,PASS,PASS,PASS,PASS,PASS,PASS,PASS,GPT-6.1 Sol independent text reviewer C,直接无关节积液，ABSENT和NO支持充分。
1.2.826.0.1.3680043.8.498.27656830051511853680197276412365020780,Synovitis,291433287f58821bc7c6b77eaa659662f3af3ddfdbe3068829266daa5f53f7c2,NOT_MENTIONED,[],UNKNOWN,[],KEEP,PASS,PASS,PASS,PASS,PASS,PASS,PASS,GPT-6.1 Sol independent text reviewer C,没有直接滑膜炎证据，不能从无积液推出滑膜阴性。
1.2.826.0.1.3680043.8.498.27656830051511853680197276412365020780,Baker's,291433287f58821bc7c6b77eaa659662f3af3ddfdbe3068829266daa5f53f7c2,ABSENT,"[""No Baker's cyst.""]",NO,[],KEEP,PASS,PASS,PASS,PASS,PASS,PASS,PASS,GPT-6.1 Sol independent text reviewer C,明确无Baker囊肿，全面阴性NO正确。
1.2.826.0.1.3680043.8.498.27656830051511853680197276412365020780,Contusion,291433287f58821bc7c6b77eaa659662f3af3ddfdbe3068829266daa5f53f7c2,UNCERTAIN,"[""Marrow edema along the peripheral aspect of the medial femoral condyle could represent a very small osseous contusion in the appropriate context."",""Small focus of mild marrow edema along the peripheral aspect of the medial femoral condyle which could represent a healing osseous contusion in the appropriate context.""]",UNKNOWN,"[""llm_review:Contusion is conditional on an appropriate clinical context; traumatic etiology is uncertain. Healing is suggested, but injury timing is unspecified. Absence of a fracture line at this lesion is not explicitly stated."",""uncertain_report""]",KEEP,PASS,PASS,PASS,PASS,PASS,PASS,PASS,GPT-6.1 Sol independent text reviewer C,股骨内髁周边轻度水肿可能为很小或愈合挫伤，条件性语句完整保留；创伤性质和病灶骨折线否定不明，UNKNOWN合理。
1.2.826.0.1.3680043.8.498.27656830051511853680197276412365020780,Fracture,291433287f58821bc7c6b77eaa659662f3af3ddfdbe3068829266daa5f53f7c2,NOT_MENTIONED,[],UNKNOWN,[],KEEP,PASS,PASS,PASS,PASS,PASS,PASS,PASS,GPT-6.1 Sol independent text reviewer C,没有骨折或骨折线评价，疑似挫伤不能填骨折阴性。
