StudyInstanceUID,split,gold_label_count
1.2.826.0.1.3680043.8.498.10004873229099053869093324292195817260,train,0
1.2.826.0.1.3680043.8.498.10004945927472656027199792075652399585,train,0
1.2.826.0.1.3680043.8.498.10009278692606631573540062909909132231,train,0
1.2.826.0.1.3680043.8.498.10009639203170750274174707434356622764,train,0
1.2.826.0.1.3680043.8.498.10013663742400736029415768216599146542,train,0
1.2.826.0.1.3680043.8.498.10018552945042470316597008531304016339,train,0
1.2.826.0.1.3680043.8.498.10018749256316287542884435387067561101,train,0
1.2.826.0.1.3680043.8.498.10021179701366615563817491713738306606,train,0
1.2.826.0.1.3680043.8.498.10021288557171866794624317186288618513,train,0
1.2.826.0.1.3680043.8.498.10025765742726180988537955593315007559,train,0
1.2.826.0.1.3680043.8.498.10026410865298348818136520318965356394,train,0
1.2.826.0.1.3680043.8.498.10029168398037940681915299760479434938,train,0
1.2.826.0.1.3680043.8.498.10029520033957968044048068502185417806,train,0
1.2.826.0.1.3680043.8.498.10039686090738454718354181337513293981,train,0
1.2.826.0.1.3680043.8.498.10048842414095994814596043262132965018,train,0
1.2.826.0.1.3680043.8.498.10058298717414171145622092128156266866,train,0
1.2.826.0.1.3680043.8.498.10059200627175320481920009076697103801,train,0
1.2.826.0.1.3680043.8.498.10061120822929703004201627784850458401,train,0
1.2.826.0.1.3680043.8.498.10064642360075735959136394136507408269,train,0
1.2.826.0.1.3680043.8.498.10066945398485042741116657288959323922,train,0
1.2.826.0.1.3680043.8.498.10077497528995409346950814927366582736,train,0
1.2.826.0.1.3680043.8.498.10077803906105306230229342168184970097,train,0
1.2.826.0.1.3680043.8.498.10081117556977868957150377234052259018,train,0
1.2.826.0.1.3680043.8.498.10085187975213640798228717119613397941,train,0
1.2.826.0.1.3680043.8.498.10087350795575215080051569638065974347,train,0
1.2.826.0.1.3680043.8.498.10088120558600684332737135714636269365,train,0
1.2.826.0.1.3680043.8.498.10088707526476055079083082931629995449,train,0
1.2.826.0.1.3680043.8.498.10090136633727522725960302994815319097,train,0
1.2.826.0.1.3680043.8.498.10090631811016939819371208464230332678,train,0
1.2.826.0.1.3680043.8.498.10096063158753121251217031021181036863,train,0
1.2.826.0.1.3680043.8.498.10096216489317602387766193675918767557,train,0
1.2.826.0.1.3680043.8.498.10096919689272424388113819845481617364,train,0
1.2.826.0.1.3680043.8.498.10100718559177860518999368876392117659,train,0
1.2.826.0.1.3680043.8.498.10118623027360228027776975311765133100,train,0
1.2.826.0.1.3680043.8.498.10120841513315425967980213160839994882,train,0
1.2.826.0.1.3680043.8.498.10121558854084271154265851933273260339,train,0
1.2.826.0.1.3680043.8.498.10123751739767586025744123799948754343,train,0
1.2.826.0.1.3680043.8.498.10124063607403942330156450768015985834,train,0
1.2.826.0.1.3680043.8.498.10124701778993602117271554854098856833,train,0
1.2.826.0.1.3680043.8.498.10128954897472795975323353442305671586,train,0
1.2.826.0.1.3680043.8.498.10129462959695121379466274688956171166,train,0
1.2.826.0.1.3680043.8.498.10132169498032330070492330913783717864,train,0
1.2.826.0.1.3680043.8.498.10133843191898064967257276100779798471,train,0
1.2.826.0.1.3680043.8.498.10135587809070718435691939321937314104,train,0
1.2.826.0.1.3680043.8.498.10136486417446492428821313562961937182,train,0
1.2.826.0.1.3680043.8.498.10143536655047216390592811329604738314,train,0
1.2.826.0.1.3680043.8.498.10144735099702632881322032871591573824,train,0
1.2.826.0.1.3680043.8.498.10147180484860577398303524379319212586,train,0
1.2.826.0.1.3680043.8.498.10147717839726734017869499799005084725,train,0
1.2.826.0.1.3680043.8.498.10148037169326559689992758180208780221,train,0
1.2.826.0.1.3680043.8.498.10148517526101576084961355066637531019,train,0
1.2.826.0.1.3680043.8.498.10149967031679082348901055550415519790,train,0
1.2.826.0.1.3680043.8.498.10155611590208164695256621422536643320,train,0
1.2.826.0.1.3680043.8.498.10157549662917062273945150928668828930,train,0
1.2.826.0.1.3680043.8.498.10158178668962379857908493434842864484,train,0
1.2.826.0.1.3680043.8.498.10159551371305936155888341171022480536,train,0
1.2.826.0.1.3680043.8.498.10161011217774350674534600439166319161,train,0
1.2.826.0.1.3680043.8.498.10162168547770229150261479353227398478,train,0
1.2.826.0.1.3680043.8.498.10162720374291180196973998234794414415,train,0
1.2.826.0.1.3680043.8.498.10181119664728335020976262955776463973,train,0
1.2.826.0.1.3680043.8.498.10181291283712008544475048457589664787,train,0
1.2.826.0.1.3680043.8.498.10182565688010898600749222617373997197,train,0
1.2.826.0.1.3680043.8.498.10183939841890895037058579455663880292,train,0
1.2.826.0.1.3680043.8.498.10189392162056736163704940747328177364,train,0
1.2.826.0.1.3680043.8.498.10190506315646895064803936408630113507,train,0
1.2.826.0.1.3680043.8.498.10197515493414564227930855210542221039,train,0
1.2.826.0.1.3680043.8.498.10197565004992937722841731691775578390,train,0
1.2.826.0.1.3680043.8.498.10199522802568420589167284753473646773,train,0
1.2.826.0.1.3680043.8.498.10201197020583611347810070328854760801,train,0
1.2.826.0.1.3680043.8.498.10201660732108909756259359440298787775,train,0
1.2.826.0.1.3680043.8.498.10205592316907266136938526795826751183,train,0
1.2.826.0.1.3680043.8.498.10207134048598925821261298801127950516,train,0
1.2.826.0.1.3680043.8.498.10209387047693448282446870911381660585,train,0
1.2.826.0.1.3680043.8.498.10211034309703220222647821582770542129,train,0
1.2.826.0.1.3680043.8.498.10218285921271312931891912812808052375,train,0
1.2.826.0.1.3680043.8.498.10218458664774126578027318307405130821,train,0
1.2.826.0.1.3680043.8.498.10229223546412441924801428332647762115,train,0
1.2.826.0.1.3680043.8.498.10239418182819270860819533058081041576,train,0
1.2.826.0.1.3680043.8.498.10240166440044087554182120832488098189,train,0
1.2.826.0.1.3680043.8.498.10240237086492917349933491458808329326,train,0
1.2.826.0.1.3680043.8.498.10241639721703882165429374175491428414,train,0
1.2.826.0.1.3680043.8.498.10243300429607935614655219482457289307,train,0
1.2.826.0.1.3680043.8.498.10247930792182001003497189021027466833,train,0
1.2.826.0.1.3680043.8.498.10252163031705285141538200795896549203,train,0
1.2.826.0.1.3680043.8.498.10254828365033984708960944586564394286,train,0
1.2.826.0.1.3680043.8.498.10256441455107860474283716992657597873,train,0
1.2.826.0.1.3680043.8.498.10261794102024899290234062909324134903,train,0
1.2.826.0.1.3680043.8.498.10262024906324456863812446480254600405,train,0
1.2.826.0.1.3680043.8.498.10262784969531507133353458615303007839,train,0
1.2.826.0.1.3680043.8.498.10271567891603078238024189515805908561,train,0
1.2.826.0.1.3680043.8.498.10273861326753707436672556008991334542,train,0
1.2.826.0.1.3680043.8.498.10274314637471308855247991547659839029,train,0
1.2.826.0.1.3680043.8.498.10274956886032850418742861294277331382,train,0
1.2.826.0.1.3680043.8.498.10284263494252700630857173843779724077,train,0
1.2.826.0.1.3680043.8.498.10284446538566255572004044331831825072,train,0
1.2.826.0.1.3680043.8.498.10287488031206457680758379452936914669,train,0
1.2.826.0.1.3680043.8.498.10299396087685174806129850512856451005,train,0
1.2.826.0.1.3680043.8.498.10299618611626190927173051117228647808,train,0
1.2.826.0.1.3680043.8.498.10301089872627496769249366231947887097,train,0
1.2.826.0.1.3680043.8.498.10304242666970626179776896768140580106,train,0
1.2.826.0.1.3680043.8.498.10310831394568337664174691281092566272,train,0
1.2.826.0.1.3680043.8.498.10312350714164739081126996907250465738,train,0
1.2.826.0.1.3680043.8.498.10314240078685804110739316196999571466,train,0
1.2.826.0.1.3680043.8.498.10318366890716843554246682186865048846,train,0
1.2.826.0.1.3680043.8.498.10321556388278642027434955207617064548,train,0
1.2.826.0.1.3680043.8.498.10321702681363532511953946967334431952,train,0
1.2.826.0.1.3680043.8.498.10322724865012212544754724404226583315,train,0
1.2.826.0.1.3680043.8.498.10322853084122920408377349136830993432,train,0
1.2.826.0.1.3680043.8.498.10326352669696598934883805147731461341,train,0
1.2.826.0.1.3680043.8.498.10327608571317884761792196888985963332,train,0
1.2.826.0.1.3680043.8.498.10330805760778577501878048995484987687,train,0
1.2.826.0.1.3680043.8.498.10336300544286006569730381727202519821,train,0
1.2.826.0.1.3680043.8.498.10339654093023509742663983374586998753,train,0
1.2.826.0.1.3680043.8.498.10348611327224519953673858098392135936,train,0
1.2.826.0.1.3680043.8.498.10349368332722015923160611226877741306,train,0
1.2.826.0.1.3680043.8.498.10351168527688244230248760520733020605,train,0
1.2.826.0.1.3680043.8.498.10351460911387106879135924409514835385,train,0
1.2.826.0.1.3680043.8.498.10352011938574988727803498915608467179,train,0
1.2.826.0.1.3680043.8.498.10352044313309892076985642485759368197,train,0
1.2.826.0.1.3680043.8.498.10354576637002647863048798607011636355,train,0
1.2.826.0.1.3680043.8.498.10361030765327974510262894062047216433,train,0
1.2.826.0.1.3680043.8.498.10370612191212456931506340727148605247,train,0
1.2.826.0.1.3680043.8.498.10371162371589200772388569623043753617,train,0
1.2.826.0.1.3680043.8.498.10374791734880310643587680407133671218,train,0
1.2.826.0.1.3680043.8.498.10378535286770237477615181844634903700,train,0
1.2.826.0.1.3680043.8.498.10382074558506016193900889176239337801,train,0
1.2.826.0.1.3680043.8.498.10386894500329189457070808193345170500,train,0
1.2.826.0.1.3680043.8.498.10387227472110643414333498953513810066,train,0
1.2.826.0.1.3680043.8.498.10387383212921524066516723428665512341,train,0
1.2.826.0.1.3680043.8.498.10387876708310019345913209598612198432,train,0
1.2.826.0.1.3680043.8.498.10391178814963564201551003358372148419,train,0
1.2.826.0.1.3680043.8.498.10395211177230760565674811878437948933,train,0
1.2.826.0.1.3680043.8.498.10401813253995823397883215400000450724,train,0
1.2.826.0.1.3680043.8.498.10402431429660337753694827208437698007,train,0
1.2.826.0.1.3680043.8.498.10405028141768633100332386157519916334,train,0
1.2.826.0.1.3680043.8.498.10407865232593182855530878478701744409,train,0
1.2.826.0.1.3680043.8.498.10409870090434047408497289167124673434,train,0
1.2.826.0.1.3680043.8.498.10415616591430643294142401482460086713,train,0
1.2.826.0.1.3680043.8.498.10417042894702157309437002434676100667,train,0
1.2.826.0.1.3680043.8.498.10418888172081069709796646795446885715,train,0
1.2.826.0.1.3680043.8.498.10419958821528108176389641942168280311,train,0
1.2.826.0.1.3680043.8.498.10419993051271996183722192755371692029,train,0
1.2.826.0.1.3680043.8.498.10422130685453254363700365908336246863,train,0
1.2.826.0.1.3680043.8.498.10422536395266111565753575369125069689,train,0
1.2.826.0.1.3680043.8.498.10423586531262405323219596291234698626,train,0
1.2.826.0.1.3680043.8.498.10425131723456547056365404016184663035,train,0
1.2.826.0.1.3680043.8.498.10427893579790102216163565692202919399,train,0
1.2.826.0.1.3680043.8.498.10429032846672074760218668873927822056,train,0
1.2.826.0.1.3680043.8.498.10432568348356281020515782178064869805,train,0
1.2.826.0.1.3680043.8.498.10434135978927658622039675788413759069,train,0
1.2.826.0.1.3680043.8.498.10440858363080910322920496514558347561,train,0
1.2.826.0.1.3680043.8.498.10442828926117258624043497279351962738,train,0
1.2.826.0.1.3680043.8.498.10445893053733106322562086357169418409,train,0
1.2.826.0.1.3680043.8.498.10454875772176439944597553400963295397,train,0
1.2.826.0.1.3680043.8.498.10455589411958266725060942213473374667,train,0
1.2.826.0.1.3680043.8.498.10459044164648238749799867924228983674,train,0
1.2.826.0.1.3680043.8.498.10459901081962705567398560859229437818,train,0
1.2.826.0.1.3680043.8.498.10470282959537049979906878778884086884,train,0
1.2.826.0.1.3680043.8.498.10472519452146922631626638652503679695,train,0
1.2.826.0.1.3680043.8.498.10475397432011699698577978597417345091,train,0
1.2.826.0.1.3680043.8.498.10485026284343436524865922231113748546,train,0
1.2.826.0.1.3680043.8.498.10491012711700179118010977263805828326,train,0
1.2.826.0.1.3680043.8.498.10492484093480313596330475837639172625,train,0
1.2.826.0.1.3680043.8.498.10495281520660483987888839682017074584,train,0
1.2.826.0.1.3680043.8.498.10499265498716562276605625682538326716,train,0
1.2.826.0.1.3680043.8.498.10501068619333941198079851978532746117,train,0
1.2.826.0.1.3680043.8.498.10502440129091559437492859441158882078,train,0
1.2.826.0.1.3680043.8.498.10505282086293876725410939800054491454,train,0
1.2.826.0.1.3680043.8.498.10511712617129216774539441890488742560,train,0
1.2.826.0.1.3680043.8.498.10512466806929129734785318932315918522,train,0
1.2.826.0.1.3680043.8.498.10519480654942067141173172019311858213,train,0
1.2.826.0.1.3680043.8.498.10519566075312736546346469231439794627,train,0
1.2.826.0.1.3680043.8.498.10521372086358356219840179458708706015,train,0
1.2.826.0.1.3680043.8.498.10522585237725235866013737575867341946,train,0
1.2.826.0.1.3680043.8.498.10524164196949381411165626176732559196,train,0
1.2.826.0.1.3680043.8.498.10530226787566708645477257565528473018,train,0
1.2.826.0.1.3680043.8.498.10532708800468111850607752497432656694,train,0
1.2.826.0.1.3680043.8.498.10534260101860670685224894870019533364,train,0
1.2.826.0.1.3680043.8.498.10536557774352716497356905292652597953,train,0
1.2.826.0.1.3680043.8.498.10537503354035115750949427337500909327,train,0
1.2.826.0.1.3680043.8.498.10538502578022388392340022120166213828,train,0
1.2.826.0.1.3680043.8.498.10540980111087702906123811593906850156,train,0
1.2.826.0.1.3680043.8.498.10541029960718591409318399557079055927,train,0
1.2.826.0.1.3680043.8.498.10541215772904358938061268226270989801,train,0
1.2.826.0.1.3680043.8.498.10541227283184832783436242773084724216,train,0
1.2.826.0.1.3680043.8.498.10542526906255526405613760733936070251,train,0
1.2.826.0.1.3680043.8.498.10546313646515875953943156661172963953,train,0
1.2.826.0.1.3680043.8.498.10549360192675575195491716398555148512,train,0
1.2.826.0.1.3680043.8.498.10562412345413239960204081248510238736,train,0
1.2.826.0.1.3680043.8.498.10563016328082326759266280856730347260,train,0
1.2.826.0.1.3680043.8.498.10574706940531650593705137704922433109,train,0
1.2.826.0.1.3680043.8.498.10578013533179563448221888658506023084,train,0
1.2.826.0.1.3680043.8.498.10580260109117947709069163110100632085,train,0
1.2.826.0.1.3680043.8.498.10581718331223731732815674582085184169,train,0
1.2.826.0.1.3680043.8.498.10587511485561679190576188107774736852,train,0
1.2.826.0.1.3680043.8.498.10589889055723532336864750992142411145,train,0
1.2.826.0.1.3680043.8.498.10590148272001480024086117269799629816,train,0
1.2.826.0.1.3680043.8.498.10590169032156570386146081157598789893,train,0
1.2.826.0.1.3680043.8.498.10591507262178959553431147886647585916,train,0
1.2.826.0.1.3680043.8.498.10593694750925047629619718537436931628,train,0
1.2.826.0.1.3680043.8.498.10599128554628698518723223547497007137,train,0
1.2.826.0.1.3680043.8.498.10600654987896381983520458496207741798,train,0
1.2.826.0.1.3680043.8.498.10601062881015669567737602031338578146,train,0
1.2.826.0.1.3680043.8.498.10601711635138681269270505152909539290,train,0
1.2.826.0.1.3680043.8.498.10601812195848580582490508608655011196,train,0
1.2.826.0.1.3680043.8.498.10603952065748622499432940419853732241,train,0
1.2.826.0.1.3680043.8.498.10614508096225944703643482200835890514,train,0
1.2.826.0.1.3680043.8.498.10615816709018712955642546871639043403,train,0
1.2.826.0.1.3680043.8.498.10619486897279334206912764495067756449,train,0
1.2.826.0.1.3680043.8.498.10619967804774235096151367674093177430,train,0
1.2.826.0.1.3680043.8.498.10624417936475721846835761375334601839,train,0
1.2.826.0.1.3680043.8.498.10626071553432761206594400919097854593,train,0
1.2.826.0.1.3680043.8.498.10626411974489938664325062396760010912,train,0
1.2.826.0.1.3680043.8.498.10627019153481144392726933328057818971,train,0
1.2.826.0.1.3680043.8.498.10627795990821506536342369227971125477,train,0
1.2.826.0.1.3680043.8.498.10631238417904652761254062374051500506,train,0
1.2.826.0.1.3680043.8.498.10632177122947017620482277062226288392,train,0
1.2.826.0.1.3680043.8.498.10642286343421893916348249679230632066,train,0
1.2.826.0.1.3680043.8.498.10648346793256473462304051626410900340,train,0
1.2.826.0.1.3680043.8.498.10650751856837517181090589171468851374,train,0
1.2.826.0.1.3680043.8.498.10652685418462611085839874321267337079,train,0
1.2.826.0.1.3680043.8.498.10652764425372125015319160977894047658,train,0
1.2.826.0.1.3680043.8.498.10653432159060774337155662807644609967,train,0
1.2.826.0.1.3680043.8.498.10656388982978239967297620214873636996,train,0
1.2.826.0.1.3680043.8.498.10657506540109137829814058249895525831,train,0
1.2.826.0.1.3680043.8.498.10657584461509809047185519742966035356,train,0
1.2.826.0.1.3680043.8.498.10659781998801845781246073928620795082,train,0
1.2.826.0.1.3680043.8.498.10673300644364559354643106316993112731,train,0
1.2.826.0.1.3680043.8.498.10674673641872871321890995010616205087,train,0
1.2.826.0.1.3680043.8.498.10675139840690240606562530926349987331,train,0
1.2.826.0.1.3680043.8.498.10676253869668012791900504544106495589,train,0
1.2.826.0.1.3680043.8.498.10684020894033412667820478260168097071,train,0
1.2.826.0.1.3680043.8.498.10686407053180376367066321489809395592,train,0
1.2.826.0.1.3680043.8.498.10688670034893539180306173203903350286,train,0
1.2.826.0.1.3680043.8.498.10699348333280906956391277892869999716,train,0
1.2.826.0.1.3680043.8.498.10702284568670902901846767166679293654,train,0
1.2.826.0.1.3680043.8.498.10704240846075023334288326143979277080,train,0
1.2.826.0.1.3680043.8.498.10713285016170190922777298047146228811,train,0
1.2.826.0.1.3680043.8.498.10715956446507906169485719013515169244,train,0
1.2.826.0.1.3680043.8.498.10724604223190030113012801427752979879,train,0
1.2.826.0.1.3680043.8.498.10726624821670417064567481545750543282,train,0
1.2.826.0.1.3680043.8.498.10728448245470003618625208276233778895,train,0
1.2.826.0.1.3680043.8.498.10729725525284633011179038668107963557,train,0
1.2.826.0.1.3680043.8.498.10731612202208916303411280624156291171,train,0
1.2.826.0.1.3680043.8.498.10736346409444614168571281812134757732,train,0
1.2.826.0.1.3680043.8.498.10739653650865735867752564520952904802,train,0
1.2.826.0.1.3680043.8.498.10740857795874468664161171813136103519,train,0
1.2.826.0.1.3680043.8.498.10748806810865802591313438958975301375,train,0
1.2.826.0.1.3680043.8.498.10751346650129497348457481341700957445,train,0
1.2.826.0.1.3680043.8.498.10751624265599812767108610284996090628,train,0
1.2.826.0.1.3680043.8.498.10756245293186761042431460535210737327,train,0
1.2.826.0.1.3680043.8.498.10759288702627176691392048851622294054,train,0
1.2.826.0.1.3680043.8.498.10760847155803463653759690525160815826,train,0
1.2.826.0.1.3680043.8.498.10761658878615069270304502752374858610,train,0
1.2.826.0.1.3680043.8.498.10762741411077456296656623422020928762,train,0
1.2.826.0.1.3680043.8.498.10765617676329232046176300833850901740,train,0
1.2.826.0.1.3680043.8.498.10768305343887790230989914438483009428,train,0
1.2.826.0.1.3680043.8.498.10769126730281890056368854871900324448,train,0
1.2.826.0.1.3680043.8.498.10774147135673365265606645781662088745,train,0
1.2.826.0.1.3680043.8.498.10782963448708192069959366583555573334,train,0
1.2.826.0.1.3680043.8.498.10783501127779906316117667790784040770,train,0
1.2.826.0.1.3680043.8.498.10790689419760453870458170966064168002,train,0
1.2.826.0.1.3680043.8.498.10802653832050736637820225444196833450,train,0
1.2.826.0.1.3680043.8.498.10803283287658556463524649793955055077,train,0
1.2.826.0.1.3680043.8.498.10808663384878038371710260386807468588,train,0
1.2.826.0.1.3680043.8.498.10812894672739619566834776054635588406,train,0
1.2.826.0.1.3680043.8.498.10818980124981334596808438908811623528,train,0
1.2.826.0.1.3680043.8.498.10824420630965162625242888916805538597,train,0
1.2.826.0.1.3680043.8.498.10829579914809383212986717269028170263,train,0
1.2.826.0.1.3680043.8.498.10830288389793651695251406408666084306,train,0
1.2.826.0.1.3680043.8.498.10835889400414225749339608096119636738,train,0
1.2.826.0.1.3680043.8.498.10839126901366636822676830560774505865,train,0
1.2.826.0.1.3680043.8.498.10842906919708856642000130208791281263,train,0
1.2.826.0.1.3680043.8.498.10843463954622076609489312662891432839,train,0
1.2.826.0.1.3680043.8.498.10843917293035279597622029625809500972,train,0
1.2.826.0.1.3680043.8.498.10848350333764008140459854470293737650,train,0
1.2.826.0.1.3680043.8.498.10850742579000782417673172155504794301,train,0
1.2.826.0.1.3680043.8.498.10851562687641986545442408470139368318,train,0
1.2.826.0.1.3680043.8.498.10852517092524464338210061305792376636,train,0
1.2.826.0.1.3680043.8.498.10854012268828835845581966634225522931,train,0
1.2.826.0.1.3680043.8.498.10854223557359336882116168394037581766,train,0
1.2.826.0.1.3680043.8.498.10855290714402117092990651362697310270,train,0
1.2.826.0.1.3680043.8.498.10857485602186206735293765836065270655,train,0
1.2.826.0.1.3680043.8.498.10857771747813858957718058322384884551,train,0
1.2.826.0.1.3680043.8.498.10862481204237376580557516731952961213,train,0
1.2.826.0.1.3680043.8.498.10867622488467375444427908425709367385,train,0
1.2.826.0.1.3680043.8.498.10876177342063734507664188801203192617,train,0
1.2.826.0.1.3680043.8.498.10880553082640412137979450100928382021,train,0
1.2.826.0.1.3680043.8.498.10884987036948550523442514147204321748,train,0
1.2.826.0.1.3680043.8.498.10886583574130697346788286647281863932,train,0
1.2.826.0.1.3680043.8.498.10890699078723972693302029683905114834,train,0
1.2.826.0.1.3680043.8.498.10895521387894821238259709507311341758,train,0
1.2.826.0.1.3680043.8.498.10902166579916526176697193295886992412,train,0
1.2.826.0.1.3680043.8.498.10903003118372337016190215211789983264,train,0
1.2.826.0.1.3680043.8.498.10917389623891555306584069980815338466,train,0
1.2.826.0.1.3680043.8.498.10917606677895195837968927716728385881,train,0
1.2.826.0.1.3680043.8.498.10919665962088003807153039302898262235,train,0
1.2.826.0.1.3680043.8.498.10920269679387171659375091645187772303,train,0
1.2.826.0.1.3680043.8.498.10924685588962763768106617368647678902,train,0
1.2.826.0.1.3680043.8.498.10924995713871537837233985073507509566,train,0
1.2.826.0.1.3680043.8.498.10927716750119165925963563081261605359,train,0
1.2.826.0.1.3680043.8.498.10930374192038896613513882597332665403,train,0
1.2.826.0.1.3680043.8.498.10931111730564885182398163970692599398,train,0
1.2.826.0.1.3680043.8.498.10932818400202426453525918723737011737,train,0
1.2.826.0.1.3680043.8.498.10933003998197427979325590791540457658,train,0
1.2.826.0.1.3680043.8.498.10937181824204907065071760564745305722,train,0
1.2.826.0.1.3680043.8.498.10937504474673840994058935502377258768,train,0
1.2.826.0.1.3680043.8.498.10937585701850306334458420860276069606,train,0
1.2.826.0.1.3680043.8.498.10938719716535758543863717421521822626,train,0
1.2.826.0.1.3680043.8.498.10939964887585312209861601414669494409,train,0
1.2.826.0.1.3680043.8.498.10959153852077371752490787490374555514,train,0
1.2.826.0.1.3680043.8.498.10960770430559425421609885784366918575,train,0
1.2.826.0.1.3680043.8.498.10964287649604862436796341368993301245,train,0
1.2.826.0.1.3680043.8.498.10965573028231658307306828073340279415,train,0
1.2.826.0.1.3680043.8.498.10975347305662629858093628672419901528,train,0
1.2.826.0.1.3680043.8.498.10979105661314213697886164132444977106,train,0
1.2.826.0.1.3680043.8.498.10981062990502278795793220223076241424,train,0
1.2.826.0.1.3680043.8.498.10983416091338854252058678062116243962,train,0
1.2.826.0.1.3680043.8.498.10992875360571368325079907908221899699,train,0
1.2.826.0.1.3680043.8.498.10994554560803816407362754025763036100,train,0
1.2.826.0.1.3680043.8.498.10994848378662155711176898659205016445,train,0
1.2.826.0.1.3680043.8.498.10994854354532517072359864903910225174,train,0
1.2.826.0.1.3680043.8.498.10994899269366718796438389394954844979,train,0
1.2.826.0.1.3680043.8.498.10995980880227536691827030731644023480,train,0
1.2.826.0.1.3680043.8.498.10998405409474759941744305665540376339,train,0
1.2.826.0.1.3680043.8.498.11006241238894862275805535376070111510,train,0
1.2.826.0.1.3680043.8.498.11007527194601989039620198927241696256,train,0
1.2.826.0.1.3680043.8.498.11010004366885474301784150582039137111,train,0
1.2.826.0.1.3680043.8.498.11011061033863592500429481719734134286,train,0
1.2.826.0.1.3680043.8.498.11014091506864318694851337553197477906,train,0
1.2.826.0.1.3680043.8.498.11040296449332764126530525726037541310,train,0
1.2.826.0.1.3680043.8.498.11041694833778404465582610810664391088,train,0
1.2.826.0.1.3680043.8.498.11043081829401721095803441219553837608,train,0
1.2.826.0.1.3680043.8.498.11043543420859531726426521315399258528,train,0
1.2.826.0.1.3680043.8.498.11043926695471016727738735328317975282,train,0
1.2.826.0.1.3680043.8.498.11045459770905584149950259201414074545,train,0
1.2.826.0.1.3680043.8.498.11049882927267755769995376553330493298,train,0
1.2.826.0.1.3680043.8.498.11050604958275820465127935558416408008,train,0
1.2.826.0.1.3680043.8.498.11052656375391331522834364601050945860,train,0
1.2.826.0.1.3680043.8.498.11052720536194493057619720620119095739,train,0
1.2.826.0.1.3680043.8.498.11057883757434391643878168168845592475,train,0
1.2.826.0.1.3680043.8.498.11060834081463491262807709963877480026,train,0
1.2.826.0.1.3680043.8.498.11064977170395595339882840534354229547,train,0
1.2.826.0.1.3680043.8.498.11067200656721609390997819562401839124,train,0
1.2.826.0.1.3680043.8.498.11070900122260301212131296598983372089,train,0
1.2.826.0.1.3680043.8.498.11079556243110299049578981210837702995,train,0
1.2.826.0.1.3680043.8.498.11080651962904815250736183346281427445,train,0
1.2.826.0.1.3680043.8.498.11084010833221855396433326769153950681,train,0
1.2.826.0.1.3680043.8.498.11090884548990390279582832205294943635,train,0
1.2.826.0.1.3680043.8.498.11091958567356981151034727948765010881,train,0
1.2.826.0.1.3680043.8.498.11100224438877567316062152508871079233,train,0
1.2.826.0.1.3680043.8.498.11103894265181149878864749992746236768,train,0
1.2.826.0.1.3680043.8.498.11110575656494405149601490027444484170,train,0
1.2.826.0.1.3680043.8.498.11111022632180183697497694737350901427,train,0
1.2.826.0.1.3680043.8.498.11113442398569287228475456000446876768,train,0
1.2.826.0.1.3680043.8.498.11119324966854127911591363740049886324,train,0
1.2.826.0.1.3680043.8.498.11122485005317809892694992204053124213,train,0
1.2.826.0.1.3680043.8.498.11123446342116837882811834332727990911,train,0
1.2.826.0.1.3680043.8.498.11125718814639515292482773418372267821,train,0
1.2.826.0.1.3680043.8.498.11126383719852491587081347886000714259,train,0
1.2.826.0.1.3680043.8.498.11128099896284546522122813576483001027,train,0
1.2.826.0.1.3680043.8.498.11131210140372132238166068091728877219,train,0
1.2.826.0.1.3680043.8.498.11135115047200279264914390528987153419,train,0
1.2.826.0.1.3680043.8.498.11136723251983227230447257874027263286,train,0
1.2.826.0.1.3680043.8.498.11145632111083286399683467139301564425,train,0
1.2.826.0.1.3680043.8.498.11148939654362681630811787929668902046,train,0
1.2.826.0.1.3680043.8.498.11149530279799223497509928655010867960,train,0
1.2.826.0.1.3680043.8.498.11150193626240150189232364321568347937,train,0
1.2.826.0.1.3680043.8.498.11150597567791052354257165699079348456,train,0
1.2.826.0.1.3680043.8.498.11150751959089942633754454715290410758,train,0
1.2.826.0.1.3680043.8.498.11152585968424897353533125085307104033,train,0
1.2.826.0.1.3680043.8.498.11154238555579687338157479416363307605,train,0
1.2.826.0.1.3680043.8.498.11156884483511690263238401598901614096,train,0
1.2.826.0.1.3680043.8.498.11159546221032123495135103648570690656,train,0
1.2.826.0.1.3680043.8.498.11173951743276817877673759975853741079,train,0
1.2.826.0.1.3680043.8.498.11180457573346204459956051956213528997,train,0
1.2.826.0.1.3680043.8.498.11183915112115196028799391678356464392,train,0
1.2.826.0.1.3680043.8.498.11184968672176462852561645279750399747,train,0
1.2.826.0.1.3680043.8.498.11190292536746235063218740991532759863,train,0
1.2.826.0.1.3680043.8.498.11191015483427903713800997920940844550,train,0
1.2.826.0.1.3680043.8.498.11192287547210248515805146368662883131,train,0
1.2.826.0.1.3680043.8.498.11201589885283493748455257854104771618,train,0
1.2.826.0.1.3680043.8.498.11201741528059502111642265469347871878,train,0
1.2.826.0.1.3680043.8.498.11207013225631251718312189933025529824,train,0
1.2.826.0.1.3680043.8.498.11208107516750574657838495761140109258,train,0
1.2.826.0.1.3680043.8.498.11208663314213048426907645330143931419,train,0
1.2.826.0.1.3680043.8.498.11210361780779474361817208167009080083,train,0
1.2.826.0.1.3680043.8.498.11211598263863419448236436640277320409,train,0
1.2.826.0.1.3680043.8.498.11212667888429022863778740306223585731,train,0
1.2.826.0.1.3680043.8.498.11214158717183172156320144105486247892,train,0
1.2.826.0.1.3680043.8.498.11218351123386367961865331646414911627,train,0
1.2.826.0.1.3680043.8.498.11218782547268547937641080283066300678,train,0
1.2.826.0.1.3680043.8.498.11219813299300915347039206446596901205,train,0
1.2.826.0.1.3680043.8.498.11221318524515817857172161854667955115,train,0
1.2.826.0.1.3680043.8.498.11226582925516370364253861721606580867,train,0
1.2.826.0.1.3680043.8.498.11229566047228169850473554486278603754,train,0
1.2.826.0.1.3680043.8.498.11231822445970527276203191047278744341,train,0
1.2.826.0.1.3680043.8.498.11232674915186872899189440191805868376,train,0
1.2.826.0.1.3680043.8.498.11249981834802444119817546155435759007,train,0
1.2.826.0.1.3680043.8.498.11254890841796835340329521299102281678,train,0
1.2.826.0.1.3680043.8.498.11257168136762043265165109052826442974,train,0
1.2.826.0.1.3680043.8.498.11260248089108026217929330361529065683,train,0
1.2.826.0.1.3680043.8.498.11262944211104069231500934582412003273,train,0
1.2.826.0.1.3680043.8.498.11264140845869814478794346490273061499,train,0
1.2.826.0.1.3680043.8.498.11268635423021790546063903457498005204,train,0
1.2.826.0.1.3680043.8.498.11270845320057097450047912107461684885,train,0
1.2.826.0.1.3680043.8.498.11276674006815021828943434205349220551,train,0
1.2.826.0.1.3680043.8.498.11276732020240247755618413418003401291,train,0
1.2.826.0.1.3680043.8.498.11277078989123345865112116288626381353,train,0
1.2.826.0.1.3680043.8.498.11277278232377185347750793496260885546,train,0
1.2.826.0.1.3680043.8.498.11282162920338602001456704018617788412,train,0
1.2.826.0.1.3680043.8.498.11282706861378379965012380644125662529,train,0
1.2.826.0.1.3680043.8.498.11287173314232027941677698384842764593,train,0
1.2.826.0.1.3680043.8.498.11291875173369366854889507729635968509,train,0
1.2.826.0.1.3680043.8.498.11294885816514924203337081832122619605,train,0
1.2.826.0.1.3680043.8.498.11295899132697862632905938037090529644,train,0
1.2.826.0.1.3680043.8.498.11298099571581989006135838942599921393,train,0
1.2.826.0.1.3680043.8.498.11302750434639976191333636496428935632,train,0
1.2.826.0.1.3680043.8.498.11307870660160563329996058267938398411,train,0
1.2.826.0.1.3680043.8.498.11312798102268182343541500463824266929,train,0
1.2.826.0.1.3680043.8.498.11314687816975146963598226343179928616,train,0
1.2.826.0.1.3680043.8.498.11315871586936178043350206344448851055,train,0
1.2.826.0.1.3680043.8.498.11316091466685605758061778045311969672,train,0
1.2.826.0.1.3680043.8.498.11331824020096159502562313322049966712,train,0
1.2.826.0.1.3680043.8.498.11334486185870324597335039163116965763,train,0
1.2.826.0.1.3680043.8.498.11334776960319816844935217444817103072,train,0
1.2.826.0.1.3680043.8.498.11337616353935430160375524217870968575,train,0
1.2.826.0.1.3680043.8.498.11338962847958062668991874160027887372,train,0
1.2.826.0.1.3680043.8.498.11340429352365972769264064439788186260,train,0
1.2.826.0.1.3680043.8.498.11345369648571407541082013397591193473,train,0
1.2.826.0.1.3680043.8.498.11347466940974045182979684641300336177,train,0
1.2.826.0.1.3680043.8.498.11352722814008170661344291337061231555,train,0
1.2.826.0.1.3680043.8.498.11353976221682532422630231842008146722,train,0
1.2.826.0.1.3680043.8.498.11362547519125634779422991321337283241,train,0
1.2.826.0.1.3680043.8.498.11369844885381156110080055326139875897,train,0
1.2.826.0.1.3680043.8.498.11371400503360468962117579439852064607,train,0
1.2.826.0.1.3680043.8.498.11383056981606331444758741778014516431,train,0
1.2.826.0.1.3680043.8.498.11385845157446557781575804962818981994,train,0
1.2.826.0.1.3680043.8.498.11386074316342852649653530230563922899,train,0
1.2.826.0.1.3680043.8.498.11391095418955817124325938917797687542,train,0
1.2.826.0.1.3680043.8.498.11394861774586578112386386342670500749,train,0
1.2.826.0.1.3680043.8.498.11395349736725035422736613041202251830,train,0
1.2.826.0.1.3680043.8.498.11396451979734570993257791565721573849,train,0
1.2.826.0.1.3680043.8.498.11402325536521359105285323485008939602,train,0
1.2.826.0.1.3680043.8.498.11406304618685790128709325242250648417,train,0
1.2.826.0.1.3680043.8.498.11406381777983128446583783158882827226,train,0
1.2.826.0.1.3680043.8.498.11414215447313658600502835138277811260,train,0
1.2.826.0.1.3680043.8.498.11420670844338686032030860787688858057,train,0
1.2.826.0.1.3680043.8.498.11425019165071014217290822852865654127,train,0
1.2.826.0.1.3680043.8.498.11428482061412578159115168314865188597,train,0
1.2.826.0.1.3680043.8.498.11432815311029789072253610823554308183,train,0
1.2.826.0.1.3680043.8.498.11440214477653629899108986507154583794,train,0
1.2.826.0.1.3680043.8.498.11441489276425334980205891153179893797,train,0
1.2.826.0.1.3680043.8.498.11446264194433135282793848490754001623,train,0
1.2.826.0.1.3680043.8.498.11448326350892044215419380818679679579,train,0
1.2.826.0.1.3680043.8.498.11448865770537436004548718998804636234,train,0
1.2.826.0.1.3680043.8.498.11451448731901996559834481853733404099,train,0
1.2.826.0.1.3680043.8.498.11451981256762378203455481812714370193,train,0
1.2.826.0.1.3680043.8.498.11455388290952699607973723923118848769,train,0
1.2.826.0.1.3680043.8.498.11458488293461896930750018852127694875,train,0
1.2.826.0.1.3680043.8.498.11458715255296685383451160973781612197,train,0
1.2.826.0.1.3680043.8.498.11465586454035959390661499120751232686,train,0
1.2.826.0.1.3680043.8.498.11467955500991327547315970867313333592,train,0
1.2.826.0.1.3680043.8.498.11468812519969607938527116557104410121,train,0
1.2.826.0.1.3680043.8.498.11471148332557464549579838595592736047,train,0
1.2.826.0.1.3680043.8.498.11472441320199233244785757534656853558,train,0
1.2.826.0.1.3680043.8.498.11477000011453869751231224714283666904,train,0
1.2.826.0.1.3680043.8.498.11477583622065195478886525904745372063,train,0
1.2.826.0.1.3680043.8.498.11482325994550095339373157256174349858,train,0
1.2.826.0.1.3680043.8.498.11487799220518102363643849548556099719,train,0
1.2.826.0.1.3680043.8.498.11489881286208501558797333161632486099,train,0
1.2.826.0.1.3680043.8.498.11495133447993934376048707763538781434,train,0
1.2.826.0.1.3680043.8.498.11497761063752461132736045914751707046,train,0
1.2.826.0.1.3680043.8.498.11498239309891927151456629915927889165,train,0
1.2.826.0.1.3680043.8.498.11498505068787084440256890724559761815,train,0
1.2.826.0.1.3680043.8.498.11498845504486569595587386245872511981,train,0
1.2.826.0.1.3680043.8.498.11501070108039994411346060488666341726,train,0
1.2.826.0.1.3680043.8.498.11504079342934513987748646905909982588,train,0
1.2.826.0.1.3680043.8.498.11506642732332295874076832453198901115,train,0
1.2.826.0.1.3680043.8.498.11506856887791286395737465774061395929,train,0
1.2.826.0.1.3680043.8.498.11508340006652282767645009271305921426,train,0
1.2.826.0.1.3680043.8.498.11515987024418648685676369132061127664,train,0
1.2.826.0.1.3680043.8.498.11516498203727058146656616413699979433,train,0
1.2.826.0.1.3680043.8.498.11516842786271998149681118182571061813,train,0
1.2.826.0.1.3680043.8.498.11520508017843738484108845144418061602,train,0
1.2.826.0.1.3680043.8.498.11521971289581057766555206729274639736,train,0
1.2.826.0.1.3680043.8.498.11529405479134457001825038259936796388,train,0
1.2.826.0.1.3680043.8.498.11530446425918247469882351709851883983,train,0
1.2.826.0.1.3680043.8.498.11532517984322509215429681648257299355,train,0
1.2.826.0.1.3680043.8.498.11533971444023236216745801026152089075,train,0
1.2.826.0.1.3680043.8.498.11542298537902846156898976374522470463,train,0
1.2.826.0.1.3680043.8.498.11545541207342029419461179316053148974,train,0
1.2.826.0.1.3680043.8.498.11546127923715190914128277599849591183,train,0
1.2.826.0.1.3680043.8.498.11547192037231064935759879673500408149,train,0
1.2.826.0.1.3680043.8.498.11551347885357242022697196552822735795,train,0
1.2.826.0.1.3680043.8.498.11551770225828320378339882849245348148,train,0
1.2.826.0.1.3680043.8.498.11561519302314146020052258325459371962,train,0
1.2.826.0.1.3680043.8.498.11569355546217846610131708883985793793,train,0
1.2.826.0.1.3680043.8.498.11569601172991867969672947467467392425,train,0
1.2.826.0.1.3680043.8.498.11571057273590444914079281238002921868,train,0
1.2.826.0.1.3680043.8.498.11574480940878399452466699512074769686,train,0
1.2.826.0.1.3680043.8.498.11574667600340420151274680172753922967,train,0
1.2.826.0.1.3680043.8.498.11577630811395858629711985689258647804,train,0
1.2.826.0.1.3680043.8.498.11579571696748051185342754881791715610,train,0
1.2.826.0.1.3680043.8.498.11583098598455610459898849451117846552,train,0
1.2.826.0.1.3680043.8.498.11587989960888698769912899464470116193,train,0
1.2.826.0.1.3680043.8.498.11590096889491409910425456896187293515,train,0
1.2.826.0.1.3680043.8.498.11592056376890319271545710970155310824,train,0
1.2.826.0.1.3680043.8.498.11592838054859712596515534341207971997,train,0
1.2.826.0.1.3680043.8.498.11595338216297251382188195835520492789,train,0
1.2.826.0.1.3680043.8.498.11596665780617412984766822528862741584,train,0
1.2.826.0.1.3680043.8.498.11596866241403598097171345671773992202,train,0
1.2.826.0.1.3680043.8.498.11598606533748611505510113033734692457,train,0
1.2.826.0.1.3680043.8.498.11599387556469808488160280438305325860,train,0
1.2.826.0.1.3680043.8.498.11604138460812393624691789275263090511,train,0
1.2.826.0.1.3680043.8.498.11604298807403466096392316117803661479,train,0
1.2.826.0.1.3680043.8.498.11605266731872772432220415835172557961,train,0
1.2.826.0.1.3680043.8.498.11610176134207131408691324676304640501,train,0
1.2.826.0.1.3680043.8.498.11610585947047502123824835405421129552,train,0
1.2.826.0.1.3680043.8.498.11613637647831801354398273334552399874,train,0
1.2.826.0.1.3680043.8.498.11619883329923252065839671636992770849,train,0
1.2.826.0.1.3680043.8.498.11625598825018422177242262569319579378,train,0
1.2.826.0.1.3680043.8.498.11629659616217352895144469980856259097,train,0
1.2.826.0.1.3680043.8.498.11641274367861998748475337224297076397,train,0
1.2.826.0.1.3680043.8.498.11641866550826314411250696478180861612,train,0
1.2.826.0.1.3680043.8.498.11642228346306175407288158335830376197,train,0
1.2.826.0.1.3680043.8.498.11642678020345468499556230871411308014,train,0
1.2.826.0.1.3680043.8.498.11646465814751330102194657154003685957,train,0
1.2.826.0.1.3680043.8.498.11647595587705638372290862475518195181,train,0
1.2.826.0.1.3680043.8.498.11651755040149549966484720727140190853,train,0
1.2.826.0.1.3680043.8.498.11652570369213315569275956969935617843,train,0
1.2.826.0.1.3680043.8.498.11654064547593365398103107850228629066,train,0
1.2.826.0.1.3680043.8.498.11655692245049710970881619360721342623,train,0
1.2.826.0.1.3680043.8.498.11659861228342609979638095779959188093,train,0
1.2.826.0.1.3680043.8.498.11669120316759278775792190599036288128,train,0
1.2.826.0.1.3680043.8.498.11674925658184069242322832524274428408,train,0
1.2.826.0.1.3680043.8.498.11679044101697033975478370934058085847,train,0
1.2.826.0.1.3680043.8.498.11679981444785137570894759919380932611,train,0
1.2.826.0.1.3680043.8.498.11682243736539231948790371952356165171,train,0
1.2.826.0.1.3680043.8.498.11685904538570360040472064238371379681,train,0
1.2.826.0.1.3680043.8.498.11689820638581431730501617718741779835,train,0
1.2.826.0.1.3680043.8.498.11691245281415120685024733512803575288,train,0
1.2.826.0.1.3680043.8.498.11695097367686121784104505410611821860,train,0
1.2.826.0.1.3680043.8.498.11703195077261884009442719578918319962,train,0
1.2.826.0.1.3680043.8.498.11706378290185110677863653788588307917,train,0
1.2.826.0.1.3680043.8.498.11709909941833245598246010905322129256,train,0
1.2.826.0.1.3680043.8.498.11716605112302071535035323666308656381,train,0
1.2.826.0.1.3680043.8.498.11716730437469973434747875401501334429,train,0
1.2.826.0.1.3680043.8.498.11720535027022778971695130536590302635,train,0
1.2.826.0.1.3680043.8.498.11720664166420613534218395854543939928,train,0
1.2.826.0.1.3680043.8.498.11722185671504770687850569082348083612,train,0
1.2.826.0.1.3680043.8.498.11723286647024326363349453996818420374,train,0
1.2.826.0.1.3680043.8.498.11723945299462627737346907048285143063,train,0
1.2.826.0.1.3680043.8.498.11725843001854130477287484865097535511,train,0
1.2.826.0.1.3680043.8.498.11726452645519338341002251323463736083,train,0
1.2.826.0.1.3680043.8.498.11738872955471637985947490962985266753,train,0
1.2.826.0.1.3680043.8.498.11751697254880722008245447197446027607,train,0
1.2.826.0.1.3680043.8.498.11752091432368750506312921028559788225,train,0
1.2.826.0.1.3680043.8.498.11762352496600661264881556836248251400,train,0
1.2.826.0.1.3680043.8.498.11762851510866726051342964961256680025,train,0
1.2.826.0.1.3680043.8.498.11770690655120964721059321709525979950,train,0
1.2.826.0.1.3680043.8.498.11775352515236862473778507708524782015,train,0
1.2.826.0.1.3680043.8.498.11776647434143676427722616249587614803,train,0
1.2.826.0.1.3680043.8.498.11779387602988880691008088661075117406,train,0
1.2.826.0.1.3680043.8.498.11783597160745641720078978406968189488,train,0
1.2.826.0.1.3680043.8.498.11785138333495400389510795613252286069,train,0
1.2.826.0.1.3680043.8.498.11786296135006283515679011075884245663,train,0
1.2.826.0.1.3680043.8.498.11791028039098776993164396657149877483,train,0
1.2.826.0.1.3680043.8.498.11791567830371683660578052737702299124,train,0
1.2.826.0.1.3680043.8.498.11796547950032543541071896156852778697,train,0
1.2.826.0.1.3680043.8.498.11798183157109435753679723596499976762,train,0
1.2.826.0.1.3680043.8.498.11799272823743145498601173910069737855,train,0
1.2.826.0.1.3680043.8.498.11803762390999881908101130422708589537,train,0
1.2.826.0.1.3680043.8.498.11804799183537166337413388415687675758,train,0
1.2.826.0.1.3680043.8.498.11805131119810457174456565128522037991,train,0
1.2.826.0.1.3680043.8.498.11812607848520072826145426247813670653,train,0
1.2.826.0.1.3680043.8.498.11814923363609140180293604689814785969,train,0
1.2.826.0.1.3680043.8.498.11823120042104793954689778719229868108,train,0
1.2.826.0.1.3680043.8.498.11830915612184936576804778995164042200,train,0
1.2.826.0.1.3680043.8.498.11836929166973549727078374306175992474,train,0
1.2.826.0.1.3680043.8.498.11848828525319749834876185415845381479,train,0
1.2.826.0.1.3680043.8.498.11851285389689341495961233129719325417,train,0
1.2.826.0.1.3680043.8.498.11860731961337988611847638299761007498,train,0
1.2.826.0.1.3680043.8.498.11863890747360341056211511874563792862,train,0
1.2.826.0.1.3680043.8.498.11867198902144602395671904591496233129,train,0
1.2.826.0.1.3680043.8.498.11868154141292577776796381772987549697,train,0
1.2.826.0.1.3680043.8.498.11868389442143514705330687746274512632,train,0
1.2.826.0.1.3680043.8.498.11871142388984150456249558619289234011,train,0
1.2.826.0.1.3680043.8.498.11878847808072119549790690649256090471,train,0
1.2.826.0.1.3680043.8.498.11880385031047315524154761508473409762,train,0
1.2.826.0.1.3680043.8.498.11881735311125899170335963782017197184,train,0
1.2.826.0.1.3680043.8.498.11887143891500181344364122992066593229,train,0
1.2.826.0.1.3680043.8.498.11892908237449514945544380023820626319,train,0
1.2.826.0.1.3680043.8.498.11897083656099489353496670273111097794,train,0
1.2.826.0.1.3680043.8.498.11900355716044995266104285198121445744,train,0
1.2.826.0.1.3680043.8.498.11901474252960403779405194385221103673,train,0
1.2.826.0.1.3680043.8.498.11902464730418099436837163594625541861,train,0
1.2.826.0.1.3680043.8.498.11904156585987383639134967886361403369,train,0
1.2.826.0.1.3680043.8.498.11905397531490569218559534495408776672,train,0
1.2.826.0.1.3680043.8.498.11906266535122698149967624908585010734,train,0
1.2.826.0.1.3680043.8.498.11909779134152823550896593167929611759,train,0
1.2.826.0.1.3680043.8.498.11911688823908554151914734938172012708,train,0
1.2.826.0.1.3680043.8.498.11912276256810863127132294167870461707,train,0
1.2.826.0.1.3680043.8.498.11915933561045570822185908784072057715,train,0
1.2.826.0.1.3680043.8.498.11919420571588879483419578078755803351,train,0
1.2.826.0.1.3680043.8.498.11920026019322352546372153111621676066,train,0
1.2.826.0.1.3680043.8.498.11920531053482540304184657218030242597,train,0
1.2.826.0.1.3680043.8.498.11923218013055841952315996726408812182,train,0
1.2.826.0.1.3680043.8.498.11924999889245769866426422681253524920,train,0
1.2.826.0.1.3680043.8.498.11926412946593048423086380882538180028,train,0
1.2.826.0.1.3680043.8.498.11927352926669104658144933891780551483,train,0
1.2.826.0.1.3680043.8.498.11934483804567594363179973225449686890,train,0
1.2.826.0.1.3680043.8.498.11935116791150327546384719051023540185,train,0
1.2.826.0.1.3680043.8.498.11935893582662912138522962760478513770,train,0
1.2.826.0.1.3680043.8.498.11937911933281010146897685679862930140,train,0
1.2.826.0.1.3680043.8.498.11938864543152001817866013174907274014,train,0
1.2.826.0.1.3680043.8.498.11944762815616453054528091721553484857,train,0
1.2.826.0.1.3680043.8.498.11954711639198972958656966617027374769,train,0
1.2.826.0.1.3680043.8.498.11957476321850340968244508976719889277,train,0
1.2.826.0.1.3680043.8.498.11958117172819754862618612170999909480,train,0
1.2.826.0.1.3680043.8.498.11964826300307458382604479841253457304,train,0
1.2.826.0.1.3680043.8.498.11964919539297578836040550782883323317,train,0
1.2.826.0.1.3680043.8.498.11977465062890611952998635094033472451,train,0
1.2.826.0.1.3680043.8.498.11979034558288454336812613626594510186,train,0
1.2.826.0.1.3680043.8.498.11979906027101464432999416052202616662,train,0
1.2.826.0.1.3680043.8.498.11980187124986749407584543247586384443,train,0
1.2.826.0.1.3680043.8.498.11980805687949950504930975019161587970,train,0
1.2.826.0.1.3680043.8.498.11981170645605720774509861722988500673,train,0
1.2.826.0.1.3680043.8.498.11988551795896617815207749665102049499,train,0
1.2.826.0.1.3680043.8.498.11999008448480965933785988718780864948,train,0
1.2.826.0.1.3680043.8.498.12005327370242618323737652892230673473,train,0
1.2.826.0.1.3680043.8.498.12006027138204983547873134458107233878,train,0
1.2.826.0.1.3680043.8.498.12007335335641704192494936946829650792,train,0
1.2.826.0.1.3680043.8.498.12009816058271421855131593296751372723,train,0
1.2.826.0.1.3680043.8.498.12010150865087936209475730225377000084,train,0
1.2.826.0.1.3680043.8.498.12014959202771141042815134335571931814,train,0
1.2.826.0.1.3680043.8.498.12015406188790105426257083591807220760,train,0
1.2.826.0.1.3680043.8.498.12026457191304650188547548517205757122,train,0
1.2.826.0.1.3680043.8.498.12031315219947933845048665397149229969,train,0
1.2.826.0.1.3680043.8.498.12036404333388388978317335770611404933,train,0
1.2.826.0.1.3680043.8.498.12041392088066705782960819598258792338,train,0
1.2.826.0.1.3680043.8.498.12041491173612341571223481616114183729,train,0
1.2.826.0.1.3680043.8.498.12045300645580015230470991493790324857,train,0
1.2.826.0.1.3680043.8.498.12050415099056648944934039580585859179,train,0
1.2.826.0.1.3680043.8.498.12051169109587120248372991913002670813,train,0
1.2.826.0.1.3680043.8.498.12054099347723802635102026371218576198,train,0
1.2.826.0.1.3680043.8.498.12067625141402105065337444349201280606,train,0
1.2.826.0.1.3680043.8.498.12071998470084955703027522152040042364,train,0
1.2.826.0.1.3680043.8.498.12073401429398042797505820525732905336,train,0
1.2.826.0.1.3680043.8.498.12092744899746753313905432642371563786,train,0
1.2.826.0.1.3680043.8.498.12095779329738382018467257299597656491,train,0
1.2.826.0.1.3680043.8.498.12098718763390783455090805975786780205,train,0
1.2.826.0.1.3680043.8.498.12100254887364913022980951672127944515,train,0
1.2.826.0.1.3680043.8.498.12104799278874963688461235330096856415,train,0
1.2.826.0.1.3680043.8.498.12106775587428595108771304868101362618,train,0
1.2.826.0.1.3680043.8.498.12107680313133383587522762626929218051,train,0
1.2.826.0.1.3680043.8.498.12110510829608190094905588610131531103,train,0
1.2.826.0.1.3680043.8.498.12117377043894182951345966247899775612,train,0
1.2.826.0.1.3680043.8.498.12130605331118953242364684736005454581,train,0
1.2.826.0.1.3680043.8.498.12130868132537772155475981935868588761,train,0
1.2.826.0.1.3680043.8.498.12131866860554871145836544571379633595,train,0
1.2.826.0.1.3680043.8.498.12132814192991105841939278718608095213,train,0
1.2.826.0.1.3680043.8.498.12135456587022560662140325717612726990,train,0
1.2.826.0.1.3680043.8.498.12137739162059836759686062882514824614,train,0
1.2.826.0.1.3680043.8.498.12139829070290803654867114374799823711,train,0
1.2.826.0.1.3680043.8.498.12148236440353424874546037143134438088,train,0
1.2.826.0.1.3680043.8.498.12150502202634860887314001818431257267,train,0
1.2.826.0.1.3680043.8.498.12158630368692962312115489365152319457,train,0
1.2.826.0.1.3680043.8.498.12160065317167766993207036411434801297,train,0
1.2.826.0.1.3680043.8.498.12165893434332227221101266719291133169,train,0
1.2.826.0.1.3680043.8.498.12166081590548185636776183599317715045,train,0
1.2.826.0.1.3680043.8.498.12166235678892893545054546864889743251,train,0
1.2.826.0.1.3680043.8.498.12168045829469202472124733625621943469,train,0
1.2.826.0.1.3680043.8.498.12170753305862973517190756418865414984,train,0
1.2.826.0.1.3680043.8.498.12171469604213841534511019872648327851,train,0
1.2.826.0.1.3680043.8.498.12171790864123519428649395041090102217,train,0
1.2.826.0.1.3680043.8.498.12176466551281285838907773521868954581,train,0
1.2.826.0.1.3680043.8.498.12178921459424917661210327999672203211,train,0
1.2.826.0.1.3680043.8.498.12181591358572249491885248089245858515,train,0
1.2.826.0.1.3680043.8.498.12182309401920763498667366352681074302,train,0
1.2.826.0.1.3680043.8.498.12185615973620890770158935333033805789,train,0
1.2.826.0.1.3680043.8.498.12189863023888657759738596583562992408,train,0
1.2.826.0.1.3680043.8.498.12192455583120681639582915365754780698,train,0
1.2.826.0.1.3680043.8.498.12195007606427082866449558290311905939,train,0
1.2.826.0.1.3680043.8.498.12195090472992304712555822541659656360,train,0
1.2.826.0.1.3680043.8.498.12200672323103829956274910258854933266,train,0
1.2.826.0.1.3680043.8.498.12201598444731259697380878112783653796,train,0
1.2.826.0.1.3680043.8.498.12202865491511254130359509254373393681,train,0
1.2.826.0.1.3680043.8.498.12207279366369605175255203969558548753,train,0
1.2.826.0.1.3680043.8.498.12208986088767216690584621773389997968,train,0
1.2.826.0.1.3680043.8.498.12215902620611618183321984433114460986,train,0
1.2.826.0.1.3680043.8.498.12219658385745696203053079500246399481,train,0
1.2.826.0.1.3680043.8.498.12221892384948220776502422531414659289,train,0
1.2.826.0.1.3680043.8.498.12225975251304101975065271521710735735,train,0
1.2.826.0.1.3680043.8.498.12229628534316014336864328244217875465,train,0
1.2.826.0.1.3680043.8.498.12232127448545053821926845887026738988,train,0
1.2.826.0.1.3680043.8.498.12238753439953831519247789198174756615,train,0
1.2.826.0.1.3680043.8.498.12238865510201989224648662550299925120,train,0
1.2.826.0.1.3680043.8.498.12241413500128553133597113709525575494,train,0
1.2.826.0.1.3680043.8.498.12242172267695588655664456078003635837,train,0
1.2.826.0.1.3680043.8.498.12246086238999179953298261549112671014,train,0
1.2.826.0.1.3680043.8.498.12248983667596865960950671947508678392,train,0
1.2.826.0.1.3680043.8.498.12256365473385257798561212457071712327,train,0
1.2.826.0.1.3680043.8.498.12257119852150088212071954292747252243,train,0
1.2.826.0.1.3680043.8.498.12257484608743859456600273083454447341,train,0
1.2.826.0.1.3680043.8.498.12259896940707176389739553110492954399,train,0
1.2.826.0.1.3680043.8.498.12260661730837055872432103268905182876,train,0
1.2.826.0.1.3680043.8.498.12261175520056712414700866621816882336,train,0
1.2.826.0.1.3680043.8.498.12264607993101717201407955391437731134,train,0
1.2.826.0.1.3680043.8.498.12266054872802015665014176014323258615,train,0
1.2.826.0.1.3680043.8.498.12266133889557145601371064833389800065,train,0
1.2.826.0.1.3680043.8.498.12266644932420958618394322959047940542,train,0
1.2.826.0.1.3680043.8.498.12267944258766605501055560486655358039,train,0
1.2.826.0.1.3680043.8.498.12271616365050313084031931009756086606,train,0
1.2.826.0.1.3680043.8.498.12273356591019341319494035708698721367,train,0
1.2.826.0.1.3680043.8.498.12273490180961458167930039242826008249,train,0
1.2.826.0.1.3680043.8.498.12274801503555668613400469130773239683,train,0
1.2.826.0.1.3680043.8.498.12275265458583331749472987758046974406,train,0
1.2.826.0.1.3680043.8.498.12280407492991430179266369843997653205,train,0
1.2.826.0.1.3680043.8.498.12283662652762881783845275662580546217,train,0
1.2.826.0.1.3680043.8.498.12285177271228289867211553575739205132,train,0
1.2.826.0.1.3680043.8.498.12285469859900617016859868410323043734,train,0
1.2.826.0.1.3680043.8.498.12286894057773964720268768529280193085,train,0
1.2.826.0.1.3680043.8.498.12294073960417956629256115458135748872,train,0
1.2.826.0.1.3680043.8.498.12295284437770380354725533247473017729,train,0
1.2.826.0.1.3680043.8.498.12296624595750602443033689366743784387,train,0
1.2.826.0.1.3680043.8.498.12300749089664733313051543117302244508,train,0
1.2.826.0.1.3680043.8.498.12301945990161670321760708884248055936,train,0
1.2.826.0.1.3680043.8.498.12305281328019552390691110900015627668,train,0
1.2.826.0.1.3680043.8.498.12307356432736970350794033171174403632,train,0
1.2.826.0.1.3680043.8.498.12308357850075929758995438211317707857,train,0
1.2.826.0.1.3680043.8.498.12314729913655626716039376606973474150,train,0
1.2.826.0.1.3680043.8.498.12322760603170246518010233325038530097,train,0
1.2.826.0.1.3680043.8.498.12326930847104022196329390608780066947,train,0
1.2.826.0.1.3680043.8.498.12328313245396930020974053819810033945,train,0
1.2.826.0.1.3680043.8.498.12331841096593105748526634055968654914,train,0
1.2.826.0.1.3680043.8.498.12332727488899501354972751168284397151,train,0
1.2.826.0.1.3680043.8.498.12333996498811456012744466468462396081,train,0
1.2.826.0.1.3680043.8.498.12335573784261147388984372283481919933,train,0
1.2.826.0.1.3680043.8.498.12345064031074704673835101507426902246,train,0
1.2.826.0.1.3680043.8.498.12347007036329783363431172840583325937,train,0
1.2.826.0.1.3680043.8.498.12348352904452887226227118450588511578,train,0
1.2.826.0.1.3680043.8.498.12348875283993064999589090039392140219,train,0
1.2.826.0.1.3680043.8.498.12348960754791091583201828167607825033,train,0
1.2.826.0.1.3680043.8.498.12352132666379687393012255589355771387,train,0
1.2.826.0.1.3680043.8.498.12354685390005531691919754048141542648,train,0
1.2.826.0.1.3680043.8.498.12355011301785011370279005103251815187,train,0
1.2.826.0.1.3680043.8.498.12356611369549236159671896247094661767,train,0
1.2.826.0.1.3680043.8.498.12361144153852256276011948786791830435,train,0
1.2.826.0.1.3680043.8.498.12366238437963147962850341556508931973,train,0
1.2.826.0.1.3680043.8.498.12373923338033469765189220784089350380,train,0
1.2.826.0.1.3680043.8.498.12374183329974116022606010915169117790,train,0
1.2.826.0.1.3680043.8.498.12379570725733005682132316461218878636,train,0
1.2.826.0.1.3680043.8.498.12383716855639375235119728470042467411,train,0
1.2.826.0.1.3680043.8.498.12386255059403233724886571725482313876,train,0
1.2.826.0.1.3680043.8.498.12387241932914995417493041212958089910,train,0
1.2.826.0.1.3680043.8.498.12387667155732116394489547491673280062,train,0
1.2.826.0.1.3680043.8.498.12406043058701411628555010402350032739,train,0
1.2.826.0.1.3680043.8.498.12408186961945791320086301369036829266,train,0
1.2.826.0.1.3680043.8.498.12408314059030096510457440879771212020,train,0
1.2.826.0.1.3680043.8.498.12408933790879905193765468926022393696,train,0
1.2.826.0.1.3680043.8.498.12408945963789246646229147558387793270,train,0
1.2.826.0.1.3680043.8.498.12411340904876460326022004747253138831,train,0
1.2.826.0.1.3680043.8.498.12411396124304166984011280826756258628,train,0
1.2.826.0.1.3680043.8.498.12414869188691502885668778427120766321,train,0
1.2.826.0.1.3680043.8.498.12426381920136706157912507136730458010,train,0
1.2.826.0.1.3680043.8.498.12431272351851438889289190308550697909,train,0
1.2.826.0.1.3680043.8.498.12432974885645948103184031984290883090,train,0
1.2.826.0.1.3680043.8.498.12435506274406010562396858512839065232,train,0
1.2.826.0.1.3680043.8.498.12437154858167700438432674983971817217,train,0
1.2.826.0.1.3680043.8.498.12438369033802887819851319347622787876,train,0
1.2.826.0.1.3680043.8.498.12438775479300781065075835270622538230,train,0
1.2.826.0.1.3680043.8.498.12450858400030959723767712312663176092,train,0
1.2.826.0.1.3680043.8.498.12462498156569316578044317782899399656,train,0
1.2.826.0.1.3680043.8.498.12471165461877621368840037945454256612,train,0
1.2.826.0.1.3680043.8.498.12473533314363654795650919604551685896,train,0
1.2.826.0.1.3680043.8.498.12473755232610784318190599222252893949,train,0
1.2.826.0.1.3680043.8.498.12481913908649439189738319460342358360,train,0
1.2.826.0.1.3680043.8.498.12482482491088588051076210158062455084,train,0
1.2.826.0.1.3680043.8.498.12484700311993345120015691857089576898,train,0
1.2.826.0.1.3680043.8.498.12487362549907644519947672428024977201,train,0
1.2.826.0.1.3680043.8.498.12489752598467506094826904655029553699,train,0
1.2.826.0.1.3680043.8.498.12490034912643658601552092574630438642,train,0
1.2.826.0.1.3680043.8.498.12491395125580387847235487841392723348,train,0
1.2.826.0.1.3680043.8.498.12491796764641306046176352066215240074,train,0
1.2.826.0.1.3680043.8.498.12492431885298164225672926785397151525,train,0
1.2.826.0.1.3680043.8.498.12497144849433082154223897356471317072,train,0
1.2.826.0.1.3680043.8.498.12499208731138180053966892599139021038,train,0
1.2.826.0.1.3680043.8.498.12501925425699863373513819814520995919,train,0
1.2.826.0.1.3680043.8.498.12507957850103916926719601413279798696,train,0
1.2.826.0.1.3680043.8.498.12509825237087140646629745447753158673,train,0
1.2.826.0.1.3680043.8.498.12509944331769453135724043962410129357,train,0
1.2.826.0.1.3680043.8.498.12510856755988712246013743789183840748,train,0
1.2.826.0.1.3680043.8.498.12514357232100339485873453417784586592,train,0
1.2.826.0.1.3680043.8.498.12515322634403509077334846234426636136,train,0
1.2.826.0.1.3680043.8.498.12518297594498173981937681848554641851,train,0
1.2.826.0.1.3680043.8.498.12520203592477518476890010185037272575,train,0
1.2.826.0.1.3680043.8.498.12522620957277632939731546099134770342,train,0
1.2.826.0.1.3680043.8.498.12523676732876902778577970655429060858,train,0
1.2.826.0.1.3680043.8.498.12525752631743097782762806859112218620,train,0
1.2.826.0.1.3680043.8.498.12526590714362529606046044104426807158,train,0
1.2.826.0.1.3680043.8.498.12526876471494728147635430816990398219,train,0
1.2.826.0.1.3680043.8.498.12531442175319757740745664049001806494,train,0
1.2.826.0.1.3680043.8.498.12534628800787651008876070514080610643,train,0
1.2.826.0.1.3680043.8.498.12548176380550230498070609559486512004,train,0
1.2.826.0.1.3680043.8.498.12552701911592685137269544109687472988,train,0
1.2.826.0.1.3680043.8.498.12553010776519233077752150342664160826,train,0
1.2.826.0.1.3680043.8.498.12553455350653672209409408595948190982,train,0
1.2.826.0.1.3680043.8.498.12554824497579383319980187351290254727,train,0
1.2.826.0.1.3680043.8.498.12559687473583953266143897736224215680,train,0
1.2.826.0.1.3680043.8.498.12563940497360871791097093821926086616,train,0
1.2.826.0.1.3680043.8.498.12568337973304376222940287737691898395,train,0
1.2.826.0.1.3680043.8.498.12569762036474456642024618586300354737,train,0
1.2.826.0.1.3680043.8.498.12573518342767030025851169814440863785,train,0
1.2.826.0.1.3680043.8.498.12574270269124650675934073761741661292,train,0
1.2.826.0.1.3680043.8.498.12576055921678075813718486704978381993,train,0
1.2.826.0.1.3680043.8.498.12577828789206467631166875572423539298,train,0
1.2.826.0.1.3680043.8.498.12579738538063674380235672702328412431,train,0
1.2.826.0.1.3680043.8.498.12580232188757225504172709417466515184,train,0
1.2.826.0.1.3680043.8.498.12583872770399266463538638801797827468,train,0
1.2.826.0.1.3680043.8.498.12598627296066406747921546933391681918,train,0
1.2.826.0.1.3680043.8.498.12606136253498337506682547306933254691,train,0
1.2.826.0.1.3680043.8.498.12607203615180268117341271176820357242,train,0
1.2.826.0.1.3680043.8.498.12607659092357834912029375690348886159,train,0
1.2.826.0.1.3680043.8.498.12607959449008110729566106776800628990,train,0
1.2.826.0.1.3680043.8.498.12614097867016983076979065551985251584,train,0
1.2.826.0.1.3680043.8.498.12616376042564380071463081913949255574,train,0
1.2.826.0.1.3680043.8.498.12620718517255799151283445360332799702,train,0
1.2.826.0.1.3680043.8.498.12625250919597111075072308824921101918,train,0
1.2.826.0.1.3680043.8.498.12626383124142146001532197239671686442,train,0
1.2.826.0.1.3680043.8.498.12629372332421954368597330267888483345,train,0
1.2.826.0.1.3680043.8.498.12630423349626505319792444053874011718,train,0
1.2.826.0.1.3680043.8.498.12632084649033412400763943977604348172,train,0
1.2.826.0.1.3680043.8.498.12632129640405661298623288977632682289,train,0
1.2.826.0.1.3680043.8.498.12637591861595747322913829625646935491,train,0
1.2.826.0.1.3680043.8.498.12638205949145637289277744267473965719,train,0
1.2.826.0.1.3680043.8.498.12640439197386154384526090653248054582,train,0
1.2.826.0.1.3680043.8.498.12642641661988102031826128876502303807,train,0
1.2.826.0.1.3680043.8.498.12644400073937544865441360809610886635,train,0
1.2.826.0.1.3680043.8.498.12647791319443598318497312837147189300,train,0
1.2.826.0.1.3680043.8.498.12653936535855858693516515692319733265,train,0
1.2.826.0.1.3680043.8.498.12658572494577556884626613972035441625,train,0
1.2.826.0.1.3680043.8.498.12668708646283106269005674386248135220,train,0
1.2.826.0.1.3680043.8.498.12673561338227595483297605409292531492,train,0
1.2.826.0.1.3680043.8.498.12674069717230126880288353271062347095,train,0
1.2.826.0.1.3680043.8.498.12674930973831274527829261576087154644,train,0
1.2.826.0.1.3680043.8.498.12676359576477452816896379524598090410,train,0
1.2.826.0.1.3680043.8.498.12688954493547892047021455671738310186,train,0
1.2.826.0.1.3680043.8.498.12689874339887047433232628649886917274,train,0
1.2.826.0.1.3680043.8.498.12690080124553846006638565600585469969,train,0
1.2.826.0.1.3680043.8.498.12690803821768205116702487219908820630,train,0
1.2.826.0.1.3680043.8.498.12692579161952587215276483587686562922,train,0
1.2.826.0.1.3680043.8.498.12697859103448296208701081683487338111,train,0
1.2.826.0.1.3680043.8.498.12699751030439008569144814819343161608,train,0
1.2.826.0.1.3680043.8.498.12700591955254168977239658917260628326,train,0
1.2.826.0.1.3680043.8.498.12700981063762577397919340901063297803,train,0
1.2.826.0.1.3680043.8.498.12701097867143790763644826659974337046,train,0
1.2.826.0.1.3680043.8.498.12704063145595847725421427571860589471,train,0
1.2.826.0.1.3680043.8.498.12709854414521475738435319009767427434,train,0
1.2.826.0.1.3680043.8.498.12715067947657150279232238280712066972,train,0
1.2.826.0.1.3680043.8.498.12715130507546263968763238702574191950,train,0
1.2.826.0.1.3680043.8.498.12715402081094788880283826571710131940,train,0
1.2.826.0.1.3680043.8.498.12717728703860353055063551162640833849,train,0
1.2.826.0.1.3680043.8.498.12718966639501121738042125605376714231,train,0
1.2.826.0.1.3680043.8.498.12719397512102459853075227679498459688,train,0
1.2.826.0.1.3680043.8.498.12719455674338091089495020475033082405,train,0
1.2.826.0.1.3680043.8.498.12724250000565012779853884787450109956,train,0
1.2.826.0.1.3680043.8.498.12725832336445568031849006413563892122,train,0
1.2.826.0.1.3680043.8.498.12728397615513347615111391662798012012,train,0
1.2.826.0.1.3680043.8.498.12731497178056855493473947157407264492,train,0
1.2.826.0.1.3680043.8.498.12748840878706905309050091576449488666,train,0
1.2.826.0.1.3680043.8.498.12754381146006839341912662615844567067,train,0
1.2.826.0.1.3680043.8.498.12759704450656741777120047828560448622,train,0
1.2.826.0.1.3680043.8.498.12761906443846433581503942530016459978,train,0
1.2.826.0.1.3680043.8.498.12762076104929080571464647825161185643,train,0
1.2.826.0.1.3680043.8.498.12762900657007480138202359874575403361,train,0
1.2.826.0.1.3680043.8.498.12765434812409174436720333864278447770,train,0
1.2.826.0.1.3680043.8.498.12769221625850663248477857087347890908,train,0
1.2.826.0.1.3680043.8.498.12771448321084229688831202344007889535,train,0
1.2.826.0.1.3680043.8.498.12775050278338123442507219047972133270,train,0
1.2.826.0.1.3680043.8.498.12775105605170844918620305197829216665,train,0
1.2.826.0.1.3680043.8.498.12778920060586364664953350981285170949,train,0
1.2.826.0.1.3680043.8.498.12785377697188564760194569072434828180,train,0
1.2.826.0.1.3680043.8.498.12785620442256422697216192462703273802,train,0
1.2.826.0.1.3680043.8.498.12785792890626338008419452097492192088,train,0
1.2.826.0.1.3680043.8.498.12790542912560396272981117250277568532,train,0
1.2.826.0.1.3680043.8.498.12792431109288033212787919118858331455,train,0
1.2.826.0.1.3680043.8.498.12798419553759200632295966180228523212,train,0
1.2.826.0.1.3680043.8.498.12799849540231315910448269889175806934,train,0
1.2.826.0.1.3680043.8.498.12800130397185143653180509040746675358,train,0
1.2.826.0.1.3680043.8.498.12806792356922865929896103306611295151,train,0
1.2.826.0.1.3680043.8.498.12814598731776085957663058326979908652,train,0
1.2.826.0.1.3680043.8.498.12815132582382825980088023336277934996,train,0
1.2.826.0.1.3680043.8.498.12817753008281742621758605755308036035,train,0
1.2.826.0.1.3680043.8.498.12818010040786942613541254450332754046,train,0
1.2.826.0.1.3680043.8.498.12819437506700585448407291050085063174,train,0
1.2.826.0.1.3680043.8.498.12820051821104182459960036809430047569,train,0
1.2.826.0.1.3680043.8.498.12824438254096860470348581093672563751,train,0
1.2.826.0.1.3680043.8.498.12827120140904847104302376671076396695,train,0
1.2.826.0.1.3680043.8.498.12831769902826114242555323443809541052,train,0
1.2.826.0.1.3680043.8.498.12836702174475748025129787471026627810,train,0
1.2.826.0.1.3680043.8.498.12837030643153472711780894512565629507,train,0
1.2.826.0.1.3680043.8.498.12839498544183083639548298117995964432,train,0
1.2.826.0.1.3680043.8.498.12862782592303338109631225504988756108,train,0
1.2.826.0.1.3680043.8.498.12864336642218457767597053831458716404,train,0
1.2.826.0.1.3680043.8.498.12866937766198610064474201436305532400,train,0
1.2.826.0.1.3680043.8.498.12896740277483734090633132494285615502,train,0
1.2.826.0.1.3680043.8.498.12899995703999073968090810947564075608,train,0
1.2.826.0.1.3680043.8.498.12904190317996738774518258536997285832,train,0
1.2.826.0.1.3680043.8.498.12907457183137517669505067507754394039,train,0
1.2.826.0.1.3680043.8.498.12912436233176216254115594260643600155,train,0
1.2.826.0.1.3680043.8.498.12914677763148740041755977075799271057,train,0
1.2.826.0.1.3680043.8.498.12917504242141830416624247604384969664,train,0
1.2.826.0.1.3680043.8.498.12919303621342250989179219420795277559,train,0
1.2.826.0.1.3680043.8.498.12929915324982999692857962099866616265,train,0
1.2.826.0.1.3680043.8.498.12938500386086171684983091332136233036,train,0
1.2.826.0.1.3680043.8.498.12946163460972553911280889205685745877,train,0
1.2.826.0.1.3680043.8.498.12946789387115203718210904958275579544,train,0
1.2.826.0.1.3680043.8.498.12949322114105642048256996295428966924,train,0
1.2.826.0.1.3680043.8.498.12950639892345812884896649629409199101,train,0
1.2.826.0.1.3680043.8.498.12954163390367261226110152166469167935,train,0
1.2.826.0.1.3680043.8.498.12957752106697316015996777476239762111,train,0
1.2.826.0.1.3680043.8.498.12958999546496283565938189274771483491,train,0
1.2.826.0.1.3680043.8.498.12965787822216495014894819598440431626,train,0
1.2.826.0.1.3680043.8.498.12968535455086298222684461157825070395,train,0
1.2.826.0.1.3680043.8.498.12970315889871740202726744767179863179,train,0
1.2.826.0.1.3680043.8.498.12978172997053500029791786614906570285,train,0
1.2.826.0.1.3680043.8.498.12980448935316870673341494036873313299,train,0
1.2.826.0.1.3680043.8.498.12981413356524881858859912294078498486,train,0
1.2.826.0.1.3680043.8.498.12982826264059547618124186257414818172,train,0
1.2.826.0.1.3680043.8.498.12986028147682493711912242081052787346,train,0
1.2.826.0.1.3680043.8.498.12986517636774565418070546261705439006,train,0
1.2.826.0.1.3680043.8.498.12992013816638129896738209015383985569,train,0
1.2.826.0.1.3680043.8.498.13003520962744192762179786723724282013,train,0
1.2.826.0.1.3680043.8.498.13004048880335015585285100185910148808,train,0
1.2.826.0.1.3680043.8.498.13009271274636013067662786774946029285,train,0
1.2.826.0.1.3680043.8.498.13016684730504329799460698013153308088,train,0
1.2.826.0.1.3680043.8.498.13017199074506191657941905498813292773,train,0
1.2.826.0.1.3680043.8.498.13022266764623819477228425331705640702,train,0
1.2.826.0.1.3680043.8.498.13022585036130454941964190427558363602,train,0
1.2.826.0.1.3680043.8.498.13024250150960117282590397343184827466,train,0
1.2.826.0.1.3680043.8.498.13024625496981667037628275235696732200,train,0
1.2.826.0.1.3680043.8.498.13026463185033527579856819607371375594,train,0
1.2.826.0.1.3680043.8.498.13027024577729659065187419038453181852,train,0
1.2.826.0.1.3680043.8.498.13027502247317650159940595684214701589,train,0
1.2.826.0.1.3680043.8.498.13028226019192925363616760332442456953,train,0
1.2.826.0.1.3680043.8.498.13030662056306690969977140713179461363,train,0
1.2.826.0.1.3680043.8.498.13034169434311535671044673510644711229,train,0
1.2.826.0.1.3680043.8.498.13035632998746261521316395720102873141,train,0
1.2.826.0.1.3680043.8.498.13054766954092919774634499780241210835,train,0
1.2.826.0.1.3680043.8.498.13062438493893996542058869514390908492,train,0
1.2.826.0.1.3680043.8.498.13062978180647549151946243290102173508,train,0
1.2.826.0.1.3680043.8.498.13065120731888368919957856813755701101,train,0
1.2.826.0.1.3680043.8.498.13068696303639759696458130704554709416,train,0
1.2.826.0.1.3680043.8.498.13069081594164738319108129224400751974,train,0
1.2.826.0.1.3680043.8.498.13072908567275370866813748886351904593,train,0
1.2.826.0.1.3680043.8.498.13073387272228394257811861905056479438,train,0
1.2.826.0.1.3680043.8.498.13077357855769903335728068420884303993,train,0
1.2.826.0.1.3680043.8.498.13078009378379325641560321462188164769,train,0
1.2.826.0.1.3680043.8.498.13078551660783737720660607567713996703,train,0
1.2.826.0.1.3680043.8.498.13078834627392793401892111941627273421,train,0
1.2.826.0.1.3680043.8.498.13079170182386765602129976624023222742,train,0
1.2.826.0.1.3680043.8.498.13086260989634665810181105278930088749,train,0
1.2.826.0.1.3680043.8.498.13087770868099843948960419968576882974,train,0
1.2.826.0.1.3680043.8.498.13088550794087945662322609097092458487,train,0
1.2.826.0.1.3680043.8.498.13093528938282977263747792690249036456,train,0
1.2.826.0.1.3680043.8.498.13093751810869039645959119469231437894,train,0
1.2.826.0.1.3680043.8.498.13096288495834275184930201615129174987,train,0
1.2.826.0.1.3680043.8.498.13099702881219862576749493772702888064,train,0
1.2.826.0.1.3680043.8.498.13102058401501684064017656674827527261,train,0
1.2.826.0.1.3680043.8.498.13103513835731355705707295729643672786,train,0
1.2.826.0.1.3680043.8.498.13108275880471592702987713766776683590,train,0
1.2.826.0.1.3680043.8.498.13113623966675790946816351311283701141,train,0
1.2.826.0.1.3680043.8.498.13114228294359876639109410575915394712,train,0
1.2.826.0.1.3680043.8.498.13114693814781737495494700902699619138,train,0
1.2.826.0.1.3680043.8.498.13118325043138522704531128725514354285,train,0
1.2.826.0.1.3680043.8.498.13118532243906060645114391749986421707,train,0
1.2.826.0.1.3680043.8.498.13125910783461518266627225743585018143,train,0
1.2.826.0.1.3680043.8.498.13126380916005729420163981055214890048,train,0
1.2.826.0.1.3680043.8.498.13128352910661672966143173193241171100,train,0
1.2.826.0.1.3680043.8.498.13128506994126383651503283021834372142,train,0
1.2.826.0.1.3680043.8.498.13129258242739880102472095242703169773,train,0
1.2.826.0.1.3680043.8.498.13130534736322715018024786213131944607,train,0
1.2.826.0.1.3680043.8.498.13131420451380633781538717117200087258,train,0
1.2.826.0.1.3680043.8.498.13133755791254469039849289186598412660,train,0
1.2.826.0.1.3680043.8.498.13135567399913958681613600650440761032,train,0
1.2.826.0.1.3680043.8.498.13136392756016978765204420377500607545,train,0
1.2.826.0.1.3680043.8.498.13137510961466386836387239510287919268,train,0
1.2.826.0.1.3680043.8.498.13137549927896953291645459480590055925,train,0
1.2.826.0.1.3680043.8.498.13139684164906828131777150061532685584,train,0
1.2.826.0.1.3680043.8.498.13143446880514535170343243531129864116,train,0
1.2.826.0.1.3680043.8.498.13146466304138609448483938844487385775,train,0
1.2.826.0.1.3680043.8.498.13147249459968468500804358644901642270,train,0
1.2.826.0.1.3680043.8.498.13148805278538458401210722493048566510,train,0
1.2.826.0.1.3680043.8.498.13150780733560495803861509587935093776,train,0
1.2.826.0.1.3680043.8.498.13150794288945922409613136250303663502,train,0
1.2.826.0.1.3680043.8.498.13151845892175420505816340845155354956,train,0
1.2.826.0.1.3680043.8.498.13155572156594271049520969168607160312,train,0
1.2.826.0.1.3680043.8.498.13157776420553094741176082047621957775,train,0
1.2.826.0.1.3680043.8.498.13158227087287104386790063637592969032,train,0
1.2.826.0.1.3680043.8.498.13158644154518335426512578922874968296,train,0
1.2.826.0.1.3680043.8.498.13162284470388627411596358366248494046,train,0
1.2.826.0.1.3680043.8.498.13163727085668231782866823012535268245,train,0
1.2.826.0.1.3680043.8.498.13165770394160595162984722917452661205,train,0
1.2.826.0.1.3680043.8.498.13167727300538353052482338786183678684,train,0
1.2.826.0.1.3680043.8.498.13172295193446466338347273836250944090,train,0
1.2.826.0.1.3680043.8.498.13173050135651736408720687361834045815,train,0
1.2.826.0.1.3680043.8.498.13173781757294564816839795307893228067,train,0
1.2.826.0.1.3680043.8.498.13173926977743814814616127342102020710,train,0
1.2.826.0.1.3680043.8.498.13176146790594027813190776550419533937,train,0
1.2.826.0.1.3680043.8.498.13179169600887013946657470830682778717,train,0
1.2.826.0.1.3680043.8.498.13179829911816163852815103052496326166,train,0
1.2.826.0.1.3680043.8.498.13197409499722328227876152940338160369,train,0
1.2.826.0.1.3680043.8.498.13199635020145400856987271814458645896,train,0
1.2.826.0.1.3680043.8.498.13200225436827306542001129042739578441,train,0
1.2.826.0.1.3680043.8.498.13203246712933982189680087013566455075,train,0
1.2.826.0.1.3680043.8.498.13207489724395276840990928372610055495,train,0
1.2.826.0.1.3680043.8.498.13210084125872700841685814144002495145,train,0
1.2.826.0.1.3680043.8.498.13211838518836535713919214396985811434,train,0
1.2.826.0.1.3680043.8.498.13214267416673058581197714011913363750,train,0
1.2.826.0.1.3680043.8.498.13222515831888962408632292783773537312,train,0
1.2.826.0.1.3680043.8.498.13224933005220329091792052916905776921,train,0
1.2.826.0.1.3680043.8.498.13226961394403558608712498872213808226,train,0
1.2.826.0.1.3680043.8.498.13229563888378977350299319159748823477,train,0
1.2.826.0.1.3680043.8.498.13232501202175905676335982676386953813,train,0
1.2.826.0.1.3680043.8.498.13234278816788324761159326624155958655,train,0
1.2.826.0.1.3680043.8.498.13240749152416621711688053465035013133,train,0
1.2.826.0.1.3680043.8.498.13242536312535334908597493894251783308,train,0
1.2.826.0.1.3680043.8.498.13245409855393847268063261203253424169,train,0
1.2.826.0.1.3680043.8.498.13246496699722524712272293738359002501,train,0
1.2.826.0.1.3680043.8.498.13256173302993031630968402868348974108,train,0
1.2.826.0.1.3680043.8.498.13261595972961358158990410740461308054,train,0
1.2.826.0.1.3680043.8.498.13262053361139017457941697384315610025,train,0
1.2.826.0.1.3680043.8.498.13262473718294425031790270527413368245,train,0
1.2.826.0.1.3680043.8.498.13263128568157735797391439005687112733,train,0
1.2.826.0.1.3680043.8.498.13267708980958529833316446819156908381,train,0
1.2.826.0.1.3680043.8.498.13269841239774089690227054060975903636,train,0
1.2.826.0.1.3680043.8.498.13273890409523605456488117581706115075,train,0
1.2.826.0.1.3680043.8.498.13280017707177438711374726939683941320,train,0
1.2.826.0.1.3680043.8.498.13283411144589724334502427926341646116,train,0
1.2.826.0.1.3680043.8.498.13284123714012951608998434802430211634,train,0
1.2.826.0.1.3680043.8.498.13286048014183811835847662577023535662,train,0
1.2.826.0.1.3680043.8.498.13288244567806030859347115222642155186,train,0
1.2.826.0.1.3680043.8.498.13290698873574296175460151724606672982,train,0
1.2.826.0.1.3680043.8.498.13291943370279119939499960846843879156,train,0
1.2.826.0.1.3680043.8.498.13295231176137292542631413614945667314,train,0
1.2.826.0.1.3680043.8.498.13295633458001436592005068637719195786,train,0
1.2.826.0.1.3680043.8.498.13297973188397662905314777604089528518,train,0
1.2.826.0.1.3680043.8.498.13309299049346932814529962458932580753,train,0
1.2.826.0.1.3680043.8.498.13312139694018789912028129989483016875,train,0
1.2.826.0.1.3680043.8.498.13314276151860609710431717811242659651,train,0
1.2.826.0.1.3680043.8.498.13319886927127591971322856062062654146,train,0
1.2.826.0.1.3680043.8.498.13321746459276191365724686301267421531,train,0
1.2.826.0.1.3680043.8.498.13323187196249612936800308722675884644,train,0
1.2.826.0.1.3680043.8.498.13328029743559327467301971917273397645,train,0
1.2.826.0.1.3680043.8.498.13332521365069604440230185026865466121,train,0
1.2.826.0.1.3680043.8.498.13335786652653204791740906118815827207,train,0
1.2.826.0.1.3680043.8.498.13341507176140340924941654608476073030,train,0
1.2.826.0.1.3680043.8.498.13353249891620291438488727876474802879,train,0
1.2.826.0.1.3680043.8.498.13353409340862821090624127486679097099,train,0
1.2.826.0.1.3680043.8.498.13353966209257569249620562863006006441,train,0
1.2.826.0.1.3680043.8.498.13357923062946813820390731946535198170,train,0
1.2.826.0.1.3680043.8.498.13358702230966891064267033765095124604,train,0
1.2.826.0.1.3680043.8.498.13361877959630120404875545203408927433,train,0
1.2.826.0.1.3680043.8.498.13363562142644508091380459785810556567,train,0
1.2.826.0.1.3680043.8.498.13363856251607349805111249441972460575,train,0
1.2.826.0.1.3680043.8.498.13367691581890020433564928882602648123,train,0
1.2.826.0.1.3680043.8.498.13367740087756379568826046059252678700,train,0
1.2.826.0.1.3680043.8.498.13368881691140330168876825436602977388,train,0
1.2.826.0.1.3680043.8.498.13369443704765101449274062863864122737,train,0
1.2.826.0.1.3680043.8.498.13371001997511542011416510364359588752,train,0
1.2.826.0.1.3680043.8.498.13377426362348493372112241208607685717,train,0
1.2.826.0.1.3680043.8.498.13380735447520796902327272696579348141,train,0
1.2.826.0.1.3680043.8.498.13383972749798909973472489456126521194,train,0
1.2.826.0.1.3680043.8.498.13390551515761269433524925969561757962,train,0
1.2.826.0.1.3680043.8.498.13391735462825209934041441767886593395,train,0
1.2.826.0.1.3680043.8.498.13393268272072264469105890769640363680,train,0
1.2.826.0.1.3680043.8.498.13399254446600380420635633478666850540,train,0
1.2.826.0.1.3680043.8.498.13400273795954308944359576841942016981,train,0
1.2.826.0.1.3680043.8.498.13405120554981098042415743645998258385,train,0
1.2.826.0.1.3680043.8.498.13430522388784978790587514142693914965,train,0
1.2.826.0.1.3680043.8.498.13440909104569690641314836192184434461,train,0
1.2.826.0.1.3680043.8.498.13455212888114594010716499984611216646,train,0
1.2.826.0.1.3680043.8.498.13459473184684263663596121399737033933,train,0
1.2.826.0.1.3680043.8.498.13460078631594032326006554321483799928,train,0
1.2.826.0.1.3680043.8.498.13460268079835549295338279322112693785,train,0
1.2.826.0.1.3680043.8.498.13461073016327661159616957998589287085,train,0
1.2.826.0.1.3680043.8.498.13463672277039459152171414002273376185,train,0
1.2.826.0.1.3680043.8.498.13505671694940677161128783863912245059,train,0
1.2.826.0.1.3680043.8.498.13575953449958751965232580597585303226,train,0
1.2.826.0.1.3680043.8.498.13597463452741791628023738080583139636,train,0
1.2.826.0.1.3680043.8.498.13616982533395291590655841043722813973,train,0
1.2.826.0.1.3680043.8.498.13660439785395658826946769630921591235,train,0
1.2.826.0.1.3680043.8.498.13695989890112408005495264068064110179,train,0
1.2.826.0.1.3680043.8.498.13737588520456064856233576393747389054,train,0
1.2.826.0.1.3680043.8.498.13829111847660458141056077151781118782,train,0
1.2.826.0.1.3680043.8.498.13843368750899904654034226115826130084,train,0
1.2.826.0.1.3680043.8.498.13879163301346984697246311226647565712,train,0
1.2.826.0.1.3680043.8.498.13915367834258386094001181500560177470,train,0
1.2.826.0.1.3680043.8.498.13958765761660666865188384031150827763,train,0
1.2.826.0.1.3680043.8.498.13972325309264527611989585341636140156,train,0
1.2.826.0.1.3680043.8.498.13975027824128345697756313869165838055,train,0
1.2.826.0.1.3680043.8.498.14024129019390041106306062001538710978,train,0
1.2.826.0.1.3680043.8.498.14061227335828384505403558788548348446,train,0
1.2.826.0.1.3680043.8.498.14066537811671722419109228137841995847,train,0
1.2.826.0.1.3680043.8.498.14117402902169664329719927863268363596,train,0
1.2.826.0.1.3680043.8.498.14137431039800236510749401303688858447,train,0
1.2.826.0.1.3680043.8.498.14188540532926067083914263496492255704,train,0
1.2.826.0.1.3680043.8.498.14218113768651197803980865495163189825,train,0
1.2.826.0.1.3680043.8.498.14229598279617168024212382336641104878,train,0
1.2.826.0.1.3680043.8.498.14236519693915284584208989450687591759,train,0
1.2.826.0.1.3680043.8.498.14300107110014472682373589824643789093,train,0
1.2.826.0.1.3680043.8.498.14325424371811230497993759959862738838,train,0
1.2.826.0.1.3680043.8.498.14347036698014475959973071477777915575,train,0
1.2.826.0.1.3680043.8.498.14377917653321813299237274871837695586,train,0
1.2.826.0.1.3680043.8.498.14400292895187181989838122627394761532,train,0
1.2.826.0.1.3680043.8.498.14472261871417480346162193127520918127,train,0
1.2.826.0.1.3680043.8.498.14477978091360159774052709992034078166,train,0
1.2.826.0.1.3680043.8.498.14479913217228604289584726096114526268,train,0
1.2.826.0.1.3680043.8.498.14490539215064287912254286565666891557,train,0
1.2.826.0.1.3680043.8.498.14495028403937132710814780922642512791,train,0
1.2.826.0.1.3680043.8.498.14511862461248267537051973802039959211,train,0
1.2.826.0.1.3680043.8.498.14679140388328648617386311272361396555,train,0
1.2.826.0.1.3680043.8.498.14728068688166107022558957899468489735,train,0
1.2.826.0.1.3680043.8.498.14744714658078107007743063095375646143,train,0
1.2.826.0.1.3680043.8.498.14770617961376953596780345652892307570,train,0
1.2.826.0.1.3680043.8.498.14776241668061173271058268311868302014,train,0
1.2.826.0.1.3680043.8.498.14806659119591146961784818305031900863,train,0
1.2.826.0.1.3680043.8.498.14845527334849156639306067473358712770,train,0
1.2.826.0.1.3680043.8.498.14850534390650184292244380816212794996,train,0
1.2.826.0.1.3680043.8.498.14958560978176121375035839707004667832,train,0
1.2.826.0.1.3680043.8.498.14959561028578335448289993045623217861,train,0
1.2.826.0.1.3680043.8.498.14959732862523218997149041503831001633,train,0
1.2.826.0.1.3680043.8.498.14963472809950919852176661973255059069,train,0
1.2.826.0.1.3680043.8.498.15024602758408626305833210011882949904,train,0
1.2.826.0.1.3680043.8.498.15025957400098336605043184930980421418,train,0
1.2.826.0.1.3680043.8.498.15065556607080211420503043544482923211,train,0
1.2.826.0.1.3680043.8.498.15090991392324602559982474708414427621,train,0
1.2.826.0.1.3680043.8.498.15103255966832759925770334719703425755,train,0
1.2.826.0.1.3680043.8.498.15133818248365103660456294775831248835,train,0
1.2.826.0.1.3680043.8.498.15219410096632334470101257478715035071,train,0
1.2.826.0.1.3680043.8.498.15219824433491621460467738389345697247,train,0
1.2.826.0.1.3680043.8.498.15297444019822621504849851092382560980,train,0
1.2.826.0.1.3680043.8.498.15326951535563258414956521742264374802,train,0
1.2.826.0.1.3680043.8.498.15337067581747365729183643142512558411,train,0
1.2.826.0.1.3680043.8.498.15360150088598749206650025637914821738,train,0
1.2.826.0.1.3680043.8.498.15376535778246978844757121776560020722,train,0
1.2.826.0.1.3680043.8.498.15399233309269178192583032682669258885,train,0
1.2.826.0.1.3680043.8.498.15428051518761311558410606976607852351,train,0
1.2.826.0.1.3680043.8.498.15444316810805746453392291780593934328,train,0
1.2.826.0.1.3680043.8.498.15468179600399954478612037548577772269,train,0
1.2.826.0.1.3680043.8.498.15486463042236628073590077209793828847,train,0
1.2.826.0.1.3680043.8.498.15522600887743817464976568872439594397,train,0
1.2.826.0.1.3680043.8.498.15539098084847502447238233198010208924,train,0
1.2.826.0.1.3680043.8.498.15595595490910196952568459534537629865,train,0
1.2.826.0.1.3680043.8.498.15599161312748548709240395406977042093,train,0
1.2.826.0.1.3680043.8.498.15630146025588580188363070220779173742,train,0
1.2.826.0.1.3680043.8.498.15709232000390534671340322807442769184,train,0
1.2.826.0.1.3680043.8.498.15744573360087157139672078937679122840,train,0
1.2.826.0.1.3680043.8.498.15969838281154273030237391394632849764,train,0
1.2.826.0.1.3680043.8.498.16046164723877343553376490423345098256,train,0
1.2.826.0.1.3680043.8.498.16051798246004436152597344963060310360,train,0
1.2.826.0.1.3680043.8.498.16101435445990180482665354366724730305,train,0
1.2.826.0.1.3680043.8.498.16164261456077269604929662134371603081,train,0
1.2.826.0.1.3680043.8.498.16189833935983604051983090678102023832,train,0
1.2.826.0.1.3680043.8.498.16200518336931321995379999168737787921,train,0
1.2.826.0.1.3680043.8.498.16225091905018667993201414191711776943,train,0
1.2.826.0.1.3680043.8.498.16258190393569006141285550986533848849,train,0
1.2.826.0.1.3680043.8.498.16318078762749420171833135145622117452,train,0
1.2.826.0.1.3680043.8.498.16338296537380784459604897543069625390,train,0
1.2.826.0.1.3680043.8.498.16364873390453802195568603605191835957,train,0
1.2.826.0.1.3680043.8.498.16370303687278282143772106415664171358,train,0
1.2.826.0.1.3680043.8.498.16397020531009156965821242117417547331,train,0
1.2.826.0.1.3680043.8.498.16469256144078887607437578587242258846,train,0
1.2.826.0.1.3680043.8.498.16483470188406187000599644150600279596,train,0
1.2.826.0.1.3680043.8.498.16527747624688737126118546487228060848,train,0
1.2.826.0.1.3680043.8.498.16534078612126477228267765508485297367,train,0
1.2.826.0.1.3680043.8.498.16538738179840493095338324009830673843,train,0
1.2.826.0.1.3680043.8.498.16550793987525699514242241133391355835,train,0
1.2.826.0.1.3680043.8.498.16589468854653713035210251187012168350,train,0
1.2.826.0.1.3680043.8.498.16657553974040122719239506008948241297,train,0
1.2.826.0.1.3680043.8.498.16674237773422474998796191258459643061,train,0
1.2.826.0.1.3680043.8.498.16691383858003633107641297162554868325,train,0
1.2.826.0.1.3680043.8.498.16709565360569239280032743619008187278,train,0
1.2.826.0.1.3680043.8.498.16709696133689803501344038926512501779,train,0
1.2.826.0.1.3680043.8.498.16718788321951483456195507236392554704,train,0
1.2.826.0.1.3680043.8.498.16774450022563283092653506225603012645,train,0
1.2.826.0.1.3680043.8.498.16812524557513419866531695739014681414,train,0
1.2.826.0.1.3680043.8.498.16843381581429596234606436682284624187,train,0
1.2.826.0.1.3680043.8.498.16845451648760595922758166878121325861,train,0
1.2.826.0.1.3680043.8.498.16862596867845295946732698348903803700,train,0
1.2.826.0.1.3680043.8.498.16864649493021092944977766326505053153,train,0
1.2.826.0.1.3680043.8.498.16886658450293145802897654768506439494,train,0
1.2.826.0.1.3680043.8.498.17049315826418217889213226790962592213,train,0
1.2.826.0.1.3680043.8.498.17056997047488992455301411194938263817,train,0
1.2.826.0.1.3680043.8.498.17070139245390396445395414066427036835,train,0
1.2.826.0.1.3680043.8.498.17074746747536999918446136673966046653,train,0
1.2.826.0.1.3680043.8.498.17092147498062993594620309531155267119,train,0
1.2.826.0.1.3680043.8.498.17093025979426350838724553020541643719,train,0
1.2.826.0.1.3680043.8.498.17107696939614797679012793547913769707,train,0
1.2.826.0.1.3680043.8.498.17123244662958741977525806700986256210,train,0
1.2.826.0.1.3680043.8.498.17146868851921828837871671912815843012,train,0
1.2.826.0.1.3680043.8.498.17160610480070701553118850947260201608,train,0
1.2.826.0.1.3680043.8.498.17241550277273207658303011467222594165,train,0
1.2.826.0.1.3680043.8.498.17265093113586420061761042467476063876,train,0
1.2.826.0.1.3680043.8.498.17274490471295558668613733667390457509,train,0
1.2.826.0.1.3680043.8.498.17336223563862025807066700226971845206,train,0
1.2.826.0.1.3680043.8.498.17389120886685633448235711042721669823,train,0
1.2.826.0.1.3680043.8.498.17415936504684075438800895036740822145,train,0
1.2.826.0.1.3680043.8.498.17420673628956367425739018933968443620,train,0
1.2.826.0.1.3680043.8.498.17427902052389033416295416299697276519,train,0
1.2.826.0.1.3680043.8.498.17517950899674150719043097786728121608,train,0
1.2.826.0.1.3680043.8.498.17596657287050550465463272509976106854,train,0
1.2.826.0.1.3680043.8.498.17618734998753079190687719289815512319,train,0
1.2.826.0.1.3680043.8.498.17662880041629379035049367252086125592,train,0
1.2.826.0.1.3680043.8.498.17663005209256897892831319144686413853,train,0
1.2.826.0.1.3680043.8.498.17691941055331862184525411493110144433,train,0
1.2.826.0.1.3680043.8.498.17741907690913585163443565102293192244,train,0
1.2.826.0.1.3680043.8.498.17768582402712001917772688462080201650,train,0
1.2.826.0.1.3680043.8.498.17769942698581399165275319502954100325,train,0
1.2.826.0.1.3680043.8.498.17813878802252660525798053577039470087,train,0
1.2.826.0.1.3680043.8.498.17836815413824722543229791044312174885,train,0
1.2.826.0.1.3680043.8.498.17856297841306582866782295284505406916,train,0
1.2.826.0.1.3680043.8.498.17865613300681542407687000381594067366,train,0
1.2.826.0.1.3680043.8.498.17909590711893200514107254988453660857,train,0
1.2.826.0.1.3680043.8.498.17931021655186901394796168474942485728,train,0
1.2.826.0.1.3680043.8.498.17967978373588651520812399064902037467,train,0
1.2.826.0.1.3680043.8.498.17985756708438762670829959560049370730,train,0
1.2.826.0.1.3680043.8.498.18080511167840608448833484000937072258,train,0
1.2.826.0.1.3680043.8.498.18090147030578547920423840630147682826,train,0
1.2.826.0.1.3680043.8.498.18092766733837308394607532608319746043,train,0
1.2.826.0.1.3680043.8.498.18114567737638963627123562895002602285,train,0
1.2.826.0.1.3680043.8.498.18175450083338316799857698898702333009,train,0
1.2.826.0.1.3680043.8.498.18176586296602067352845573876750324761,train,0
1.2.826.0.1.3680043.8.498.18199465156572252531439880765733639584,train,0
1.2.826.0.1.3680043.8.498.18230847745299902998425838090653825745,train,0
1.2.826.0.1.3680043.8.498.18245500498843512203508664874652003124,train,0
1.2.826.0.1.3680043.8.498.18315708641533862849721595991941979080,train,0
1.2.826.0.1.3680043.8.498.18344563362014614046776037921812502569,train,0
1.2.826.0.1.3680043.8.498.18350185433331570523543207086298834067,train,0
1.2.826.0.1.3680043.8.498.18389676218363070462526838642303976332,train,0
1.2.826.0.1.3680043.8.498.18509793799833391995987656714798904411,train,0
1.2.826.0.1.3680043.8.498.18518393141873346710197645305647124682,train,0
1.2.826.0.1.3680043.8.498.18529656610752887218162968403101035390,train,0
1.2.826.0.1.3680043.8.498.18592535981451766048952107991674227570,train,0
1.2.826.0.1.3680043.8.498.18614704377104425868545800677445972261,train,0
1.2.826.0.1.3680043.8.498.18625377919309205857120774497713011583,train,0
1.2.826.0.1.3680043.8.498.18653838887148864162027930218548124748,train,0
1.2.826.0.1.3680043.8.498.18671006890719350655167441375718348829,train,0
1.2.826.0.1.3680043.8.498.18680059761479598675335345641208680006,train,0
1.2.826.0.1.3680043.8.498.18695727379446620258431748063749176639,train,0
1.2.826.0.1.3680043.8.498.18721466442792788108431096912844719622,train,0
1.2.826.0.1.3680043.8.498.18758199166360428760124471581842191566,train,0
1.2.826.0.1.3680043.8.498.18792568294433896490648198192877693850,train,0
1.2.826.0.1.3680043.8.498.18807952338149288346040972005636698334,train,0
1.2.826.0.1.3680043.8.498.18825393854436144614202928260751418496,train,0
1.2.826.0.1.3680043.8.498.18848481788456572234982139368351538716,train,0
1.2.826.0.1.3680043.8.498.18879049235810379709186936621085221483,train,0
1.2.826.0.1.3680043.8.498.18899625751876258520147203904985857313,train,0
1.2.826.0.1.3680043.8.498.18931107448953327254073392032141677797,train,0
1.2.826.0.1.3680043.8.498.18968967345606818331567480514437075646,train,0
1.2.826.0.1.3680043.8.498.18993960105596277135383396226525760874,train,0
1.2.826.0.1.3680043.8.498.19034825848229751701363461935217290295,train,0
1.2.826.0.1.3680043.8.498.19104350033985745058396432133828748480,train,0
1.2.826.0.1.3680043.8.498.19124879088354547836118593585646705198,train,0
1.2.826.0.1.3680043.8.498.19178214677492694135853596920291058397,train,0
1.2.826.0.1.3680043.8.498.19183011851352129901149443549646899548,train,0
1.2.826.0.1.3680043.8.498.19194090255958016414082788444327981898,train,0
1.2.826.0.1.3680043.8.498.19197037365998103318720742154440921358,train,0
1.2.826.0.1.3680043.8.498.19198152070740205434848422424805073748,train,0
1.2.826.0.1.3680043.8.498.19291375342005405073321673638971145777,train,0
1.2.826.0.1.3680043.8.498.19342628541833173544083802327412975225,train,0
1.2.826.0.1.3680043.8.498.19374331384306309057311171252852774841,train,0
1.2.826.0.1.3680043.8.498.19419878169415950073207624537163068568,train,0
1.2.826.0.1.3680043.8.498.19439950168933299231685815631786334293,train,0
1.2.826.0.1.3680043.8.498.19486520578867272329833751210055639515,train,0
1.2.826.0.1.3680043.8.498.19489875090732464985703624680756212359,train,0
1.2.826.0.1.3680043.8.498.19512754570664577075249836633718382506,train,0
1.2.826.0.1.3680043.8.498.19516545000256238042886469152307943182,train,0
1.2.826.0.1.3680043.8.498.19573195389434178432956976770560221462,train,0
1.2.826.0.1.3680043.8.498.19592989024994864431870593504844309885,train,0
1.2.826.0.1.3680043.8.498.19601428113073026637547887698342670296,train,0
1.2.826.0.1.3680043.8.498.19624674714110931897302481276137067638,train,0
1.2.826.0.1.3680043.8.498.19706775737718777290660344285046025310,train,0
1.2.826.0.1.3680043.8.498.19722687746450343001601428638894755031,train,0
1.2.826.0.1.3680043.8.498.19788612491138642031531719942303619648,train,0
1.2.826.0.1.3680043.8.498.19813267030974842239752491935957206955,train,0
1.2.826.0.1.3680043.8.498.19821498229702528191367700655079805824,train,0
1.2.826.0.1.3680043.8.498.19830663206351645385520268848711462246,train,0
1.2.826.0.1.3680043.8.498.19832308119617081676615236082965891208,train,0
1.2.826.0.1.3680043.8.498.19845711038895023426012115550237130530,train,0
1.2.826.0.1.3680043.8.498.19871496221665809577186118817075295760,train,0
1.2.826.0.1.3680043.8.498.19887850741193535685529812263489892001,train,0
1.2.826.0.1.3680043.8.498.19895710326297085463251295629948896948,train,0
1.2.826.0.1.3680043.8.498.19925337578871911327225897926650188274,train,0
1.2.826.0.1.3680043.8.498.19965044457637713843792494926652048462,train,0
1.2.826.0.1.3680043.8.498.19977273190231806393528180968361858122,train,0
1.2.826.0.1.3680043.8.498.20023559426196341254845485444587607391,train,0
1.2.826.0.1.3680043.8.498.20063306448698185569553477478719533390,train,0
1.2.826.0.1.3680043.8.498.20123813962665544845986028832159432587,train,0
1.2.826.0.1.3680043.8.498.20134168618929769962391688049013971830,train,0
1.2.826.0.1.3680043.8.498.20156361590688072955579948030116579099,train,0
1.2.826.0.1.3680043.8.498.20184541870535223885310764061146422870,train,0
1.2.826.0.1.3680043.8.498.20192024727432864451309151144591371229,train,0
1.2.826.0.1.3680043.8.498.20196165276643741937915346646793735100,train,0
1.2.826.0.1.3680043.8.498.20204907530808218314127264658715054041,train,0
1.2.826.0.1.3680043.8.498.20232953944759707220316171133595554284,train,0
1.2.826.0.1.3680043.8.498.20266523169651039493799975212435349766,train,0
1.2.826.0.1.3680043.8.498.20269296702024202621734017056347194499,train,0
1.2.826.0.1.3680043.8.498.20301796413163444642416918108994411350,train,0
1.2.826.0.1.3680043.8.498.20375739629244657719385962474248679850,train,0
1.2.826.0.1.3680043.8.498.20411068889491114730824265411248922690,train,0
1.2.826.0.1.3680043.8.498.20427402498958253193571475926580142499,train,0
1.2.826.0.1.3680043.8.498.20472525526345683475357475395677168372,train,0
1.2.826.0.1.3680043.8.498.20488337421252584047930242186072775007,train,0
1.2.826.0.1.3680043.8.498.20509336519532058090925280050885010886,train,0
1.2.826.0.1.3680043.8.498.20521417572710861366819886462837836465,train,0
1.2.826.0.1.3680043.8.498.20522330861615570894210641293344468905,train,0
1.2.826.0.1.3680043.8.498.20587514285427671071934631922521946816,train,0
1.2.826.0.1.3680043.8.498.20640858366001462094044810443654811785,train,0
1.2.826.0.1.3680043.8.498.20690227395174139480327772367312879333,train,0
1.2.826.0.1.3680043.8.498.20733151481921261415295204209910573639,train,0
1.2.826.0.1.3680043.8.498.20801986011906346655458394198951999413,train,0
1.2.826.0.1.3680043.8.498.20859518005209632163032213488405671537,train,0
1.2.826.0.1.3680043.8.498.20933151653103548000061448393771614270,train,0
1.2.826.0.1.3680043.8.498.20947841686457891570351579406919873254,train,0
1.2.826.0.1.3680043.8.498.20953536352252551462901259297974956430,train,0
1.2.826.0.1.3680043.8.498.20969353615978236040448556356026349615,train,0
1.2.826.0.1.3680043.8.498.21012635480218712816069264326295410954,train,0
1.2.826.0.1.3680043.8.498.21024377993947321291280779867493407199,train,0
1.2.826.0.1.3680043.8.498.21060274255072711241653174133146945101,train,0
1.2.826.0.1.3680043.8.498.21116046804798247223618072736212944615,train,0
1.2.826.0.1.3680043.8.498.21135201439483157418374033420156525658,train,0
1.2.826.0.1.3680043.8.498.21142867813782396036287673290033987859,train,0
1.2.826.0.1.3680043.8.498.21294732642571417618432023007693943849,train,0
1.2.826.0.1.3680043.8.498.21312254534068992054745674608909722454,train,0
1.2.826.0.1.3680043.8.498.21389336408905524316915532623385847283,train,0
1.2.826.0.1.3680043.8.498.21413285047211074156709106352750752275,train,0
1.2.826.0.1.3680043.8.498.21449012857520712901884874638467532958,train,0
1.2.826.0.1.3680043.8.498.21478660341431677113136859217606773871,train,0
1.2.826.0.1.3680043.8.498.21520719119040558609068952147312604007,train,0
1.2.826.0.1.3680043.8.498.21556073772857867149576001337847113661,train,0
1.2.826.0.1.3680043.8.498.21558570608416990974711670673431746511,train,0
1.2.826.0.1.3680043.8.498.21584859831565112159503971937497384030,train,0
1.2.826.0.1.3680043.8.498.21605506484276750075895228202564072044,train,0
1.2.826.0.1.3680043.8.498.21606196343708804451390109412118036330,train,0
1.2.826.0.1.3680043.8.498.21634792491972658759276025394685307053,train,0
1.2.826.0.1.3680043.8.498.21636337451527049130190928852193267826,train,0
1.2.826.0.1.3680043.8.498.21726746202429506433532477857404854137,train,0
1.2.826.0.1.3680043.8.498.21798342483930597563659425189400765869,train,0
1.2.826.0.1.3680043.8.498.21862609534273524003153225756948913437,train,0
1.2.826.0.1.3680043.8.498.21868734450232158209414868901539475548,train,0
1.2.826.0.1.3680043.8.498.21874562538764236819894456417694074673,train,0
1.2.826.0.1.3680043.8.498.21904421326144238681996713485932410596,train,0
1.2.826.0.1.3680043.8.498.21937000442536121262190458446148124910,train,0
1.2.826.0.1.3680043.8.498.21991252201684723900045301917670383228,train,0
1.2.826.0.1.3680043.8.498.22007253197523827371600763959266047295,train,0
1.2.826.0.1.3680043.8.498.22025729757015485203756049440674914537,train,0
1.2.826.0.1.3680043.8.498.22027914323057444746912555313058666950,train,0
1.2.826.0.1.3680043.8.498.22053727963380087706894183799325067544,train,0
1.2.826.0.1.3680043.8.498.22057596860528658818833903685827585805,train,0
1.2.826.0.1.3680043.8.498.22088734384869383587217556574382319654,train,0
1.2.826.0.1.3680043.8.498.22119720417177816110156744770171496965,train,0
1.2.826.0.1.3680043.8.498.22126824950877890715014783370071292997,train,0
1.2.826.0.1.3680043.8.498.22135282054716841452811687331325271982,train,0
1.2.826.0.1.3680043.8.498.22137222939487357840166329770642627189,train,0
1.2.826.0.1.3680043.8.498.22249763791584161324425922920269052844,train,0
1.2.826.0.1.3680043.8.498.22263857526032448247006468310072414129,train,0
1.2.826.0.1.3680043.8.498.22275537949387641831010030150398063643,train,0
1.2.826.0.1.3680043.8.498.22338400095583099753286935111647807038,train,0
1.2.826.0.1.3680043.8.498.22357754074308826479280023393343731000,train,0
1.2.826.0.1.3680043.8.498.22394208178597637441149549895512290013,train,0
1.2.826.0.1.3680043.8.498.22398041676780235097751294563297953841,train,0
1.2.826.0.1.3680043.8.498.22398731807962276404889164827238996005,train,0
1.2.826.0.1.3680043.8.498.22426390571898968732573184721547490379,train,0
1.2.826.0.1.3680043.8.498.22456525904575663955604077506103354060,train,0
1.2.826.0.1.3680043.8.498.22480218016816209183384996714060953859,train,0
1.2.826.0.1.3680043.8.498.22508124641661887430614105328316053644,train,0
1.2.826.0.1.3680043.8.498.22583985355672251619550173090948161714,train,0
1.2.826.0.1.3680043.8.498.22594249996322566888700984133307337128,train,0
1.2.826.0.1.3680043.8.498.22594742481654038247097269358877852869,train,0
1.2.826.0.1.3680043.8.498.22617494262793136174349268379191631799,train,0
1.2.826.0.1.3680043.8.498.22632919018724241015271844108954804020,train,0
1.2.826.0.1.3680043.8.498.22656222254273662937226093008714426490,train,0
1.2.826.0.1.3680043.8.498.22678957404909201599340396039237525550,train,0
1.2.826.0.1.3680043.8.498.22684505799921376181913295621462268931,train,0
1.2.826.0.1.3680043.8.498.22803020644232321685575897661362804423,train,0
1.2.826.0.1.3680043.8.498.22938598188283919466040132624303635817,train,0
1.2.826.0.1.3680043.8.498.22985467719058223198642920273233975053,train,0
1.2.826.0.1.3680043.8.498.22990786875064680564672188701015740170,train,0
1.2.826.0.1.3680043.8.498.23043120269252616884307662769766701449,train,0
1.2.826.0.1.3680043.8.498.23046618786812839762801821364158313134,train,0
1.2.826.0.1.3680043.8.498.23063675880057833741455102729816364091,train,0
1.2.826.0.1.3680043.8.498.23065868481290440008286663193810913414,train,0
1.2.826.0.1.3680043.8.498.23073694267101759922738121732233014980,train,0
1.2.826.0.1.3680043.8.498.23081294963277525274551516232134221416,train,0
1.2.826.0.1.3680043.8.498.23107903961514228607587963030481481744,train,0
1.2.826.0.1.3680043.8.498.23166300530486600338569917595744444657,train,0
1.2.826.0.1.3680043.8.498.23182005205627494484490011351673355568,train,0
1.2.826.0.1.3680043.8.498.23378338408981699466914366379590099738,train,0
1.2.826.0.1.3680043.8.498.23394601328148358087542766577727876635,train,0
1.2.826.0.1.3680043.8.498.23409201792139701921731647470152180932,train,0
1.2.826.0.1.3680043.8.498.23422918444346962998731376196027420200,train,0
1.2.826.0.1.3680043.8.498.23427198594727947883953289189443006288,train,0
1.2.826.0.1.3680043.8.498.23518857399095666263158269685495375084,train,0
1.2.826.0.1.3680043.8.498.23677916081296740815989149501889343663,train,0
1.2.826.0.1.3680043.8.498.23686732555936573712275826587678502899,train,0
1.2.826.0.1.3680043.8.498.23703817737293327679300330167234268929,train,0
1.2.826.0.1.3680043.8.498.23713320796530316370039202981138376061,train,0
1.2.826.0.1.3680043.8.498.23719982492392272262684855675016475265,train,0
1.2.826.0.1.3680043.8.498.23733147518259581649562651915997449088,train,0
1.2.826.0.1.3680043.8.498.23822313132245448173452915228147497501,train,0
1.2.826.0.1.3680043.8.498.23833933822461809237193998300076847210,train,0
1.2.826.0.1.3680043.8.498.23911658810234305013984976739924353704,train,0
1.2.826.0.1.3680043.8.498.23939313916974849526459717576344063277,train,0
1.2.826.0.1.3680043.8.498.23956169649865635269920565218680494366,train,0
1.2.826.0.1.3680043.8.498.23986051274386630509877205174270047762,train,0
1.2.826.0.1.3680043.8.498.24012076387083114283116476459425015413,train,0
1.2.826.0.1.3680043.8.498.24068239310155798723127213793623172530,train,0
1.2.826.0.1.3680043.8.498.24101792822866991033671006059283560916,train,0
1.2.826.0.1.3680043.8.498.24126422042626612740219325272793737656,train,0
1.2.826.0.1.3680043.8.498.24209643225939781032698894992032106781,train,0
1.2.826.0.1.3680043.8.498.24219103446788192052503003052696523200,train,0
1.2.826.0.1.3680043.8.498.24220732394554303343522053195582322788,train,0
1.2.826.0.1.3680043.8.498.24267153760943721146187182369810590631,train,0
1.2.826.0.1.3680043.8.498.24283484945988825507450239904606754405,train,0
1.2.826.0.1.3680043.8.498.24291465113360632954006568021942978765,train,0
1.2.826.0.1.3680043.8.498.24302889622350917085868032747474929504,train,0
1.2.826.0.1.3680043.8.498.24313647347273496316728514161733307557,train,0
1.2.826.0.1.3680043.8.498.24369332907731805266450307536793220148,train,0
1.2.826.0.1.3680043.8.498.24432243084670627958434695475653885175,train,0
1.2.826.0.1.3680043.8.498.24502332819381293694020055836255028614,train,0
1.2.826.0.1.3680043.8.498.24529300482982370922479679056174585978,train,0
1.2.826.0.1.3680043.8.498.24563801799946310644914912532825629118,train,0
1.2.826.0.1.3680043.8.498.24588524807799377432185260702152371503,train,0
1.2.826.0.1.3680043.8.498.24635589616467409099788838058892886889,train,0
1.2.826.0.1.3680043.8.498.24661137747502154216858169258339731263,train,0
1.2.826.0.1.3680043.8.498.24679905857546029995247839380830345841,train,0
1.2.826.0.1.3680043.8.498.24714029982431301486050388345836960910,train,0
1.2.826.0.1.3680043.8.498.24808246532191535554375304081795021306,train,0
1.2.826.0.1.3680043.8.498.24826041178550854190310664677274404684,train,0
1.2.826.0.1.3680043.8.498.24866943620580666216571030343221534720,train,0
1.2.826.0.1.3680043.8.498.24872746733270791851241663716306993824,train,0
1.2.826.0.1.3680043.8.498.24875052319550288230112434151792125187,train,0
1.2.826.0.1.3680043.8.498.24940437326555494150792221007907527983,train,0
1.2.826.0.1.3680043.8.498.25006652485159423287561656594171884310,train,0
1.2.826.0.1.3680043.8.498.25010661650105533302140829168731585935,train,0
1.2.826.0.1.3680043.8.498.25088333117273619121936521384053709674,train,0
1.2.826.0.1.3680043.8.498.25103708168569906591706406794385334861,train,0
1.2.826.0.1.3680043.8.498.25107837907285885353845034555062540189,train,0
1.2.826.0.1.3680043.8.498.25145588904873072866960435474159832047,train,0
1.2.826.0.1.3680043.8.498.25156207169523051276979595262558652072,train,0
1.2.826.0.1.3680043.8.498.25167060436407065195851060078175404789,train,0
1.2.826.0.1.3680043.8.498.25188196199869378521949969245728443004,train,0
1.2.826.0.1.3680043.8.498.25196393144875332073285250936506555534,train,0
1.2.826.0.1.3680043.8.498.25206096958520407302630747466352252249,train,0
1.2.826.0.1.3680043.8.498.25252553477605568387898480443616118724,train,0
1.2.826.0.1.3680043.8.498.25259588756496584739814764896903786709,train,0
1.2.826.0.1.3680043.8.498.25266231062774974303723359806535863810,train,0
1.2.826.0.1.3680043.8.498.25292715244575997322139502072242615319,train,0
1.2.826.0.1.3680043.8.498.25359770839263995354733835365510047109,train,0
1.2.826.0.1.3680043.8.498.25394815405242666778213609728680620077,train,0
1.2.826.0.1.3680043.8.498.25431207706481141354761246438973384670,train,0
1.2.826.0.1.3680043.8.498.25440342930186170531037102906687829898,train,0
1.2.826.0.1.3680043.8.498.25480883220477368504575353972328124891,train,0
1.2.826.0.1.3680043.8.498.25487225187305802150215261512092051199,train,0
1.2.826.0.1.3680043.8.498.25505153402978560400776672230220616863,train,0
1.2.826.0.1.3680043.8.498.25512240159357553134500245590935010104,train,0
1.2.826.0.1.3680043.8.498.25549974159486441938843396591725289882,train,0
1.2.826.0.1.3680043.8.498.25550871519416839807700061317524004550,train,0
1.2.826.0.1.3680043.8.498.25558526735614916746398919603493693652,train,0
1.2.826.0.1.3680043.8.498.25604547074218147115077644853162295379,train,0
1.2.826.0.1.3680043.8.498.25616615589791001678067099907823838797,train,0
1.2.826.0.1.3680043.8.498.25635522141852534580088120697977308505,train,0
1.2.826.0.1.3680043.8.498.25643897330283020467388814112594686690,train,0
1.2.826.0.1.3680043.8.498.25650384476012633612528314070894186451,train,0
1.2.826.0.1.3680043.8.498.25663557443141366332431300959089922567,train,0
1.2.826.0.1.3680043.8.498.25663827732039068221184137540713755716,train,0
1.2.826.0.1.3680043.8.498.25679930222284447338484621953345520487,train,0
1.2.826.0.1.3680043.8.498.25697539332996211770844878649053316629,train,0
1.2.826.0.1.3680043.8.498.25758766525934930593672922246867704103,train,0
1.2.826.0.1.3680043.8.498.25765711614507755527825654507920391096,train,0
1.2.826.0.1.3680043.8.498.25766387275525303860953321689718246405,train,0
1.2.826.0.1.3680043.8.498.25766673238950703352855821505938941878,train,0
1.2.826.0.1.3680043.8.498.25792216289349936450377008453709520260,train,0
1.2.826.0.1.3680043.8.498.25815857653380672532983223088817283976,train,0
1.2.826.0.1.3680043.8.498.25818541516137783435601858274495597736,train,0
1.2.826.0.1.3680043.8.498.25899681172115698926926115441929702502,train,0
1.2.826.0.1.3680043.8.498.25904473139226718487560978103077541725,train,0
1.2.826.0.1.3680043.8.498.25909078145370189195643713208718315003,train,0
1.2.826.0.1.3680043.8.498.25928779639851562853500186715690156268,train,0
1.2.826.0.1.3680043.8.498.25953117039631879376428439063599611036,train,0
1.2.826.0.1.3680043.8.498.25977532612504997807641730439567378227,train,0
1.2.826.0.1.3680043.8.498.26002972602557466222471260313257965551,train,0
1.2.826.0.1.3680043.8.498.26004572902429209855865822977387283547,train,0
1.2.826.0.1.3680043.8.498.26006372873438224908989402529530833528,train,0
1.2.826.0.1.3680043.8.498.26023120405608635089544039694812003604,train,0
1.2.826.0.1.3680043.8.498.26072622476167889001255150030772906081,train,0
1.2.826.0.1.3680043.8.498.26150637525321126007832687915610995568,train,0
1.2.826.0.1.3680043.8.498.26201626427712146573573952548179938304,train,0
1.2.826.0.1.3680043.8.498.26257425287121280175418060407044075705,train,0
1.2.826.0.1.3680043.8.498.26266119962108543565575361589492142091,train,0
1.2.826.0.1.3680043.8.498.26325951519908477683595799515094966069,train,0
1.2.826.0.1.3680043.8.498.26333849754345698117396119042432557445,train,0
1.2.826.0.1.3680043.8.498.26351577824204863242390892891061594387,train,0
1.2.826.0.1.3680043.8.498.26373657290121957625263322898744712730,train,0
1.2.826.0.1.3680043.8.498.26408081008482310696738068933718440200,train,0
1.2.826.0.1.3680043.8.498.26431974442245797095978351976773354669,train,0
1.2.826.0.1.3680043.8.498.26474456265903975319674669470473661691,train,0
1.2.826.0.1.3680043.8.498.26485916396240515006042297316506505324,train,0
1.2.826.0.1.3680043.8.498.26512333939158074470511885252122191522,train,0
1.2.826.0.1.3680043.8.498.26536992666456596813876340849399448897,train,0
1.2.826.0.1.3680043.8.498.26542435427465415008860869796504112727,train,0
1.2.826.0.1.3680043.8.498.26619973716086136503589916868066348957,train,0
1.2.826.0.1.3680043.8.498.26651323353208729423825552073457972796,train,0
1.2.826.0.1.3680043.8.498.26698126402727061400851465377574886112,train,0
1.2.826.0.1.3680043.8.498.26725172078893286313351418435377708028,train,0
1.2.826.0.1.3680043.8.498.26792665054823243997838322477587733719,train,0
1.2.826.0.1.3680043.8.498.26842258746390750314059176647398369242,train,0
1.2.826.0.1.3680043.8.498.26843088620128166809417361066548447201,train,0
1.2.826.0.1.3680043.8.498.26875920364303755911342338961252130512,train,0
1.2.826.0.1.3680043.8.498.26880562799522930458745136318439622601,train,0
1.2.826.0.1.3680043.8.498.26946980494141305258556994153410856428,train,0
1.2.826.0.1.3680043.8.498.26978027400525885904983020900996228004,train,0
1.2.826.0.1.3680043.8.498.26989584479346775218799121753035575730,train,0
1.2.826.0.1.3680043.8.498.27020884753639915245324093232218617967,train,0
1.2.826.0.1.3680043.8.498.27023892731021470476500135946317920771,train,0
1.2.826.0.1.3680043.8.498.27025989808002468335294585261291982661,train,0
1.2.826.0.1.3680043.8.498.27034189091164693165076510006436405194,train,0
1.2.826.0.1.3680043.8.498.27059975738703546675398620281849285863,train,0
1.2.826.0.1.3680043.8.498.27157074709305277871045901905120405881,train,0
1.2.826.0.1.3680043.8.498.27161418589407291713644384596541786246,train,0
1.2.826.0.1.3680043.8.498.27184343589256623289925252380526385858,train,0
1.2.826.0.1.3680043.8.498.27186001621007168581611489439038285508,train,0
1.2.826.0.1.3680043.8.498.27191574009501966309382307682020135126,train,0
1.2.826.0.1.3680043.8.498.27192678730060203972082511503480566620,train,0
1.2.826.0.1.3680043.8.498.27197413293500684424735285039923168926,train,0
1.2.826.0.1.3680043.8.498.27224327142578332905227939015479767285,train,0
1.2.826.0.1.3680043.8.498.27245171350765293537022546751529180545,train,0
1.2.826.0.1.3680043.8.498.27306039618857661522863167157208122018,train,0
1.2.826.0.1.3680043.8.498.27311413427137994435573903541974122355,train,0
1.2.826.0.1.3680043.8.498.27319908980978184820438244981035567211,train,0
1.2.826.0.1.3680043.8.498.27324284859290040148888098857880927353,train,0
1.2.826.0.1.3680043.8.498.27398034409980350921804398626171135707,train,0
1.2.826.0.1.3680043.8.498.27422742748182689233651649793019570511,train,0
1.2.826.0.1.3680043.8.498.27456622705361831116491505615162380604,train,0
1.2.826.0.1.3680043.8.498.27460982183399364904497832933739191826,train,0
1.2.826.0.1.3680043.8.498.27474440682441854303485403899867525864,train,0
1.2.826.0.1.3680043.8.498.27593710915588175306316595263625481601,train,0
1.2.826.0.1.3680043.8.498.27627190971637735537007595480396264063,train,0
1.2.826.0.1.3680043.8.498.27644321991318957631114727895883331622,train,0
1.2.826.0.1.3680043.8.498.27653320597564308144389724321115208375,train,0
1.2.826.0.1.3680043.8.498.27655410895168998898506695863000928400,train,0
1.2.826.0.1.3680043.8.498.27656830051511853680197276412365020780,train,0
1.2.826.0.1.3680043.8.498.27681651277422558344520227187021583924,train,0
1.2.826.0.1.3680043.8.498.27710718386318170070605046744941324421,train,0
1.2.826.0.1.3680043.8.498.27723413941379681806317930349613970721,train,0
1.2.826.0.1.3680043.8.498.27723573213501259053792522608339812759,train,0
1.2.826.0.1.3680043.8.498.27793455627426963285485957211105588905,train,0
1.2.826.0.1.3680043.8.498.27796604203156439069742212039368371002,train,0
1.2.826.0.1.3680043.8.498.27890860883826681731748268459485259935,train,0
1.2.826.0.1.3680043.8.498.27921111050680927418542588425335218896,train,0
1.2.826.0.1.3680043.8.498.27925145307825795804342879375835424449,train,0
1.2.826.0.1.3680043.8.498.27934397251575987048967084987994202973,train,0
1.2.826.0.1.3680043.8.498.27946605663086243142356841956045514227,train,0
1.2.826.0.1.3680043.8.498.27990965288663885936880638302158503894,train,0
1.2.826.0.1.3680043.8.498.28011057282528460306257420499560926354,train,0
1.2.826.0.1.3680043.8.498.28023795363827851445172311810918021563,train,0
1.2.826.0.1.3680043.8.498.28028890493668487238845659163252231337,train,0
1.2.826.0.1.3680043.8.498.28040645186226259590182363324146810031,train,0
1.2.826.0.1.3680043.8.498.28045606887691550130031344985830975325,train,0
1.2.826.0.1.3680043.8.498.28132506470634542229651932141193521661,train,0
1.2.826.0.1.3680043.8.498.28134711422142706763867845558971485241,train,0
1.2.826.0.1.3680043.8.498.28153286315438977482271934270979508349,train,0
1.2.826.0.1.3680043.8.498.28218476802410349760103243990109474475,train,0
1.2.826.0.1.3680043.8.498.28220626968612492259133318770141901567,train,0
1.2.826.0.1.3680043.8.498.28237068093947300427040925444622840795,train,0
1.2.826.0.1.3680043.8.498.28269350392124251309834584420564806882,train,0
1.2.826.0.1.3680043.8.498.28289838818003822677994912735532050038,train,0
1.2.826.0.1.3680043.8.498.28295265939946677460838974253299313798,train,0
1.2.826.0.1.3680043.8.498.28309626953500461628112343997868050028,train,0
1.2.826.0.1.3680043.8.498.28333127304382930639614800697959296306,train,0
1.2.826.0.1.3680043.8.498.28351884945918062351436698411322252525,train,0
1.2.826.0.1.3680043.8.498.28360174615866226538417948042981668998,train,0
1.2.826.0.1.3680043.8.498.28425280718252632810092859612928047098,train,0
1.2.826.0.1.3680043.8.498.28481442608487320644829189127206806471,train,0
1.2.826.0.1.3680043.8.498.28488216314048990109149780234417422948,train,0
1.2.826.0.1.3680043.8.498.28490861391717560759667589681288427737,train,0
1.2.826.0.1.3680043.8.498.28539130184243787339297053654373783542,train,0
1.2.826.0.1.3680043.8.498.28579372595938810820078670002733005121,train,0
1.2.826.0.1.3680043.8.498.28595729988867300278425411189173775382,train,0
1.2.826.0.1.3680043.8.498.28626044336302232656987963623687293705,train,0
1.2.826.0.1.3680043.8.498.28628472249424790112957421215774036156,train,0
1.2.826.0.1.3680043.8.498.28634248756653012357434232845788268719,train,0
1.2.826.0.1.3680043.8.498.28638490997780173004029312240334483157,train,0
1.2.826.0.1.3680043.8.498.28646304373057947277669139986982208473,train,0
1.2.826.0.1.3680043.8.498.28655385212214986812679045835025619123,train,0
1.2.826.0.1.3680043.8.498.28670999234453413675502551916979760344,train,0
1.2.826.0.1.3680043.8.498.28686498221359515429184385385077600687,train,0
1.2.826.0.1.3680043.8.498.28697216332632397717077153882513537456,train,0
1.2.826.0.1.3680043.8.498.28746954364434312909368235768936980607,train,0
1.2.826.0.1.3680043.8.498.28770594655815108010532953376271504596,train,0
1.2.826.0.1.3680043.8.498.28779021651975021236045277212517629154,train,0
1.2.826.0.1.3680043.8.498.28848511016500781798837621261660844237,train,0
1.2.826.0.1.3680043.8.498.28873180831637763124652074775631752918,train,0
1.2.826.0.1.3680043.8.498.28888941572409703700315590339486528256,train,0
1.2.826.0.1.3680043.8.498.28944156754203202831026290463520445489,train,0
1.2.826.0.1.3680043.8.498.28946722216615442736212359468410891872,train,0
1.2.826.0.1.3680043.8.498.28951331578236330522646806432827370713,train,0
1.2.826.0.1.3680043.8.498.28954361146470748868500417103935640742,train,0
1.2.826.0.1.3680043.8.498.29039872266866623711060910233238440882,train,0
1.2.826.0.1.3680043.8.498.29090158364700006304493717187346344597,train,0
1.2.826.0.1.3680043.8.498.29227028592609694700827329867343028944,train,0
1.2.826.0.1.3680043.8.498.29280448517432444306374036429824425668,train,0
1.2.826.0.1.3680043.8.498.29292398668403593100514493322849770181,train,0
1.2.826.0.1.3680043.8.498.29294899952044311440141172596030689586,train,0
1.2.826.0.1.3680043.8.498.29343735048224321966824641432873034291,train,0
1.2.826.0.1.3680043.8.498.29354469534263517460113311852821643665,train,0
1.2.826.0.1.3680043.8.498.29364640434226980751405780979697632001,train,0
1.2.826.0.1.3680043.8.498.29371692234061436334815897970798625595,train,0
1.2.826.0.1.3680043.8.498.29375052467745327893128894062568944496,train,0
1.2.826.0.1.3680043.8.498.29418130858182890216867847991592582370,train,0
1.2.826.0.1.3680043.8.498.29473278891551292295080887778714088878,train,0
1.2.826.0.1.3680043.8.498.29509443439138257275071354031180789464,train,0
1.2.826.0.1.3680043.8.498.29735852958813434703969490187047665950,train,0
1.2.826.0.1.3680043.8.498.29739171278960083313048266628194182569,train,0
1.2.826.0.1.3680043.8.498.29741673719687535294395668150749894623,train,0
1.2.826.0.1.3680043.8.498.29758331841591711520514486913006094054,train,0
1.2.826.0.1.3680043.8.498.29794301133358685635777478470865282350,train,0
1.2.826.0.1.3680043.8.498.29826129803278661744835136993610646069,train,0
1.2.826.0.1.3680043.8.498.29866827083314645739444078187995496049,train,0
1.2.826.0.1.3680043.8.498.29971686675947075024168289004002445393,train,0
1.2.826.0.1.3680043.8.498.29976611818313906970687136815346573471,train,0
1.2.826.0.1.3680043.8.498.30058585660043363937345050478072453854,train,0
1.2.826.0.1.3680043.8.498.30066410959464367576375502522994033142,train,0
1.2.826.0.1.3680043.8.498.30104491808697888642424160917715722238,train,0
1.2.826.0.1.3680043.8.498.30131339052241668380936148362472245259,train,0
1.2.826.0.1.3680043.8.498.30150613585152527569197215147135001922,train,0
1.2.826.0.1.3680043.8.498.30167179890902431464942556467698238073,train,0
1.2.826.0.1.3680043.8.498.30174064884443577177838026250637902388,train,0
1.2.826.0.1.3680043.8.498.30206987686375669521451035370290737934,train,0
1.2.826.0.1.3680043.8.498.30233578499383083757206211752001832047,train,0
1.2.826.0.1.3680043.8.498.30248682294786626375369374249874501600,train,0
1.2.826.0.1.3680043.8.498.30252501257451878373370333329266264057,train,0
1.2.826.0.1.3680043.8.498.30264599677934095429161619981918944098,train,0
1.2.826.0.1.3680043.8.498.30282025087399390929963075109487390046,train,0
1.2.826.0.1.3680043.8.498.30330001893437233719772129404417384472,train,0
1.2.826.0.1.3680043.8.498.30381005430261460472880465705496199540,train,0
1.2.826.0.1.3680043.8.498.30420245540489522189154634720778032533,train,0
1.2.826.0.1.3680043.8.498.30423643741419627789701272644909134762,train,0
1.2.826.0.1.3680043.8.498.30490857770169699336468319880130884989,train,0
1.2.826.0.1.3680043.8.498.30517381653283520211188050362394799510,train,0
1.2.826.0.1.3680043.8.498.30520444048368652235940346583890702451,train,0
1.2.826.0.1.3680043.8.498.30537361712821464927469618193893850465,train,0
1.2.826.0.1.3680043.8.498.30557810085867943803354292590079995622,train,0
1.2.826.0.1.3680043.8.498.30613528335797277620843542280889823612,train,0
1.2.826.0.1.3680043.8.498.30662407196303880392459287553277761223,train,0
1.2.826.0.1.3680043.8.498.30672390215843894382866701432377109444,train,0
1.2.826.0.1.3680043.8.498.30673411238679998084995204090753297949,train,0
1.2.826.0.1.3680043.8.498.30690232747840004203140392776057147177,train,0
1.2.826.0.1.3680043.8.498.30746167840159843733412534591988948270,train,0
1.2.826.0.1.3680043.8.498.30756534269149851281518502475458067520,train,0
1.2.826.0.1.3680043.8.498.30800677497901063887487934675082066316,train,0
1.2.826.0.1.3680043.8.498.30832771419882354941430609179589560374,train,0
1.2.826.0.1.3680043.8.498.30836611607735372299752226690388090391,train,0
1.2.826.0.1.3680043.8.498.30838586189496669675465778955893367497,train,0
1.2.826.0.1.3680043.8.498.30842406081180392627544336691360658070,train,0
1.2.826.0.1.3680043.8.498.30942874102560162331831960649006411381,train,0
1.2.826.0.1.3680043.8.498.30947630416867960170317316514422933066,train,0
1.2.826.0.1.3680043.8.498.30978547345367837000803077743620171961,train,0
1.2.826.0.1.3680043.8.498.30998941785989496591079894962766360976,train,0
1.2.826.0.1.3680043.8.498.31079821574648958955911441626193848961,train,0
1.2.826.0.1.3680043.8.498.31080452089421812812019413302222437434,train,0
1.2.826.0.1.3680043.8.498.31082592133742929889611857821843859701,train,0
1.2.826.0.1.3680043.8.498.31099878224304681441631176766255029271,train,0
1.2.826.0.1.3680043.8.498.31137162827930164367134811210741362416,train,0
1.2.826.0.1.3680043.8.498.31145453746697192222724674918300432873,train,0
1.2.826.0.1.3680043.8.498.31171050331393253655760166990008263793,train,0
1.2.826.0.1.3680043.8.498.31175171249406459042393597291141275669,train,0
1.2.826.0.1.3680043.8.498.31175617350083221245857813741060042777,train,0
1.2.826.0.1.3680043.8.498.31193772347652083986607183406944630716,train,0
1.2.826.0.1.3680043.8.498.31218039240665208717816408042644491715,train,0
1.2.826.0.1.3680043.8.498.31220970065722563280311764269386457090,train,0
1.2.826.0.1.3680043.8.498.31257542772176806182696506252925365119,train,0
1.2.826.0.1.3680043.8.498.31280487369922340170695453174997912050,train,0
1.2.826.0.1.3680043.8.498.31282366761674650660824706600044115805,train,0
1.2.826.0.1.3680043.8.498.31284572943302383501947308874558551301,train,0
1.2.826.0.1.3680043.8.498.31373064397225665483187291274194812486,train,0
1.2.826.0.1.3680043.8.498.31421989235441217674752676866539112529,train,0
1.2.826.0.1.3680043.8.498.31555333355990829772911515362502000209,train,0
1.2.826.0.1.3680043.8.498.31610133883321894510649078615659708431,train,0
1.2.826.0.1.3680043.8.498.31640159014711750808214354395404624815,train,0
1.2.826.0.1.3680043.8.498.31745644522310786426860265012373331979,train,0
1.2.826.0.1.3680043.8.498.31790457319528233269194462675995569260,train,0
1.2.826.0.1.3680043.8.498.31792234576444017394182974951507838927,train,0
1.2.826.0.1.3680043.8.498.31806829168516955528191705338336428721,train,0
1.2.826.0.1.3680043.8.498.31827987476038668074615045841102711882,train,0
1.2.826.0.1.3680043.8.498.31842732064173292828619477783097732181,train,0
1.2.826.0.1.3680043.8.498.31851627014639252866084081561126592250,train,0
1.2.826.0.1.3680043.8.498.31898017986762601111404430885432769100,train,0
1.2.826.0.1.3680043.8.498.31899121807187535405063131351086765296,train,0
1.2.826.0.1.3680043.8.498.31949224274318638796196151105617844024,train,0
1.2.826.0.1.3680043.8.498.32043012602421532910420313983803503778,train,0
1.2.826.0.1.3680043.8.498.32078592787308498852570411454111970699,train,0
1.2.826.0.1.3680043.8.498.32109377199577933060124357239881959602,train,0
1.2.826.0.1.3680043.8.498.32138869097959653224534642965199855627,train,0
1.2.826.0.1.3680043.8.498.32172672595181417103935593872811182816,train,0
1.2.826.0.1.3680043.8.498.32179217289301203414651193280580594771,train,0
1.2.826.0.1.3680043.8.498.32226253011052584155674401943276961907,train,0
1.2.826.0.1.3680043.8.498.32241219263926672894433308808653719495,train,0
1.2.826.0.1.3680043.8.498.32265622493980668732317541941196894795,train,0
1.2.826.0.1.3680043.8.498.32299120582647333604770626110392750631,train,0
1.2.826.0.1.3680043.8.498.32328699307307661181881949763360098439,train,0
1.2.826.0.1.3680043.8.498.32329374180424300100441619205766536205,train,0
1.2.826.0.1.3680043.8.498.32413534416513678586709935453506443461,train,0
1.2.826.0.1.3680043.8.498.32417506901165787885027994386927321654,train,0
1.2.826.0.1.3680043.8.498.32479930837336533083798155873656743007,train,0
1.2.826.0.1.3680043.8.498.32488933488399304214586978746578986823,train,0
1.2.826.0.1.3680043.8.498.32504785212530110880087745488871181111,train,0
1.2.826.0.1.3680043.8.498.32513010438338970418994141548516096399,train,0
1.2.826.0.1.3680043.8.498.32521102053110469817073126425955562934,train,0
1.2.826.0.1.3680043.8.498.32571577475600416042179474541176580933,train,0
1.2.826.0.1.3680043.8.498.32593583441236180433075435541777683664,train,0
1.2.826.0.1.3680043.8.498.32611545463217490575457831874695918229,train,0
1.2.826.0.1.3680043.8.498.32624291809937483520460431326945616461,train,0
1.2.826.0.1.3680043.8.498.32680606387445562892045224227371304764,train,0
1.2.826.0.1.3680043.8.498.32704159300269838731722725240928883385,train,0
1.2.826.0.1.3680043.8.498.32723296226443325838892542529446214677,train,0
1.2.826.0.1.3680043.8.498.32784816158214124982843838883515640569,train,0
1.2.826.0.1.3680043.8.498.32862727544234948830522036721585095753,train,0
1.2.826.0.1.3680043.8.498.32910372391370203605482772577821971133,train,0
1.2.826.0.1.3680043.8.498.32916544979513354644075485240094539251,train,0
1.2.826.0.1.3680043.8.498.32996271790302034744448837505729856569,train,0
1.2.826.0.1.3680043.8.498.33045687849853291066101186962073873042,train,0
1.2.826.0.1.3680043.8.498.33085434860684110795966817803985794300,train,0
1.2.826.0.1.3680043.8.498.33215387283623093392227819856970670071,train,0
1.2.826.0.1.3680043.8.498.33247377165700300890880607485836825807,train,0
1.2.826.0.1.3680043.8.498.33273874534046658504935877940537027702,train,0
1.2.826.0.1.3680043.8.498.33284228284209148349668722931307588402,train,0
1.2.826.0.1.3680043.8.498.33324606756355240783076971858231422510,train,0
1.2.826.0.1.3680043.8.498.33324670630108603340869986205298694836,train,0
1.2.826.0.1.3680043.8.498.33339945632086976351786752793064764443,train,0
1.2.826.0.1.3680043.8.498.33387430823462011959198830568803117633,train,0
1.2.826.0.1.3680043.8.498.33393833442961030521286257650328223086,train,0
1.2.826.0.1.3680043.8.498.33427080769740419588952225424281396684,train,0
1.2.826.0.1.3680043.8.498.33432461096351771607862098991677662209,train,0
1.2.826.0.1.3680043.8.498.33479806419966566464727310013949313521,train,0
1.2.826.0.1.3680043.8.498.33584205642521728950676369503690551550,train,0
1.2.826.0.1.3680043.8.498.33614319611050071354692274770073371314,train,0
1.2.826.0.1.3680043.8.498.33620268340279901383196638228030589893,train,0
1.2.826.0.1.3680043.8.498.33657688895130083119886800524324572941,train,0
1.2.826.0.1.3680043.8.498.33707148112045883958228656491167647755,train,0
1.2.826.0.1.3680043.8.498.33709759248055631658322056320849494088,train,0
1.2.826.0.1.3680043.8.498.33734536545775442043827840341408174347,train,0
1.2.826.0.1.3680043.8.498.33841907095190352493353075864604147687,train,0
1.2.826.0.1.3680043.8.498.33880013318702285028756482543453984598,train,0
1.2.826.0.1.3680043.8.498.33885566709305241744786004177260915650,train,0
1.2.826.0.1.3680043.8.498.33899056854391617633929258302459140830,train,0
1.2.826.0.1.3680043.8.498.33947148016115721563601115463364787679,train,0
1.2.826.0.1.3680043.8.498.33957165685646407808982253731894148028,train,0
1.2.826.0.1.3680043.8.498.33997019840409023169542161093833920630,train,0
1.2.826.0.1.3680043.8.498.34002185870196144582348922158474418674,train,0
1.2.826.0.1.3680043.8.498.34040631818813472592501398076075999835,train,0
1.2.826.0.1.3680043.8.498.34058295828142876023659425586740832405,train,0
1.2.826.0.1.3680043.8.498.34076627216941578548083498328399240999,train,0
1.2.826.0.1.3680043.8.498.34096149829586714035779314398766243514,train,0
1.2.826.0.1.3680043.8.498.34109091435857467600499949506940613037,train,0
1.2.826.0.1.3680043.8.498.34126843286927697018624309801437341727,train,0
1.2.826.0.1.3680043.8.498.34206043272866138622475050809785944941,train,0
1.2.826.0.1.3680043.8.498.34262242337778924864334788374037992215,train,0
1.2.826.0.1.3680043.8.498.34294522885703132478119231619149118745,train,0
1.2.826.0.1.3680043.8.498.34360298211002490108642003575962873984,train,0
1.2.826.0.1.3680043.8.498.34379812274299658721362253287768041613,train,0
1.2.826.0.1.3680043.8.498.34441662343660776323013762699640240389,train,0
1.2.826.0.1.3680043.8.498.34461302710296907289543656738174044465,train,0
1.2.826.0.1.3680043.8.498.34501976934829436985900782482912019868,train,0
1.2.826.0.1.3680043.8.498.34546106114963066554367298449299214677,train,0
1.2.826.0.1.3680043.8.498.34572444983416782410188788741787280444,train,0
1.2.826.0.1.3680043.8.498.34574046861696910828478657346725687542,train,0
1.2.826.0.1.3680043.8.498.34636178772986348716257313987840123906,train,0
1.2.826.0.1.3680043.8.498.34654275504962399799861007974465776328,train,0
1.2.826.0.1.3680043.8.498.34685905030370793639196564723935583035,train,0
1.2.826.0.1.3680043.8.498.34690162612328981644511154212357885455,train,0
1.2.826.0.1.3680043.8.498.34717974828302316666446325243570202245,train,0
1.2.826.0.1.3680043.8.498.34740783941206992242367609204835771599,train,0
1.2.826.0.1.3680043.8.498.34753112960188810416088070814158959510,train,0
1.2.826.0.1.3680043.8.498.34791780913322886484171421115861604853,train,0
1.2.826.0.1.3680043.8.498.34795373994453585401035013232069587413,train,0
1.2.826.0.1.3680043.8.498.34826100703045042103752460066224521343,train,0
1.2.826.0.1.3680043.8.498.34858782760614383566891001610985452165,train,0
1.2.826.0.1.3680043.8.498.34861721301001052975626513770908147451,train,0
1.2.826.0.1.3680043.8.498.35015675197378142698488944856288804597,train,0
1.2.826.0.1.3680043.8.498.35017973257585430544005763350601015208,train,0
1.2.826.0.1.3680043.8.498.35026052487843947230089350615730580521,train,0
1.2.826.0.1.3680043.8.498.35027750475162395113025853006474122989,train,0
1.2.826.0.1.3680043.8.498.35064504053970754752690367203246822139,train,0
1.2.826.0.1.3680043.8.498.35090276406828326770336478753776261776,train,0
1.2.826.0.1.3680043.8.498.35121262802959257590413582180924083425,train,0
1.2.826.0.1.3680043.8.498.35127678462764233938878060108411012978,train,0
1.2.826.0.1.3680043.8.498.35210451107308788915675910467662426761,train,0
1.2.826.0.1.3680043.8.498.35230417208602644083092414161817929841,train,0
1.2.826.0.1.3680043.8.498.35257158249961136373696255071228322165,train,0
1.2.826.0.1.3680043.8.498.35273590880523815297008790288567354883,train,0
1.2.826.0.1.3680043.8.498.35330802038595377723999341992570259909,train,0
1.2.826.0.1.3680043.8.498.35338198410583984337908932327787063577,train,0
1.2.826.0.1.3680043.8.498.35526385429946467546636621603749416429,train,0
1.2.826.0.1.3680043.8.498.35549628666222168741574331855838621990,train,0
1.2.826.0.1.3680043.8.498.35572306796137927247415883445612561056,train,0
1.2.826.0.1.3680043.8.498.35633121799529901420381085923067525212,train,0
1.2.826.0.1.3680043.8.498.35639250779062198905356481136455419313,train,0
1.2.826.0.1.3680043.8.498.35664741425496814074030858561751287211,train,0
1.2.826.0.1.3680043.8.498.35677515667357567818845364400903668190,train,0
1.2.826.0.1.3680043.8.498.35717294165699019392845830077937768611,train,0
1.2.826.0.1.3680043.8.498.35769002792415947424087098083674166777,train,0
1.2.826.0.1.3680043.8.498.35777075794856195065665011443485613681,train,0
1.2.826.0.1.3680043.8.498.35820650938063925991582813178954225720,train,0
1.2.826.0.1.3680043.8.498.35826402289277331555736683320175912112,train,0
1.2.826.0.1.3680043.8.498.35835033603115368194824573270370351403,train,0
1.2.826.0.1.3680043.8.498.35836928928058091851993989259747528067,train,0
1.2.826.0.1.3680043.8.498.35853404993418331599021266761280794201,train,0
1.2.826.0.1.3680043.8.498.35871201339095431578743898508613853278,train,0
1.2.826.0.1.3680043.8.498.35892665011493087075493127252825546314,train,0
1.2.826.0.1.3680043.8.498.35906584224533966870202042352292878668,train,0
1.2.826.0.1.3680043.8.498.35923146679164443588381195543533271939,train,0
1.2.826.0.1.3680043.8.498.35923183633813281697521537744486885300,train,0
1.2.826.0.1.3680043.8.498.35923753382244056317223397206343376734,train,0
1.2.826.0.1.3680043.8.498.35932368810339127867306228699757809449,train,0
1.2.826.0.1.3680043.8.498.35942316720546803304976641081186518384,train,0
1.2.826.0.1.3680043.8.498.35961087303991442751747064990497975939,train,0
1.2.826.0.1.3680043.8.498.35965770865730278787229040370963322662,train,0
1.2.826.0.1.3680043.8.498.35971292331621735865925455612813197566,train,0
1.2.826.0.1.3680043.8.498.35991881811942962264382690224767291006,train,0
1.2.826.0.1.3680043.8.498.36013620117872095227314165026090752632,train,0
1.2.826.0.1.3680043.8.498.36083794505435625841225237415909011547,train,0
1.2.826.0.1.3680043.8.498.36090989845682961399757203739039806565,train,0
1.2.826.0.1.3680043.8.498.36131369236532190338276701919104598475,train,0
1.2.826.0.1.3680043.8.498.36158956431673597472934120620368656246,train,0
1.2.826.0.1.3680043.8.498.36180248571044206939894546783755557323,train,0
1.2.826.0.1.3680043.8.498.36185754164795053628650116141620545139,train,0
1.2.826.0.1.3680043.8.498.36193046155628980489031133466840036976,train,0
1.2.826.0.1.3680043.8.498.36221680997794815863088530960610069278,train,0
1.2.826.0.1.3680043.8.498.36235892729383338522021416304853301198,train,0
1.2.826.0.1.3680043.8.498.36293583160636884934622362743062825202,train,0
1.2.826.0.1.3680043.8.498.36315811661139684771871696847516662339,train,0
1.2.826.0.1.3680043.8.498.36431753977367847587395456605556703040,train,0
1.2.826.0.1.3680043.8.498.36470828078108352859868482351276699300,train,0
1.2.826.0.1.3680043.8.498.36488342368050295711098478501722217415,train,0
1.2.826.0.1.3680043.8.498.36588608184578739092409073014150374185,train,0
1.2.826.0.1.3680043.8.498.36599566036331923007586730435849419272,train,0
1.2.826.0.1.3680043.8.498.36645945703275956149107297016813148264,train,0
1.2.826.0.1.3680043.8.498.36648377536792309029975432419163533533,train,0
1.2.826.0.1.3680043.8.498.36679002788952511154610176614545192374,train,0
1.2.826.0.1.3680043.8.498.36688959138536319644194458211515765203,train,0
1.2.826.0.1.3680043.8.498.36757476214794170118868510630678488185,train,0
1.2.826.0.1.3680043.8.498.36812284468308169396147366740331573100,train,0
1.2.826.0.1.3680043.8.498.36825274340853796392762195174336452919,train,0
1.2.826.0.1.3680043.8.498.36846391753332367835804699576399553980,train,0
1.2.826.0.1.3680043.8.498.36891467514776207809384804066253854193,train,0
1.2.826.0.1.3680043.8.498.36914870739904705183135763739850515617,train,0
1.2.826.0.1.3680043.8.498.36924091633099385100942228071545017565,train,0
1.2.826.0.1.3680043.8.498.36930256628357053046574486650916442047,train,0
1.2.826.0.1.3680043.8.498.36995206854684735704099881847485073991,train,0
1.2.826.0.1.3680043.8.498.37005775889857426034942587344620888398,train,0
1.2.826.0.1.3680043.8.498.37007302166102452703965686598524467188,train,0
1.2.826.0.1.3680043.8.498.37046961643473249831189497076699393868,train,0
1.2.826.0.1.3680043.8.498.37110727485959679337431199930441321268,train,0
1.2.826.0.1.3680043.8.498.37210322466522537523056852160944888029,train,0
1.2.826.0.1.3680043.8.498.37270291131952413969044156276264153316,train,0
1.2.826.0.1.3680043.8.498.37332768072749723117839591872457536315,train,0
1.2.826.0.1.3680043.8.498.37371365833775442014007234936409739360,train,0
1.2.826.0.1.3680043.8.498.37390494423735156928337187351900345080,train,0
1.2.826.0.1.3680043.8.498.37413349933694832641902637847629969234,train,0
1.2.826.0.1.3680043.8.498.37427993203943111265113924891058049338,train,0
1.2.826.0.1.3680043.8.498.37432328401993499374675847888297416449,train,0
1.2.826.0.1.3680043.8.498.37438631765770807892914198396852544668,train,0
1.2.826.0.1.3680043.8.498.37447511763482014027579634343525200849,train,0
1.2.826.0.1.3680043.8.498.37463970179664003092832463732043124908,train,0
1.2.826.0.1.3680043.8.498.37485075271886447709158414670394650122,train,0
1.2.826.0.1.3680043.8.498.37508036912473928281276902883575142611,train,0
1.2.826.0.1.3680043.8.498.37510478969810784660124747242051166554,train,0
1.2.826.0.1.3680043.8.498.37519350121906786941281770770693979271,train,0
1.2.826.0.1.3680043.8.498.37572710131396388050286115883363501023,train,0
1.2.826.0.1.3680043.8.498.37580209294522316445963449455348371815,train,0
1.2.826.0.1.3680043.8.498.37591186611460576939009950935820113903,train,0
1.2.826.0.1.3680043.8.498.37591590536870291237852764995372956522,train,0
1.2.826.0.1.3680043.8.498.37644754953609976838298110418046213654,train,0
1.2.826.0.1.3680043.8.498.37695832484726177391252504639155717084,train,0
1.2.826.0.1.3680043.8.498.37713008080610827760634302982073393454,train,0
1.2.826.0.1.3680043.8.498.37729566534337521443213426693965453255,train,0
1.2.826.0.1.3680043.8.498.37782918081276484321055690005029111967,train,0
1.2.826.0.1.3680043.8.498.37833587429731221455928642963031995680,train,0
1.2.826.0.1.3680043.8.498.37838990693631869129590283596686992710,train,0
1.2.826.0.1.3680043.8.498.37846940236952007502147453013489359606,train,0
1.2.826.0.1.3680043.8.498.37862788793597360072184753016994526122,train,0
1.2.826.0.1.3680043.8.498.37879265071349098151803248077034280617,train,0
1.2.826.0.1.3680043.8.498.37885316830093262977685802809269466252,train,0
1.2.826.0.1.3680043.8.498.37921127120678939078868474340027123335,train,0
1.2.826.0.1.3680043.8.498.37936061471366103885185528435327650981,train,0
1.2.826.0.1.3680043.8.498.37969790195791584440906553207150666923,train,0
1.2.826.0.1.3680043.8.498.38005916106577944091708997377832932938,train,0
1.2.826.0.1.3680043.8.498.38010459551726691601986492657296948013,train,0
1.2.826.0.1.3680043.8.498.38039631093067555454700266397073080430,train,0
1.2.826.0.1.3680043.8.498.38056024157303576597111203925091929489,train,0
1.2.826.0.1.3680043.8.498.38069035744880456154810472748123499221,train,0
1.2.826.0.1.3680043.8.498.38085359363401170553191582038767900323,train,0
1.2.826.0.1.3680043.8.498.38095098835657518803781210111463995296,train,0
1.2.826.0.1.3680043.8.498.38104228771638294693272534500734878990,train,0
1.2.826.0.1.3680043.8.498.38173249623713271734596884672770674290,train,0
1.2.826.0.1.3680043.8.498.38224750236138877853888930317337541394,train,0
1.2.826.0.1.3680043.8.498.38233845434092134418342290639986261345,train,0
1.2.826.0.1.3680043.8.498.38238963443939714344730201261512911003,train,0
1.2.826.0.1.3680043.8.498.38272345519163551901865251730721530169,train,0
1.2.826.0.1.3680043.8.498.38303182087206935163155565441234078389,train,0
1.2.826.0.1.3680043.8.498.38303307720827621886420004896097661262,train,0
1.2.826.0.1.3680043.8.498.38306262614552497897681886368029860358,train,0
1.2.826.0.1.3680043.8.498.38325494489236992123219618004392575979,train,0
1.2.826.0.1.3680043.8.498.38333934623775971943734069301776225018,train,0
1.2.826.0.1.3680043.8.498.38361762550587464310603057450403132552,train,0
1.2.826.0.1.3680043.8.498.38365187857616428023213060377488046375,train,0
1.2.826.0.1.3680043.8.498.38373204312077453422262347769111605003,train,0
1.2.826.0.1.3680043.8.498.38420384692181444061893234153745102059,train,0
1.2.826.0.1.3680043.8.498.38427680930662301114332563903957471851,train,0
1.2.826.0.1.3680043.8.498.38457315909459574570206119213798163082,train,0
1.2.826.0.1.3680043.8.498.38485168845116671268554752030254772359,train,0
1.2.826.0.1.3680043.8.498.38518069950656326194016175319535174299,train,0
1.2.826.0.1.3680043.8.498.38528511947818361078957998546327084024,train,0
1.2.826.0.1.3680043.8.498.38554121831397903041461691318968151267,train,0
1.2.826.0.1.3680043.8.498.38567342184301320850258918666303107813,train,0
1.2.826.0.1.3680043.8.498.38617606118499305781729905815407382451,train,0
1.2.826.0.1.3680043.8.498.38628165743951175602803204505216754926,train,0
1.2.826.0.1.3680043.8.498.38701927697650476092773702704871872598,train,0
1.2.826.0.1.3680043.8.498.38717329577625255474350472405748992219,train,0
1.2.826.0.1.3680043.8.498.38750761816114659458563557493234655604,train,0
1.2.826.0.1.3680043.8.498.38774313460931748278644354956408578813,train,0
1.2.826.0.1.3680043.8.498.38795933423959135237935740989825843893,train,0
1.2.826.0.1.3680043.8.498.38796519786809225694393617946244012065,train,0
1.2.826.0.1.3680043.8.498.38862475907405766248096419059100131863,train,0
1.2.826.0.1.3680043.8.498.38870467957974446108337293912930572060,train,0
1.2.826.0.1.3680043.8.498.38900640030483599614088224967855884221,train,0
1.2.826.0.1.3680043.8.498.38912715505731269998129663552068223373,train,0
1.2.826.0.1.3680043.8.498.38925755872951351471027638563742132144,train,0
1.2.826.0.1.3680043.8.498.38928323954764175259962816410233336718,train,0
1.2.826.0.1.3680043.8.498.38935694477580522005505074220300062204,train,0
1.2.826.0.1.3680043.8.498.38940868544480800333574786964232944756,train,0
1.2.826.0.1.3680043.8.498.38974023308452365783768081643215200948,train,0
1.2.826.0.1.3680043.8.498.38981318408220047366318316620365040799,train,0
1.2.826.0.1.3680043.8.498.39020025030013167602991688044932114354,train,0
1.2.826.0.1.3680043.8.498.39020232951771672617852805188845504161,train,0
1.2.826.0.1.3680043.8.498.39025433784711757736168236829157583043,train,0
1.2.826.0.1.3680043.8.498.39064406065534097226924475518005522427,train,0
1.2.826.0.1.3680043.8.498.39068632185013624181565849012182917752,train,0
1.2.826.0.1.3680043.8.498.39070169128115370701189151138307035053,train,0
1.2.826.0.1.3680043.8.498.39190090804401525573012570218955054016,train,0
1.2.826.0.1.3680043.8.498.39197976722851762826265579540678924584,train,0
1.2.826.0.1.3680043.8.498.39250844287482885227700969308333354206,train,0
1.2.826.0.1.3680043.8.498.39264696726258404531295961801831089064,train,0
1.2.826.0.1.3680043.8.498.39275838957651450909114440721012584183,train,0
1.2.826.0.1.3680043.8.498.39324076659429494696721784912308233388,train,0
1.2.826.0.1.3680043.8.498.39375796600811714870169173423682043709,train,0
1.2.826.0.1.3680043.8.498.39394842976048577715164357752399606924,train,0
1.2.826.0.1.3680043.8.498.39399668753650041254826892657562722764,train,0
1.2.826.0.1.3680043.8.498.39468803878805753474151381590569125402,train,0
1.2.826.0.1.3680043.8.498.39507184510584030713933330702725991027,train,0
1.2.826.0.1.3680043.8.498.39547752108509751520306190293259313911,train,0
1.2.826.0.1.3680043.8.498.39578126940710463296572383286587298912,train,0
1.2.826.0.1.3680043.8.498.39624624539323722688093816284210287611,train,0
1.2.826.0.1.3680043.8.498.39636073039676814228254715705296535819,train,0
1.2.826.0.1.3680043.8.498.39642276506855996181597769215091644995,train,0
1.2.826.0.1.3680043.8.498.39799597341675508044808282472428242917,train,0
1.2.826.0.1.3680043.8.498.39845300426582562781355154625767485381,train,0
1.2.826.0.1.3680043.8.498.39875636232483792306109110284167439592,train,0
1.2.826.0.1.3680043.8.498.39895705984068714346274689335576595443,train,0
1.2.826.0.1.3680043.8.498.39932424305167611414527482641898907759,train,0
1.2.826.0.1.3680043.8.498.39954567501513957418422043089587980092,train,0
1.2.826.0.1.3680043.8.498.39959632509842689058626880477779808473,train,0
1.2.826.0.1.3680043.8.498.39969071491383654382076256213867635377,train,0
1.2.826.0.1.3680043.8.498.40036526071307024601256787605725348112,train,0
1.2.826.0.1.3680043.8.498.40041164441539690764994039690598305675,train,0
1.2.826.0.1.3680043.8.498.40086005762552976451418579375198597540,train,0
1.2.826.0.1.3680043.8.498.40131899651518057045444739705301716085,train,0
1.2.826.0.1.3680043.8.498.40154708689850542672289658249059660788,train,0
1.2.826.0.1.3680043.8.498.40196271329411009311273016603705560443,train,0
1.2.826.0.1.3680043.8.498.40223239401390462911823193489179244754,train,0
1.2.826.0.1.3680043.8.498.40239104167848425290754606013326180693,train,0
1.2.826.0.1.3680043.8.498.40254123984175499564145728084464192446,train,0
1.2.826.0.1.3680043.8.498.40257126480600927758308319831518876543,train,0
1.2.826.0.1.3680043.8.498.40269807401373034066229810558300266830,train,0
1.2.826.0.1.3680043.8.498.40308838286515017547707130085914948230,train,0
1.2.826.0.1.3680043.8.498.40317527233615709136328116805254969837,train,0
1.2.826.0.1.3680043.8.498.40386781168330493993852288092654487818,train,0
1.2.826.0.1.3680043.8.498.40419759559020255481034237210540871312,train,0
1.2.826.0.1.3680043.8.498.40436886205373732563782477802719203679,train,0
1.2.826.0.1.3680043.8.498.40437305053062892226978469238653825745,train,0
1.2.826.0.1.3680043.8.498.40441879276927383122480339472406105572,train,0
1.2.826.0.1.3680043.8.498.40487147942341753806704765355921322161,train,0
1.2.826.0.1.3680043.8.498.40533893516114346078820881178450524201,train,0
1.2.826.0.1.3680043.8.498.40547250250566982489293057895661861722,train,0
1.2.826.0.1.3680043.8.498.40576954651310602807432132614823906315,train,0
1.2.826.0.1.3680043.8.498.40608233778918249560056537030108548037,train,0
1.2.826.0.1.3680043.8.498.40612173652156509478338094582396889655,train,0
1.2.826.0.1.3680043.8.498.40618283771317160262473004328692613267,train,0
1.2.826.0.1.3680043.8.498.40627043074325458726412346974457616938,train,0
1.2.826.0.1.3680043.8.498.40654763252951267464957826289984701872,train,0
1.2.826.0.1.3680043.8.498.40703974473944295875248011843170371394,train,0
1.2.826.0.1.3680043.8.498.40718200801895968234499223301900799376,train,0
1.2.826.0.1.3680043.8.498.40723835064354784133289444204866484476,train,0
1.2.826.0.1.3680043.8.498.40823842819404259265489417470859248075,train,0
1.2.826.0.1.3680043.8.498.40828786094337186697222449293183309391,train,0
1.2.826.0.1.3680043.8.498.40837296112545776586904280088902000849,train,0
1.2.826.0.1.3680043.8.498.40898220266193841898869905714214454387,train,0
1.2.826.0.1.3680043.8.498.40910368031948275476880475208016058754,train,0
1.2.826.0.1.3680043.8.498.40930045208346676628855922755791787949,train,0
1.2.826.0.1.3680043.8.498.40967435550546093348221485942169879116,train,0
1.2.826.0.1.3680043.8.498.40987687016832998820664054439678138878,train,0
1.2.826.0.1.3680043.8.498.41036022211588451079713314564568887994,train,0
1.2.826.0.1.3680043.8.498.41057428195711190931490429649014776496,train,0
1.2.826.0.1.3680043.8.498.41108421820714108307078614688022098388,train,0
1.2.826.0.1.3680043.8.498.41124244151692842048993594448992046260,train,0
1.2.826.0.1.3680043.8.498.41129090437522031508960438281451672212,train,0
1.2.826.0.1.3680043.8.498.41197678541534079475667407055098243437,train,0
1.2.826.0.1.3680043.8.498.41240503248178304281405515398211762506,train,0
1.2.826.0.1.3680043.8.498.41254472410580125134596211010943842213,train,0
1.2.826.0.1.3680043.8.498.41315359092354940082611381451934245995,train,0
1.2.826.0.1.3680043.8.498.41326575785634778198143222323166756210,train,0
1.2.826.0.1.3680043.8.498.41363979247025384202932112601795525615,train,0
1.2.826.0.1.3680043.8.498.41366889271483886167284378157366992074,train,0
1.2.826.0.1.3680043.8.498.41382780862853765983216810855531499640,train,0
1.2.826.0.1.3680043.8.498.41439889720274233955076963938741061358,train,0
1.2.826.0.1.3680043.8.498.41440206520769979754790425253631809212,train,0
1.2.826.0.1.3680043.8.498.41454762422897656673710145732036115764,train,0
1.2.826.0.1.3680043.8.498.41564229176277158115386256329157870722,train,0
1.2.826.0.1.3680043.8.498.41587640208769641326416798167574152049,train,0
1.2.826.0.1.3680043.8.498.41605033773891953796694219242501252567,train,0
1.2.826.0.1.3680043.8.498.41619164749467663852546208143469380415,train,0
1.2.826.0.1.3680043.8.498.41640481150213029810772014344448781554,train,0
1.2.826.0.1.3680043.8.498.41657361598083583047831423768034379414,train,0
1.2.826.0.1.3680043.8.498.41662013720606493874198348776219875496,train,0
1.2.826.0.1.3680043.8.498.41672145969790132883562432403529293545,train,0
1.2.826.0.1.3680043.8.498.41696746845418651508748386392327996143,train,0
1.2.826.0.1.3680043.8.498.41698150452794914665945455397334605778,train,0
1.2.826.0.1.3680043.8.498.41717437729988689273718049162153247404,train,0
1.2.826.0.1.3680043.8.498.41751049067043481681879071436091069601,train,0
1.2.826.0.1.3680043.8.498.41769275806689876192405091865340286535,train,0
1.2.826.0.1.3680043.8.498.41776233288569201013095816839442161537,train,0
1.2.826.0.1.3680043.8.498.41810826648175757249770990269365542940,train,0
1.2.826.0.1.3680043.8.498.41837648239243141231469586963862388683,train,0
1.2.826.0.1.3680043.8.498.41852534027066121760361035269460584004,train,0
1.2.826.0.1.3680043.8.498.41854610297797849683195403204758363476,train,0
1.2.826.0.1.3680043.8.498.41856137734822068230231773222820851271,train,0
1.2.826.0.1.3680043.8.498.41939824564209194493855981805593285528,train,0
1.2.826.0.1.3680043.8.498.41990779875873214154237496750949660480,train,0
1.2.826.0.1.3680043.8.498.42018410640565840140895012243840256810,train,0
1.2.826.0.1.3680043.8.498.42018683052544325209168649309206539721,train,0
1.2.826.0.1.3680043.8.498.42023788139360998656558751921918860808,train,0
1.2.826.0.1.3680043.8.498.42051385452979123325023608442860201782,train,0
1.2.826.0.1.3680043.8.498.42120645248710860870761681999665860884,train,0
1.2.826.0.1.3680043.8.498.42130173624033946465704266507948122088,train,0
1.2.826.0.1.3680043.8.498.42162585695624963017992042571207363427,train,0
1.2.826.0.1.3680043.8.498.42225165085995728538373532053227662192,train,0
1.2.826.0.1.3680043.8.498.42287188181305579531212818123200473947,train,0
1.2.826.0.1.3680043.8.498.42414269167296543219685897036829241885,train,0
1.2.826.0.1.3680043.8.498.42476443240785038044326483794941265936,train,0
1.2.826.0.1.3680043.8.498.42486421970612099441197418307958561877,train,0
1.2.826.0.1.3680043.8.498.42499092649567991851673654940784921876,train,0
1.2.826.0.1.3680043.8.498.42566296562794128096734153388840524012,train,0
1.2.826.0.1.3680043.8.498.42580107838226807862930203257414265276,train,0
1.2.826.0.1.3680043.8.498.42587087495729026068405824960397052997,train,0
1.2.826.0.1.3680043.8.498.42598518026540237824479232797503218019,train,0
1.2.826.0.1.3680043.8.498.42609322631348207494943622999125822017,train,0
1.2.826.0.1.3680043.8.498.42634709955067416383713194799683605006,train,0
1.2.826.0.1.3680043.8.498.42719592405241698450757802131459694665,train,0
1.2.826.0.1.3680043.8.498.42768603719459834345001093623865167866,train,0
1.2.826.0.1.3680043.8.498.42776652100045349404152232788825670056,train,0
1.2.826.0.1.3680043.8.498.42778524243264061817587398263842942394,train,0
1.2.826.0.1.3680043.8.498.42816339547796375466199938922141987775,train,0
1.2.826.0.1.3680043.8.498.42829490507052740062127365747846030214,train,0
1.2.826.0.1.3680043.8.498.42847376403722341195083350288786052637,train,0
1.2.826.0.1.3680043.8.498.42887028634948156598417204377884297339,train,0
1.2.826.0.1.3680043.8.498.42896117106271721157113072562739356381,train,0
1.2.826.0.1.3680043.8.498.42921593713351589642747633505679170597,train,0
1.2.826.0.1.3680043.8.498.42942844751304929338846069579289911684,train,0
1.2.826.0.1.3680043.8.498.42967970121147528831983176261453235744,train,0
1.2.826.0.1.3680043.8.498.42990542863216044717944418712887800295,train,0
1.2.826.0.1.3680043.8.498.43014288535685961874615794778401152033,train,0
1.2.826.0.1.3680043.8.498.43065391907984821806263204343792008938,train,0
1.2.826.0.1.3680043.8.498.43117007553940146763245418710268028741,train,0
1.2.826.0.1.3680043.8.498.43127139928509033152155587499980767364,train,0
1.2.826.0.1.3680043.8.498.43144544376687968624598661376472625623,train,0
1.2.826.0.1.3680043.8.498.43256282639827216310036033378453939750,train,0
1.2.826.0.1.3680043.8.498.43256905750043156063416845850825787417,train,0
1.2.826.0.1.3680043.8.498.43300763182450509440662392516941842389,train,0
1.2.826.0.1.3680043.8.498.43325226037168674077736336919956196684,train,0
1.2.826.0.1.3680043.8.498.43339007024446439709455570527734115557,train,0
1.2.826.0.1.3680043.8.498.43351215447181735764667371462573550267,train,0
1.2.826.0.1.3680043.8.498.43355923025859051425546451466843844346,train,0
1.2.826.0.1.3680043.8.498.43412154740072739455825163326814980838,train,0
1.2.826.0.1.3680043.8.498.43432499267536761263202158662502957684,train,0
1.2.826.0.1.3680043.8.498.43439413368880313042951208701983487343,train,0
1.2.826.0.1.3680043.8.498.43442933855807685981061557274166869461,train,0
1.2.826.0.1.3680043.8.498.43445351322695981909807931874796758490,train,0
1.2.826.0.1.3680043.8.498.43483537125776347707929354413013709736,train,0
1.2.826.0.1.3680043.8.498.43587191909319947256183198986671106743,train,0
1.2.826.0.1.3680043.8.498.43587826365647713044374316837330397375,train,0
1.2.826.0.1.3680043.8.498.43692339773096477132070133629776394739,train,0
1.2.826.0.1.3680043.8.498.43709699920591091261137846976272625163,train,0
1.2.826.0.1.3680043.8.498.43779228281849457650343989788070421822,train,0
1.2.826.0.1.3680043.8.498.43797037142729611453626414920554246615,train,0
1.2.826.0.1.3680043.8.498.43832771919542075229536000564653592465,train,0
1.2.826.0.1.3680043.8.498.43870319732657730742794291443940225011,train,0
1.2.826.0.1.3680043.8.498.43967752580489865323542041346927244370,train,0
1.2.826.0.1.3680043.8.498.44002376543340544410495269060824194475,train,0
1.2.826.0.1.3680043.8.498.44024350801191362011463613321559949052,train,0
1.2.826.0.1.3680043.8.498.44149403030093858908988179411336839587,train,0
1.2.826.0.1.3680043.8.498.44239214982361627984688924889728201208,train,0
1.2.826.0.1.3680043.8.498.44259687212868598275713310246316207497,train,0
1.2.826.0.1.3680043.8.498.44261256084247541720465769177956875383,train,0
1.2.826.0.1.3680043.8.498.44321626715626508427287815810252844889,train,0
1.2.826.0.1.3680043.8.498.44323131330689365651417881352766725366,train,0
1.2.826.0.1.3680043.8.498.44333089398623004498721836325723633455,train,0
1.2.826.0.1.3680043.8.498.44350638600163778456163342454087669278,train,0
1.2.826.0.1.3680043.8.498.44365814642869065241166313231424697474,train,0
1.2.826.0.1.3680043.8.498.44405554266141576380633014711246118209,train,0
1.2.826.0.1.3680043.8.498.44417768181231991989438194369583907493,train,0
1.2.826.0.1.3680043.8.498.44424196147366603683090692394096032727,train,0
1.2.826.0.1.3680043.8.498.44441813293962885868294317830142850713,train,0
1.2.826.0.1.3680043.8.498.44476475746458439091354236934188679569,train,0
1.2.826.0.1.3680043.8.498.44525218699266472141419416162979441275,train,0
1.2.826.0.1.3680043.8.498.44629238055006732101555855930071163428,train,0
1.2.826.0.1.3680043.8.498.44670636848627131733157841382853275817,train,0
1.2.826.0.1.3680043.8.498.44713330360073884105636085566230396530,train,0
1.2.826.0.1.3680043.8.498.44733200650377282012534389271385687852,train,0
1.2.826.0.1.3680043.8.498.44758766790156297849747618145458535803,train,0
1.2.826.0.1.3680043.8.498.44863396093454506630473164990623458425,train,0
1.2.826.0.1.3680043.8.498.44875593707781066742286566388388035791,train,0
1.2.826.0.1.3680043.8.498.44879085997210091159117906674172231025,train,0
1.2.826.0.1.3680043.8.498.44879493336213912007673875382158420811,train,0
1.2.826.0.1.3680043.8.498.44902036121220687805715010480088379768,train,0
1.2.826.0.1.3680043.8.498.44941174190375343987327566550204051010,train,0
1.2.826.0.1.3680043.8.498.44996883917122941421301655137158093858,train,0
1.2.826.0.1.3680043.8.498.45033326048521572717771708818514772861,train,0
1.2.826.0.1.3680043.8.498.45072896942121803896760563154385918032,train,0
1.2.826.0.1.3680043.8.498.45082393649917309927267478072569185694,train,0
1.2.826.0.1.3680043.8.498.45118217412917282413100913670807141634,train,0
1.2.826.0.1.3680043.8.498.45170517567841608067443743961197123093,train,0
1.2.826.0.1.3680043.8.498.45207812477654339877341538582090218293,train,0
1.2.826.0.1.3680043.8.498.45251306032215692953561852960585282987,train,0
1.2.826.0.1.3680043.8.498.45273393220765922863913956738614783632,train,0
1.2.826.0.1.3680043.8.498.45286493874121093392171044034263851961,train,0
1.2.826.0.1.3680043.8.498.45304570280714567513866386380356988876,train,0
1.2.826.0.1.3680043.8.498.45316453179223822297459860764883030492,train,0
1.2.826.0.1.3680043.8.498.45326662718293919909188368237039419949,train,0
1.2.826.0.1.3680043.8.498.45332185607602495786497298658937575959,train,0
1.2.826.0.1.3680043.8.498.45380312679924593883892686293576260616,train,0
1.2.826.0.1.3680043.8.498.45392604471538776666611947492530314159,train,0
1.2.826.0.1.3680043.8.498.45406212529450909512649737062964080190,train,0
1.2.826.0.1.3680043.8.498.45454539422542821586939369440135728144,train,0
1.2.826.0.1.3680043.8.498.45462389009834095091353507592651342877,train,0
1.2.826.0.1.3680043.8.498.45463321406810606039579747001339703552,train,0
1.2.826.0.1.3680043.8.498.45491168638937605395466251659273753775,train,0
1.2.826.0.1.3680043.8.498.45504348071514081636909771148066956410,train,0
1.2.826.0.1.3680043.8.498.45519502487291848581539950159353124045,train,0
1.2.826.0.1.3680043.8.498.45625191292968830335971647388746041117,train,0
1.2.826.0.1.3680043.8.498.45630051398709774279703407401383545642,train,0
1.2.826.0.1.3680043.8.498.45644703214235636656820126625301033696,train,0
1.2.826.0.1.3680043.8.498.45678969592219293243366784683191701674,train,0
1.2.826.0.1.3680043.8.498.45755198489211010290512228906807170657,train,0
1.2.826.0.1.3680043.8.498.45768777378108699271714894225826640121,train,0
1.2.826.0.1.3680043.8.498.45862157701704991290669186265816463426,train,0
1.2.826.0.1.3680043.8.498.45865541491386404818767748310365919685,train,0
1.2.826.0.1.3680043.8.498.45868806544202339567395643235910857549,train,0
1.2.826.0.1.3680043.8.498.45894475516096841241467193775629362381,train,0
1.2.826.0.1.3680043.8.498.45968957856865486437256472516713628614,train,0
1.2.826.0.1.3680043.8.498.46001596547902477402837300565271742663,train,0
1.2.826.0.1.3680043.8.498.46016776602328665980436110567854612595,train,0
1.2.826.0.1.3680043.8.498.46036209147177723970966724006242055397,train,0
1.2.826.0.1.3680043.8.498.46051119885630602872050329412008545893,train,0
1.2.826.0.1.3680043.8.498.46052469424267861803032899866428547156,train,0
1.2.826.0.1.3680043.8.498.46123761840464615814604226041496278995,train,0
1.2.826.0.1.3680043.8.498.46172451572836863687073454997158931662,train,0
1.2.826.0.1.3680043.8.498.46222691720198967161306520058359099856,train,0
1.2.826.0.1.3680043.8.498.46228189366201925238527911905072482095,train,0
1.2.826.0.1.3680043.8.498.46259494895672269475940484605821837768,train,0
1.2.826.0.1.3680043.8.498.46268820642949526111807948525363811264,train,0
1.2.826.0.1.3680043.8.498.46282234455466954264170065462242039568,train,0
1.2.826.0.1.3680043.8.498.46297226877524853395345229615300658523,train,0
1.2.826.0.1.3680043.8.498.46305694398420300356121078124030126469,train,0
1.2.826.0.1.3680043.8.498.46309540159823359540686782651264853894,train,0
1.2.826.0.1.3680043.8.498.46335849264221717416382765091672040855,train,0
1.2.826.0.1.3680043.8.498.46427879286435198611282055405541286766,train,0
1.2.826.0.1.3680043.8.498.46452612704507986055186132736451572677,train,0
1.2.826.0.1.3680043.8.498.46506161284114284997220751358509505380,train,0
1.2.826.0.1.3680043.8.498.46658713832425741743740258795376270265,train,0
1.2.826.0.1.3680043.8.498.46713978512945139851373191422321462143,train,0
1.2.826.0.1.3680043.8.498.46715670142711601593792518196789347552,train,0
1.2.826.0.1.3680043.8.498.46745172905542117506863575411125924241,train,0
1.2.826.0.1.3680043.8.498.46770589129181839292542004762882468541,train,0
1.2.826.0.1.3680043.8.498.46776367027887983105817631582518625639,train,0
1.2.826.0.1.3680043.8.498.46797419946872257347118338518757027995,train,0
1.2.826.0.1.3680043.8.498.46825768767498441994570613185981335949,train,0
1.2.826.0.1.3680043.8.498.46842734152337184482152392783260161845,train,0
1.2.826.0.1.3680043.8.498.46884541791777826238103426426267571657,train,0
1.2.826.0.1.3680043.8.498.46893956584698923808118623450380169212,train,0
1.2.826.0.1.3680043.8.498.46925959240037679795735705370016021232,train,0
1.2.826.0.1.3680043.8.498.47004674612174010017653097242531940431,train,0
1.2.826.0.1.3680043.8.498.47061252152535181371772020997295000029,train,0
1.2.826.0.1.3680043.8.498.47063694709201049930726855357000925037,train,0
1.2.826.0.1.3680043.8.498.47080537724499166054609508776778189902,train,0
1.2.826.0.1.3680043.8.498.47094981922544354899183959858078311972,train,0
1.2.826.0.1.3680043.8.498.47130872195336642107576758658144949813,train,0
1.2.826.0.1.3680043.8.498.47239511009810375185594384849101241004,train,0
1.2.826.0.1.3680043.8.498.47255564202539432049700324486197024855,train,0
1.2.826.0.1.3680043.8.498.47267174205472073784818634988669693642,train,0
1.2.826.0.1.3680043.8.498.47268599732083036147289040424392838620,train,0
1.2.826.0.1.3680043.8.498.47336007784831556446570294227732688335,train,0
1.2.826.0.1.3680043.8.498.47391919345230380216864709248400573953,train,0
1.2.826.0.1.3680043.8.498.47449893776425045020340604662487159684,train,0
1.2.826.0.1.3680043.8.498.47465512474718256570933149642267926825,train,0
1.2.826.0.1.3680043.8.498.47495385306095610608327984787779011133,train,0
1.2.826.0.1.3680043.8.498.47531034194300620953276025401018051246,train,0
1.2.826.0.1.3680043.8.498.47651715105501347255071941051553742767,train,0
1.2.826.0.1.3680043.8.498.47655269404919497034805209368250028981,train,0
1.2.826.0.1.3680043.8.498.47678121014268671436574141288012829166,train,0
1.2.826.0.1.3680043.8.498.47707670074001059720671838493302874710,train,0
1.2.826.0.1.3680043.8.498.47753549323738763346112850705924843959,train,0
1.2.826.0.1.3680043.8.498.47784065888386216103165400551121771174,train,0
1.2.826.0.1.3680043.8.498.47864423097056282241181943425451597067,train,0
1.2.826.0.1.3680043.8.498.47870074144891988520855535250618228390,train,0
1.2.826.0.1.3680043.8.498.47925688677871325890380893763458019552,train,0
1.2.826.0.1.3680043.8.498.47949251060660360953300340380324578835,train,0
1.2.826.0.1.3680043.8.498.48068031587855513429324313927339963541,train,0
1.2.826.0.1.3680043.8.498.48141366506505611287110229972010695331,train,0
1.2.826.0.1.3680043.8.498.48160569779413970442472500116176876660,train,0
1.2.826.0.1.3680043.8.498.48308485987218296338173512060246238691,train,0
1.2.826.0.1.3680043.8.498.48367523758673249284754003765836877239,train,0
1.2.826.0.1.3680043.8.498.48368929760320103375578806071106317953,train,0
1.2.826.0.1.3680043.8.498.48417903971145834309474934717837250776,train,0
1.2.826.0.1.3680043.8.498.48435973333068748044485658920315789799,train,0
1.2.826.0.1.3680043.8.498.48486018503198264262324670490116120612,train,0
1.2.826.0.1.3680043.8.498.48520238688122533624681796433258211236,train,0
1.2.826.0.1.3680043.8.498.48521453765449688946535921546652765399,train,0
1.2.826.0.1.3680043.8.498.48531746264504523370547117933271161633,train,0
1.2.826.0.1.3680043.8.498.48564780460694033783288540237012068889,train,0
1.2.826.0.1.3680043.8.498.48658459018915173972212724570862424208,train,0
1.2.826.0.1.3680043.8.498.48697800450463192944610588533290320545,train,0
1.2.826.0.1.3680043.8.498.48750912584073496502856009873745362236,train,0
1.2.826.0.1.3680043.8.498.48771187298294322173131630438467163244,train,0
1.2.826.0.1.3680043.8.498.48780598610511011488578963416186905560,train,0
1.2.826.0.1.3680043.8.498.48784244479029704181755878324450207126,train,0
1.2.826.0.1.3680043.8.498.48818931767017230678539144135307491171,train,0
1.2.826.0.1.3680043.8.498.48829151552094424673693975665028690142,train,0
1.2.826.0.1.3680043.8.498.48855562507887692822284056171390459619,train,0
1.2.826.0.1.3680043.8.498.48872083192774100826667097552356058756,train,0
1.2.826.0.1.3680043.8.498.48933020429865163393792899740045803587,train,0
1.2.826.0.1.3680043.8.498.48977699132767849812826572970218325717,train,0
1.2.826.0.1.3680043.8.498.49047255106144196602523585429683869547,train,0
1.2.826.0.1.3680043.8.498.49048739684287632681242054218807611262,train,0
1.2.826.0.1.3680043.8.498.49054454369199540406654153762248931799,train,0
1.2.826.0.1.3680043.8.498.49163335688297423808344168197551387860,train,0
1.2.826.0.1.3680043.8.498.49186859342644783675130322288585477727,train,0
1.2.826.0.1.3680043.8.498.49219586198038249030222134813685536295,train,0
1.2.826.0.1.3680043.8.498.49287143478474218875661109488367501329,train,0
1.2.826.0.1.3680043.8.498.49347024975371539869871751159907613638,train,0
1.2.826.0.1.3680043.8.498.49379034023506626029648394840207360925,train,0
1.2.826.0.1.3680043.8.498.49394404966674633152360206835416205330,train,0
1.2.826.0.1.3680043.8.498.49441835811239898312243678447796777305,train,0
1.2.826.0.1.3680043.8.498.49443962795025989994487968185070137217,train,0
1.2.826.0.1.3680043.8.498.49481811111224238761880576486796603139,train,0
1.2.826.0.1.3680043.8.498.49492260217998945587168161555623476238,train,0
1.2.826.0.1.3680043.8.498.49495644703047055149965226028097259207,train,0
1.2.826.0.1.3680043.8.498.49500752658775616590911569693817273205,train,0
1.2.826.0.1.3680043.8.498.49575149159425506211571562732929634662,train,0
1.2.826.0.1.3680043.8.498.49583348226932515919984811293816232513,train,0
1.2.826.0.1.3680043.8.498.49603554452147117475589797389254733654,train,0
1.2.826.0.1.3680043.8.498.49660659440268002826070581802625582554,train,0
1.2.826.0.1.3680043.8.498.49679916686449433962263937489400526112,train,0
1.2.826.0.1.3680043.8.498.49703744074809050221928706774732375079,train,0
1.2.826.0.1.3680043.8.498.49818874332345742217581267858748819921,train,0
1.2.826.0.1.3680043.8.498.49847104080351361589960954776757484668,train,0
1.2.826.0.1.3680043.8.498.49850672111501136862025523789202033809,train,0
1.2.826.0.1.3680043.8.498.49855677166670499939366963036804180912,train,0
1.2.826.0.1.3680043.8.498.49866252311077397175807461727885923657,train,0
1.2.826.0.1.3680043.8.498.49884243466758407760126403944842240776,train,0
1.2.826.0.1.3680043.8.498.49887758195164927372912584780941789021,train,0
1.2.826.0.1.3680043.8.498.49926524898703962863714803838421958913,train,0
1.2.826.0.1.3680043.8.498.49942556484410764813681696157580687854,train,0
1.2.826.0.1.3680043.8.498.50051845967696843074391018845332480653,train,0
1.2.826.0.1.3680043.8.498.50069224337753933811759198830086956116,train,0
1.2.826.0.1.3680043.8.498.50073674465735509400964384004695041387,train,0
1.2.826.0.1.3680043.8.498.50089015780087008332657793589955395952,train,0
1.2.826.0.1.3680043.8.498.50107479256735739327080544431929221135,train,0
1.2.826.0.1.3680043.8.498.50109255875403812845391217314726500341,train,0
1.2.826.0.1.3680043.8.498.50144715912379960437506930683683218333,train,0
1.2.826.0.1.3680043.8.498.50182378358892377789975570268512056553,train,0
1.2.826.0.1.3680043.8.498.50183004658202912273462671442829139110,train,0
1.2.826.0.1.3680043.8.498.50215409013618353346619153290049205718,train,0
1.2.826.0.1.3680043.8.498.50220991646207533313828550949660577504,train,0
1.2.826.0.1.3680043.8.498.50259348432783983788186173025555513832,train,0
1.2.826.0.1.3680043.8.498.50261788831539215224639813005933285052,train,0
1.2.826.0.1.3680043.8.498.50287512028986928372350279452197816661,train,0
1.2.826.0.1.3680043.8.498.50318760104506317341991314680640521601,train,0
1.2.826.0.1.3680043.8.498.50342726517205151681842826322659275894,train,0
1.2.826.0.1.3680043.8.498.50392110746914984873009735588879049321,train,0
1.2.826.0.1.3680043.8.498.50424421287869498746932271082980000521,train,0
1.2.826.0.1.3680043.8.498.50458745240631577290185672298591447264,train,0
1.2.826.0.1.3680043.8.498.50487158921933419035809338652990508020,train,0
1.2.826.0.1.3680043.8.498.50501020658943435430736717390350999395,train,0
1.2.826.0.1.3680043.8.498.50512021577184367495598050974910055550,train,0
1.2.826.0.1.3680043.8.498.50571692547974449396635351108344029536,train,0
1.2.826.0.1.3680043.8.498.50648934951234229265309905009982297515,train,0
1.2.826.0.1.3680043.8.498.50666048236278074641860077012751071758,train,0
1.2.826.0.1.3680043.8.498.50667444467788034101157821576803778774,train,0
1.2.826.0.1.3680043.8.498.50680622091377404463269575858175673158,train,0
1.2.826.0.1.3680043.8.498.50687743970686088872471288288960579306,train,0
1.2.826.0.1.3680043.8.498.50689256431939553935971505794681061679,train,0
1.2.826.0.1.3680043.8.498.50694733929204626284366818623993960684,train,0
1.2.826.0.1.3680043.8.498.50707407856055788475528375847872674241,train,0
1.2.826.0.1.3680043.8.498.50777252749942894325007417893973309310,train,0
1.2.826.0.1.3680043.8.498.50780438941220579448947609376330661130,train,0
1.2.826.0.1.3680043.8.498.50810596378229719761556926464290468652,train,0
1.2.826.0.1.3680043.8.498.50813123035221058777203670043892828582,train,0
1.2.826.0.1.3680043.8.498.50819987120895374623148160166392914169,train,0
1.2.826.0.1.3680043.8.498.50823279853002320074080586693604976784,train,0
1.2.826.0.1.3680043.8.498.50844227724977857739867646104945090414,train,0
1.2.826.0.1.3680043.8.498.50880891504121357724276091096406248845,train,0
1.2.826.0.1.3680043.8.498.50882628969985977810341532747520504841,train,0
1.2.826.0.1.3680043.8.498.50935247372419775856440294835587827419,train,0
1.2.826.0.1.3680043.8.498.50969691234820675847736765735133138324,train,0
1.2.826.0.1.3680043.8.498.50980137249034338585131194965993785201,train,0
1.2.826.0.1.3680043.8.498.51006813205605862503064447831381009425,train,0
1.2.826.0.1.3680043.8.498.51054592064718900209123281525185013961,train,0
1.2.826.0.1.3680043.8.498.51059575642903646008860869691477305022,train,0
1.2.826.0.1.3680043.8.498.51126807380879212261057967703844943102,train,0
1.2.826.0.1.3680043.8.498.51143994849141407980459861759302509053,train,0
1.2.826.0.1.3680043.8.498.51179760508587500025973916664101120069,train,0
1.2.826.0.1.3680043.8.498.51215847567976999838748705030071176367,train,0
1.2.826.0.1.3680043.8.498.51297777726540529860433097009654453742,train,0
1.2.826.0.1.3680043.8.498.51351386796317851725461803790273870995,train,0
1.2.826.0.1.3680043.8.498.51379389400506715529323532959275254794,train,0
1.2.826.0.1.3680043.8.498.51426696939581135481763379246368970360,train,0
1.2.826.0.1.3680043.8.498.51469564445249084310991187819410005207,train,0
1.2.826.0.1.3680043.8.498.51509214978951980397275258374070843967,train,0
1.2.826.0.1.3680043.8.498.51536234256866063100891626028999490545,train,0
1.2.826.0.1.3680043.8.498.51581188134109925758379838961317006116,train,0
1.2.826.0.1.3680043.8.498.51676679394093588751371807453793655464,train,0
1.2.826.0.1.3680043.8.498.51684117251092766010524179062007524257,train,0
1.2.826.0.1.3680043.8.498.51752963441899958127321113249182970131,train,0
1.2.826.0.1.3680043.8.498.51768733026033198941231586462443503827,train,0
1.2.826.0.1.3680043.8.498.51770131897828080663537020812721042704,train,0
1.2.826.0.1.3680043.8.498.51782185934115000642557689300687723099,train,0
1.2.826.0.1.3680043.8.498.51809092313496476873962641559638828608,train,0
1.2.826.0.1.3680043.8.498.51813125531970590883098432751115674643,train,0
1.2.826.0.1.3680043.8.498.51828180600648126726057100018010765613,train,0
1.2.826.0.1.3680043.8.498.51831304809871808790657397599860793132,train,0
1.2.826.0.1.3680043.8.498.51837740845904075589194479205218060915,train,0
1.2.826.0.1.3680043.8.498.51867133375333949773527521703402111601,train,0
1.2.826.0.1.3680043.8.498.51886877282987244004912794726043055730,train,0
1.2.826.0.1.3680043.8.498.51910852739185117358682097116614556910,train,0
1.2.826.0.1.3680043.8.498.51917043703891091519740084517167861965,train,0
1.2.826.0.1.3680043.8.498.51970198810758997428998886534742243215,train,0
1.2.826.0.1.3680043.8.498.51981019698056120061499970572334688555,train,0
1.2.826.0.1.3680043.8.498.51985313438970133264846259111827877590,train,0
1.2.826.0.1.3680043.8.498.52010165788889734743850946282043771445,train,0
1.2.826.0.1.3680043.8.498.52059522418267239652374290810994711032,train,0
1.2.826.0.1.3680043.8.498.52067134682915759489080529708019359378,train,0
1.2.826.0.1.3680043.8.498.52098249444968803324423421624756966294,train,0
1.2.826.0.1.3680043.8.498.52110163572817528199125320120779141456,train,0
1.2.826.0.1.3680043.8.498.52132258638267172087240021957310219977,train,0
1.2.826.0.1.3680043.8.498.52138967568492774495485454357106269286,train,0
1.2.826.0.1.3680043.8.498.52140911874747534807033188343849537207,train,0
1.2.826.0.1.3680043.8.498.52204390785696944340286127542242341202,train,0
1.2.826.0.1.3680043.8.498.52330656126848153803758928167944040055,train,0
1.2.826.0.1.3680043.8.498.52390908285903728334239836699232920065,train,0
1.2.826.0.1.3680043.8.498.52409113683924904563676007800283978062,train,0
1.2.826.0.1.3680043.8.498.52435631723314823200374985065756182593,train,0
1.2.826.0.1.3680043.8.498.52437948508356178175558637950043479411,train,0
1.2.826.0.1.3680043.8.498.52456272643822591755257802747431239152,train,0
1.2.826.0.1.3680043.8.498.52499379042723926379822784411787551701,train,0
1.2.826.0.1.3680043.8.498.52520288400853832269613213204540385687,train,0
1.2.826.0.1.3680043.8.498.52558822670236188507569589448789513993,train,0
1.2.826.0.1.3680043.8.498.52599302991259061057950834864441634066,train,0
1.2.826.0.1.3680043.8.498.52639459702574533721011212286428487650,train,0
1.2.826.0.1.3680043.8.498.52745530063404662086111315503240395535,train,0
1.2.826.0.1.3680043.8.498.52785983814702054185130109942936184688,train,0
1.2.826.0.1.3680043.8.498.52844966504845792334740560021996858939,train,0
1.2.826.0.1.3680043.8.498.52846023545870016653608198538437574931,train,0
1.2.826.0.1.3680043.8.498.52846236545327527967419125989598675101,train,0
1.2.826.0.1.3680043.8.498.52849154011665864497632297320961015159,train,0
1.2.826.0.1.3680043.8.498.52937412433120578046842194545406797236,train,0
1.2.826.0.1.3680043.8.498.52985748674486376309978868177895755694,train,0
1.2.826.0.1.3680043.8.498.53076472372145933727990308381815269368,train,0
1.2.826.0.1.3680043.8.498.53078461307849490495536549806091931824,train,0
1.2.826.0.1.3680043.8.498.53080172184945962593713560671746700445,train,0
1.2.826.0.1.3680043.8.498.53094450151502907325041400000717725711,train,0
1.2.826.0.1.3680043.8.498.53114802640679819441521055029024037716,train,0
1.2.826.0.1.3680043.8.498.53131430415327479511358970615140982847,train,0
1.2.826.0.1.3680043.8.498.53137953094305471774552883960361922832,train,0
1.2.826.0.1.3680043.8.498.53156118232564605912649705207438612782,train,0
1.2.826.0.1.3680043.8.498.53173579822475854424126184867040523127,train,0
1.2.826.0.1.3680043.8.498.53174810138171412044410050984734412146,train,0
1.2.826.0.1.3680043.8.498.53221818460567216467597044606040911702,train,0
1.2.826.0.1.3680043.8.498.53262958748075737242820629127001253146,train,0
1.2.826.0.1.3680043.8.498.53271710112621372496324855809391580130,train,0
1.2.826.0.1.3680043.8.498.53331626867618182966740022261110760133,train,0
1.2.826.0.1.3680043.8.498.53337684515627962545396495541158882262,train,0
1.2.826.0.1.3680043.8.498.53343379040681745197301575417064236501,train,0
1.2.826.0.1.3680043.8.498.53355961816756477601843499985089590263,train,0
1.2.826.0.1.3680043.8.498.53361558447470435467999344560545063264,train,0
1.2.826.0.1.3680043.8.498.53370670740736715669115043403494610200,train,0
1.2.826.0.1.3680043.8.498.53393741562201846141435914434030220216,train,0
1.2.826.0.1.3680043.8.498.53408696789721413873026963095773050643,train,0
1.2.826.0.1.3680043.8.498.53490080963614272234072703760363052476,train,0
1.2.826.0.1.3680043.8.498.53587920256280027683523152568832253423,train,0
1.2.826.0.1.3680043.8.498.53628897373416863107623485630264501760,train,0
1.2.826.0.1.3680043.8.498.53649895712172408476570770924813501118,train,0
1.2.826.0.1.3680043.8.498.53737349894831365159124471910871800583,train,0
1.2.826.0.1.3680043.8.498.53745429232602455103594227782517963027,train,0
1.2.826.0.1.3680043.8.498.53792159922324410857755054939229546555,train,0
1.2.826.0.1.3680043.8.498.53797236075631231042400235117445767744,train,0
1.2.826.0.1.3680043.8.498.53884715696186989798696544661396487883,train,0
1.2.826.0.1.3680043.8.498.53893586200869613140666806653041177558,train,0
1.2.826.0.1.3680043.8.498.53901077733518036755308692304268815965,train,0
1.2.826.0.1.3680043.8.498.53968943793571323467397128102531786394,train,0
1.2.826.0.1.3680043.8.498.54000782656400326230944526201670909133,train,0
1.2.826.0.1.3680043.8.498.54030363830629950591221870797594277092,train,0
1.2.826.0.1.3680043.8.498.54049224487950229496345484554581532711,train,0
1.2.826.0.1.3680043.8.498.54099199514076260519579096546600505763,train,0
1.2.826.0.1.3680043.8.498.54100786607660749952814251186461344633,train,0
1.2.826.0.1.3680043.8.498.54101830029742852876183926998159899424,train,0
1.2.826.0.1.3680043.8.498.54132814503202891434380002378663763655,train,0
1.2.826.0.1.3680043.8.498.54138747504377266740838999528964336002,train,0
1.2.826.0.1.3680043.8.498.54142170846176833568961426171739782214,train,0
1.2.826.0.1.3680043.8.498.54202117421897784469771192940597638508,train,0
1.2.826.0.1.3680043.8.498.54270039578867689669466339980682684126,train,0
1.2.826.0.1.3680043.8.498.54280954106925918796002359856408530043,train,0
1.2.826.0.1.3680043.8.498.54306467780023777062920737767581126383,train,0
1.2.826.0.1.3680043.8.498.54316764984549863227549326352573342232,train,0
1.2.826.0.1.3680043.8.498.54336962625483046366337626878609850219,train,0
1.2.826.0.1.3680043.8.498.54374735423703474541190464716308417985,train,0
1.2.826.0.1.3680043.8.498.54394066317295451515247748115888976860,train,0
1.2.826.0.1.3680043.8.498.54427039222108917725902677899081931510,train,0
1.2.826.0.1.3680043.8.498.54448516923758211534546401490623824012,train,0
1.2.826.0.1.3680043.8.498.54451515695681765924346479727204451807,train,0
1.2.826.0.1.3680043.8.498.54482848766921329667469114743547203929,train,0
1.2.826.0.1.3680043.8.498.54483132338261866032495309977418409299,train,0
1.2.826.0.1.3680043.8.498.54539703415639765348239790227512479583,train,0
1.2.826.0.1.3680043.8.498.54589880111295324708950851057241927191,train,0
1.2.826.0.1.3680043.8.498.54619696938940618755334224550745735815,train,0
1.2.826.0.1.3680043.8.498.54662745951809363774369202018332309887,train,0
1.2.826.0.1.3680043.8.498.54669065204808162914386927559244866557,train,0
1.2.826.0.1.3680043.8.498.54689086194769265957947122616025330642,train,0
1.2.826.0.1.3680043.8.498.54693572065777563403567480644050627025,train,0
1.2.826.0.1.3680043.8.498.54699196872730350880681018674893216245,train,0
1.2.826.0.1.3680043.8.498.54711709751232783991855540573189433446,train,0
1.2.826.0.1.3680043.8.498.54755249425443469939742671497042113665,train,0
1.2.826.0.1.3680043.8.498.54761306437713414745748829128854749469,train,0
1.2.826.0.1.3680043.8.498.54792838438079861454532183998999249213,train,0
1.2.826.0.1.3680043.8.498.54833384793167149128371137537527194757,train,0
1.2.826.0.1.3680043.8.498.55008913229055942530957507434366806883,train,0
1.2.826.0.1.3680043.8.498.55022631713888448062201243978634363406,train,0
1.2.826.0.1.3680043.8.498.55061039227197546099231336400032878562,train,0
1.2.826.0.1.3680043.8.498.55067956175569778132589128971795053431,train,0
1.2.826.0.1.3680043.8.498.55105303802677863700162285680213496441,train,0
1.2.826.0.1.3680043.8.498.55183153701332792661581741475876132309,train,0
1.2.826.0.1.3680043.8.498.55202459816190607876303419067810637245,train,0
1.2.826.0.1.3680043.8.498.55300053252365037422745072128951402593,train,0
1.2.826.0.1.3680043.8.498.55332521421041708438748125666498042763,train,0
1.2.826.0.1.3680043.8.498.55344075316305815718253234447285669886,train,0
1.2.826.0.1.3680043.8.498.55344353927048912237233441917779875587,train,0
1.2.826.0.1.3680043.8.498.55346033326903331672579723063380636237,train,0
1.2.826.0.1.3680043.8.498.55397602116058381866334455456729470963,train,0
1.2.826.0.1.3680043.8.498.55415479446253262335685494509470808516,train,0
1.2.826.0.1.3680043.8.498.55461938012492393262172182405932212246,train,0
1.2.826.0.1.3680043.8.498.55583505147281684100202399148099429721,train,0
1.2.826.0.1.3680043.8.498.55586358833903787781826406120068237870,train,0
1.2.826.0.1.3680043.8.498.55653770127824574123236841437998533498,train,0
1.2.826.0.1.3680043.8.498.55687452977471862155042703116192295932,train,0
1.2.826.0.1.3680043.8.498.55700532609077428304194916132759352518,train,0
1.2.826.0.1.3680043.8.498.55713753582074871470943388423906540792,train,0
1.2.826.0.1.3680043.8.498.55729193057949125029301812320609764642,train,0
1.2.826.0.1.3680043.8.498.55771181380353653474896884649540028856,train,0
1.2.826.0.1.3680043.8.498.55808772152667135571939417929724526296,train,0
1.2.826.0.1.3680043.8.498.55850385284038070407841702672827533728,train,0
1.2.826.0.1.3680043.8.498.55856308312040330141050707531982127791,train,0
1.2.826.0.1.3680043.8.498.55861544093014499478739864837675161978,train,0
1.2.826.0.1.3680043.8.498.55887747667305814945719986974538814207,train,0
1.2.826.0.1.3680043.8.498.55927741980493661714408715886641034285,train,0
1.2.826.0.1.3680043.8.498.55930031395651221279170435293900769500,train,0
1.2.826.0.1.3680043.8.498.55971152627433130850649668964887611410,train,0
1.2.826.0.1.3680043.8.498.55971241672517044174019654998425819738,train,0
1.2.826.0.1.3680043.8.498.55991293001848799160041967098772087659,train,0
1.2.826.0.1.3680043.8.498.56016606949603829995818303105991224499,train,0
1.2.826.0.1.3680043.8.498.56045687004558569005240775213510192805,train,0
1.2.826.0.1.3680043.8.498.56054334296747411394367010227992359191,train,0
1.2.826.0.1.3680043.8.498.56061505201159269536816810086342635391,train,0
1.2.826.0.1.3680043.8.498.56091473614612257999053529249190958828,train,0
1.2.826.0.1.3680043.8.498.56146582420561901778012523946835033628,train,0
1.2.826.0.1.3680043.8.498.56156923369480999484275191793049573490,train,0
1.2.826.0.1.3680043.8.498.56170570792418244380186761574367557535,train,0
1.2.826.0.1.3680043.8.498.56188634971310070481285525830793231849,train,0
1.2.826.0.1.3680043.8.498.56216873861595017403772627709751840588,train,0
1.2.826.0.1.3680043.8.498.56266280744044680626884459696038109616,train,0
1.2.826.0.1.3680043.8.498.56269695574661037525483516531194514456,train,0
1.2.826.0.1.3680043.8.498.56305445410093481072159375249067050124,train,0
1.2.826.0.1.3680043.8.498.56385473079196655120993854770623075553,train,0
1.2.826.0.1.3680043.8.498.56428314239264997930645427543149285770,train,0
1.2.826.0.1.3680043.8.498.56474364950531483257947155855279443851,train,0
1.2.826.0.1.3680043.8.498.56497268548664917337130798701015887461,train,0
1.2.826.0.1.3680043.8.498.56506415277488978301157490514745400410,train,0
1.2.826.0.1.3680043.8.498.56513276339820682030546599321915304265,train,0
1.2.826.0.1.3680043.8.498.56564801707939049324472369774251260607,train,0
1.2.826.0.1.3680043.8.498.56575942633137496743464648679775042979,train,0
1.2.826.0.1.3680043.8.498.56628956454784173189908113425348977923,train,0
1.2.826.0.1.3680043.8.498.56686055146646210144964207684044815006,train,0
1.2.826.0.1.3680043.8.498.56715311294415711253166312546942356882,train,0
1.2.826.0.1.3680043.8.498.56751453017492477106384704540803963879,train,0
1.2.826.0.1.3680043.8.498.56786556618312090924315296993756843070,train,0
1.2.826.0.1.3680043.8.498.56796622077427019119540733986070534126,train,0
1.2.826.0.1.3680043.8.498.56798070549054124854685511360777559033,train,0
1.2.826.0.1.3680043.8.498.56814987912934301686833132930648230999,train,0
1.2.826.0.1.3680043.8.498.56839374698050163738039760889156066445,train,0
1.2.826.0.1.3680043.8.498.56880070152758706555016296832842012883,train,0
1.2.826.0.1.3680043.8.498.56882015310689536014061315110969323429,train,0
1.2.826.0.1.3680043.8.498.56893426177755960410197244250599230068,train,0
1.2.826.0.1.3680043.8.498.56894990686683651282564584582335346350,train,0
1.2.826.0.1.3680043.8.498.56915079210789596803972894081756325026,train,0
1.2.826.0.1.3680043.8.498.56939860329243258146102948466697018543,train,0
1.2.826.0.1.3680043.8.498.56945039212126810522718038626526579591,train,0
1.2.826.0.1.3680043.8.498.56989113744241846544086409786820246754,train,0
1.2.826.0.1.3680043.8.498.56991590802231436015843619633497607680,train,0
1.2.826.0.1.3680043.8.498.56993108275828399240508695615212151102,train,0
1.2.826.0.1.3680043.8.498.56995522547527264862064392266001620445,train,0
1.2.826.0.1.3680043.8.498.57064618560116981041722203028857007300,train,0
1.2.826.0.1.3680043.8.498.57074072196714325300896734167161517369,train,0
1.2.826.0.1.3680043.8.498.57084445429567494093960261980941917499,train,0
1.2.826.0.1.3680043.8.498.57239450717434070615919278253974598533,train,0
1.2.826.0.1.3680043.8.498.57316522861709598765962486949846744486,train,0
1.2.826.0.1.3680043.8.498.57342523828166309133982222435655662667,train,0
1.2.826.0.1.3680043.8.498.57348281565196196401055821640494904475,train,0
1.2.826.0.1.3680043.8.498.57406640473235989459885313797729459197,train,0
1.2.826.0.1.3680043.8.498.57537915810250993237120953960404180449,train,0
1.2.826.0.1.3680043.8.498.57615268093937994500995086275007694564,train,0
1.2.826.0.1.3680043.8.498.57703608122587911055931213603182679454,train,0
1.2.826.0.1.3680043.8.498.57768539239475064336346600805236336044,train,0
1.2.826.0.1.3680043.8.498.57775389384191131322519457853517177210,train,0
1.2.826.0.1.3680043.8.498.57789603189240866041812385320399435864,train,0
1.2.826.0.1.3680043.8.498.57802887045514681373294932749517914959,train,0
1.2.826.0.1.3680043.8.498.57811199787891897795884073594875380873,train,0
1.2.826.0.1.3680043.8.498.57829173797358025677240411871600928097,train,0
1.2.826.0.1.3680043.8.498.57836524675365700674244122764523161699,train,0
1.2.826.0.1.3680043.8.498.57845032486422442404222046144765204905,train,0
1.2.826.0.1.3680043.8.498.57859543314667538612269642333387175763,train,0
1.2.826.0.1.3680043.8.498.57917634151851433037090858498504057826,train,0
1.2.826.0.1.3680043.8.498.57951268100539350409054562078476694936,train,0
1.2.826.0.1.3680043.8.498.57960501042895683580303516749157258348,train,0
1.2.826.0.1.3680043.8.498.58051085126748057986491277367254533832,train,0
1.2.826.0.1.3680043.8.498.58143227319316521737029358930629086887,train,0
1.2.826.0.1.3680043.8.498.58167256197067081436345136244032069163,train,0
1.2.826.0.1.3680043.8.498.58250779958866595505585700517927225230,train,0
1.2.826.0.1.3680043.8.498.58261214953729037661916565473101636690,train,0
1.2.826.0.1.3680043.8.498.58280111882249056715877316026191844548,train,0
1.2.826.0.1.3680043.8.498.58280349821647977336008109443058641195,train,0
1.2.826.0.1.3680043.8.498.58298767414933858487578597918936525600,train,0
1.2.826.0.1.3680043.8.498.58346459085553680879151588730895136332,train,0
1.2.826.0.1.3680043.8.498.58366682083795592678613986311570432419,train,0
1.2.826.0.1.3680043.8.498.58381033890285289577066078050126251787,train,0
1.2.826.0.1.3680043.8.498.58404766256608483217059706069436050741,train,0
1.2.826.0.1.3680043.8.498.58416798660375193103814365795347286292,train,0
1.2.826.0.1.3680043.8.498.58475208045272914292874190001248518687,train,0
1.2.826.0.1.3680043.8.498.58482152742263188503728990365891896621,train,0
1.2.826.0.1.3680043.8.498.58482779112389764165599701941310919660,train,0
1.2.826.0.1.3680043.8.498.58522891982092784622515590012748600644,train,0
1.2.826.0.1.3680043.8.498.58550899000434548218916895907938175917,train,0
1.2.826.0.1.3680043.8.498.58585441284202143792468863402617212167,train,0
1.2.826.0.1.3680043.8.498.58604600600114899516493668210902251434,train,0
1.2.826.0.1.3680043.8.498.58626635384305289939700801774393536415,train,0
1.2.826.0.1.3680043.8.498.58634494571833713296574414948455471101,train,0
1.2.826.0.1.3680043.8.498.58654915518882480245974544469656013058,train,0
1.2.826.0.1.3680043.8.498.58685941646495891824559391997783302656,train,0
1.2.826.0.1.3680043.8.498.58710813820037448352310278234947865485,train,0
1.2.826.0.1.3680043.8.498.58728013757221328590898166513995249334,train,0
1.2.826.0.1.3680043.8.498.58739535411760425418941874065260802744,train,0
1.2.826.0.1.3680043.8.498.58749835013162544157291112101941849646,train,0
1.2.826.0.1.3680043.8.498.58768083117076186082335984587845964130,train,0
1.2.826.0.1.3680043.8.498.58776844157027040145262759105410792687,train,0
1.2.826.0.1.3680043.8.498.58811528407321581206563412079643094538,train,0
1.2.826.0.1.3680043.8.498.58857477075095368361468658035369975572,train,0
1.2.826.0.1.3680043.8.498.58925843611945635442423587804169242644,train,0
1.2.826.0.1.3680043.8.498.58965370475364247222892582428665460530,train,0
1.2.826.0.1.3680043.8.498.59021913092219789232890327780064145948,train,0
1.2.826.0.1.3680043.8.498.59047534248122071167153110802170658177,train,0
1.2.826.0.1.3680043.8.498.59048646289883992375610835845636263714,train,0
1.2.826.0.1.3680043.8.498.59073122184069676919857712290159511305,train,0
1.2.826.0.1.3680043.8.498.59098825208018364061073394433706021769,train,0
1.2.826.0.1.3680043.8.498.59126324546257448818397467078224944768,train,0
1.2.826.0.1.3680043.8.498.59140342594072117638979402278277248612,train,0
1.2.826.0.1.3680043.8.498.59254379036462832374262221063106167294,train,0
1.2.826.0.1.3680043.8.498.59262240088132401543519466539885561578,train,0
1.2.826.0.1.3680043.8.498.59309239681970150083311665704264518844,train,0
1.2.826.0.1.3680043.8.498.59394856717216352192037635065925607933,train,0
1.2.826.0.1.3680043.8.498.59420153636832938628088507776889305823,train,0
1.2.826.0.1.3680043.8.498.59426134288436219215525445839849588348,train,0
1.2.826.0.1.3680043.8.498.59449702487184611096113620550399616423,train,0
1.2.826.0.1.3680043.8.498.59475691595504590121311599301170361869,train,0
1.2.826.0.1.3680043.8.498.59476657510212258499047356518058209126,train,0
1.2.826.0.1.3680043.8.498.59511171909586924989766685687032462369,train,0
1.2.826.0.1.3680043.8.498.59533384841491000088839469462294817273,train,0
1.2.826.0.1.3680043.8.498.59646951619367295963072805933618947027,train,0
1.2.826.0.1.3680043.8.498.59680220055968160813801840287391339651,train,0
1.2.826.0.1.3680043.8.498.59708410902079108538978687294461753235,train,0
1.2.826.0.1.3680043.8.498.59758232061190668535098343218115599228,train,0
1.2.826.0.1.3680043.8.498.59826277112503440743678968423276737254,train,0
1.2.826.0.1.3680043.8.498.59828592894392286103154555572376381359,train,0
1.2.826.0.1.3680043.8.498.59835677513721120155185666132462195647,train,0
1.2.826.0.1.3680043.8.498.59864697179957009967756900038846073439,train,0
1.2.826.0.1.3680043.8.498.59923507410103964137819195926587517759,train,0
1.2.826.0.1.3680043.8.498.59932425615255727459402684084295081504,train,0
1.2.826.0.1.3680043.8.498.59938475193950583662125713924156951751,train,0
1.2.826.0.1.3680043.8.498.59939977812549570931951749553467050226,train,0
1.2.826.0.1.3680043.8.498.59948559729295284519115137429127740378,train,0
1.2.826.0.1.3680043.8.498.59954207362160100069708115719895503197,train,0
1.2.826.0.1.3680043.8.498.59973351395253648445741322652773810641,train,0
1.2.826.0.1.3680043.8.498.60064080350033586611530748685370040101,train,0
1.2.826.0.1.3680043.8.498.60088605286413557861235417321985538357,train,0
1.2.826.0.1.3680043.8.498.60094182309575937331152278560900767484,train,0
1.2.826.0.1.3680043.8.498.60163612617486071760358965933890738162,train,0
1.2.826.0.1.3680043.8.498.60189166269847256202786309096136242746,train,0
1.2.826.0.1.3680043.8.498.60240929196665639608259748424475337443,train,0
1.2.826.0.1.3680043.8.498.60259828181878278590614805828898992241,train,0
1.2.826.0.1.3680043.8.498.60339775486026531260673620094004244044,train,0
1.2.826.0.1.3680043.8.498.60347768295306794807599672836772410567,train,0
1.2.826.0.1.3680043.8.498.60394858470917657607846893765818799720,train,0
1.2.826.0.1.3680043.8.498.60430475172382878092821699001847797153,train,0
1.2.826.0.1.3680043.8.498.60435128564448668334758790827765960420,train,0
1.2.826.0.1.3680043.8.498.60439571175176992075370053747045234796,train,0
1.2.826.0.1.3680043.8.498.60446085094710623303973373214794179184,train,0
1.2.826.0.1.3680043.8.498.60465293103574559546982440125572490190,train,0
1.2.826.0.1.3680043.8.498.60473167624534682552272469123806503959,train,0
1.2.826.0.1.3680043.8.498.60477027832057450004004942199870813886,train,0
1.2.826.0.1.3680043.8.498.60492772672040498730937577391401159109,train,0
1.2.826.0.1.3680043.8.498.60548477793215320533051194155539307724,train,0
1.2.826.0.1.3680043.8.498.60582762894748063612925320003677861384,train,0
1.2.826.0.1.3680043.8.498.60614975796208617794180432816390721331,train,0
1.2.826.0.1.3680043.8.498.60633008040453481523409852849000823589,train,0
1.2.826.0.1.3680043.8.498.60661676782543347731000874708337132276,train,0
1.2.826.0.1.3680043.8.498.60723378470101669902158229125336455520,train,0
1.2.826.0.1.3680043.8.498.60736996513214411991331917490659995815,train,0
1.2.826.0.1.3680043.8.498.60840220723824894619895264673401129352,train,0
1.2.826.0.1.3680043.8.498.60924385750386872880015870524131415592,train,0
1.2.826.0.1.3680043.8.498.60931716414402855657852057585917605786,train,0
1.2.826.0.1.3680043.8.498.60965286164497194740320124904525623873,train,0
1.2.826.0.1.3680043.8.498.61024356179284390979230045743542661223,train,0
1.2.826.0.1.3680043.8.498.61043690805522768840878574610198420558,train,0
1.2.826.0.1.3680043.8.498.61072566792285434404885416160728089641,train,0
1.2.826.0.1.3680043.8.498.61140619849833544411463750382539885141,train,0
1.2.826.0.1.3680043.8.498.61148578767041261085865406067025346106,train,0
1.2.826.0.1.3680043.8.498.61220609061901632500124675031032586841,train,0
1.2.826.0.1.3680043.8.498.61227644940421894951950605627016308160,train,0
1.2.826.0.1.3680043.8.498.61238657014751597736608285205361041675,train,0
1.2.826.0.1.3680043.8.498.61313243050348988917987796330691448770,train,0
1.2.826.0.1.3680043.8.498.61333047594780344399535845209036589563,train,0
1.2.826.0.1.3680043.8.498.61354742313056287432707914716598361679,train,0
1.2.826.0.1.3680043.8.498.61435096069921474761812731150911059491,train,0
1.2.826.0.1.3680043.8.498.61456481310419978302697858056095086811,train,0
1.2.826.0.1.3680043.8.498.61490475141024845836646569993549106628,train,0
1.2.826.0.1.3680043.8.498.61518377417979517706237284901970943470,train,0
1.2.826.0.1.3680043.8.498.61554384977916135091630433680780524386,train,0
1.2.826.0.1.3680043.8.498.61570904948128887877542043572765432417,train,0
1.2.826.0.1.3680043.8.498.61581513083114643407028382481113097015,train,0
1.2.826.0.1.3680043.8.498.61630894340791204767579628554826500984,train,0
1.2.826.0.1.3680043.8.498.61715630583919056026446344483871058799,train,0
1.2.826.0.1.3680043.8.498.61797111379749329977228618245440305623,train,0
1.2.826.0.1.3680043.8.498.61812343111344551704536863711676179812,train,0
1.2.826.0.1.3680043.8.498.61864939963243675140060416958055914981,train,0
1.2.826.0.1.3680043.8.498.61934170443339188744573234190617483017,train,0
1.2.826.0.1.3680043.8.498.61981891095235024266625598999854298547,train,0
1.2.826.0.1.3680043.8.498.62025036385410820041698409408092924893,train,0
1.2.826.0.1.3680043.8.498.62109244272539959226824769201542205950,train,0
1.2.826.0.1.3680043.8.498.62154969360158054310282857093665911261,train,0
1.2.826.0.1.3680043.8.498.62192347880785177732202565414591408086,train,0
1.2.826.0.1.3680043.8.498.62205799963299902160268565319924399775,train,0
1.2.826.0.1.3680043.8.498.62217447760619326492634156203608889396,train,0
1.2.826.0.1.3680043.8.498.62218684089117864632544493263539598403,train,0
1.2.826.0.1.3680043.8.498.62252176347004905787746821113523889523,train,0
1.2.826.0.1.3680043.8.498.62329283530383340787096585492217632179,train,0
1.2.826.0.1.3680043.8.498.62383135836496954297324866452887364097,train,0
1.2.826.0.1.3680043.8.498.62400625562782184774973349983498962743,train,0
1.2.826.0.1.3680043.8.498.62406588098851994968957074186291720431,train,0
1.2.826.0.1.3680043.8.498.62420632149863295140175740643640707423,train,0
1.2.826.0.1.3680043.8.498.62437671010172828772205139640126159272,train,0
1.2.826.0.1.3680043.8.498.62662430565901539554882496013173225758,train,0
1.2.826.0.1.3680043.8.498.62693151030819598514729637644804213983,train,0
1.2.826.0.1.3680043.8.498.62752755711205966800746994120425231855,train,0
1.2.826.0.1.3680043.8.498.62760659205261492447481830774781950875,train,0
1.2.826.0.1.3680043.8.498.62776347582771469289738234607517546504,train,0
1.2.826.0.1.3680043.8.498.62782163204193388751869649423542931657,train,0
1.2.826.0.1.3680043.8.498.62830031603985608774418534497520663269,train,0
1.2.826.0.1.3680043.8.498.62918046703989259691005447883746340916,train,0
1.2.826.0.1.3680043.8.498.62924835279557724526138406447993672103,train,0
1.2.826.0.1.3680043.8.498.62928513795250694194589804784951257414,train,0
1.2.826.0.1.3680043.8.498.62948920639798990757395955917890550512,train,0
1.2.826.0.1.3680043.8.498.62983291359021407345388012674614537807,train,0
1.2.826.0.1.3680043.8.498.63002559681883387414876870926128159682,train,0
1.2.826.0.1.3680043.8.498.63005973438879239920248535292375481294,train,0
1.2.826.0.1.3680043.8.498.63068687840516335034631353955761036465,train,0
1.2.826.0.1.3680043.8.498.63096952391833769395204944538276970114,train,0
1.2.826.0.1.3680043.8.498.63105151375349194807502162946823966410,train,0
1.2.826.0.1.3680043.8.498.63126604639589769235241216875934773992,train,0
1.2.826.0.1.3680043.8.498.63151733210715530368323422018984705316,train,0
1.2.826.0.1.3680043.8.498.63195088465290711580668024587233364997,train,0
1.2.826.0.1.3680043.8.498.63197503121546251937003511751049515360,train,0
1.2.826.0.1.3680043.8.498.63204735160524958513470115761010950181,train,0
1.2.826.0.1.3680043.8.498.63216944317982327305447295456609309952,train,0
1.2.826.0.1.3680043.8.498.63223220827342079068491460847713457238,train,0
1.2.826.0.1.3680043.8.498.63229263722659785142967850542699676113,train,0
1.2.826.0.1.3680043.8.498.63280826430574305683941548157934410641,train,0
1.2.826.0.1.3680043.8.498.63320397279666280420359587173167195895,train,0
1.2.826.0.1.3680043.8.498.63360204391136938955220146755331421179,train,0
1.2.826.0.1.3680043.8.498.63377901538320536934403969965624202519,train,0
1.2.826.0.1.3680043.8.498.63424633611847022112809173449690688015,train,0
1.2.826.0.1.3680043.8.498.63426442500798189991842988966227275166,train,0
1.2.826.0.1.3680043.8.498.63439188800533762543950349022148547855,train,0
1.2.826.0.1.3680043.8.498.63510378689078892579575716369639643386,train,0
1.2.826.0.1.3680043.8.498.63519003265636561965405570006747767668,train,0
1.2.826.0.1.3680043.8.498.63521033783841675104013677430088400343,train,0
1.2.826.0.1.3680043.8.498.63521726454879203860288713455843702564,train,0
1.2.826.0.1.3680043.8.498.63539809431911516912857504094611479480,train,0
1.2.826.0.1.3680043.8.498.63550258873504696667112631869753870779,train,0
1.2.826.0.1.3680043.8.498.63556690547679257097888724096967682731,train,0
1.2.826.0.1.3680043.8.498.63564058504808107209753434989270686941,train,0
1.2.826.0.1.3680043.8.498.63565089119380386830816381560603756258,train,0
1.2.826.0.1.3680043.8.498.63584266247144369196126771996126173497,train,0
1.2.826.0.1.3680043.8.498.63673733836218886397484265807806548473,train,0
1.2.826.0.1.3680043.8.498.63683477631564232018930819747238111809,train,0
1.2.826.0.1.3680043.8.498.63726512375511246975989322174096818969,train,0
1.2.826.0.1.3680043.8.498.63797588614544518196205411126336672334,train,0
1.2.826.0.1.3680043.8.498.63849051301265505051181245915656194652,train,0
1.2.826.0.1.3680043.8.498.63884838982826315257233262184190435906,train,0
1.2.826.0.1.3680043.8.498.63894147741855851067411708837856142566,train,0
1.2.826.0.1.3680043.8.498.63986652686300452077410299429386420400,train,0
1.2.826.0.1.3680043.8.498.64022112049842890696609934970222024490,train,0
1.2.826.0.1.3680043.8.498.64022949342538714157641824612944253302,train,0
1.2.826.0.1.3680043.8.498.64029768638431636860053484202080135316,train,0
1.2.826.0.1.3680043.8.498.64034149345689391514924451724232196567,train,0
1.2.826.0.1.3680043.8.498.64066465191710322298540005681534170036,train,0
1.2.826.0.1.3680043.8.498.64109231850522212435708176045583779359,train,0
1.2.826.0.1.3680043.8.498.64119798231341423127851203797783576453,train,0
1.2.826.0.1.3680043.8.498.64172939203926034064618447795131041647,train,0
1.2.826.0.1.3680043.8.498.64186424577324542519674308830472181373,train,0
1.2.826.0.1.3680043.8.498.64283618749539713756220539395944025878,train,0
1.2.826.0.1.3680043.8.498.64286017646659573966584053755363026715,train,0
1.2.826.0.1.3680043.8.498.64325734401816269429960464734504322970,train,0
1.2.826.0.1.3680043.8.498.64381606512330581256470279413868645789,train,0
1.2.826.0.1.3680043.8.498.64397747170052970974000650185716672477,train,0
1.2.826.0.1.3680043.8.498.64408775259838960958354835366765941676,train,0
1.2.826.0.1.3680043.8.498.64421299492271548595446260681698412384,train,0
1.2.826.0.1.3680043.8.498.64443149121726771900576109439951701105,train,0
1.2.826.0.1.3680043.8.498.64487230511522940587342058274736571996,train,0
1.2.826.0.1.3680043.8.498.64526757783166918696475501252110447010,train,0
1.2.826.0.1.3680043.8.498.64527059976573114931020581328924993069,train,0
1.2.826.0.1.3680043.8.498.64590392444259942263746282444188079724,train,0
1.2.826.0.1.3680043.8.498.64606794953061143951972249525094490665,train,0
1.2.826.0.1.3680043.8.498.64640435232894033317418319985727526223,train,0
1.2.826.0.1.3680043.8.498.64652085172505930317660036583152917472,train,0
1.2.826.0.1.3680043.8.498.64663285742626599570990862360902141188,train,0
1.2.826.0.1.3680043.8.498.64673069370410118387363952155758553567,train,0
1.2.826.0.1.3680043.8.498.64752580249608101443758975861213065048,train,0
1.2.826.0.1.3680043.8.498.64865300853258390816475799272221318005,train,0
1.2.826.0.1.3680043.8.498.64897285598346101578442697515294908341,train,0
1.2.826.0.1.3680043.8.498.64917073507426524387269500871970032783,train,0
1.2.826.0.1.3680043.8.498.64946212153370539647301308676689632525,train,0
1.2.826.0.1.3680043.8.498.64950600385134699009390197520158979183,train,0
1.2.826.0.1.3680043.8.498.65013994414976103275014874284064145461,train,0
1.2.826.0.1.3680043.8.498.65077085081642080527129904737510276643,train,0
1.2.826.0.1.3680043.8.498.65085954283273471512936799274064949557,train,0
1.2.826.0.1.3680043.8.498.65123055741109319778634264103224173252,train,0
1.2.826.0.1.3680043.8.498.65124952546314712352837396207287384405,train,0
1.2.826.0.1.3680043.8.498.65160241567146620406193593170843451582,train,0
1.2.826.0.1.3680043.8.498.65187850119346448625449915281726338455,train,0
1.2.826.0.1.3680043.8.498.65222333228514862688331581862087607325,train,0
1.2.826.0.1.3680043.8.498.65224808465738083245406235000047993647,train,0
1.2.826.0.1.3680043.8.498.65244223225926362862970496735749098549,train,0
1.2.826.0.1.3680043.8.498.65312506382127486486519184894274326380,train,0
1.2.826.0.1.3680043.8.498.65322445533737673246312151513913460816,train,0
1.2.826.0.1.3680043.8.498.65356758967883114612797250487949537460,train,0
1.2.826.0.1.3680043.8.498.65403984120528711726317048984986599537,train,0
1.2.826.0.1.3680043.8.498.65515828911930515002046151253057175178,train,0
1.2.826.0.1.3680043.8.498.65524487168129064460609645228098420719,train,0
1.2.826.0.1.3680043.8.498.65530757406333318449497070048719890442,train,0
1.2.826.0.1.3680043.8.498.65543472488214519069910341591668399186,train,0
1.2.826.0.1.3680043.8.498.65597375829884314152221851871550349856,train,0
1.2.826.0.1.3680043.8.498.65607807464576681752987746458209389847,train,0
1.2.826.0.1.3680043.8.498.65667678378249093118816281743956646856,train,0
1.2.826.0.1.3680043.8.498.65703265163052901613211590083675186626,train,0
1.2.826.0.1.3680043.8.498.65715827585629489888518528736848969678,train,0
1.2.826.0.1.3680043.8.498.65756786850574169314934708606155033765,train,0
1.2.826.0.1.3680043.8.498.65763261177572072944828171262268039852,train,0
1.2.826.0.1.3680043.8.498.65783500506568702195262661666345236666,train,0
1.2.826.0.1.3680043.8.498.65788206282522750507559682036750692505,train,0
1.2.826.0.1.3680043.8.498.65792625478083832901309715174678358900,train,0
1.2.826.0.1.3680043.8.498.65809115193576546782858254430325338674,train,0
1.2.826.0.1.3680043.8.498.65834774574423727070722226151408235786,train,0
1.2.826.0.1.3680043.8.498.65855247249608663104822603172047250057,train,0
1.2.826.0.1.3680043.8.498.65896962360688978581417748865609785541,train,0
1.2.826.0.1.3680043.8.498.65909865035783831607773206653044421345,train,0
1.2.826.0.1.3680043.8.498.65939700606136711089565313916789162980,train,0
1.2.826.0.1.3680043.8.498.65959182350599581687336889990076028593,train,0
1.2.826.0.1.3680043.8.498.66020213859389864645118554257523478921,train,0
1.2.826.0.1.3680043.8.498.66031142975529812579758652269360365398,train,0
1.2.826.0.1.3680043.8.498.66065279867975557954375204776779208827,train,0
1.2.826.0.1.3680043.8.498.66077420344931334696112616504179985591,train,0
1.2.826.0.1.3680043.8.498.66156015559325316834458423557757995415,train,0
1.2.826.0.1.3680043.8.498.66199248385068685539872840826351152652,train,0
1.2.826.0.1.3680043.8.498.66210455934011506415244876770725282769,train,0
1.2.826.0.1.3680043.8.498.66264392187277583747691643146920431469,train,0
1.2.826.0.1.3680043.8.498.66287049728466409037095442705228040084,train,0
1.2.826.0.1.3680043.8.498.66296018797614563698471347079960740755,train,0
1.2.826.0.1.3680043.8.498.66305771884507759587182077473863996177,train,0
1.2.826.0.1.3680043.8.498.66308195780676793917989368423009849637,train,0
1.2.826.0.1.3680043.8.498.66321903250295261063309947910189882952,train,0
1.2.826.0.1.3680043.8.498.66327751482076404294387513492434577338,train,0
1.2.826.0.1.3680043.8.498.66334686028272068369345540785320291695,train,0
1.2.826.0.1.3680043.8.498.66364462115470823900176770413527217503,train,0
1.2.826.0.1.3680043.8.498.66401771232064170830621215861092532421,train,0
1.2.826.0.1.3680043.8.498.66404725797392899950170138361835649917,train,0
1.2.826.0.1.3680043.8.498.66489634638847834550694493585147280754,train,0
1.2.826.0.1.3680043.8.498.66510565421813721258189101326477318907,train,0
1.2.826.0.1.3680043.8.498.66596090141798159058634289358454183351,train,0
1.2.826.0.1.3680043.8.498.66640124635222298792902508374800337726,train,0
1.2.826.0.1.3680043.8.498.66690100241274246406145618641481787709,train,0
1.2.826.0.1.3680043.8.498.66694519343321893230666089565893349853,train,0
1.2.826.0.1.3680043.8.498.66737859593831436259089736126768464771,train,0
1.2.826.0.1.3680043.8.498.66805139646641294853509958688742554525,train,0
1.2.826.0.1.3680043.8.498.66841103065389483583108279900721522084,train,0
1.2.826.0.1.3680043.8.498.66865810098959732285731429066569782524,train,0
1.2.826.0.1.3680043.8.498.66973089869591928349547584554030589647,train,0
1.2.826.0.1.3680043.8.498.66993076561387452114335652021593805727,train,0
1.2.826.0.1.3680043.8.498.67001329390153622359718581388215312710,train,0
1.2.826.0.1.3680043.8.498.67153684605171746899496816770567866269,train,0
1.2.826.0.1.3680043.8.498.67157948144868269956661697924341234924,train,0
1.2.826.0.1.3680043.8.498.67181088492292316990397177612918195713,train,0
1.2.826.0.1.3680043.8.498.67189969532330535369638450306601659967,train,0
1.2.826.0.1.3680043.8.498.67208608901061914528631080268819069203,train,0
1.2.826.0.1.3680043.8.498.67281816624401881515444587844116136597,train,0
1.2.826.0.1.3680043.8.498.67284681623851829916403311739987186159,train,0
1.2.826.0.1.3680043.8.498.67374476726034608591738910363595695123,train,0
1.2.826.0.1.3680043.8.498.67386780309737226410965627751074124678,train,0
1.2.826.0.1.3680043.8.498.67404282038417089622852480023919627784,train,0
1.2.826.0.1.3680043.8.498.67456402757136973484427155324664966595,train,0
1.2.826.0.1.3680043.8.498.67490059263503953166467514121525025332,train,0
1.2.826.0.1.3680043.8.498.67498362978754615554767658151787188674,train,0
1.2.826.0.1.3680043.8.498.67527486841399075490744039058207332725,train,0
1.2.826.0.1.3680043.8.498.67550262192397377344258276170992188234,train,0
1.2.826.0.1.3680043.8.498.67601368724828563564325678719126190797,train,0
1.2.826.0.1.3680043.8.498.67613388743126519966672593774754849330,train,0
1.2.826.0.1.3680043.8.498.67620512607520186685421323991166816451,train,0
1.2.826.0.1.3680043.8.498.67678576373934022409084801948795250361,train,0
1.2.826.0.1.3680043.8.498.67705068860320494485379949506807098172,train,0
1.2.826.0.1.3680043.8.498.67716063997837501476742746033172868748,train,0
1.2.826.0.1.3680043.8.498.67739091465243228820766982459725849814,train,0
1.2.826.0.1.3680043.8.498.67740000270419228186274186410889719154,train,0
1.2.826.0.1.3680043.8.498.67772676243889350087068112324015156848,train,0
1.2.826.0.1.3680043.8.498.67817378785531423675449308236680249899,train,0
1.2.826.0.1.3680043.8.498.67860057199678546706175336855949799228,train,0
1.2.826.0.1.3680043.8.498.67875980316053973061252844698884229168,train,0
1.2.826.0.1.3680043.8.498.67901792488494108577057563458320460313,train,0
1.2.826.0.1.3680043.8.498.67902658411525109462089381503197501728,train,0
1.2.826.0.1.3680043.8.498.67931702364673809781455566584550075686,train,0
1.2.826.0.1.3680043.8.498.67941678374744711267840655419606994796,train,0
1.2.826.0.1.3680043.8.498.67981157392064878495682078197161506255,train,0
1.2.826.0.1.3680043.8.498.67981539513814867568631217960473023750,train,0
1.2.826.0.1.3680043.8.498.68042422993686716523227090971667037309,train,0
1.2.826.0.1.3680043.8.498.68098431505945078581285587720599762771,train,0
1.2.826.0.1.3680043.8.498.68106879690636836695681159513106553666,train,0
1.2.826.0.1.3680043.8.498.68115220080063728900711167735074276147,train,0
1.2.826.0.1.3680043.8.498.68131564130881160284492534203572971623,train,0
1.2.826.0.1.3680043.8.498.68158735450883179427440578190038002606,train,0
1.2.826.0.1.3680043.8.498.68166103964518457268906879600985959436,train,0
1.2.826.0.1.3680043.8.498.68168197665046786209369894696801397179,train,0
1.2.826.0.1.3680043.8.498.68176786698913278568384612123261229708,train,0
1.2.826.0.1.3680043.8.498.68219942161081583831276769978472014317,train,0
1.2.826.0.1.3680043.8.498.68236154531625015457518732674625182872,train,0
1.2.826.0.1.3680043.8.498.68256141451764547710152696919981893952,train,0
1.2.826.0.1.3680043.8.498.68263925314265871578642679583159577645,train,0
1.2.826.0.1.3680043.8.498.68264559730756309944466784364591509088,train,0
1.2.826.0.1.3680043.8.498.68328371080087298795966933114044350359,train,0
1.2.826.0.1.3680043.8.498.68328948893840135511720724977892905019,train,0
1.2.826.0.1.3680043.8.498.68434116759606759586218589635360502038,train,0
1.2.826.0.1.3680043.8.498.68434323590918408241182252996136001891,train,0
1.2.826.0.1.3680043.8.498.68435927323644457286635872824563629385,train,0
1.2.826.0.1.3680043.8.498.68442883836038453562548037358230921748,train,0
1.2.826.0.1.3680043.8.498.68448811873610037553554213141537599150,train,0
1.2.826.0.1.3680043.8.498.68504220056564878621959394439671931747,train,0
1.2.826.0.1.3680043.8.498.68524920268469128133836299591793117756,train,0
1.2.826.0.1.3680043.8.498.68570907895010847368926943092385685462,train,0
1.2.826.0.1.3680043.8.498.68576465611266620513305434082656807028,train,0
1.2.826.0.1.3680043.8.498.68593524008570334427931338225473487643,train,0
1.2.826.0.1.3680043.8.498.68637419175382604890136839259344633105,train,0
1.2.826.0.1.3680043.8.498.68668620295929607459355154952035421306,train,0
1.2.826.0.1.3680043.8.498.68740466085414970518655922465908223436,train,0
1.2.826.0.1.3680043.8.498.68744926735490285461495285547312308522,train,0
1.2.826.0.1.3680043.8.498.68769474672202195228430674317444754835,train,0
1.2.826.0.1.3680043.8.498.68777783869253673804970857981124324335,train,0
1.2.826.0.1.3680043.8.498.68799355386870083063665227055340582612,train,0
1.2.826.0.1.3680043.8.498.68862684196934468400953020419415008157,train,0
1.2.826.0.1.3680043.8.498.68919687595587004665658610968739852899,train,0
1.2.826.0.1.3680043.8.498.68931510756844060683643298583132884960,train,0
1.2.826.0.1.3680043.8.498.68971603226593154050514800137550171537,train,0
1.2.826.0.1.3680043.8.498.69033651423155214548081618535669641812,train,0
1.2.826.0.1.3680043.8.498.69077351372476086930472412978307038819,train,0
1.2.826.0.1.3680043.8.498.69131433601281694165384475765166382765,train,0
1.2.826.0.1.3680043.8.498.69141410772327587821159027820329185006,train,0
1.2.826.0.1.3680043.8.498.69156800026549034619316278954442147703,train,0
1.2.826.0.1.3680043.8.498.69212713525853754921729012449897924087,train,0
1.2.826.0.1.3680043.8.498.69260280362382086729793018979234418276,train,0
1.2.826.0.1.3680043.8.498.69267821440055811776827497076481587198,train,0
1.2.826.0.1.3680043.8.498.69311065409015951283858403030798356475,train,0
1.2.826.0.1.3680043.8.498.69397705155385306818511499752200941968,train,0
1.2.826.0.1.3680043.8.498.69411539430142524612470544041263824359,train,0
1.2.826.0.1.3680043.8.498.69417319234704516520173921900954337376,train,0
1.2.826.0.1.3680043.8.498.69429384137362531712760113705595820981,train,0
1.2.826.0.1.3680043.8.498.69470130842235635628917024269527211321,train,0
1.2.826.0.1.3680043.8.498.69495014653333523580255444915082056825,train,0
1.2.826.0.1.3680043.8.498.69544085715595825083308172629360899339,train,0
1.2.826.0.1.3680043.8.498.69596668032633976121623939445795750384,train,0
1.2.826.0.1.3680043.8.498.69632034454628807663252084651278084839,train,0
1.2.826.0.1.3680043.8.498.69635429172929809539574727887787303282,train,0
1.2.826.0.1.3680043.8.498.69654898267139720912940475772303404772,train,0
1.2.826.0.1.3680043.8.498.69665129458102359604411189244405850661,train,0
1.2.826.0.1.3680043.8.498.69717507929047897681405659943474469018,train,0
1.2.826.0.1.3680043.8.498.69729903409900053570304330127687235813,train,0
1.2.826.0.1.3680043.8.498.69730556680449158538173708009262014812,train,0
1.2.826.0.1.3680043.8.498.69755849784902271124335765927125722483,train,0
1.2.826.0.1.3680043.8.498.69846596572083911408018130524077120494,train,0
1.2.826.0.1.3680043.8.498.69917156795941398965793962392683899162,train,0
1.2.826.0.1.3680043.8.498.69930569170269472474738549886709596023,train,0
1.2.826.0.1.3680043.8.498.69954533310505596128507234525019777805,train,0
1.2.826.0.1.3680043.8.498.70124572708965486791612654433965515063,train,0
1.2.826.0.1.3680043.8.498.70125113032990356507120856030706104508,train,0
1.2.826.0.1.3680043.8.498.70129413051088864999976563404818211137,train,0
1.2.826.0.1.3680043.8.498.70204818275951821519024007466988533363,train,0
1.2.826.0.1.3680043.8.498.70212141059019236877414201247791694101,train,0
1.2.826.0.1.3680043.8.498.70271042033022764422915852922035168712,train,0
1.2.826.0.1.3680043.8.498.70291739279544255146458190540233023337,train,0
1.2.826.0.1.3680043.8.498.70310162525433830894324495692973986063,train,0
1.2.826.0.1.3680043.8.498.70310491987092072540988486213408328865,train,0
1.2.826.0.1.3680043.8.498.70358024114589255428192032298530338260,train,0
1.2.826.0.1.3680043.8.498.70375834273924102402706635540898552043,train,0
1.2.826.0.1.3680043.8.498.70409266114961050236894235887802126808,train,0
1.2.826.0.1.3680043.8.498.70427947434642957729711329062828233047,train,0
1.2.826.0.1.3680043.8.498.70435722790459313233345196619727661231,train,0
1.2.826.0.1.3680043.8.498.70464717849928808075676221329034929056,train,0
1.2.826.0.1.3680043.8.498.70471859687546886677145171619638581757,train,0
1.2.826.0.1.3680043.8.498.70507536279875475164400849670959748314,train,0
1.2.826.0.1.3680043.8.498.70531311408047627903498280968772932092,train,0
1.2.826.0.1.3680043.8.498.70532653867267627708152426358320452518,train,0
1.2.826.0.1.3680043.8.498.70609649448269244608860767754947143395,train,0
1.2.826.0.1.3680043.8.498.70674155597869824035214737999044110827,train,0
1.2.826.0.1.3680043.8.498.70691305452244378255646875206864340458,train,0
1.2.826.0.1.3680043.8.498.70705483212961922828901596159131697717,train,0
1.2.826.0.1.3680043.8.498.70796360440320543674384511859375295769,train,0
1.2.826.0.1.3680043.8.498.70829434408808897601630953382239533220,train,0
1.2.826.0.1.3680043.8.498.70831735578941318362881379802693293952,train,0
1.2.826.0.1.3680043.8.498.70865607713855272648070757909359669526,train,0
1.2.826.0.1.3680043.8.498.70873330457307886117949106432465978541,train,0
1.2.826.0.1.3680043.8.498.70877157427595288430686609728186100169,train,0
1.2.826.0.1.3680043.8.498.70880546533848103776823598726224805522,train,0
1.2.826.0.1.3680043.8.498.70913971933753517251340687745718346828,train,0
1.2.826.0.1.3680043.8.498.70918221697435256352088727172904502068,train,0
1.2.826.0.1.3680043.8.498.70931245733460964524244528230239226104,train,0
1.2.826.0.1.3680043.8.498.70931968429039283348328653687636803315,train,0
1.2.826.0.1.3680043.8.498.70948162965271404678418299669321564765,train,0
1.2.826.0.1.3680043.8.498.70955936086115471632446529979621948261,train,0
1.2.826.0.1.3680043.8.498.70966951020892708303866968206211604316,train,0
1.2.826.0.1.3680043.8.498.70984418257970716669463829979819981861,train,0
1.2.826.0.1.3680043.8.498.71001339006150287453095055802545712130,train,0
1.2.826.0.1.3680043.8.498.71047916312801688293181464016099792199,train,0
1.2.826.0.1.3680043.8.498.71063550263564056105844586167361750567,train,0
1.2.826.0.1.3680043.8.498.71157888664602228768823145752952837565,train,0
1.2.826.0.1.3680043.8.498.71180975285730441100082825359032677931,train,0
1.2.826.0.1.3680043.8.498.71262022207903748073532915013888861999,train,0
1.2.826.0.1.3680043.8.498.71311031275189592818091380416268522846,train,0
1.2.826.0.1.3680043.8.498.71355457409240695394093233905149541215,train,0
1.2.826.0.1.3680043.8.498.71388532549899713881913113571627425347,train,0
1.2.826.0.1.3680043.8.498.71405492944866967669069984757332849184,train,0
1.2.826.0.1.3680043.8.498.71622107620007706778976946784787365505,train,0
1.2.826.0.1.3680043.8.498.71636001534145439773297498405674521629,train,0
1.2.826.0.1.3680043.8.498.71660070729774772658965427776586988585,train,0
1.2.826.0.1.3680043.8.498.71686717249431292334159336816742076478,train,0
1.2.826.0.1.3680043.8.498.71688651674041466985305836912343513997,train,0
1.2.826.0.1.3680043.8.498.71701484984624141610445774249629295610,train,0
1.2.826.0.1.3680043.8.498.71707317731065645278250956442336515504,train,0
1.2.826.0.1.3680043.8.498.71709477515434076105531625950744135656,train,0
1.2.826.0.1.3680043.8.498.71736046309441396676679830874326797437,train,0
1.2.826.0.1.3680043.8.498.71744523263023933066263506201344989825,train,0
1.2.826.0.1.3680043.8.498.71749507378205349451480318735471291366,train,0
1.2.826.0.1.3680043.8.498.71753603955749189961638324806586359888,train,0
1.2.826.0.1.3680043.8.498.71766161038805688022754893134126528749,train,0
1.2.826.0.1.3680043.8.498.71792468450491064417953341293663396190,train,0
1.2.826.0.1.3680043.8.498.71814919885777053270239861047114794237,train,0
1.2.826.0.1.3680043.8.498.71830371861099586573789550797712053914,train,0
1.2.826.0.1.3680043.8.498.71836684300308056297405632410209248276,train,0
1.2.826.0.1.3680043.8.498.71866327348775269043047475658220220525,train,0
1.2.826.0.1.3680043.8.498.71898908031968158312013185809213669768,train,0
1.2.826.0.1.3680043.8.498.71899370657875960028369229847153071577,train,0
1.2.826.0.1.3680043.8.498.71985417286226511458068110832784023627,train,0
1.2.826.0.1.3680043.8.498.72008869367139958325145888733651022033,train,0
1.2.826.0.1.3680043.8.498.72017096768214637927798648334301077145,train,0
1.2.826.0.1.3680043.8.498.72018602547183896629903902899903468287,train,0
1.2.826.0.1.3680043.8.498.72023797276837219152365428999317131110,train,0
1.2.826.0.1.3680043.8.498.72095214441332094906401331319197122529,train,0
1.2.826.0.1.3680043.8.498.72159028826938094045309841541333724597,train,0
1.2.826.0.1.3680043.8.498.72172265826902387784016098389863005666,train,0
1.2.826.0.1.3680043.8.498.72182847112910012489603688436912469641,train,0
1.2.826.0.1.3680043.8.498.72185504245484151161044972024469667666,train,0
1.2.826.0.1.3680043.8.498.72191353854496806844040272237700346774,train,0
1.2.826.0.1.3680043.8.498.72248728319398595146365363062799556637,train,0
1.2.826.0.1.3680043.8.498.72252601583562621620422058467969183753,train,0
1.2.826.0.1.3680043.8.498.72255181548595299889516400134053439401,train,0
1.2.826.0.1.3680043.8.498.72270915206075693056344475438055463113,train,0
1.2.826.0.1.3680043.8.498.72276631472244076773626607623783737687,train,0
1.2.826.0.1.3680043.8.498.72313325634455670216423864504103231505,train,0
1.2.826.0.1.3680043.8.498.72342425990274562150756501476989691572,train,0
1.2.826.0.1.3680043.8.498.72368645606329000923061796699431437924,train,0
1.2.826.0.1.3680043.8.498.72375103774239787721371778221019402834,train,0
1.2.826.0.1.3680043.8.498.72395496925770440630088720587484704971,train,0
1.2.826.0.1.3680043.8.498.72453426317225885428514595399496580896,train,0
1.2.826.0.1.3680043.8.498.72494404099796908482534991590660770670,train,0
1.2.826.0.1.3680043.8.498.72495590491484814220060275823761767516,train,0
1.2.826.0.1.3680043.8.498.72495677804641720406765749568114476096,train,0
1.2.826.0.1.3680043.8.498.72547312490317214326791189007411860203,train,0
1.2.826.0.1.3680043.8.498.72576069358772864331810785663326683534,train,0
1.2.826.0.1.3680043.8.498.72587440202779699193620339987034971895,train,0
1.2.826.0.1.3680043.8.498.72653666963736486779382314125782779004,train,0
1.2.826.0.1.3680043.8.498.72680485820462987585370556994612687540,train,0
1.2.826.0.1.3680043.8.498.72697172162233919540021967137047646179,train,0
1.2.826.0.1.3680043.8.498.72740499664060575780267947543695605585,train,0
1.2.826.0.1.3680043.8.498.72771360268592017354044657882090174639,train,0
1.2.826.0.1.3680043.8.498.72781608662300877077691853670862414309,train,0
1.2.826.0.1.3680043.8.498.72786773761211751423503785260617678955,train,0
1.2.826.0.1.3680043.8.498.72800659596099468282135738543971261904,train,0
1.2.826.0.1.3680043.8.498.72814437733065652700292896915085936230,train,0
1.2.826.0.1.3680043.8.498.72880034930990967339546757487847803284,train,0
1.2.826.0.1.3680043.8.498.72896348955280307080916504120667484813,train,0
1.2.826.0.1.3680043.8.498.72896586188735703676995894830815493004,train,0
1.2.826.0.1.3680043.8.498.72931900540220826595003388066347326492,train,0
1.2.826.0.1.3680043.8.498.72937134140407212536042212109839895294,train,0
1.2.826.0.1.3680043.8.498.72943191222961132416678221885831944435,train,0
1.2.826.0.1.3680043.8.498.72977302282583186913749000016284027331,train,0
1.2.826.0.1.3680043.8.498.73021428171736137311489171988512484948,train,0
1.2.826.0.1.3680043.8.498.73037642285055457162691486258363101398,train,0
1.2.826.0.1.3680043.8.498.73070182506490199787361298167985971577,train,0
1.2.826.0.1.3680043.8.498.73077380963620788952030569132380549826,train,0
1.2.826.0.1.3680043.8.498.73083786204651635096412213233334934941,train,0
1.2.826.0.1.3680043.8.498.73101997284755549124715401557235981642,train,0
1.2.826.0.1.3680043.8.498.73170541731840260065335942048010387599,train,0
1.2.826.0.1.3680043.8.498.73194579460722181989151410198309642266,train,0
1.2.826.0.1.3680043.8.498.73198335328613992289471885012751338458,train,0
1.2.826.0.1.3680043.8.498.73205916973275504240156555900460720571,train,0
1.2.826.0.1.3680043.8.498.73215265387578908341609746559916587894,train,0
1.2.826.0.1.3680043.8.498.73231153161312542696053060380619432126,train,0
1.2.826.0.1.3680043.8.498.73241519025825862373621891294281253158,train,0
1.2.826.0.1.3680043.8.498.73242978867957397254276973409271434573,train,0
1.2.826.0.1.3680043.8.498.73254365064404586162477089636000427751,train,0
1.2.826.0.1.3680043.8.498.73257122462858353041066181004123253930,train,0
1.2.826.0.1.3680043.8.498.73275019425494043461771574462523171618,train,0
1.2.826.0.1.3680043.8.498.73314900301724532218347713512381622074,train,0
1.2.826.0.1.3680043.8.498.73325959289998105909842627876607163467,train,0
1.2.826.0.1.3680043.8.498.73356831368999268488355650751758108912,train,0
1.2.826.0.1.3680043.8.498.73394992092536626285935384324191560182,train,0
1.2.826.0.1.3680043.8.498.73448420644251136304786298254801920284,train,0
1.2.826.0.1.3680043.8.498.73477249559479870799427355988138990349,train,0
1.2.826.0.1.3680043.8.498.73480422982315825699847838826691577320,train,0
1.2.826.0.1.3680043.8.498.73511703934549662392765328175356230615,train,0
1.2.826.0.1.3680043.8.498.73522298807198784022883320957252530465,train,0
1.2.826.0.1.3680043.8.498.73539750992809874106013052513162732951,train,0
1.2.826.0.1.3680043.8.498.73545582819102316606081606511277579853,train,0
1.2.826.0.1.3680043.8.498.73567807253694728043552196136704821457,train,0
1.2.826.0.1.3680043.8.498.73602922823389605007702521335136347605,train,0
1.2.826.0.1.3680043.8.498.73616237718955147476241731466078978343,train,0
1.2.826.0.1.3680043.8.498.73682608760611536443754406204042210115,train,0
1.2.826.0.1.3680043.8.498.73716752081143767997507440278231972668,train,0
1.2.826.0.1.3680043.8.498.73748007182569068263280098473557128226,train,0
1.2.826.0.1.3680043.8.498.73792361507751648386401969571717557389,train,0
1.2.826.0.1.3680043.8.498.73825252186234755453650759159564715478,train,0
1.2.826.0.1.3680043.8.498.73869775636181013203432845292462040922,train,0
1.2.826.0.1.3680043.8.498.73891117356545433634964184054304516063,train,0
1.2.826.0.1.3680043.8.498.73983081622010008601849687650985260980,train,0
1.2.826.0.1.3680043.8.498.73988798714023285209290281409329527637,train,0
1.2.826.0.1.3680043.8.498.74052473719853343027548507306186291134,train,0
1.2.826.0.1.3680043.8.498.74078340346189210015785395961373387782,train,0
1.2.826.0.1.3680043.8.498.74095402538454760179339842746572802563,train,0
1.2.826.0.1.3680043.8.498.74127742661271965093205833471645893520,train,0
1.2.826.0.1.3680043.8.498.74140806279409854828032496578072554031,train,0
1.2.826.0.1.3680043.8.498.74160604730133050784449689952695940558,train,0
1.2.826.0.1.3680043.8.498.74177736542522869266952610634091628727,train,0
1.2.826.0.1.3680043.8.498.74206939384612669977629625310277500302,train,0
1.2.826.0.1.3680043.8.498.74214829456846525506232367308573550186,train,0
1.2.826.0.1.3680043.8.498.74215611637606164186239511504256137871,train,0
1.2.826.0.1.3680043.8.498.74222284584657051737421776919599206132,train,0
1.2.826.0.1.3680043.8.498.74222294235046321147381553078000820604,train,0
1.2.826.0.1.3680043.8.498.74243110959141459268838217468465880820,train,0
1.2.826.0.1.3680043.8.498.74243564762473331581882860440560337725,train,0
1.2.826.0.1.3680043.8.498.74247325306307303036016759070403973520,train,0
1.2.826.0.1.3680043.8.498.74274855596893595390880617896069524465,train,0
1.2.826.0.1.3680043.8.498.74282280145383357786409764912398881272,train,0
1.2.826.0.1.3680043.8.498.74332475620045145049628676751586693385,train,0
1.2.826.0.1.3680043.8.498.74362364640190722036251935797260325860,train,0
1.2.826.0.1.3680043.8.498.74388661917632804671669952747214084502,train,0
1.2.826.0.1.3680043.8.498.74394784271003789564066563841806954326,train,0
1.2.826.0.1.3680043.8.498.74423888576992387013857540016155410962,train,0
1.2.826.0.1.3680043.8.498.74461421748415064477531528884191890661,train,0
1.2.826.0.1.3680043.8.498.74471396469132211069109289423495141062,train,0
1.2.826.0.1.3680043.8.498.74471724874857406578316075456414902954,train,0
1.2.826.0.1.3680043.8.498.74622031396885197580453304563088863451,train,0
1.2.826.0.1.3680043.8.498.74622912009754642425258484521795653023,train,0
1.2.826.0.1.3680043.8.498.74688733778107958348746767768064374883,train,0
1.2.826.0.1.3680043.8.498.74725806565437665548056410415178280121,train,0
1.2.826.0.1.3680043.8.498.74749071555443582954158991248361308204,train,0
1.2.826.0.1.3680043.8.498.74855168460956358728708865599401983005,train,0
1.2.826.0.1.3680043.8.498.74864145321761783409935288797327597738,train,0
1.2.826.0.1.3680043.8.498.74872419726042767543822107291861307866,train,0
1.2.826.0.1.3680043.8.498.74914646210033032631540802996162814268,train,0
1.2.826.0.1.3680043.8.498.74939269621045823332837094516056211606,train,0
1.2.826.0.1.3680043.8.498.74940598515597814600837126537274199312,train,0
1.2.826.0.1.3680043.8.498.74952769952682175467667812958859010329,train,0
1.2.826.0.1.3680043.8.498.75067227246352035607675978826177487284,train,0
1.2.826.0.1.3680043.8.498.75126165133796914746114117844697263697,train,0
1.2.826.0.1.3680043.8.498.75168480371573015758963049782687952716,train,0
1.2.826.0.1.3680043.8.498.75186274888329123179129240384960518861,train,0
1.2.826.0.1.3680043.8.498.75282577107802752393765861202996650638,train,0
1.2.826.0.1.3680043.8.498.75378323910171368568360074903297446681,train,0
1.2.826.0.1.3680043.8.498.75384600248630012126841890313149674691,train,0
1.2.826.0.1.3680043.8.498.75418637314688036152637525301534342254,train,0
1.2.826.0.1.3680043.8.498.75419034794059601820999512200601915669,train,0
1.2.826.0.1.3680043.8.498.75420186662442688955616630735303321846,train,0
1.2.826.0.1.3680043.8.498.75427432788337288702609576920198810880,train,0
1.2.826.0.1.3680043.8.498.75518253718111135068488417046278011303,train,0
1.2.826.0.1.3680043.8.498.75522002047190283617659083787085821064,train,0
1.2.826.0.1.3680043.8.498.75523541256169382504121567002441615798,train,0
1.2.826.0.1.3680043.8.498.75547515925579172661099437338637082554,train,0
1.2.826.0.1.3680043.8.498.75548650589349966221875964542604002971,train,0
1.2.826.0.1.3680043.8.498.75577846246542841539613557336025271434,train,0
1.2.826.0.1.3680043.8.498.75605038901688937188489854019478082759,train,0
1.2.826.0.1.3680043.8.498.75627574440860942023321071382766359827,train,0
1.2.826.0.1.3680043.8.498.75639423607035582240174986752280730347,train,0
1.2.826.0.1.3680043.8.498.75688484058613633923943882730405145535,train,0
1.2.826.0.1.3680043.8.498.75739561647115166735277767560308263446,train,0
1.2.826.0.1.3680043.8.498.75742195884147990442829552992649204078,train,0
1.2.826.0.1.3680043.8.498.75751784078102748563815298069799859542,train,0
1.2.826.0.1.3680043.8.498.75773447415943537938555952303103557864,train,0
1.2.826.0.1.3680043.8.498.75800418125597325281807386716279941068,train,0
1.2.826.0.1.3680043.8.498.75893915698353338311947268382839152877,train,0
1.2.826.0.1.3680043.8.498.75924957745868212343758911856809118662,train,0
1.2.826.0.1.3680043.8.498.75976388060969166980873144500539735332,train,0
1.2.826.0.1.3680043.8.498.75980374267002793040832157122311396174,train,0
1.2.826.0.1.3680043.8.498.76012896432318288623173593280895772876,train,0
1.2.826.0.1.3680043.8.498.76027799502777251766328820405966979386,train,0
1.2.826.0.1.3680043.8.498.76065434429437758192282562351089010088,train,0
1.2.826.0.1.3680043.8.498.76107330932071966465869847071480517541,train,0
1.2.826.0.1.3680043.8.498.76122127303562588545128053661609574837,train,0
1.2.826.0.1.3680043.8.498.76125027090596913549224250979076533606,train,0
1.2.826.0.1.3680043.8.498.76167153566894354739332364376483514559,train,0
1.2.826.0.1.3680043.8.498.76190704217737835083438638928129775625,train,0
1.2.826.0.1.3680043.8.498.76222770668660274805993655800271653712,train,0
1.2.826.0.1.3680043.8.498.76242245340157474968574926079920787199,train,0
1.2.826.0.1.3680043.8.498.76344826994380951498651448092980303697,train,0
1.2.826.0.1.3680043.8.498.76350662767360412185091180512006419379,train,0
1.2.826.0.1.3680043.8.498.76514087677277144682713362609812138150,train,0
1.2.826.0.1.3680043.8.498.76514504104121634569792846980451896030,train,0
1.2.826.0.1.3680043.8.498.76525107909962775502207829870873494024,train,0
1.2.826.0.1.3680043.8.498.76538737802277241976971950690663079376,train,0
1.2.826.0.1.3680043.8.498.76543241221133987658552440969465372120,train,0
1.2.826.0.1.3680043.8.498.76545468257774231281618306952011717992,train,0
1.2.826.0.1.3680043.8.498.76620177268652814425535081607587091903,train,0
1.2.826.0.1.3680043.8.498.76651080491383110752977286124044311636,train,0
1.2.826.0.1.3680043.8.498.76662146598924492573212477881527658730,train,0
1.2.826.0.1.3680043.8.498.76680092665218514711300086707222109323,train,0
1.2.826.0.1.3680043.8.498.76742750470853901575934097885382242952,train,0
1.2.826.0.1.3680043.8.498.76757251008849492985513280752011229119,train,0
1.2.826.0.1.3680043.8.498.76772148369531098768751348676329945789,train,0
1.2.826.0.1.3680043.8.498.76841077743272729415666709641073096909,train,0
1.2.826.0.1.3680043.8.498.76862911430418639277808760660745763387,train,0
1.2.826.0.1.3680043.8.498.76903562636417038907113894538863784737,train,0
1.2.826.0.1.3680043.8.498.76909970028125318280995002129970165723,train,0
1.2.826.0.1.3680043.8.498.76914908131203373740345988718674850939,train,0
1.2.826.0.1.3680043.8.498.76950154099427419631807259601983648254,train,0
1.2.826.0.1.3680043.8.498.77018355356797290743788712046815540223,train,0
1.2.826.0.1.3680043.8.498.77037121474756969001683126693104350509,train,0
1.2.826.0.1.3680043.8.498.77058587552329832558354544874120592826,train,0
1.2.826.0.1.3680043.8.498.77060858802024387619459645469871885412,train,0
1.2.826.0.1.3680043.8.498.77061877382110597010150770981465581536,train,0
1.2.826.0.1.3680043.8.498.77150650601457686196626648868552167695,train,0
1.2.826.0.1.3680043.8.498.77155817997584903787597001328868124855,train,0
1.2.826.0.1.3680043.8.498.77164129615096222757740198026718214733,train,0
1.2.826.0.1.3680043.8.498.77183368292104509335580564463404842046,train,0
1.2.826.0.1.3680043.8.498.77215476384973989055525592556183934827,train,0
1.2.826.0.1.3680043.8.498.77244685031928454051409193776790348219,train,0
1.2.826.0.1.3680043.8.498.77261014467268552758826551926128217025,train,0
1.2.826.0.1.3680043.8.498.77274115607096351160296319533007121044,train,0
1.2.826.0.1.3680043.8.498.77283213969268676660453937180363826917,train,0
1.2.826.0.1.3680043.8.498.77283634197289382453511269950488893300,train,0
1.2.826.0.1.3680043.8.498.77290477043075828139630734968573461136,train,0
1.2.826.0.1.3680043.8.498.77299727102400166279263320763707637485,train,0
1.2.826.0.1.3680043.8.498.77306755058630855443644908572157134062,train,0
1.2.826.0.1.3680043.8.498.77319661699409997424800377883567027839,train,0
1.2.826.0.1.3680043.8.498.77378803863827312829317008636359414012,train,0
1.2.826.0.1.3680043.8.498.77391801789875882109036004511558148658,train,0
1.2.826.0.1.3680043.8.498.77416382267531567401698555072875486512,train,0
1.2.826.0.1.3680043.8.498.77421709644087006134426085284321515809,train,0
1.2.826.0.1.3680043.8.498.77433065090757862487482575794398458402,train,0
1.2.826.0.1.3680043.8.498.77442647074650043391818472068835112806,train,0
1.2.826.0.1.3680043.8.498.77498121906981512168120474112422492971,train,0
1.2.826.0.1.3680043.8.498.77508762938574470575737016745357126587,train,0
1.2.826.0.1.3680043.8.498.77513348456432770689938407624768928320,train,0
1.2.826.0.1.3680043.8.498.77524507552350448792970399203131998592,train,0
1.2.826.0.1.3680043.8.498.77541648519018799027301684184453151471,train,0
1.2.826.0.1.3680043.8.498.77546769004367585830455474984769277713,train,0
1.2.826.0.1.3680043.8.498.77577135626047243581253857225991426727,train,0
1.2.826.0.1.3680043.8.498.77584925163022886785284486387921312146,train,0
1.2.826.0.1.3680043.8.498.77593859518024366170735307975173961777,train,0
1.2.826.0.1.3680043.8.498.77611073647079414772859496272387571059,train,0
1.2.826.0.1.3680043.8.498.77626578713099735143745396709359607445,train,0
1.2.826.0.1.3680043.8.498.77628479664122209492622263818114972176,train,0
1.2.826.0.1.3680043.8.498.77716260980321491689913730053309892120,train,0
1.2.826.0.1.3680043.8.498.77735690782343511872544703464260892488,train,0
1.2.826.0.1.3680043.8.498.77740672313593763051900703940745812581,train,0
1.2.826.0.1.3680043.8.498.77753753872601674668756777373761660873,train,0
1.2.826.0.1.3680043.8.498.77760453966349959552328150395676117417,train,0
1.2.826.0.1.3680043.8.498.77800740811302686332282410929816056283,train,0
1.2.826.0.1.3680043.8.498.77801860555102174958520570751272642387,train,0
1.2.826.0.1.3680043.8.498.77843765997593346714211135369376676497,train,0
1.2.826.0.1.3680043.8.498.77889800516853576877948593628420228178,train,0
1.2.826.0.1.3680043.8.498.77893704208186903913532950495036889026,train,0
1.2.826.0.1.3680043.8.498.77911973519830915742655727368286737079,train,0
1.2.826.0.1.3680043.8.498.77933128806366660573360274958258917742,train,0
1.2.826.0.1.3680043.8.498.78003548255041391467292087330671945247,train,0
1.2.826.0.1.3680043.8.498.78012314847102407375138809615977711653,train,0
1.2.826.0.1.3680043.8.498.78083057157844664959843364584162587026,train,0
1.2.826.0.1.3680043.8.498.78084594560404633421210837175859618437,train,0
1.2.826.0.1.3680043.8.498.78119223228067919465880137763593966456,train,0
1.2.826.0.1.3680043.8.498.78188863861812651079751164964756388411,train,0
1.2.826.0.1.3680043.8.498.78198993378521219839327914679211902952,train,0
1.2.826.0.1.3680043.8.498.78236036694398253902871510456985685293,train,0
1.2.826.0.1.3680043.8.498.78238394512811614973689011297363399053,train,0
1.2.826.0.1.3680043.8.498.78282552802075313852355443512555224586,train,0
1.2.826.0.1.3680043.8.498.78286395605671977872377352305890466464,train,0
1.2.826.0.1.3680043.8.498.78296478954955171036523274995555716268,train,0
1.2.826.0.1.3680043.8.498.78420763928408680447797586163977368190,train,0
1.2.826.0.1.3680043.8.498.78475145549489837635803968565380247517,train,0
1.2.826.0.1.3680043.8.498.78476873086705419136436170130940915568,train,0
1.2.826.0.1.3680043.8.498.78521396404736679127326025240279747196,train,0
1.2.826.0.1.3680043.8.498.78574437345603052437892513165832297960,train,0
1.2.826.0.1.3680043.8.498.78646473961447523033955716877524794707,train,0
1.2.826.0.1.3680043.8.498.78657055734742806687703707756153505756,train,0
1.2.826.0.1.3680043.8.498.78667999747216717251638754803697959701,train,0
1.2.826.0.1.3680043.8.498.78674598286586525734293563394409166190,train,0
1.2.826.0.1.3680043.8.498.78685661415919658264222803849222055515,train,0
1.2.826.0.1.3680043.8.498.78765525474890094481249498938657540052,train,0
1.2.826.0.1.3680043.8.498.78800983923143929298359366572020370031,train,0
1.2.826.0.1.3680043.8.498.78808320605816811006382053060951793555,train,0
1.2.826.0.1.3680043.8.498.78812661021494224637586904573732040856,train,0
1.2.826.0.1.3680043.8.498.78853931928960361455025737444267199231,train,0
1.2.826.0.1.3680043.8.498.78968420394708302953391711477016139949,train,0
1.2.826.0.1.3680043.8.498.78972123731732056524948076388825106061,train,0
1.2.826.0.1.3680043.8.498.79021499290691125513421477204330532755,train,0
1.2.826.0.1.3680043.8.498.79038153803632889185429988483097161887,train,0
1.2.826.0.1.3680043.8.498.79077219037094025366585138112899760966,train,0
1.2.826.0.1.3680043.8.498.79080521163097116147379189510104170611,train,0
1.2.826.0.1.3680043.8.498.79087227780630716132147615846840128474,train,0
1.2.826.0.1.3680043.8.498.79117047831806895544174734229992359986,train,0
1.2.826.0.1.3680043.8.498.79122189963582241618519333445055548347,train,0
1.2.826.0.1.3680043.8.498.79165531588966776246377098630025444815,train,0
1.2.826.0.1.3680043.8.498.79224785668205420138951103045759609475,train,0
1.2.826.0.1.3680043.8.498.79225094031423353857449795712402404317,train,0
1.2.826.0.1.3680043.8.498.79245771997885598399203314109623928718,train,0
1.2.826.0.1.3680043.8.498.79247871688929479411597859576284194165,train,0
1.2.826.0.1.3680043.8.498.79258497507223824227830886693749460348,train,0
1.2.826.0.1.3680043.8.498.79267465462008228906382361587050826784,train,0
1.2.826.0.1.3680043.8.498.79274948549030940175536603063980168192,train,0
1.2.826.0.1.3680043.8.498.79290157182784080975822485697879660942,train,0
1.2.826.0.1.3680043.8.498.79326627674334637493320764205397279674,train,0
1.2.826.0.1.3680043.8.498.79341955397030543255969676347554165142,train,0
1.2.826.0.1.3680043.8.498.79505118958475739396320647697583979079,train,0
1.2.826.0.1.3680043.8.498.79524312100988116256514335064057385347,train,0
1.2.826.0.1.3680043.8.498.79560170727391465844958390474997798803,train,0
1.2.826.0.1.3680043.8.498.79565393323323007178523850093527250842,train,0
1.2.826.0.1.3680043.8.498.79582457162604674356422857305405255763,train,0
1.2.826.0.1.3680043.8.498.79609204436595306110253502961172135807,train,0
1.2.826.0.1.3680043.8.498.79636443202100988025435536780567446582,train,0
1.2.826.0.1.3680043.8.498.79648517065511897282938523065537768426,train,0
1.2.826.0.1.3680043.8.498.79725520325008084984331823107016254775,train,0
1.2.826.0.1.3680043.8.498.79741629769872115526056483024289600492,train,0
1.2.826.0.1.3680043.8.498.79798779812052605703861699094268016306,train,0
1.2.826.0.1.3680043.8.498.79977436705480715175480363175316375576,train,0
1.2.826.0.1.3680043.8.498.80100785345864355815698147663964005920,train,0
1.2.826.0.1.3680043.8.498.80146250663015309456767479960653638934,train,0
1.2.826.0.1.3680043.8.498.80161127293548940216292842707683784128,train,0
1.2.826.0.1.3680043.8.498.80180578697901833764761405542790185180,train,0
1.2.826.0.1.3680043.8.498.80192355832283305029770183988436644845,train,0
1.2.826.0.1.3680043.8.498.80207056225476761432712249807198836187,train,0
1.2.826.0.1.3680043.8.498.80247974926646352443043954025450139721,train,0
1.2.826.0.1.3680043.8.498.80275294885165896124489476449616436102,train,0
1.2.826.0.1.3680043.8.498.80284846390295834578273590480193235798,train,0
1.2.826.0.1.3680043.8.498.80290749690597272632725356393056746299,train,0
1.2.826.0.1.3680043.8.498.80292580287849976694993628109721422478,train,0
1.2.826.0.1.3680043.8.498.80312559977515578735238310472949287111,train,0
1.2.826.0.1.3680043.8.498.80313580693550912024103221258669390487,train,0
1.2.826.0.1.3680043.8.498.80319546205646617603546887163539306146,train,0
1.2.826.0.1.3680043.8.498.80325205657974094483016625702390834774,train,0
1.2.826.0.1.3680043.8.498.80391378873630377472192017862302619947,train,0
1.2.826.0.1.3680043.8.498.80433141990021472112645841723991584182,train,0
1.2.826.0.1.3680043.8.498.80458507774711142534182397228254444268,train,0
1.2.826.0.1.3680043.8.498.80492324225032367918842505447056622561,train,0
1.2.826.0.1.3680043.8.498.80514754572353458107286859773300865138,train,0
1.2.826.0.1.3680043.8.498.80557835452734362083552169469427388003,train,0
1.2.826.0.1.3680043.8.498.80589796918823112368758999678369292754,train,0
1.2.826.0.1.3680043.8.498.80612964209397056653334784776523875647,train,0
1.2.826.0.1.3680043.8.498.80627605463642274852766102874822833365,train,0
1.2.826.0.1.3680043.8.498.80629565747112614845746475820152813307,train,0
1.2.826.0.1.3680043.8.498.80642348849062865125509773837278900750,train,0
1.2.826.0.1.3680043.8.498.80643480554795312280333659144941545925,train,0
1.2.826.0.1.3680043.8.498.80651977424179089141346174053751183506,train,0
1.2.826.0.1.3680043.8.498.80661392139668653552110941896475066204,train,0
1.2.826.0.1.3680043.8.498.80671597537348112977780954910198682272,train,0
1.2.826.0.1.3680043.8.498.80698510014594772882040509716764819716,train,0
1.2.826.0.1.3680043.8.498.80726797831040227285328789648680519664,train,0
1.2.826.0.1.3680043.8.498.80735285867775404153100236162962472952,train,0
1.2.826.0.1.3680043.8.498.80741358365199721720335324482078866565,train,0
1.2.826.0.1.3680043.8.498.80758336123908522542787716219939751704,train,0
1.2.826.0.1.3680043.8.498.80851365368114686105558347899990395309,train,0
1.2.826.0.1.3680043.8.498.80861108320341696163987804408524915999,train,0
1.2.826.0.1.3680043.8.498.80876235930771882271600826613593202364,train,0
1.2.826.0.1.3680043.8.498.80878057166752747059190481131529937715,train,0
1.2.826.0.1.3680043.8.498.80886525412417948114478368374120704834,train,0
1.2.826.0.1.3680043.8.498.80931292574057303692838531323879513417,train,0
1.2.826.0.1.3680043.8.498.81012548926053584036386949658594985125,train,0
1.2.826.0.1.3680043.8.498.81018911907787774214591206085583545057,train,0
1.2.826.0.1.3680043.8.498.81024897463656728358703040759074583549,train,0
1.2.826.0.1.3680043.8.498.81031057654953109295788159826841315360,train,0
1.2.826.0.1.3680043.8.498.81096597169632636454986988944050298701,train,0
1.2.826.0.1.3680043.8.498.81103809943451790668501089584752866199,train,0
1.2.826.0.1.3680043.8.498.81109405367395078564887780335570099673,train,0
1.2.826.0.1.3680043.8.498.81142440700884513521007992957945568924,train,0
1.2.826.0.1.3680043.8.498.81248820934296461385324385812581970340,train,0
1.2.826.0.1.3680043.8.498.81269884425000228604280521306949721859,train,0
1.2.826.0.1.3680043.8.498.81327951282145199298572980264557740321,train,0
1.2.826.0.1.3680043.8.498.81342416992724702402763591633702802359,train,0
1.2.826.0.1.3680043.8.498.81347841116019279082226143308588516787,train,0
1.2.826.0.1.3680043.8.498.81351574724227319632426427855692606694,train,0
1.2.826.0.1.3680043.8.498.81407504276375197122586620633759174421,train,0
1.2.826.0.1.3680043.8.498.81462603621780919719466264356289554669,train,0
1.2.826.0.1.3680043.8.498.81464322239381998685473520085495957135,train,0
1.2.826.0.1.3680043.8.498.81466575994184158172641823163654418018,train,0
1.2.826.0.1.3680043.8.498.81475058647553697318837239968139077272,train,0
1.2.826.0.1.3680043.8.498.81540134120507822899514611863725372563,train,0
1.2.826.0.1.3680043.8.498.81567030584250750745410094870790052181,train,0
1.2.826.0.1.3680043.8.498.81590494282169434250974061642267472166,train,0
1.2.826.0.1.3680043.8.498.81629704995225424568187579791704967233,train,0
1.2.826.0.1.3680043.8.498.81631925197682464058124413934958934086,train,0
1.2.826.0.1.3680043.8.498.81651132686162360431299931833372141617,train,0
1.2.826.0.1.3680043.8.498.81651455914141365028015556083080638757,train,0
1.2.826.0.1.3680043.8.498.81692996137620934043276253858381812472,train,0
1.2.826.0.1.3680043.8.498.81740348974208459068937862799489495782,train,0
1.2.826.0.1.3680043.8.498.81790990482142045640192729399175106255,train,0
1.2.826.0.1.3680043.8.498.81793454171031578492222004629265937656,train,0
1.2.826.0.1.3680043.8.498.81796385087779065457668769443782458844,train,0
1.2.826.0.1.3680043.8.498.81797437102217585216278133168092577952,train,0
1.2.826.0.1.3680043.8.498.81819209302731920404237374320026807282,train,0
1.2.826.0.1.3680043.8.498.81822709772232914298414700148454511661,train,0
1.2.826.0.1.3680043.8.498.81832287065207835637503039077685315236,train,0
1.2.826.0.1.3680043.8.498.81892104897856100357169774214718573167,train,0
1.2.826.0.1.3680043.8.498.81927409938015158663782061022054347955,train,0
1.2.826.0.1.3680043.8.498.81957447654112577010261210572986132211,train,0
1.2.826.0.1.3680043.8.498.81964000393640770822199916465038759069,train,0
1.2.826.0.1.3680043.8.498.81974732979506931694079719601760393277,train,0
1.2.826.0.1.3680043.8.498.81981151447274200345866874172324295172,train,0
1.2.826.0.1.3680043.8.498.81984200870681776955493738987078746894,train,0
1.2.826.0.1.3680043.8.498.82012532783011843175172575198326783678,train,0
1.2.826.0.1.3680043.8.498.82053853036886620816821481139413594407,train,0
1.2.826.0.1.3680043.8.498.82074883987134049971242727164506046476,train,0
1.2.826.0.1.3680043.8.498.82143276307898132314496735515204481508,train,0
1.2.826.0.1.3680043.8.498.82144602300666174450721045102799681426,train,0
1.2.826.0.1.3680043.8.498.82157293611630605740641187215639204974,train,0
1.2.826.0.1.3680043.8.498.82169173362972793731001247413129649263,train,0
1.2.826.0.1.3680043.8.498.82272793832748838882752586678639564181,train,0
1.2.826.0.1.3680043.8.498.82355456395534835058857499033494900716,train,0
1.2.826.0.1.3680043.8.498.82414828460683289235183375457850096746,train,0
1.2.826.0.1.3680043.8.498.82440268452598207215458064865523988222,train,0
1.2.826.0.1.3680043.8.498.82447100001417065190678617013741085481,train,0
1.2.826.0.1.3680043.8.498.82481056562260046738834822905709207128,train,0
1.2.826.0.1.3680043.8.498.82498616123349854719801627024073383874,train,0
1.2.826.0.1.3680043.8.498.82523073559792523830827952754346276051,train,0
1.2.826.0.1.3680043.8.498.82579118531566493365068788437906656162,train,0
1.2.826.0.1.3680043.8.498.82582558624896662901163827145277490232,train,0
1.2.826.0.1.3680043.8.498.82587763533601760002619014353812074700,train,0
1.2.826.0.1.3680043.8.498.82591599611540849522609405219902904134,train,0
1.2.826.0.1.3680043.8.498.82655005222804459605894403147145992714,train,0
1.2.826.0.1.3680043.8.498.82731606763525898032678680051515732914,train,0
1.2.826.0.1.3680043.8.498.82744514729782879778828512295184306538,train,0
1.2.826.0.1.3680043.8.498.82757616216788919181323176147396770758,train,0
1.2.826.0.1.3680043.8.498.82902769135373284012762237744774967400,train,0
1.2.826.0.1.3680043.8.498.82925474533853765570570726554869886925,train,0
1.2.826.0.1.3680043.8.498.82967086493280898295669930903240677729,train,0
1.2.826.0.1.3680043.8.498.83000639623679673469640458882929412717,train,0
1.2.826.0.1.3680043.8.498.83028939839767027342482365275441078777,train,0
1.2.826.0.1.3680043.8.498.83030371526667747898709613600825477966,train,0
1.2.826.0.1.3680043.8.498.83054899303871276184985881638619543362,train,0
1.2.826.0.1.3680043.8.498.83055401642066749019091368358783700783,train,0
1.2.826.0.1.3680043.8.498.83108474538388106770920972885900596508,train,0
1.2.826.0.1.3680043.8.498.83220896521302064187926748035734200732,train,0
1.2.826.0.1.3680043.8.498.83235374118671754689663732057314083332,train,0
1.2.826.0.1.3680043.8.498.83237706274929081175032033288272528919,train,0
1.2.826.0.1.3680043.8.498.83253778356746892201320443660102495790,train,0
1.2.826.0.1.3680043.8.498.83271280040777227673434567660749430744,train,0
1.2.826.0.1.3680043.8.498.83376388091077619281568190257019735638,train,0
1.2.826.0.1.3680043.8.498.83384018761005700404957421316476952190,train,0
1.2.826.0.1.3680043.8.498.83456649088980869429062498344457162631,train,0
1.2.826.0.1.3680043.8.498.83465081013175989426506371406463660936,train,0
1.2.826.0.1.3680043.8.498.83495448827553002152296206085110883602,train,0
1.2.826.0.1.3680043.8.498.83509478059288902959149676250911654986,train,0
1.2.826.0.1.3680043.8.498.83569065014916050100714967945484998462,train,0
1.2.826.0.1.3680043.8.498.83602205818477323486169938182117122488,train,0
1.2.826.0.1.3680043.8.498.83691358175810149975084604975065122220,train,0
1.2.826.0.1.3680043.8.498.83740112248863750162633901687556705057,train,0
1.2.826.0.1.3680043.8.498.83747418172021065605877274971789603771,train,0
1.2.826.0.1.3680043.8.498.83847285247209768917850605454140194088,train,0
1.2.826.0.1.3680043.8.498.83956129905762530953192730040209719910,train,0
1.2.826.0.1.3680043.8.498.84007436672323587547274248257117331532,train,0
1.2.826.0.1.3680043.8.498.84047134932018909998648460546980598926,train,0
1.2.826.0.1.3680043.8.498.84059077072076289248966490696872414783,train,0
1.2.826.0.1.3680043.8.498.84062602050757262792437893691591415560,train,0
1.2.826.0.1.3680043.8.498.84062980592611347665739105270731842220,train,0
1.2.826.0.1.3680043.8.498.84069767112794890061709127671908414399,train,0
1.2.826.0.1.3680043.8.498.84123495463663584148839831457665741488,train,0
1.2.826.0.1.3680043.8.498.84230432137191939390680841389370206819,train,0
1.2.826.0.1.3680043.8.498.84238814030979264404768702945290704724,train,0
1.2.826.0.1.3680043.8.498.84292569246911697141902796190329671261,train,0
1.2.826.0.1.3680043.8.498.84477198486144701928775090913243250655,train,0
1.2.826.0.1.3680043.8.498.84483080389344581106129884869678629612,train,0
1.2.826.0.1.3680043.8.498.84486787871353595019134028899317143475,train,0
1.2.826.0.1.3680043.8.498.84612593835203397696029057940345763682,train,0
1.2.826.0.1.3680043.8.498.84646554968523210021448483220679710652,train,0
1.2.826.0.1.3680043.8.498.84661341697154104963062177064495044195,train,0
1.2.826.0.1.3680043.8.498.84709539128629951937294117586370340042,train,0
1.2.826.0.1.3680043.8.498.84720476187201404764508451536959273676,train,0
1.2.826.0.1.3680043.8.498.84748479740284893375192048321707057482,train,0
1.2.826.0.1.3680043.8.498.84827027113422423894439539536275453132,train,0
1.2.826.0.1.3680043.8.498.84855341377363129926967387137216814518,train,0
1.2.826.0.1.3680043.8.498.84857368518703570476541203284655412396,train,0
1.2.826.0.1.3680043.8.498.84896756080952941537556818257863912066,train,0
1.2.826.0.1.3680043.8.498.84982310626395569925821771375535259394,train,0
1.2.826.0.1.3680043.8.498.85004373913191467860228868467924401547,train,0
1.2.826.0.1.3680043.8.498.85031127696558971105465423134104223548,train,0
1.2.826.0.1.3680043.8.498.85036616529391787087213173897728060798,train,0
1.2.826.0.1.3680043.8.498.85095389649021071892478435298763928925,train,0
1.2.826.0.1.3680043.8.498.85137704768728261642637391657270006448,train,0
1.2.826.0.1.3680043.8.498.85194002080793317087210934629814349622,train,0
1.2.826.0.1.3680043.8.498.85212353344613461454490252928274988058,train,0
1.2.826.0.1.3680043.8.498.85294435004325211584698794441083866921,train,0
1.2.826.0.1.3680043.8.498.85326542895076582985200613540648336047,train,0
1.2.826.0.1.3680043.8.498.85333821516157983299252782678788406019,train,0
1.2.826.0.1.3680043.8.498.85341019006931436802294963713199308935,train,0
1.2.826.0.1.3680043.8.498.85347263026430684291021533170619978114,train,0
1.2.826.0.1.3680043.8.498.85391052076760686301971262244561025345,train,0
1.2.826.0.1.3680043.8.498.85397267100597758920280635204297906286,train,0
1.2.826.0.1.3680043.8.498.85416107585703628549041626609272707431,train,0
1.2.826.0.1.3680043.8.498.85431902914673414035492907270636012892,train,0
1.2.826.0.1.3680043.8.498.85454884397223412543050876117416146750,train,0
1.2.826.0.1.3680043.8.498.85464150757448712711832350617010924327,train,0
1.2.826.0.1.3680043.8.498.85499036441349866810703945289793057098,train,0
1.2.826.0.1.3680043.8.498.85566900782101872452970957532250214590,train,0
1.2.826.0.1.3680043.8.498.85602291032341007550376696695283794665,train,0
1.2.826.0.1.3680043.8.498.85624441072689653093363046226467141762,train,0
1.2.826.0.1.3680043.8.498.85663162480758065951465617999516770647,train,0
1.2.826.0.1.3680043.8.498.85687351346612079711706269264454944647,train,0
1.2.826.0.1.3680043.8.498.85715956158218184426400151797364834203,train,0
1.2.826.0.1.3680043.8.498.85719235937472088594405415004352845221,train,0
1.2.826.0.1.3680043.8.498.85728170022176096748897349447671687164,train,0
1.2.826.0.1.3680043.8.498.85735729179216019275685564112535593988,train,0
1.2.826.0.1.3680043.8.498.85748882309364598407865143890978767674,train,0
1.2.826.0.1.3680043.8.498.85760360279564672425828346507309104394,train,0
1.2.826.0.1.3680043.8.498.85849908712977285006159496192673293501,train,0
1.2.826.0.1.3680043.8.498.85870577082315172424837183881210532800,train,0
1.2.826.0.1.3680043.8.498.85879572979834912642178551098379145607,train,0
1.2.826.0.1.3680043.8.498.85882078780717905717989373451578844863,train,0
1.2.826.0.1.3680043.8.498.85883562680953255833567595509408888410,train,0
1.2.826.0.1.3680043.8.498.85890890545815190189345870912381925290,train,0
1.2.826.0.1.3680043.8.498.85932495800565018166769303205378781707,train,0
1.2.826.0.1.3680043.8.498.85943737587102032370951456635167782343,train,0
1.2.826.0.1.3680043.8.498.85970222049966384156120176704985355996,train,0
1.2.826.0.1.3680043.8.498.85992651772359515416050249463715355943,train,0
1.2.826.0.1.3680043.8.498.86020966816754359840982061252012700091,train,0
1.2.826.0.1.3680043.8.498.86029947807373604003071651721618330827,train,0
1.2.826.0.1.3680043.8.498.86042942187650835661744645315369706668,train,0
1.2.826.0.1.3680043.8.498.86067849233330188988240710585112183308,train,0
1.2.826.0.1.3680043.8.498.86082522186055358984181640226529351801,train,0
1.2.826.0.1.3680043.8.498.86117639434986594266345773277419881144,train,0
1.2.826.0.1.3680043.8.498.86142930956005716169649168306759482915,train,0
1.2.826.0.1.3680043.8.498.86216155858324761845740646421500394797,train,0
1.2.826.0.1.3680043.8.498.86251314013737658351649446042801810374,train,0
1.2.826.0.1.3680043.8.498.86273853115722509980053190345047859057,train,0
1.2.826.0.1.3680043.8.498.86280033511814602594654628677479528508,train,0
1.2.826.0.1.3680043.8.498.86285715293767810771609523819042157072,train,0
1.2.826.0.1.3680043.8.498.86315835011470465506843590014408831373,train,0
1.2.826.0.1.3680043.8.498.86332035495941070455209594003499488889,train,0
1.2.826.0.1.3680043.8.498.86351141114604781108401133410934252655,train,0
1.2.826.0.1.3680043.8.498.86405969333062807387894608315897106350,train,0
1.2.826.0.1.3680043.8.498.86409878732405036646840908998274047391,train,0
1.2.826.0.1.3680043.8.498.86416984885007871128151024515780322767,train,0
1.2.826.0.1.3680043.8.498.86435890312227285216810145658548164773,train,0
1.2.826.0.1.3680043.8.498.86516555757334047240474191101770683543,train,0
1.2.826.0.1.3680043.8.498.86532643576908316499388520854820002133,train,0
1.2.826.0.1.3680043.8.498.86583531066383395270546012510184348251,train,0
1.2.826.0.1.3680043.8.498.86625876521226465945114246972542881955,train,0
1.2.826.0.1.3680043.8.498.86651345701812229172985086531423369421,train,0
1.2.826.0.1.3680043.8.498.86715997235054599024919893656486735623,train,0
1.2.826.0.1.3680043.8.498.86733565200815744326667230375642936291,train,0
1.2.826.0.1.3680043.8.498.86876540394528304678398111135600894869,train,0
1.2.826.0.1.3680043.8.498.86881633316011036335786865282908198831,train,0
1.2.826.0.1.3680043.8.498.86974853023888933977090539174537083409,train,0
1.2.826.0.1.3680043.8.498.87009029107490862793898457518597022930,train,0
1.2.826.0.1.3680043.8.498.87018440624359538250658207994111333051,train,0
1.2.826.0.1.3680043.8.498.87046380372347615219261898797043742937,train,0
1.2.826.0.1.3680043.8.498.87064372531225943854092598173945043861,train,0
1.2.826.0.1.3680043.8.498.87101276883427329522365304528449003589,train,0
1.2.826.0.1.3680043.8.498.87102698749288269439517333660896096520,train,0
1.2.826.0.1.3680043.8.498.87185817772180109135714642184874643715,train,0
1.2.826.0.1.3680043.8.498.87198191797585172912979594638355685739,train,0
1.2.826.0.1.3680043.8.498.87208714421237491643915928765740747633,train,0
1.2.826.0.1.3680043.8.498.87214831397290763080243320084625847148,train,0
1.2.826.0.1.3680043.8.498.87222653734797522858506220026427900177,train,0
1.2.826.0.1.3680043.8.498.87223930502803944549504594723314220105,train,0
1.2.826.0.1.3680043.8.498.87241650441242408799533998101943024283,train,0
1.2.826.0.1.3680043.8.498.87253761427012478584873622994909841751,train,0
1.2.826.0.1.3680043.8.498.87262205711949358943515326577886508585,train,0
1.2.826.0.1.3680043.8.498.87267658933515453963224923798100651549,train,0
1.2.826.0.1.3680043.8.498.87404730020015145302086817782843205171,train,0
1.2.826.0.1.3680043.8.498.87413924318793242918916384453755054267,train,0
1.2.826.0.1.3680043.8.498.87465202523430400780596885230492167155,train,0
1.2.826.0.1.3680043.8.498.87476514600989622078259281213313867927,train,0
1.2.826.0.1.3680043.8.498.87516159856486535118712846576943170757,train,0
1.2.826.0.1.3680043.8.498.87560916423885591029120178291827033868,train,0
1.2.826.0.1.3680043.8.498.87563449504927531224663601218159863518,train,0
1.2.826.0.1.3680043.8.498.87645071186049036230936726742129446188,train,0
1.2.826.0.1.3680043.8.498.87650297321648368205324227429768256110,train,0
1.2.826.0.1.3680043.8.498.87679606849449562627719676100773778015,train,0
1.2.826.0.1.3680043.8.498.87680825247567493080163504511649789348,train,0
1.2.826.0.1.3680043.8.498.87742737485142445536023876862256284839,train,0
1.2.826.0.1.3680043.8.498.87761573479019057997334508266888503487,train,0
1.2.826.0.1.3680043.8.498.87797202230328868466634480198668365648,train,0
1.2.826.0.1.3680043.8.498.87799106106199445436621174506197684035,train,0
1.2.826.0.1.3680043.8.498.87845297884497964690686366000533570840,train,0
1.2.826.0.1.3680043.8.498.87876800169766592603600598167358214111,train,0
1.2.826.0.1.3680043.8.498.87900330305833722536121052961334699743,train,0
1.2.826.0.1.3680043.8.498.87998832540756872371878613339628615880,train,0
1.2.826.0.1.3680043.8.498.88022456207467042544403752144674777523,train,0
1.2.826.0.1.3680043.8.498.88064086448060280325724227239585797761,train,0
1.2.826.0.1.3680043.8.498.88070896604159829163161019117970440189,train,0
1.2.826.0.1.3680043.8.498.88074618626471004030644935418777151905,train,0
1.2.826.0.1.3680043.8.498.88189503151202366936330411627291827689,train,0
1.2.826.0.1.3680043.8.498.88211355128040927831407007101167868685,train,0
1.2.826.0.1.3680043.8.498.88274753211076645976496220746740420894,train,0
1.2.826.0.1.3680043.8.498.88368930449171804348215887291291274615,train,0
1.2.826.0.1.3680043.8.498.88457076333783710706782784856816112502,train,0
1.2.826.0.1.3680043.8.498.88466268868654468582661984391239692466,train,0
1.2.826.0.1.3680043.8.498.88523737187772411911621088333701306485,train,0
1.2.826.0.1.3680043.8.498.88565389747258713872180859306907392080,train,0
1.2.826.0.1.3680043.8.498.88570871026022705696415758052703394453,train,0
1.2.826.0.1.3680043.8.498.88571985843649843469694556575325271560,train,0
1.2.826.0.1.3680043.8.498.88574487918084130981335189023288704909,train,0
1.2.826.0.1.3680043.8.498.88609906210780568637209291182572648571,train,0
1.2.826.0.1.3680043.8.498.88620225126852321191690360547272730103,train,0
1.2.826.0.1.3680043.8.498.88653085234639096911379842849193874077,train,0
1.2.826.0.1.3680043.8.498.88679328523895187500714090963655363787,train,0
1.2.826.0.1.3680043.8.498.88682169866098509464628948503453852928,train,0
1.2.826.0.1.3680043.8.498.88687994744258163246685527273559741656,train,0
1.2.826.0.1.3680043.8.498.88711356400820562340756013729440417015,train,0
1.2.826.0.1.3680043.8.498.88726804476694411363564819498296119763,train,0
1.2.826.0.1.3680043.8.498.88752039058074948027322975455607258941,train,0
1.2.826.0.1.3680043.8.498.88753415430913291809543943690942744997,train,0
1.2.826.0.1.3680043.8.498.88801151487634957068752641200383474212,train,0
1.2.826.0.1.3680043.8.498.88827276474694165071267273766912871459,train,0
1.2.826.0.1.3680043.8.498.88845193477394064535233691626377077328,train,0
1.2.826.0.1.3680043.8.498.88874647535130028956725641820977918615,train,0
1.2.826.0.1.3680043.8.498.88896246957673838955012057210098034177,train,0
1.2.826.0.1.3680043.8.498.88899519473612920868099376939780201067,train,0
1.2.826.0.1.3680043.8.498.88962401400598535739494671683916272476,train,0
1.2.826.0.1.3680043.8.498.88964371740619947193957393682095448256,train,0
1.2.826.0.1.3680043.8.498.89026102874017923932934673207699042800,train,0
1.2.826.0.1.3680043.8.498.89045629523485194086986785222960864883,train,0
1.2.826.0.1.3680043.8.498.89048907638162719840222508855779172366,train,0
1.2.826.0.1.3680043.8.498.89110271437785174288044757208973128908,train,0
1.2.826.0.1.3680043.8.498.89123035099342878362576960682354791116,train,0
1.2.826.0.1.3680043.8.498.89204062904097086723738217311755833877,train,0
1.2.826.0.1.3680043.8.498.89240184178186399632216878563608101260,train,0
1.2.826.0.1.3680043.8.498.89247482662611898098489676481780144186,train,0
1.2.826.0.1.3680043.8.498.89302191571937190529967168726521003428,train,0
1.2.826.0.1.3680043.8.498.89307235192406983202868051697765144920,train,0
1.2.826.0.1.3680043.8.498.89326347774248795083360112232993521530,train,0
1.2.826.0.1.3680043.8.498.89332108074590559691047812196991368746,train,0
1.2.826.0.1.3680043.8.498.89346975863478164334871204856160071946,train,0
1.2.826.0.1.3680043.8.498.89350648596674998203116057439419132072,train,0
1.2.826.0.1.3680043.8.498.89357823844365374776758395347764601030,train,0
1.2.826.0.1.3680043.8.498.89416235692252764852783739140428958560,train,0
1.2.826.0.1.3680043.8.498.89423600201830685256510321877396547497,train,0
1.2.826.0.1.3680043.8.498.89445342796957655182687412965056270903,train,0
1.2.826.0.1.3680043.8.498.89464179959474561696319051639748844244,train,0
1.2.826.0.1.3680043.8.498.89569762088162031469299314053759758927,train,0
1.2.826.0.1.3680043.8.498.89576499383950909889665633610791093334,train,0
1.2.826.0.1.3680043.8.498.89590880980421560369495600204866789646,train,0
1.2.826.0.1.3680043.8.498.89720428711655200442262503508409163392,train,0
1.2.826.0.1.3680043.8.498.89729486637365590877469535082675069395,train,0
1.2.826.0.1.3680043.8.498.89746004948304570186940283501211828475,train,0
1.2.826.0.1.3680043.8.498.89829843399218627892046362324057240535,train,0
1.2.826.0.1.3680043.8.498.89842390998700046088751402253903762827,train,0
1.2.826.0.1.3680043.8.498.89857801102910604766959864464865910585,train,0
1.2.826.0.1.3680043.8.498.89935384074170571164295050203650829722,train,0
1.2.826.0.1.3680043.8.498.89943815722422273305517145510644432987,train,0
1.2.826.0.1.3680043.8.498.89953731420879076053772747816096629231,train,0
1.2.826.0.1.3680043.8.498.89967772422936726289461201791871771011,train,0
1.2.826.0.1.3680043.8.498.89987866402625167201267936974120824712,train,0
1.2.826.0.1.3680043.8.498.90003472003278237920648198243464374280,train,0
1.2.826.0.1.3680043.8.498.90037507233074511524602897439257102032,train,0
1.2.826.0.1.3680043.8.498.90057130466053377217652879986591534745,train,0
1.2.826.0.1.3680043.8.498.90103210546658057701715546323552886913,train,0
1.2.826.0.1.3680043.8.498.90159195278632080234412316065469499332,train,0
1.2.826.0.1.3680043.8.498.90170179734833731758923964833173536172,train,0
1.2.826.0.1.3680043.8.498.90172333170788218623219231170360850947,train,0
1.2.826.0.1.3680043.8.498.90193654806390401129887447441469319421,train,0
1.2.826.0.1.3680043.8.498.90206716031776606956011363950625953310,train,0
1.2.826.0.1.3680043.8.498.90223492515368389331845681759355261030,train,0
1.2.826.0.1.3680043.8.498.90227414485305096825508911050013279704,train,0
1.2.826.0.1.3680043.8.498.90251533154603802045666102095577144628,train,0
1.2.826.0.1.3680043.8.498.90264300606047579088362539636050224478,train,0
1.2.826.0.1.3680043.8.498.90268709354762000249148795667759483876,train,0
1.2.826.0.1.3680043.8.498.90274711315692820326973277297753398634,train,0
1.2.826.0.1.3680043.8.498.90288598546566291188788375261370919222,train,0
1.2.826.0.1.3680043.8.498.90299615112155255774026824400461236845,train,0
1.2.826.0.1.3680043.8.498.90313529150165069133283531436628039942,train,0
1.2.826.0.1.3680043.8.498.90331082101665002495739626395247831768,train,0
1.2.826.0.1.3680043.8.498.90342120331229511020327052213821820086,train,0
1.2.826.0.1.3680043.8.498.90433488790413321102007716267340900056,train,0
1.2.826.0.1.3680043.8.498.90446842983860370183814559926724769347,train,0
1.2.826.0.1.3680043.8.498.90466423642678253933409966898120881010,train,0
1.2.826.0.1.3680043.8.498.90483774039833567637730989859822082272,train,0
1.2.826.0.1.3680043.8.498.90490891782778285565462083536468192410,train,0
1.2.826.0.1.3680043.8.498.90508461713737190527021531642732695353,train,0
1.2.826.0.1.3680043.8.498.90514150380296346197442897381548735293,train,0
1.2.826.0.1.3680043.8.498.90551187439998209641370107095424494085,train,0
1.2.826.0.1.3680043.8.498.90573769367031841574114648773801425781,train,0
1.2.826.0.1.3680043.8.498.90629760164319310375909187696899268080,train,0
1.2.826.0.1.3680043.8.498.90668646188784648688693620159738574680,train,0
1.2.826.0.1.3680043.8.498.90679199017361780574384378857945322240,train,0
1.2.826.0.1.3680043.8.498.90751504670572401790063555695835439317,train,0
1.2.826.0.1.3680043.8.498.90758414832541790868268922794274257839,train,0
1.2.826.0.1.3680043.8.498.90764713690393618577990540005126771712,train,0
1.2.826.0.1.3680043.8.498.90771070773751767226565553195436971014,train,0
1.2.826.0.1.3680043.8.498.90858397443821905121918628339486070979,train,0
1.2.826.0.1.3680043.8.498.90893882071188409362296099956462540506,train,0
1.2.826.0.1.3680043.8.498.90976227335921831531105845602655777296,train,0
1.2.826.0.1.3680043.8.498.90985037792656682958281230441654772668,train,0
1.2.826.0.1.3680043.8.498.91064647744940506223536204418057554573,train,0
1.2.826.0.1.3680043.8.498.91106275065657355304239097295699332135,train,0
1.2.826.0.1.3680043.8.498.91122873808284731048016330734204992698,train,0
1.2.826.0.1.3680043.8.498.91124979914013108948829704350601987380,train,0
1.2.826.0.1.3680043.8.498.91125742927944703615970502025043944089,train,0
1.2.826.0.1.3680043.8.498.91168270990167204047014161851340054645,train,0
1.2.826.0.1.3680043.8.498.91206973544724011503639050238118945528,train,0
1.2.826.0.1.3680043.8.498.91220255464004258635083940797356822178,train,0
1.2.826.0.1.3680043.8.498.91230059913252604666971822137553690811,train,0
1.2.826.0.1.3680043.8.498.91237082716839283641165609666644466929,train,0
1.2.826.0.1.3680043.8.498.91262503278090288446189575519187653125,train,0
1.2.826.0.1.3680043.8.498.91323765268136520804399328350809179765,train,0
1.2.826.0.1.3680043.8.498.91328985601265188961626433080766431089,train,0
1.2.826.0.1.3680043.8.498.91346221361264140052760282748336176394,train,0
1.2.826.0.1.3680043.8.498.91361379904133499492465873800011777365,train,0
1.2.826.0.1.3680043.8.498.91380337141071062166571333367919885984,train,0
1.2.826.0.1.3680043.8.498.91385694666101904780012335954322545042,train,0
1.2.826.0.1.3680043.8.498.91431012289716035498822977054491790785,train,0
1.2.826.0.1.3680043.8.498.91468214041781427810665883790357021637,train,0
1.2.826.0.1.3680043.8.498.91497176426480836856097456438014037999,train,0
1.2.826.0.1.3680043.8.498.91499489440453244654238202136675083579,train,0
1.2.826.0.1.3680043.8.498.91606395836371290680039618164703651751,train,0
1.2.826.0.1.3680043.8.498.91660278231317256353374962767408532443,train,0
1.2.826.0.1.3680043.8.498.91686669332744972709173289374472094988,train,0
1.2.826.0.1.3680043.8.498.91727248305411866145131034915485728037,train,0
1.2.826.0.1.3680043.8.498.91742054227008690570256869200116133922,train,0
1.2.826.0.1.3680043.8.498.91744384920314309659802891351055961910,train,0
1.2.826.0.1.3680043.8.498.91839696756303525362262251587171486273,train,0
1.2.826.0.1.3680043.8.498.91860013313252950044036077977399321593,train,0
1.2.826.0.1.3680043.8.498.91883829404782805058767342767479130421,train,0
1.2.826.0.1.3680043.8.498.91897419008563027309752122760214275182,train,0
1.2.826.0.1.3680043.8.498.91910585599088493175245713843727208369,train,0
1.2.826.0.1.3680043.8.498.91913894091933783677568170210064807665,train,0
1.2.826.0.1.3680043.8.498.91940000162714863613139612302783091395,train,0
1.2.826.0.1.3680043.8.498.91979363712708769014277114061159398016,train,0
1.2.826.0.1.3680043.8.498.91991985280680856830060431668414014465,train,0
1.2.826.0.1.3680043.8.498.92030581934838097812004394123949263069,train,0
1.2.826.0.1.3680043.8.498.92063841381005962285592592672311044745,train,0
1.2.826.0.1.3680043.8.498.92071199603599654827155753204585082303,train,0
1.2.826.0.1.3680043.8.498.92126358259118823397932994812520542494,train,0
1.2.826.0.1.3680043.8.498.92127426417720107708158713612888411025,train,0
1.2.826.0.1.3680043.8.498.92222956609345084635188178384706987675,train,0
1.2.826.0.1.3680043.8.498.92249560662718438332916289759028859881,train,0
1.2.826.0.1.3680043.8.498.92285140961160393284537044926797259671,train,0
1.2.826.0.1.3680043.8.498.92326467051364762529119362944559591665,train,0
1.2.826.0.1.3680043.8.498.92386519544130078776672685639580497728,train,0
1.2.826.0.1.3680043.8.498.92445779773398371452908052305534240654,train,0
1.2.826.0.1.3680043.8.498.92449204325697143336618138322280397765,train,0
1.2.826.0.1.3680043.8.498.92455257597708674644536154732642099964,train,0
1.2.826.0.1.3680043.8.498.92581137608969847756039955144478716506,train,0
1.2.826.0.1.3680043.8.498.92597065276819676534178545455668171085,train,0
1.2.826.0.1.3680043.8.498.92602515666185999130675702469977883616,train,0
1.2.826.0.1.3680043.8.498.92621720172216795135762712303124932801,train,0
1.2.826.0.1.3680043.8.498.92626490033376759309712417622692944095,train,0
1.2.826.0.1.3680043.8.498.92655291659311409459093330375014445330,train,0
1.2.826.0.1.3680043.8.498.92682287574388138675492893420192905780,train,0
1.2.826.0.1.3680043.8.498.92715232057122971236003034574127234433,train,0
1.2.826.0.1.3680043.8.498.92758635328468215409701857842011454608,train,0
1.2.826.0.1.3680043.8.498.92839397144213404004277739877191283401,train,0
1.2.826.0.1.3680043.8.498.92854445271746966212168817610305595078,train,0
1.2.826.0.1.3680043.8.498.92902692647544828045768164058889405369,train,0
1.2.826.0.1.3680043.8.498.92925901047699000727725798824992891055,train,0
1.2.826.0.1.3680043.8.498.93026010065162534828966791702007067882,train,0
1.2.826.0.1.3680043.8.498.93054327536380380487760790221613186305,train,0
1.2.826.0.1.3680043.8.498.93062749017302143105207135454940053142,train,0
1.2.826.0.1.3680043.8.498.93096918345463865518663434763610016449,train,0
1.2.826.0.1.3680043.8.498.93104685852024334015651558514195715956,train,0
1.2.826.0.1.3680043.8.498.93141871723058796160969424330424882014,train,0
1.2.826.0.1.3680043.8.498.93177444420568709574758402836371200945,train,0
1.2.826.0.1.3680043.8.498.93182602591865019295859776146674822677,train,0
1.2.826.0.1.3680043.8.498.93188773180403601524488403580611534053,train,0
1.2.826.0.1.3680043.8.498.93222021909191248270818335069738080963,train,0
1.2.826.0.1.3680043.8.498.93230313557251171119475173996942942855,train,0
1.2.826.0.1.3680043.8.498.93301337627536436086612556500687157032,train,0
1.2.826.0.1.3680043.8.498.93318293884671598055223778443354732793,train,0
1.2.826.0.1.3680043.8.498.93359387652821116106937882388838959209,train,0
1.2.826.0.1.3680043.8.498.93385433312281352893457225415812880948,train,0
1.2.826.0.1.3680043.8.498.93555726419626687118723083838655757151,train,0
1.2.826.0.1.3680043.8.498.93623421864452751381778712192879121271,train,0
1.2.826.0.1.3680043.8.498.93655619137163635289231840294252859840,train,0
1.2.826.0.1.3680043.8.498.93718451128867963123946970296603639068,train,0
1.2.826.0.1.3680043.8.498.93719148934772792523193842156217224487,train,0
1.2.826.0.1.3680043.8.498.93722352425168280299901366261374293722,train,0
1.2.826.0.1.3680043.8.498.93728117237268000947508816107096388086,train,0
1.2.826.0.1.3680043.8.498.93747304211180517979657679136059719120,train,0
1.2.826.0.1.3680043.8.498.93774667493652492119129601342627338680,train,0
1.2.826.0.1.3680043.8.498.93848205752465320137433228658870667418,train,0
1.2.826.0.1.3680043.8.498.93921993164883084178408030385007465064,train,0
1.2.826.0.1.3680043.8.498.93976819306514730278115540117878688308,train,0
1.2.826.0.1.3680043.8.498.93985093305024344873337249433396141838,train,0
1.2.826.0.1.3680043.8.498.94002633501154835018549300667479350401,train,0
1.2.826.0.1.3680043.8.498.94027547274004055924993074754507802303,train,0
1.2.826.0.1.3680043.8.498.94030816415316308210133175314873817171,train,0
1.2.826.0.1.3680043.8.498.94069670011071682445520414370532541612,train,0
1.2.826.0.1.3680043.8.498.94117540970936035429846288243624086693,train,0
1.2.826.0.1.3680043.8.498.94244885518758327449236878653096161475,train,0
1.2.826.0.1.3680043.8.498.94252884278314596961426629318911909075,train,0
1.2.826.0.1.3680043.8.498.94255124739558547668304022649099251744,train,0
1.2.826.0.1.3680043.8.498.94274898137310893945218731717226819541,train,0
1.2.826.0.1.3680043.8.498.94296943940827583101208235208463322140,train,0
1.2.826.0.1.3680043.8.498.94328216642444410827846344286227627425,train,0
1.2.826.0.1.3680043.8.498.94335780236370744781443631231792792083,train,0
1.2.826.0.1.3680043.8.498.94381282809153270156987123429739805206,train,0
1.2.826.0.1.3680043.8.498.94393348753936295687030819683853459606,train,0
1.2.826.0.1.3680043.8.498.94447683257072169359896104855962933413,train,0
1.2.826.0.1.3680043.8.498.94448720962054029575571654250994769402,train,0
1.2.826.0.1.3680043.8.498.94553664348118184200007654265863262684,train,0
1.2.826.0.1.3680043.8.498.94590838906158914501563687877014778914,train,0
1.2.826.0.1.3680043.8.498.94594009911808653224418094594012527944,train,0
1.2.826.0.1.3680043.8.498.94601583997736688762302974573903982304,train,0
1.2.826.0.1.3680043.8.498.94607524665407029611795868588964734480,train,0
1.2.826.0.1.3680043.8.498.94625454484290996254750481989036812516,train,0
1.2.826.0.1.3680043.8.498.94635110520016467882028406590905441740,train,0
1.2.826.0.1.3680043.8.498.94658317716039594639343437780115140531,train,0
1.2.826.0.1.3680043.8.498.94677297888135961827159679484207792618,train,0
1.2.826.0.1.3680043.8.498.94722363227977785887442194094888460046,train,0
1.2.826.0.1.3680043.8.498.94729634553835820944505159643192054175,train,0
1.2.826.0.1.3680043.8.498.94747403767627336827372096100476526821,train,0
1.2.826.0.1.3680043.8.498.94753144127920558221268610279343359449,train,0
1.2.826.0.1.3680043.8.498.94761755148413531477206243804832613511,train,0
1.2.826.0.1.3680043.8.498.94774472240035721003264951868030913589,train,0
1.2.826.0.1.3680043.8.498.94798723424795346945893598929864335472,train,0
1.2.826.0.1.3680043.8.498.94822220672465914426995315295921716764,train,0
1.2.826.0.1.3680043.8.498.94921929374845793599006362190119159537,train,0
1.2.826.0.1.3680043.8.498.94944218313788305917509271079443871442,train,0
1.2.826.0.1.3680043.8.498.94945670991495145462605178471390637325,train,0
1.2.826.0.1.3680043.8.498.94954489705497211843190734684710878341,train,0
1.2.826.0.1.3680043.8.498.94955017957653373798729896600270551224,train,0
1.2.826.0.1.3680043.8.498.95026524886584356226576936309513335214,train,0
1.2.826.0.1.3680043.8.498.95030266788619257057351879256576338162,train,0
1.2.826.0.1.3680043.8.498.95060380238431209646600378585422128745,train,0
1.2.826.0.1.3680043.8.498.95080449640993916851075185393444497308,train,0
1.2.826.0.1.3680043.8.498.95091624999382167943525022414631622532,train,0
1.2.826.0.1.3680043.8.498.95113114010658169441709314948308683982,train,0
1.2.826.0.1.3680043.8.498.95142886737239438773421088967802136318,train,0
1.2.826.0.1.3680043.8.498.95193282490279394602564266574551123732,train,0
1.2.826.0.1.3680043.8.498.95196756237527666678816095708949563380,train,0
1.2.826.0.1.3680043.8.498.95223549428749744711279985897241419512,train,0
1.2.826.0.1.3680043.8.498.95256518245659249144569318023469597946,train,0
1.2.826.0.1.3680043.8.498.95262231945171099723559613554350591139,train,0
1.2.826.0.1.3680043.8.498.95321750682026667237717880394536750835,train,0
1.2.826.0.1.3680043.8.498.95324318295506605557933083155792587297,train,0
1.2.826.0.1.3680043.8.498.95334149193711661424105715330320414755,train,0
1.2.826.0.1.3680043.8.498.95351925765761617117057799846763403963,train,0
1.2.826.0.1.3680043.8.498.95376417067109020835342111882595126109,train,0
1.2.826.0.1.3680043.8.498.95433650759419050864053270236035947981,train,0
1.2.826.0.1.3680043.8.498.95464807346156547985763374990661923815,train,0
1.2.826.0.1.3680043.8.498.95497572581157858069692837655072209020,train,0
1.2.826.0.1.3680043.8.498.95500234888498554736637315199668317948,train,0
1.2.826.0.1.3680043.8.498.95555755747044090477918262640906805885,train,0
1.2.826.0.1.3680043.8.498.95560861705581165570145459410262387310,train,0
1.2.826.0.1.3680043.8.498.95570207430778332247200880037915693375,train,0
1.2.826.0.1.3680043.8.498.95586477246200285088746818821808017494,train,0
1.2.826.0.1.3680043.8.498.95588576819758266413765165887081039863,train,0
1.2.826.0.1.3680043.8.498.95601371640669355936785637162110963091,train,0
1.2.826.0.1.3680043.8.498.95621693348567815920675804584086926261,train,0
1.2.826.0.1.3680043.8.498.95653228095828585867177997067051877351,train,0
1.2.826.0.1.3680043.8.498.95694598580744163428934772566469311180,train,0
1.2.826.0.1.3680043.8.498.95705755527332814775935856896567782522,train,0
1.2.826.0.1.3680043.8.498.95720534093121754146413060811354489247,train,0
1.2.826.0.1.3680043.8.498.95727100148189624148200652225439854460,train,0
1.2.826.0.1.3680043.8.498.95777611643095956714301310992151723603,train,0
1.2.826.0.1.3680043.8.498.95796009319232592137564145023096016872,train,0
1.2.826.0.1.3680043.8.498.95850844945129153291759207212815927078,train,0
1.2.826.0.1.3680043.8.498.95864678405973312042815189771902289608,train,0
1.2.826.0.1.3680043.8.498.95882731821729917461275694847968503951,train,0
1.2.826.0.1.3680043.8.498.95912798959818676102590029534562878721,train,0
1.2.826.0.1.3680043.8.498.95918254432056542701730614049432316728,train,0
1.2.826.0.1.3680043.8.498.95984406324600336713471618620285270466,train,0
1.2.826.0.1.3680043.8.498.96054287426681123062488435620352206601,train,0
1.2.826.0.1.3680043.8.498.96094001324999448553107805455529187871,train,0
1.2.826.0.1.3680043.8.498.96117880374445894729658092255088269716,train,0
1.2.826.0.1.3680043.8.498.96146854841734718524530740965296119916,train,0
1.2.826.0.1.3680043.8.498.96158169859491339496094295508194547199,train,0
1.2.826.0.1.3680043.8.498.96174494699876332875347380499122120925,train,0
1.2.826.0.1.3680043.8.498.96293531288862652713666056362328893428,train,0
1.2.826.0.1.3680043.8.498.96316229168827165128604998083731481211,train,0
1.2.826.0.1.3680043.8.498.96323485839061204012967074568679195142,train,0
1.2.826.0.1.3680043.8.498.96425049974772570897047688166336162674,train,0
1.2.826.0.1.3680043.8.498.96448229695053562621553132798380456420,train,0
1.2.826.0.1.3680043.8.498.96483513352751590579274577125356217169,train,0
1.2.826.0.1.3680043.8.498.96510621665552630060821422211995212854,train,0
1.2.826.0.1.3680043.8.498.96559819562317669526803257835398470484,train,0
1.2.826.0.1.3680043.8.498.96561978771090020509310535265236331946,train,0
1.2.826.0.1.3680043.8.498.96562865861483086790615358719391771217,train,0
1.2.826.0.1.3680043.8.498.96564709711765982786409987515735443801,train,0
1.2.826.0.1.3680043.8.498.96587029379314618196381307882235433083,train,0
1.2.826.0.1.3680043.8.498.96614828054790815108190478795539254570,train,0
1.2.826.0.1.3680043.8.498.96621557839848412555023112236627663339,train,0
1.2.826.0.1.3680043.8.498.96657465815875587552665111166265086308,train,0
1.2.826.0.1.3680043.8.498.96791010280967772394523567484937888186,train,0
1.2.826.0.1.3680043.8.498.96818533353374094273022322108861564926,train,0
1.2.826.0.1.3680043.8.498.96846796615932368166905347054245013501,train,0
1.2.826.0.1.3680043.8.498.96859317329616917022799512740280754327,train,0
1.2.826.0.1.3680043.8.498.96943946564115188893954628924857155670,train,0
1.2.826.0.1.3680043.8.498.96944926470854551064948200936284887742,train,0
1.2.826.0.1.3680043.8.498.96947237995559790704304892745226362883,train,0
1.2.826.0.1.3680043.8.498.96950011369238410949579095568317214261,train,0
1.2.826.0.1.3680043.8.498.97003157807630958179276831877591411623,train,0
1.2.826.0.1.3680043.8.498.97004483591331502283638578516018997228,train,0
1.2.826.0.1.3680043.8.498.97020520267554584684160936968569132254,train,0
1.2.826.0.1.3680043.8.498.97042446513400958172996637321308032556,train,0
1.2.826.0.1.3680043.8.498.97055845147740306780908051236353219644,train,0
1.2.826.0.1.3680043.8.498.97087958215554026148585108910609248523,train,0
1.2.826.0.1.3680043.8.498.97107472223824971578324157203273471706,train,0
1.2.826.0.1.3680043.8.498.97135552871905937467775630206570358085,train,0
1.2.826.0.1.3680043.8.498.97156518925820521351080132062400795929,train,0
1.2.826.0.1.3680043.8.498.97220604868276521004168045790587997687,train,0
1.2.826.0.1.3680043.8.498.97234348688223610934999923021953923903,train,0
1.2.826.0.1.3680043.8.498.97248397528214121944398119979516268902,train,0
1.2.826.0.1.3680043.8.498.97259766233250760343109933426776941754,train,0
1.2.826.0.1.3680043.8.498.97259977321685658337087695233264517545,train,0
1.2.826.0.1.3680043.8.498.97269744864161337523188705262974234442,train,0
1.2.826.0.1.3680043.8.498.97296323335289879687414244774227160450,train,0
1.2.826.0.1.3680043.8.498.97303893645051596044169857585815133097,train,0
1.2.826.0.1.3680043.8.498.97348112008590316355392924312704081684,train,0
1.2.826.0.1.3680043.8.498.97353980946516912216109392482235435606,train,0
1.2.826.0.1.3680043.8.498.97464332941382646555656038793589898504,train,0
1.2.826.0.1.3680043.8.498.97485476951995325021464683747847126869,train,0
1.2.826.0.1.3680043.8.498.97488501634729541923597957717971376373,train,0
1.2.826.0.1.3680043.8.498.97496319463700021339637597270948309369,train,0
1.2.826.0.1.3680043.8.498.97500632594529766269369977508352975364,train,0
1.2.826.0.1.3680043.8.498.97520184067825971918316082134210579391,train,0
1.2.826.0.1.3680043.8.498.97536230315600409983600607358927775480,train,0
1.2.826.0.1.3680043.8.498.97564564380731258764291146761742841527,train,0
1.2.826.0.1.3680043.8.498.97600121574703193898619052529830275028,train,0
1.2.826.0.1.3680043.8.498.97658595748192892503053963872409769829,train,0
1.2.826.0.1.3680043.8.498.97689748704772735695349883980413529091,train,0
1.2.826.0.1.3680043.8.498.97694479664965569386338738579573728752,train,0
1.2.826.0.1.3680043.8.498.97696436660690920809826140686268769509,train,0
1.2.826.0.1.3680043.8.498.97705920250069816684861966612302390614,train,0
1.2.826.0.1.3680043.8.498.97731968872354496470096174559789586056,train,0
1.2.826.0.1.3680043.8.498.97759980486481979519068526243106370997,train,0
1.2.826.0.1.3680043.8.498.97797693721516872008302328638374252668,train,0
1.2.826.0.1.3680043.8.498.97830923192341890652952842494018952920,train,0
1.2.826.0.1.3680043.8.498.97849030682292314880463675622456900933,train,0
1.2.826.0.1.3680043.8.498.97909881548577311929907613359449243075,train,0
1.2.826.0.1.3680043.8.498.97944261713902372188894456162512065499,train,0
1.2.826.0.1.3680043.8.498.98022738778461179495257509215244053198,train,0
1.2.826.0.1.3680043.8.498.98027050915885651900992366068887550187,train,0
1.2.826.0.1.3680043.8.498.98028018520101798863795620289151810642,train,0
1.2.826.0.1.3680043.8.498.98039072306618106705944452906395982381,train,0
1.2.826.0.1.3680043.8.498.98064941971367073978404461105852658265,train,0
1.2.826.0.1.3680043.8.498.98102475310924339032647376491442498974,train,0
1.2.826.0.1.3680043.8.498.98107112397588450345153336193341117589,train,0
1.2.826.0.1.3680043.8.498.98112373403331748422888362310572528002,train,0
1.2.826.0.1.3680043.8.498.98143909986671737130865120569673002676,train,0
1.2.826.0.1.3680043.8.498.98146155044178593810385943365143374814,train,0
1.2.826.0.1.3680043.8.498.98151095279541278201351784048265686573,train,0
1.2.826.0.1.3680043.8.498.98181040478767526925214101502401448074,train,0
1.2.826.0.1.3680043.8.498.98239758242192048511912905088391835938,train,0
1.2.826.0.1.3680043.8.498.98315778542448798493600485116505234132,train,0
1.2.826.0.1.3680043.8.498.98343185597651455245996667389303915779,train,0
1.2.826.0.1.3680043.8.498.98351891935507349137982199658103205287,train,0
1.2.826.0.1.3680043.8.498.98400072082366198211931728015692551635,train,0
1.2.826.0.1.3680043.8.498.98454206323401382140655387224146512225,train,0
1.2.826.0.1.3680043.8.498.98541661035340329000785741171799559104,train,0
1.2.826.0.1.3680043.8.498.98581537941208552065033680853629122764,train,0
1.2.826.0.1.3680043.8.498.98599322992880180540967962062521615070,train,0
1.2.826.0.1.3680043.8.498.98676079331571304021387833410440136393,train,0
1.2.826.0.1.3680043.8.498.98752901295449528283322564256444025625,train,0
1.2.826.0.1.3680043.8.498.98781117432577714521231232440503778261,train,0
1.2.826.0.1.3680043.8.498.98795677271204502833293873138219040186,train,0
1.2.826.0.1.3680043.8.498.98828753472895685940998888332947119084,train,0
1.2.826.0.1.3680043.8.498.98871650330162988912501872031191530068,train,0
1.2.826.0.1.3680043.8.498.98883718766501717651651876978607853803,train,0
1.2.826.0.1.3680043.8.498.98890851347757949328159691828768030366,train,0
1.2.826.0.1.3680043.8.498.98914528123216365374152816424181510781,train,0
1.2.826.0.1.3680043.8.498.98958651320983196982606333548522846934,train,0
1.2.826.0.1.3680043.8.498.99052905406751383674032587504235261874,train,0
1.2.826.0.1.3680043.8.498.99077241529686301278201179461896593659,train,0
1.2.826.0.1.3680043.8.498.99088247184917460283293617180083591028,train,0
1.2.826.0.1.3680043.8.498.99108147913292332418681050058312852494,train,0
1.2.826.0.1.3680043.8.498.99155175553749543768821558247962844052,train,0
1.2.826.0.1.3680043.8.498.99237666579371266866432031468578336182,train,0
1.2.826.0.1.3680043.8.498.99303079292320085374389086609761974820,train,0
1.2.826.0.1.3680043.8.498.99413398303724030328059886749330413303,train,0
1.2.826.0.1.3680043.8.498.99414163787650487720542840540379270468,train,0
1.2.826.0.1.3680043.8.498.99438805806853675793560604625783460513,train,0
1.2.826.0.1.3680043.8.498.99441773159476751698123795913150660766,train,0
1.2.826.0.1.3680043.8.498.99444110025206148999881196086066868280,train,0
1.2.826.0.1.3680043.8.498.99448612525108835020450967944392129536,train,0
1.2.826.0.1.3680043.8.498.99454657594216441037514296544803013407,train,0
1.2.826.0.1.3680043.8.498.99458163491875066451936719024359566928,train,0
1.2.826.0.1.3680043.8.498.99493257395588095270208592176887619190,train,0
1.2.826.0.1.3680043.8.498.99526998617163591447503530185291775961,train,0
1.2.826.0.1.3680043.8.498.99577045720075471058329330051900767206,train,0
1.2.826.0.1.3680043.8.498.99578894341571394220300473118855007095,train,0
1.2.826.0.1.3680043.8.498.99635784824711754116112241806442235135,train,0
1.2.826.0.1.3680043.8.498.99651725851820083142440965238449655973,train,0
1.2.826.0.1.3680043.8.498.99708702196778120583644711299950439036,train,0
1.2.826.0.1.3680043.8.498.99710592666731203419714499168506345263,train,0
1.2.826.0.1.3680043.8.498.99725523560254732094432244556623376711,train,0
1.2.826.0.1.3680043.8.498.99726731706411379395165830480890405115,train,0
1.2.826.0.1.3680043.8.498.99768154649604643975127490783989114506,train,0
1.2.826.0.1.3680043.8.498.99813269006669714758887909212386431934,train,0
1.2.826.0.1.3680043.8.498.99826037216341310731701527407057049820,train,0
1.2.826.0.1.3680043.8.498.99827460918477409069820779642161448917,train,0
1.2.826.0.1.3680043.8.498.99864345386635409953374818045984558970,train,0
1.2.826.0.1.3680043.8.498.99864558747514747686151806909794288262,train,0
1.2.826.0.1.3680043.8.498.99880021280666757817587834481314366555,train,0
1.2.826.0.1.3680043.8.498.99881620336512626242732899010111041290,train,0
1.2.826.0.1.3680043.8.498.99926624968240681772735102303531613209,train,0
1.2.826.0.1.3680043.8.498.99939100657291954890286900729983287973,train,0
1.2.826.0.1.3680043.8.498.99957611207313098696146908027229590966,train,0
1.2.826.0.1.3680043.8.498.10095687747295410396510538520594649149,valid,12
1.2.826.0.1.3680043.8.498.10112440805412493412191181061985753636,valid,0
1.2.826.0.1.3680043.8.498.10150914432481980534086434136814789205,valid,0
1.2.826.0.1.3680043.8.498.10165669527316708372190215034240922433,valid,0
1.2.826.0.1.3680043.8.498.10170898615867673028696505248839028269,valid,12
1.2.826.0.1.3680043.8.498.10211815027850731240126403602239595062,valid,0
1.2.826.0.1.3680043.8.498.10252121617380434672930525780360219531,valid,0
1.2.826.0.1.3680043.8.498.10255067212695306715722782826234429766,valid,0
1.2.826.0.1.3680043.8.498.10275265831651276229168539541982478639,valid,0
1.2.826.0.1.3680043.8.498.10306159113324811538703788080836752052,valid,12
1.2.826.0.1.3680043.8.498.10309477218703786877612946261946268132,valid,0
1.2.826.0.1.3680043.8.498.10321461243762453573005633063753741725,valid,0
1.2.826.0.1.3680043.8.498.10336221220793312503236159680373829726,valid,0
1.2.826.0.1.3680043.8.498.10447920208680921688438738178539475509,valid,0
1.2.826.0.1.3680043.8.498.10495855084258410825408867079175646590,valid,0
1.2.826.0.1.3680043.8.498.10533568124272062696642461303295694739,valid,0
1.2.826.0.1.3680043.8.498.10540882690103231159064894952851205573,valid,0
1.2.826.0.1.3680043.8.498.10661650555947788912511478165000737040,valid,0
1.2.826.0.1.3680043.8.498.10738640862162795323010965765443420384,valid,0
1.2.826.0.1.3680043.8.498.10750145216793948201921667945805555093,valid,0
1.2.826.0.1.3680043.8.498.10770877369291591553624215762368014357,valid,0
1.2.826.0.1.3680043.8.498.10777331080659372520952742261140923555,valid,0
1.2.826.0.1.3680043.8.498.10896245499713818848442117831482755673,valid,0
1.2.826.0.1.3680043.8.498.10918580785296934228715514366408269433,valid,0
1.2.826.0.1.3680043.8.498.10951328287594724738476663200798896670,valid,0
1.2.826.0.1.3680043.8.498.10998144118962608870602180672090998054,valid,0
1.2.826.0.1.3680043.8.498.11077406555624926104628200252710914930,valid,0
1.2.826.0.1.3680043.8.498.11129751904857491327872353316480050290,valid,0
1.2.826.0.1.3680043.8.498.11223691171233118900160265287691267884,valid,0
1.2.826.0.1.3680043.8.498.11244115315611630362929576340631670750,valid,0
1.2.826.0.1.3680043.8.498.11257869433929994221899994675448655047,valid,0
1.2.826.0.1.3680043.8.498.11275711698468745807758222802302685022,valid,0
1.2.826.0.1.3680043.8.498.11287937729196958426538087439102017580,valid,12
1.2.826.0.1.3680043.8.498.11296867854260286881418279496022384461,valid,0
1.2.826.0.1.3680043.8.498.11382021393803389951964005983002209238,valid,12
1.2.826.0.1.3680043.8.498.11413427362266862411525989114324631512,valid,0
1.2.826.0.1.3680043.8.498.11425683153901568541658945026861110110,valid,0
1.2.826.0.1.3680043.8.498.11440217845998767853986099058965644463,valid,0
1.2.826.0.1.3680043.8.498.11543622448213658856759993374276266341,valid,0
1.2.826.0.1.3680043.8.498.11548045715264151632153040089882701935,valid,12
1.2.826.0.1.3680043.8.498.11548839502674800051973767797346682106,valid,0
1.2.826.0.1.3680043.8.498.11557620559191469069130827959098335840,valid,12
1.2.826.0.1.3680043.8.498.11586616391541918134110642641868079265,valid,0
1.2.826.0.1.3680043.8.498.11661333712307504012375232163708358493,valid,0
1.2.826.0.1.3680043.8.498.11719502398697390809777045891822044637,valid,0
1.2.826.0.1.3680043.8.498.11753067309373104365558887398441364695,valid,0
1.2.826.0.1.3680043.8.498.11771393824519892797114773408583976756,valid,12
1.2.826.0.1.3680043.8.498.11786582806577871618290342375465595269,valid,0
1.2.826.0.1.3680043.8.498.11794753699425693678056056340551238033,valid,0
1.2.826.0.1.3680043.8.498.11807494462283790976935891042637502434,valid,0
1.2.826.0.1.3680043.8.498.11851412923016044948101698015974810604,valid,12
1.2.826.0.1.3680043.8.498.11912618147674655465071922267060032851,valid,0
1.2.826.0.1.3680043.8.498.11915937982684988073644209606907169581,valid,12
1.2.826.0.1.3680043.8.498.11956771495610267604936834092317960600,valid,0
1.2.826.0.1.3680043.8.498.11991512352474459753052051071717622771,valid,0
1.2.826.0.1.3680043.8.498.11992172807590757302730513420827032389,valid,0
1.2.826.0.1.3680043.8.498.12034579945815402722591687609951730205,valid,0
1.2.826.0.1.3680043.8.498.12063742398421783626420335095128808816,valid,0
1.2.826.0.1.3680043.8.498.12064822036518837577612019712902340953,valid,0
1.2.826.0.1.3680043.8.498.12068674252637046261029360607215822017,valid,0
1.2.826.0.1.3680043.8.498.12153755823296803843819361055386265595,valid,0
1.2.826.0.1.3680043.8.498.12154188739734505793699974626991872621,valid,0
1.2.826.0.1.3680043.8.498.12176469158911896593955662590695392044,valid,0
1.2.826.0.1.3680043.8.498.12186494601308291174548814564387764515,valid,0
1.2.826.0.1.3680043.8.498.12243764506921404196245986681613075136,valid,0
1.2.826.0.1.3680043.8.498.12245760386130805526409111049874664817,valid,0
1.2.826.0.1.3680043.8.498.12295443776523723913480216844110882937,valid,0
1.2.826.0.1.3680043.8.498.12303161232396569915032951761728884199,valid,0
1.2.826.0.1.3680043.8.498.12305733049746414359748178404911549573,valid,0
1.2.826.0.1.3680043.8.498.12349656752404066719917550972333542508,valid,0
1.2.826.0.1.3680043.8.498.12365033663152692616611548717152384269,valid,0
1.2.826.0.1.3680043.8.498.12377852033407536077897684568488365785,valid,0
1.2.826.0.1.3680043.8.498.12381325071746339154385415220972069782,valid,0
1.2.826.0.1.3680043.8.498.12381909868368799280462187344958674397,valid,0
1.2.826.0.1.3680043.8.498.12387075993162655781372091860026675548,valid,0
1.2.826.0.1.3680043.8.498.12390186846317493876612228407734068726,valid,0
1.2.826.0.1.3680043.8.498.12401147012438969595202076588471168894,valid,0
1.2.826.0.1.3680043.8.498.12448079646359892252441208258836556945,valid,12
1.2.826.0.1.3680043.8.498.12462703906850759490077163612851243080,valid,0
1.2.826.0.1.3680043.8.498.12491747080684524905643593142141672951,valid,0
1.2.826.0.1.3680043.8.498.12505035424093604269515328931488770819,valid,12
1.2.826.0.1.3680043.8.498.12533105585687352326867082376911240942,valid,0
1.2.826.0.1.3680043.8.498.12547308734950397389859712060653254111,valid,0
1.2.826.0.1.3680043.8.498.12570576337098834311171883034999327454,valid,0
1.2.826.0.1.3680043.8.498.12606657226568558340797193167488111973,valid,12
1.2.826.0.1.3680043.8.498.12619895582462244920124420363095282842,valid,0
1.2.826.0.1.3680043.8.498.12655324218817524683138594937984186560,valid,0
1.2.826.0.1.3680043.8.498.12660901572462562819575002681831361427,valid,0
1.2.826.0.1.3680043.8.498.12727488524631885827798129418558343386,valid,0
1.2.826.0.1.3680043.8.498.12769887673556938425710414718385118283,valid,0
1.2.826.0.1.3680043.8.498.12775769262869064592411499834441472333,valid,0
1.2.826.0.1.3680043.8.498.12801308844398614687904447633432197492,valid,12
1.2.826.0.1.3680043.8.498.12801643268939133682891906705186571010,valid,0
1.2.826.0.1.3680043.8.498.12810074901642984174782853829149619043,valid,0
1.2.826.0.1.3680043.8.498.12826828527176716109949704557150950675,valid,0
1.2.826.0.1.3680043.8.498.12887544771002132349592859410979448655,valid,0
1.2.826.0.1.3680043.8.498.12936296973456045538701035923586653502,valid,0
1.2.826.0.1.3680043.8.498.12942677240800343332600884989364651588,valid,0
1.2.826.0.1.3680043.8.498.12957252711278416684461267069498115130,valid,0
1.2.826.0.1.3680043.8.498.12961116776122838195555132309258963046,valid,0
1.2.826.0.1.3680043.8.498.12978510157202852202776899910529174803,valid,12
1.2.826.0.1.3680043.8.498.12985683732818911488433522743768046254,valid,0
1.2.826.0.1.3680043.8.498.12987428318535758055829100395092244687,valid,0
1.2.826.0.1.3680043.8.498.13015502057686077045104167339480215528,valid,0
1.2.826.0.1.3680043.8.498.13026024768908635083636086393662414870,valid,0
1.2.826.0.1.3680043.8.498.13042847643086819857036458569632034999,valid,0
1.2.826.0.1.3680043.8.498.13092094949394905924922534008771583745,valid,0
1.2.826.0.1.3680043.8.498.13116941594523500503401720636978356127,valid,0
1.2.826.0.1.3680043.8.498.13126070481622692281046898445918832841,valid,0
1.2.826.0.1.3680043.8.498.13136367866260644484250529322937554927,valid,0
1.2.826.0.1.3680043.8.498.13152690996267297597178587721720788387,valid,0
1.2.826.0.1.3680043.8.498.13162479706670045075896993021883562680,valid,0
1.2.826.0.1.3680043.8.498.13212280182729018182073794487313115605,valid,0
1.2.826.0.1.3680043.8.498.13262583253812134425581922368942846684,valid,0
1.2.826.0.1.3680043.8.498.13267780356245120052411517053322874891,valid,12
1.2.826.0.1.3680043.8.498.13330694332190836651711643932953274573,valid,0
1.2.826.0.1.3680043.8.498.13335129881737731410081002627729200903,valid,12
1.2.826.0.1.3680043.8.498.13762716088334302039143651507177887969,valid,0
1.2.826.0.1.3680043.8.498.14032903253348079919799627243690484791,valid,0
1.2.826.0.1.3680043.8.498.14453847272947043746856632410254555895,valid,0
1.2.826.0.1.3680043.8.498.14558486491688263090686005096911018438,valid,0
1.2.826.0.1.3680043.8.498.15593638897292057356864060466120253309,valid,12
1.2.826.0.1.3680043.8.498.15851463019383290210760064201595021029,valid,0
1.2.826.0.1.3680043.8.498.15863325224755490561125835019647303556,valid,0
1.2.826.0.1.3680043.8.498.16060119389060497136231217718921482192,valid,12
1.2.826.0.1.3680043.8.498.16158812105029662172517682642229718094,valid,0
1.2.826.0.1.3680043.8.498.16581426215518472805200227992550139190,valid,0
1.2.826.0.1.3680043.8.498.16666020201961191623151386398626511849,valid,0
1.2.826.0.1.3680043.8.498.16724013341359693140331158148551346369,valid,0
1.2.826.0.1.3680043.8.498.17547781127981007962008163248942714330,valid,0
1.2.826.0.1.3680043.8.498.17844546765907321649997094867791102711,valid,12
1.2.826.0.1.3680043.8.498.18113123512696698441392990570166201548,valid,0
1.2.826.0.1.3680043.8.498.18392509497170616983977319528036573378,valid,12
1.2.826.0.1.3680043.8.498.18403627643718880914843209837672242908,valid,0
1.2.826.0.1.3680043.8.498.20600318722531772866761132262772105640,valid,0
1.2.826.0.1.3680043.8.498.20781255814255169306555078952156148784,valid,0
1.2.826.0.1.3680043.8.498.20850785960533583051456342090773230767,valid,0
1.2.826.0.1.3680043.8.498.20852351697358589606507109300359572624,valid,0
1.2.826.0.1.3680043.8.498.21239630702461934662855021164119114203,valid,0
1.2.826.0.1.3680043.8.498.21322638458116180116030396109651929596,valid,0
1.2.826.0.1.3680043.8.498.21403015320378798778538823075316902483,valid,0
1.2.826.0.1.3680043.8.498.21769352980698937182060933429354012104,valid,0
1.2.826.0.1.3680043.8.498.21954482915702797371609582020715955762,valid,0
1.2.826.0.1.3680043.8.498.22109739962224309418874538994436903404,valid,12
1.2.826.0.1.3680043.8.498.22407175411826914385667795929161924645,valid,0
1.2.826.0.1.3680043.8.498.22596004572382994883130705870731193046,valid,0
1.2.826.0.1.3680043.8.498.22867776500261605752195206933939172136,valid,0
1.2.826.0.1.3680043.8.498.22886251629508830700774506697670139848,valid,0
1.2.826.0.1.3680043.8.498.23094733099955217022059584418468076048,valid,0
1.2.826.0.1.3680043.8.498.23523176367321534630723586470190430254,valid,0
1.2.826.0.1.3680043.8.498.23757007145576852496599816072431075057,valid,0
1.2.826.0.1.3680043.8.498.23849672490426589132734390202638283865,valid,0
1.2.826.0.1.3680043.8.498.24478195415117310702720951368429189290,valid,0
1.2.826.0.1.3680043.8.498.24555528844026121007453886375651403314,valid,0
1.2.826.0.1.3680043.8.498.24680736086205072406257935876858402593,valid,0
1.2.826.0.1.3680043.8.498.24758830794084473905762034032291806038,valid,0
1.2.826.0.1.3680043.8.498.25695966186129395049687747156570466645,valid,12
1.2.826.0.1.3680043.8.498.25856396695552621816673203639618612020,valid,0
1.2.826.0.1.3680043.8.498.26066524302907849854339129271283426208,valid,0
1.2.826.0.1.3680043.8.498.26790702379506190936834447203448882465,valid,12
1.2.826.0.1.3680043.8.498.26848412380762311150802301982233072694,valid,0
1.2.826.0.1.3680043.8.498.27339999385861467858422021400023533486,valid,0
1.2.826.0.1.3680043.8.498.27437263843446879932281897446100134924,valid,12
1.2.826.0.1.3680043.8.498.27671779587445983390840223475173360482,valid,0
1.2.826.0.1.3680043.8.498.27737101979486411869208236811885597351,valid,0
1.2.826.0.1.3680043.8.498.27883371281368994280894952749865160316,valid,0
1.2.826.0.1.3680043.8.498.28925345859498351203477642741908452608,valid,12
1.2.826.0.1.3680043.8.498.29055892482211392922525222851162308510,valid,0
1.2.826.0.1.3680043.8.498.29384016102624554484300773136383156153,valid,0
1.2.826.0.1.3680043.8.498.29443692810539372078922146461173545451,valid,0
1.2.826.0.1.3680043.8.498.29579560656789178333629609998252952856,valid,0
1.2.826.0.1.3680043.8.498.29764868091238287072166823522853419550,valid,12
1.2.826.0.1.3680043.8.498.29943089198208468441240036404506927883,valid,0
1.2.826.0.1.3680043.8.498.30222189977108980260768952691472020722,valid,0
1.2.826.0.1.3680043.8.498.30246079718471552972130572444383079911,valid,12
1.2.826.0.1.3680043.8.498.30435446905709054197096833427672604260,valid,0
1.2.826.0.1.3680043.8.498.30763696628968291934469221453461209579,valid,0
1.2.826.0.1.3680043.8.498.30888379005655662168586864728687777425,valid,0
1.2.826.0.1.3680043.8.498.31352187408311685267245948214616940728,valid,0
1.2.826.0.1.3680043.8.498.31461240229123701082444627629841504099,valid,0
1.2.826.0.1.3680043.8.498.31482725509752510642857072190147133461,valid,0
1.2.826.0.1.3680043.8.498.31565705236407722278921437231164204914,valid,0
1.2.826.0.1.3680043.8.498.32321830776739689645700555055955725945,valid,12
1.2.826.0.1.3680043.8.498.32501049887140121289143479773995481982,valid,0
1.2.826.0.1.3680043.8.498.32742383730417896527915284404039812924,valid,0
1.2.826.0.1.3680043.8.498.32835080036019877751472792740274297358,valid,0
1.2.826.0.1.3680043.8.498.33114390259375873203134285352951765534,valid,0
1.2.826.0.1.3680043.8.498.33419086668421177906530808458004386826,valid,0
1.2.826.0.1.3680043.8.498.33834227140201599591317512187502720859,valid,0
1.2.826.0.1.3680043.8.498.33990091057243328830745904178686745167,valid,0
1.2.826.0.1.3680043.8.498.34404554752241524210538769325381023947,valid,0
1.2.826.0.1.3680043.8.498.34433343440016591348979084714300062954,valid,0
1.2.826.0.1.3680043.8.498.34895742092137516664772577251243433579,valid,0
1.2.826.0.1.3680043.8.498.35542843700847404584397532402313561503,valid,0
1.2.826.0.1.3680043.8.498.35790589718590759254855277551289842944,valid,0
1.2.826.0.1.3680043.8.498.36035264348264378094569428634302238394,valid,0
1.2.826.0.1.3680043.8.498.36314809560682514762544085885005264167,valid,0
1.2.826.0.1.3680043.8.498.36521162836904095186654423648490092035,valid,0
1.2.826.0.1.3680043.8.498.36743562653862381001280112332273495985,valid,0
1.2.826.0.1.3680043.8.498.37030593568962187244853961673610373876,valid,0
1.2.826.0.1.3680043.8.498.37040910196459054543310335064167212742,valid,12
1.2.826.0.1.3680043.8.498.37057548998853865829402084168010676727,valid,0
1.2.826.0.1.3680043.8.498.37147839676713817130306478240352601535,valid,0
1.2.826.0.1.3680043.8.498.37257728513136112802363958568529758895,valid,0
1.2.826.0.1.3680043.8.498.37347132459817985668038603215490355489,valid,0
1.2.826.0.1.3680043.8.498.37392127307867238524251864751713143683,valid,12
1.2.826.0.1.3680043.8.498.37558426555271635608942179071280432530,valid,0
1.2.826.0.1.3680043.8.498.37633035024065331400434438202028794597,valid,0
1.2.826.0.1.3680043.8.498.38013372055010421273425628837282557767,valid,0
1.2.826.0.1.3680043.8.498.38584486469155131627808759862008577200,valid,0
1.2.826.0.1.3680043.8.498.38591915802992557518846862828618375715,valid,0
1.2.826.0.1.3680043.8.498.38593351637971248239815933638950449587,valid,0
1.2.826.0.1.3680043.8.498.38655145317957160440692625317823254736,valid,0
1.2.826.0.1.3680043.8.498.38702677049080452580748506476598606517,valid,0
1.2.826.0.1.3680043.8.498.38844149478205202385909887748058004820,valid,0
1.2.826.0.1.3680043.8.498.38893522232848525819919092148478879455,valid,0
1.2.826.0.1.3680043.8.498.38898732985465285166803609252960353405,valid,0
1.2.826.0.1.3680043.8.498.39135770176150551756142329948474103964,valid,0
1.2.826.0.1.3680043.8.498.39500553372517290823815606829518305500,valid,12
1.2.826.0.1.3680043.8.498.39787654910948635229369478006027304578,valid,0
1.2.826.0.1.3680043.8.498.40372643537313871452054321931253684619,valid,0
1.2.826.0.1.3680043.8.498.40765829900885943055669918091033014654,valid,0
1.2.826.0.1.3680043.8.498.40994616246264625946610553907227975893,valid,0
1.2.826.0.1.3680043.8.498.41600498783384864111179175518614837125,valid,12
1.2.826.0.1.3680043.8.498.41623512571866040054960002151226127775,valid,0
1.2.826.0.1.3680043.8.498.42057349781448469704191384429694247725,valid,0
1.2.826.0.1.3680043.8.498.42221373360893091454504422964928099406,valid,0
1.2.826.0.1.3680043.8.498.42389063782063360163798575455522539633,valid,0
1.2.826.0.1.3680043.8.498.42396216793489016293032290339618185275,valid,0
1.2.826.0.1.3680043.8.498.42965031665568825650795822006244115609,valid,0
1.2.826.0.1.3680043.8.498.43046713539641995841029654207663845887,valid,0
1.2.826.0.1.3680043.8.498.44654558140536370040701171884970036040,valid,0
1.2.826.0.1.3680043.8.498.44792591585917525576461101442761037507,valid,0
1.2.826.0.1.3680043.8.498.45059917085750212913588683242522799083,valid,0
1.2.826.0.1.3680043.8.498.45367987334597713963053051542179369641,valid,0
1.2.826.0.1.3680043.8.498.45368532788186860828867663606651818835,valid,0
1.2.826.0.1.3680043.8.498.45811964949115542204306831813385709206,valid,0
1.2.826.0.1.3680043.8.498.46407639440476738746130651250276012493,valid,0
1.2.826.0.1.3680043.8.498.46491051379327985199309365945879841064,valid,0
1.2.826.0.1.3680043.8.498.46700895961751940291334058396794206479,valid,0
1.2.826.0.1.3680043.8.498.46909729013880708074310736136355969956,valid,0
1.2.826.0.1.3680043.8.498.47036446751578280498105392189811189787,valid,0
1.2.826.0.1.3680043.8.498.47339093185444044578247608022398494955,valid,0
1.2.826.0.1.3680043.8.498.47666607805434428477774854287399691400,valid,0
1.2.826.0.1.3680043.8.498.47855330524708374523226349383799712473,valid,0
1.2.826.0.1.3680043.8.498.47921753480592595198052407850568677187,valid,12
1.2.826.0.1.3680043.8.498.48033467661219494489168041469309669510,valid,0
1.2.826.0.1.3680043.8.498.48348615349418615469875801439348424274,valid,12
1.2.826.0.1.3680043.8.498.48918090379630186340047006216221526186,valid,0
1.2.826.0.1.3680043.8.498.48946580946665031852355005294734101132,valid,12
1.2.826.0.1.3680043.8.498.49025249926859976858200443939208207124,valid,0
1.2.826.0.1.3680043.8.498.49094276335794811195117175603556929507,valid,0
1.2.826.0.1.3680043.8.498.49880369313850883713947031303955494125,valid,0
1.2.826.0.1.3680043.8.498.49984662916977328110175445895515541267,valid,0
1.2.826.0.1.3680043.8.498.50248717336781045512984550029203786086,valid,0
1.2.826.0.1.3680043.8.498.50848799900564667487859253004538870622,valid,0
1.2.826.0.1.3680043.8.498.51427159850769972151411336025891779423,valid,0
1.2.826.0.1.3680043.8.498.51429653138043597611341459799295143598,valid,0
1.2.826.0.1.3680043.8.498.52010826440192227660457107121818389761,valid,0
1.2.826.0.1.3680043.8.498.52046170319252016846878355722404423329,valid,0
1.2.826.0.1.3680043.8.498.52347547859131274836026480407333415929,valid,0
1.2.826.0.1.3680043.8.498.52475562989926669452280424331791927661,valid,0
1.2.826.0.1.3680043.8.498.52636981391578580436180193211113340410,valid,0
1.2.826.0.1.3680043.8.498.53025489296610571044246428509154950855,valid,0
1.2.826.0.1.3680043.8.498.53528011450161116437223332448942321596,valid,0
1.2.826.0.1.3680043.8.498.53579416035647672067965892020505016454,valid,0
1.2.826.0.1.3680043.8.498.53963759852017695930808272438606800422,valid,0
1.2.826.0.1.3680043.8.498.54164004416963296439322252627774426375,valid,0
1.2.826.0.1.3680043.8.498.54628782412849994943720963251113534589,valid,0
1.2.826.0.1.3680043.8.498.54866613282412053616997257524944654864,valid,0
1.2.826.0.1.3680043.8.498.54977581323931277817074741182670080450,valid,12
1.2.826.0.1.3680043.8.498.55015061060346597564205577461227720715,valid,0
1.2.826.0.1.3680043.8.498.55065105486648830377200570585789726800,valid,0
1.2.826.0.1.3680043.8.498.56512564464301544960446419143135447363,valid,12
1.2.826.0.1.3680043.8.498.56762592839620371588520593573846414860,valid,0
1.2.826.0.1.3680043.8.498.57091203959244495164081406481825915856,valid,0
1.2.826.0.1.3680043.8.498.57160448024145680660335079050450776852,valid,0
1.2.826.0.1.3680043.8.498.57491375928585600499323136123872536597,valid,0
1.2.826.0.1.3680043.8.498.57882532838957577543516026386452055977,valid,0
1.2.826.0.1.3680043.8.498.58835863392949696556026907211309159182,valid,0
1.2.826.0.1.3680043.8.498.58888406752590566453001353089284177456,valid,0
1.2.826.0.1.3680043.8.498.59483999067816153759785789654766826710,valid,12
1.2.826.0.1.3680043.8.498.59527896591755229337596505685198957637,valid,0
1.2.826.0.1.3680043.8.498.60227430483444032531479844365716485643,valid,0
1.2.826.0.1.3680043.8.498.60611146141493700985009985723275645474,valid,0
1.2.826.0.1.3680043.8.498.61148667330113929729568621580194520169,valid,0
1.2.826.0.1.3680043.8.498.61529451559250327125552112075119161933,valid,0
1.2.826.0.1.3680043.8.498.61904856234837992279531381374350177464,valid,0
1.2.826.0.1.3680043.8.498.61956863718716027369068406125965902569,valid,0
1.2.826.0.1.3680043.8.498.62030472630193758412620945408364583008,valid,0
1.2.826.0.1.3680043.8.498.62251470468640645490157592046417355534,valid,0
1.2.826.0.1.3680043.8.498.62400371770962739002393364782172386752,valid,0
1.2.826.0.1.3680043.8.498.62465595376489211274225312453216559395,valid,12
1.2.826.0.1.3680043.8.498.62549354677638403845904556149868367236,valid,12
1.2.826.0.1.3680043.8.498.63069333313670617776227577192591993067,valid,0
1.2.826.0.1.3680043.8.498.63242029756172180508167933519465902827,valid,0
1.2.826.0.1.3680043.8.498.63279205896049798083339413931561428540,valid,0
1.2.826.0.1.3680043.8.498.64240637244650029205175793729578897734,valid,0
1.2.826.0.1.3680043.8.498.64408609256163127278435484217683272910,valid,12
1.2.826.0.1.3680043.8.498.64703506772167798469048460791472465039,valid,12
1.2.826.0.1.3680043.8.498.65438121008780366054026567981577676554,valid,0
1.2.826.0.1.3680043.8.498.65547889329285432771702699287910809921,valid,0
1.2.826.0.1.3680043.8.498.65708905118633339771181857781063784327,valid,12
1.2.826.0.1.3680043.8.498.65977711270942843864266358352913175672,valid,0
1.2.826.0.1.3680043.8.498.66022464665791424345622894674375661089,valid,0
1.2.826.0.1.3680043.8.498.66083855405250624607521810369199218887,valid,0
1.2.826.0.1.3680043.8.498.66960891947495601371173426277430301127,valid,0
1.2.826.0.1.3680043.8.498.67188121544063723837669983597453941774,valid,12
1.2.826.0.1.3680043.8.498.67238774585857531338533947812568490258,valid,0
1.2.826.0.1.3680043.8.498.67397756161011684282778294948252031539,valid,0
1.2.826.0.1.3680043.8.498.67468397709097947104298147948850473142,valid,0
1.2.826.0.1.3680043.8.498.67690090498828405347380696553164435363,valid,0
1.2.826.0.1.3680043.8.498.67775301856843451215029610725114809378,valid,0
1.2.826.0.1.3680043.8.498.67788047649994083591931245362169694306,valid,0
1.2.826.0.1.3680043.8.498.67958551704692248657133951054036903879,valid,0
1.2.826.0.1.3680043.8.498.68079818232244983808025467536454890669,valid,0
1.2.826.0.1.3680043.8.498.68142054543837964766571710567214307830,valid,0
1.2.826.0.1.3680043.8.498.68304853223764870957854101604223809218,valid,0
1.2.826.0.1.3680043.8.498.68578659816221770558506780445608768600,valid,0
1.2.826.0.1.3680043.8.498.68707023438918237611039069622720041636,valid,0
1.2.826.0.1.3680043.8.498.68806105227826942108149090508198910591,valid,0
1.2.826.0.1.3680043.8.498.68969263295435881669720950631709959471,valid,0
1.2.826.0.1.3680043.8.498.69002590469755721401448924002989552840,valid,0
1.2.826.0.1.3680043.8.498.69236835611860340913671698884308946455,valid,0
1.2.826.0.1.3680043.8.498.69392348385274125385290015404144639002,valid,12
1.2.826.0.1.3680043.8.498.69514709065182531331987458626496800737,valid,0
1.2.826.0.1.3680043.8.498.69673283369917182409597968479300552579,valid,0
1.2.826.0.1.3680043.8.498.69828573582708185393942443598783108800,valid,0
1.2.826.0.1.3680043.8.498.70478068758081824347762712452252763894,valid,0
1.2.826.0.1.3680043.8.498.70909154434106251910698870110315237266,valid,0
1.2.826.0.1.3680043.8.498.71084400653875583977681616665093993652,valid,0
1.2.826.0.1.3680043.8.498.71507059468810869004142324822642900237,valid,0
1.2.826.0.1.3680043.8.498.71671013221669628598634284971059228267,valid,0
1.2.826.0.1.3680043.8.498.71901039762584748047172479049347609017,valid,0
1.2.826.0.1.3680043.8.498.72237065473467452226073540784070938342,valid,0
1.2.826.0.1.3680043.8.498.72853333220043794904856138561095171921,valid,12
1.2.826.0.1.3680043.8.498.73033521237848260228708170280586043408,valid,0
1.2.826.0.1.3680043.8.498.73478948866451045346677275674140339803,valid,0
1.2.826.0.1.3680043.8.498.73527530686853911124431549317032662220,valid,12
1.2.826.0.1.3680043.8.498.73926443729786165628848843707532839995,valid,12
1.2.826.0.1.3680043.8.498.74714018385278253151175853998945654373,valid,0
1.2.826.0.1.3680043.8.498.75187434248356774277526985329346125190,valid,12
1.2.826.0.1.3680043.8.498.75268429892526831752484062674699274309,valid,0
1.2.826.0.1.3680043.8.498.75276563505367629340309025030148269450,valid,0
1.2.826.0.1.3680043.8.498.75670996863043899245632198549551296292,valid,0
1.2.826.0.1.3680043.8.498.75746520601616488682662195284941583868,valid,0
1.2.826.0.1.3680043.8.498.75760698509105388883811155432691667447,valid,0
1.2.826.0.1.3680043.8.498.75926011938952404257302292495731660728,valid,0
1.2.826.0.1.3680043.8.498.76093766204928582819565636658977147523,valid,0
1.2.826.0.1.3680043.8.498.76281930374588438789344170829280438697,valid,0
1.2.826.0.1.3680043.8.498.76993922254007307143291254174266755701,valid,0
1.2.826.0.1.3680043.8.498.77362718298550276679350855963451855003,valid,12
1.2.826.0.1.3680043.8.498.77370119801633353780677378448761665685,valid,0
1.2.826.0.1.3680043.8.498.77823946901144772346251781172043480398,valid,0
1.2.826.0.1.3680043.8.498.78072765790191594685273447833272737429,valid,0
1.2.826.0.1.3680043.8.498.78079900750417018394321006978343945239,valid,0
1.2.826.0.1.3680043.8.498.78465765647012043478539489340002371960,valid,0
1.2.826.0.1.3680043.8.498.78512215519177850923279235346968676828,valid,12
1.2.826.0.1.3680043.8.498.78757011872917563830995996191850541453,valid,0
1.2.826.0.1.3680043.8.498.79292862882980756453890778996691993351,valid,0
1.2.826.0.1.3680043.8.498.79551456190098389081551755482042135791,valid,0
1.2.826.0.1.3680043.8.498.79672421957132993896448375311641998688,valid,0
1.2.826.0.1.3680043.8.498.79829033430619597320769579608450393290,valid,0
1.2.826.0.1.3680043.8.498.79991838737793096019496013540529642900,valid,0
1.2.826.0.1.3680043.8.498.80058869639900582578987760750483296668,valid,0
1.2.826.0.1.3680043.8.498.80556515221794602430701573588498144286,valid,0
1.2.826.0.1.3680043.8.498.81495303185504163367736663647489556517,valid,0
1.2.826.0.1.3680043.8.498.81698411330214788362326470979160431674,valid,0
1.2.826.0.1.3680043.8.498.81738571920712657790861120957086010772,valid,0
1.2.826.0.1.3680043.8.498.82166943552764439138333504456139890254,valid,12
1.2.826.0.1.3680043.8.498.82548251499640077572026404183402934330,valid,0
1.2.826.0.1.3680043.8.498.82548952153746644951736669119607083230,valid,0
1.2.826.0.1.3680043.8.498.82858981777405241601610241542173548956,valid,0
1.2.826.0.1.3680043.8.498.83061811791652434833797599835671351097,valid,0
1.2.826.0.1.3680043.8.498.83121378128521985713113311344685112825,valid,0
1.2.826.0.1.3680043.8.498.83152040259754415849193046299744699239,valid,0
1.2.826.0.1.3680043.8.498.84347051904829814300575579670995018991,valid,0
1.2.826.0.1.3680043.8.498.84419297518873367123595080276985526259,valid,0
1.2.826.0.1.3680043.8.498.84630493975910180537831353884518764364,valid,0
1.2.826.0.1.3680043.8.498.85108719393967663738580518985514195538,valid,0
1.2.826.0.1.3680043.8.498.85475892602877115812059264719695919613,valid,0
1.2.826.0.1.3680043.8.498.85545102350084131396266710667808696561,valid,0
1.2.826.0.1.3680043.8.498.85646781189339988389190891868001374533,valid,0
1.2.826.0.1.3680043.8.498.85649172620970194090967653766415467836,valid,0
1.2.826.0.1.3680043.8.498.85976668143927055109184433855426232055,valid,0
1.2.826.0.1.3680043.8.498.85992037603186775437749979929724514304,valid,0
1.2.826.0.1.3680043.8.498.86239793008693746155478763153154040128,valid,0
1.2.826.0.1.3680043.8.498.86263264208309369957750915520115390972,valid,0
1.2.826.0.1.3680043.8.498.86341139705884690862568425859303870601,valid,0
1.2.826.0.1.3680043.8.498.86422343639522250286002195622435564347,valid,0
1.2.826.0.1.3680043.8.498.86435271359723045834079326733478538148,valid,0
1.2.826.0.1.3680043.8.498.86566584776908143877603164704838586097,valid,0
1.2.826.0.1.3680043.8.498.86968600239724310678905311244945464037,valid,12
1.2.826.0.1.3680043.8.498.87338030934656808032044071206920470285,valid,0
1.2.826.0.1.3680043.8.498.87415625824966124550466651648244553892,valid,0
1.2.826.0.1.3680043.8.498.87550037046735743504446944390018580426,valid,0
1.2.826.0.1.3680043.8.498.87769640167791104899516835133527936885,valid,0
1.2.826.0.1.3680043.8.498.88077418639301174409926781329613570435,valid,12
1.2.826.0.1.3680043.8.498.88114918358665488269761388157480523350,valid,0
1.2.826.0.1.3680043.8.498.88439732365857773633852840383740478214,valid,0
1.2.826.0.1.3680043.8.498.88480827968231439729532202780922145132,valid,0
1.2.826.0.1.3680043.8.498.88505044370271842163477475980178015566,valid,0
1.2.826.0.1.3680043.8.498.88655485247489827200671636011965281184,valid,0
1.2.826.0.1.3680043.8.498.88872155446935518174304990308380906112,valid,0
1.2.826.0.1.3680043.8.498.89074359486713340585710357399403393294,valid,0
1.2.826.0.1.3680043.8.498.89190511197564127079697151213577962649,valid,0
1.2.826.0.1.3680043.8.498.89584627944947813918297925813120247226,valid,0
1.2.826.0.1.3680043.8.498.90283565381042081768587894596970552767,valid,12
1.2.826.0.1.3680043.8.498.90340114291852810896219650388952790164,valid,0
1.2.826.0.1.3680043.8.498.91139126799820974665417903552066103454,valid,0
1.2.826.0.1.3680043.8.498.91391446167553025113367459399831345295,valid,0
1.2.826.0.1.3680043.8.498.91581717063042044543371480238854954692,valid,0
1.2.826.0.1.3680043.8.498.91611403539216247154562810076063878924,valid,0
1.2.826.0.1.3680043.8.498.92301915122994899889226415477164044164,valid,0
1.2.826.0.1.3680043.8.498.92407834172018110142589158281575319154,valid,0
1.2.826.0.1.3680043.8.498.92410537691481397330646029810090178745,valid,0
1.2.826.0.1.3680043.8.498.92650426727723557280117118587545413917,valid,0
1.2.826.0.1.3680043.8.498.92722393862174380736027353110424417588,valid,0
1.2.826.0.1.3680043.8.498.93344237572402384894445814841725878706,valid,0
1.2.826.0.1.3680043.8.498.93478919245462741704531324128061533679,valid,0
1.2.826.0.1.3680043.8.498.93653421810951484288813767943453706233,valid,0
1.2.826.0.1.3680043.8.498.93902628119199416703899320994283313812,valid,0
1.2.826.0.1.3680043.8.498.94433753471890306108089557761231739312,valid,12
1.2.826.0.1.3680043.8.498.95490888360439852685783476266753304657,valid,0
1.2.826.0.1.3680043.8.498.95638601079527306640829424921455011698,valid,0
1.2.826.0.1.3680043.8.498.95728724960383464194568391302477328450,valid,0
1.2.826.0.1.3680043.8.498.96051765028927322365509303222455708654,valid,0
1.2.826.0.1.3680043.8.498.96152894373838410779390571000523933753,valid,0
1.2.826.0.1.3680043.8.498.97274720257634584071500649275217521662,valid,12
1.2.826.0.1.3680043.8.498.97274847570547462056218828853253311223,valid,0
1.2.826.0.1.3680043.8.498.97400307568415006244714024769069514497,valid,0
1.2.826.0.1.3680043.8.498.97579738268290461886850261405719501384,valid,0
1.2.826.0.1.3680043.8.498.97964867333695657200856428936254426086,valid,0
1.2.826.0.1.3680043.8.498.98081486779628580946589119341754353354,valid,0
1.2.826.0.1.3680043.8.498.98255454187594895604610283922744869720,valid,0
1.2.826.0.1.3680043.8.498.98333658788330318335997032513277632526,valid,0
1.2.826.0.1.3680043.8.498.98824066826946884510314135448574304233,valid,0
1.2.826.0.1.3680043.8.498.99178010550062268668346041362629896201,valid,0
1.2.826.0.1.3680043.8.498.99243902497374852166139435719549686908,valid,0
1.2.826.0.1.3680043.8.498.99257151613846084492342083136797222759,valid,0
1.2.826.0.1.3680043.8.498.99309981642816644502709148844743995902,valid,0
