StudyInstanceUID,category,report_hash,report_status,evidence,meets_criteria,audit_reasons,disposition,status_correct,evidence_correct,negation_correct,anatomy_correct,severity_correct,temporal_correct,criteria_correct,reviewer,notes
1.2.826.0.1.3680043.8.498.10058298717414171145622092128156266866,ACL,25ed1b3348605063d91c719a951c175cdc4db5cdc05a9748c326dba0145eccd0,ABSENT,"[""Χιαστοί και πλάγιοι σύνδεσµοι απεικονίζονται εντός του φυσιολογικού.""]",NO,[],KEEP,PASS,PASS,PASS,PASS,PASS,PASS,PASS,GPT-6.1 Sol independent text reviewer A,交叉韧带明确正常，阴性范围涵盖ACL撕裂。
1.2.826.0.1.3680043.8.498.10058298717414171145622092128156266866,MCL,25ed1b3348605063d91c719a951c175cdc4db5cdc05a9748c326dba0145eccd0,ABSENT,"[""Χιαστοί και πλάγιοι σύνδεσµοι απεικονίζονται εντός του φυσιολογικού.""]",NO,[],KEEP,PASS,PASS,PASS,PASS,PASS,PASS,PASS,GPT-6.1 Sol independent text reviewer A,侧副韧带明确正常，涵盖MCL病变。
1.2.826.0.1.3680043.8.498.10058298717414171145622092128156266866,Medial Meniscus,25ed1b3348605063d91c719a951c175cdc4db5cdc05a9748c326dba0145eccd0,ABSENT,"[""Οι µηνίσκοι δεν παρουσιάζουν παθολογικά ευρήµατα.""]",NO,[],KEEP,PASS,PASS,PASS,PASS,PASS,PASS,PASS,GPT-6.1 Sol independent text reviewer A,半月板均无病理发现，内侧阴性有直接支持。
1.2.826.0.1.3680043.8.498.10058298717414171145622092128156266866,Lateral Meniscus,25ed1b3348605063d91c719a951c175cdc4db5cdc05a9748c326dba0145eccd0,ABSENT,"[""Οι µηνίσκοι δεν παρουσιάζουν παθολογικά ευρήµατα.""]",NO,[],KEEP,PASS,PASS,PASS,PASS,PASS,PASS,PASS,GPT-6.1 Sol independent text reviewer A,半月板均无病理发现，外侧阴性有直接支持。
1.2.826.0.1.3680043.8.498.10058298717414171145622092128156266866,Medial OA,25ed1b3348605063d91c719a951c175cdc4db5cdc05a9748c326dba0145eccd0,ABSENT,"[""Ο αρθρικός χόνδρος σε έσω και έξω διαµέρισµα είναι φυσιολογικός.""]",NO,[],KEEP,PASS,PASS,PASS,PASS,PASS,PASS,PASS,GPT-6.1 Sol independent text reviewer A,内侧关节软骨正常，未将局部全层否定当全面阴性。
1.2.826.0.1.3680043.8.498.10058298717414171145622092128156266866,Lateral OA,25ed1b3348605063d91c719a951c175cdc4db5cdc05a9748c326dba0145eccd0,ABSENT,"[""Ο αρθρικός χόνδρος σε έσω και έξω διαµέρισµα είναι φυσιολογικός.""]",NO,[],KEEP,PASS,PASS,PASS,PASS,PASS,PASS,PASS,GPT-6.1 Sol independent text reviewer A,外侧关节软骨正常，直接支持该间室阴性。
1.2.826.0.1.3680043.8.498.10058298717414171145622092128156266866,PF OA,25ed1b3348605063d91c719a951c175cdc4db5cdc05a9748c326dba0145eccd0,PRESENT,"[""Ευµέγεθες περίπου 1,5cm, οστεοχόνδρινο ξένο σώµα παρατηρείται στο έσω κόλπωµα της αρθρικής κοιλότητας."",""Η βλάβη έχει αποσπαστεί από την έσω µοίρα της µεσότητας της επιγονατίδας η οποία έχει µορφολογία Wiberg II.""]",UNKNOWN,"[""criteria_anatomy_severity_extent_or_timing_insufficient"",""llm_review:Degenerative etiology and acute/chronic timing are unspecified."",""llm_review:Patellar osteochondral detachment is described, but cartilage loss depth and donor-site extent are not quantified."",""llm_review:The approximately 1.5 cm measurement belongs to the loose body and cannot establish cartilage defect extent.""]",KEEP,PASS,PASS,PASS,PASS,PASS,PASS,PASS,GPT-6.1 Sol independent text reviewer A,髌骨骨软骨游离体脱离，供区深度及范围不详；1.5cm为游离体大小，维持未知并已屏蔽。
1.2.826.0.1.3680043.8.498.10058298717414171145622092128156266866,Effusion,25ed1b3348605063d91c719a951c175cdc4db5cdc05a9748c326dba0145eccd0,PRESENT,"[""Μικρό ύδραρθρο σηµειούται στην άρθρωση του γόνατος.""]",NO,"[""explicit_subthreshold_or_alternative""]",KEEP,PASS,PASS,PASS,PASS,PASS,PASS,PASS,GPT-6.1 Sol independent text reviewer A,原文仅小量关节液，未扩大为中大量阳性。
1.2.826.0.1.3680043.8.498.10058298717414171145622092128156266866,Synovitis,25ed1b3348605063d91c719a951c175cdc4db5cdc05a9748c326dba0145eccd0,NOT_MENTIONED,[],UNKNOWN,[],KEEP,PASS,PASS,PASS,PASS,PASS,PASS,PASS,GPT-6.1 Sol independent text reviewer A,原文未谈滑膜炎；关节液未被推成滑膜炎。
1.2.826.0.1.3680043.8.498.10058298717414171145622092128156266866,Baker's,25ed1b3348605063d91c719a951c175cdc4db5cdc05a9748c326dba0145eccd0,NOT_MENTIONED,[],UNKNOWN,[],KEEP,PASS,PASS,PASS,PASS,PASS,PASS,PASS,GPT-6.1 Sol independent text reviewer A,原文未谈典型腘窝囊肿，保留未知。
1.2.826.0.1.3680043.8.498.10058298717414171145622092128156266866,Contusion,25ed1b3348605063d91c719a951c175cdc4db5cdc05a9748c326dba0145eccd0,NOT_MENTIONED,[],UNKNOWN,[],KEEP,PASS,PASS,PASS,PASS,PASS,PASS,PASS,GPT-6.1 Sol independent text reviewer A,髂胫束旁软组织水肿未误作骨挫伤；未描述创伤性骨髓水肿。
1.2.826.0.1.3680043.8.498.10058298717414171145622092128156266866,Fracture,25ed1b3348605063d91c719a951c175cdc4db5cdc05a9748c326dba0145eccd0,UNCERTAIN,"[""Η βλάβη έχει αποσπαστεί από την έσω µοίρα της µεσότητας της επιγονατίδας η οποία έχει µορφολογία Wiberg II."",""Ξένο σώµα οστεοχόνδρινης σύστασης στο έσω πλάγιο κόλπωµα της άρθρωσης, αποσπασθέν από την επιγονατίδα.""]",UNKNOWN,"[""llm_review:An osteochondral fragment detached from the patella is described; an acute fracture diagnosis, fracture line, and injury timing are not specified."",""uncertain_report""]",KEEP,PASS,PASS,PASS,PASS,PASS,PASS,PASS,GPT-6.1 Sol independent text reviewer A,骨软骨块脱离但无当前急性骨折线及时间，保留不确定并已屏蔽。
1.2.826.0.1.3680043.8.498.10147180484860577398303524379319212586,ACL,11cb3bba6623f22527640f68aad4a63e38db100063015bf3b756597f82daee6c,PRESENT,"[""Anterior çapraz bağda mukoid dejenerasyona sekonder diffüz kalınlaşma ve sinyal artışı izlenmiştir.""]",NO,"[""explicit_subthreshold_or_alternative"",""llm_review:Mucoid degeneration is subthreshold; no definite high-grade tear is described."",""llm_review:Timing is unspecified.""]",KEEP,PASS,PASS,PASS,PASS,PASS,PASS,PASS,GPT-6.1 Sol independent text reviewer A,ACL黏液样变性及增厚信号改变，未误作高级别撕裂。
1.2.826.0.1.3680043.8.498.10147180484860577398303524379319212586,MCL,11cb3bba6623f22527640f68aad4a63e38db100063015bf3b756597f82daee6c,PRESENT,"[""Medial kollateral ligamende periligamentöz ödem izlenmiştir."",""Medial kollateral ligamande grade I sprain.""]",NO,"[""explicit_subthreshold_or_alternative"",""llm_review:Acute timing is not explicitly established."",""llm_review:Grade I sprain is subthreshold."",""timing_or_trauma_review""]",KEEP,PASS,PASS,PASS,PASS,PASS,PASS,PASS,GPT-6.1 Sol independent text reviewer A,明确MCL一级扭伤，低于急性高级别撕裂阈值，未推断时效。
1.2.826.0.1.3680043.8.498.10147180484860577398303524379319212586,Medial Meniscus,11cb3bba6623f22527640f68aad4a63e38db100063015bf3b756597f82daee6c,PRESENT,"[""Medial menisküs diz ekleminde 3.5 mm mediale ekstrüdedir."",""Menisküste volüm kaybı, posterior horn ve gövde kesimde grade III dejenerasyon izlenmiştir."",""Medial menisküste volüm kaybı, medial ekstrüzyon ve grade III meniskopatiler.""]",UNKNOWN,"[""criteria_anatomy_severity_extent_or_timing_insufficient"",""history_or_postoperative_scope_review"",""llm_review:Grade III degeneration/meniscopathy is reported without an explicit tear diagnosis or defined grading convention."",""llm_review:Timing is unspecified."",""llm_review:Volume loss and extrusion do not independently establish a tear.""]",KEEP,PASS,PASS,PASS,PASS,PASS,PASS,PASS,GPT-6.1 Sol independent text reviewer A,内侧III级退变、体积减少和挤出并无明确撕裂诊断，UNKNOWN已屏蔽。
1.2.826.0.1.3680043.8.498.10147180484860577398303524379319212586,Lateral Meniscus,11cb3bba6623f22527640f68aad4a63e38db100063015bf3b756597f82daee6c,PRESENT,"[""Lateral menisküs anterior hornu ve gövde kesimde grade II dejenerasyon izlenmiştir."",""Lateral menisküste grade II meniskopati.""]",NO,"[""explicit_subthreshold_or_alternative"",""llm_review:Grade II degeneration is subthreshold; no definite tear diagnosis is reported."",""llm_review:Timing is unspecified.""]",KEEP,PASS,PASS,PASS,PASS,PASS,PASS,PASS,GPT-6.1 Sol independent text reviewer A,外侧II级退变，支持内部退变低于撕裂标准。
1.2.826.0.1.3680043.8.498.10147180484860577398303524379319212586,Medial OA,11cb3bba6623f22527640f68aad4a63e38db100063015bf3b756597f82daee6c,PRESENT,"[""Tibiofemoral eklem medialde eklem aralığında daralma, ekleme komşu femur medial kondilde subkondral milimetrik kistler ve ödem izlenmiştir."",""Bu düzeyde femoral ve tibial kartilajda incelme ve destrüksiyon izlenmiştir."",""bulgular dejeneratif artrit lehine yorumlandı.""]",UNKNOWN,"[""criteria_anatomy_severity_extent_or_timing_insufficient"",""llm_review:Medial cartilage thinning and destruction are reported, but percentage thickness loss and cartilage lesion extent are unspecified."",""llm_review:Millimetric measurements refer to subchondral cysts, not cartilage loss extent.""]",KEEP,PASS,PASS,PASS,PASS,PASS,PASS,PASS,GPT-6.1 Sol independent text reviewer A,内侧软骨变薄破坏但未量化厚度比例或范围；毫米级囊肿非软骨长度。
1.2.826.0.1.3680043.8.498.10147180484860577398303524379319212586,Lateral OA,11cb3bba6623f22527640f68aad4a63e38db100063015bf3b756597f82daee6c,PRESENT,"[""Diz eklemini oluşturan her üç kompartmanda santral-marjinal osteofit formasyonu izlenmiştir."",""Gonartroz""]",UNKNOWN,"[""criteria_anatomy_severity_extent_or_timing_insufficient"",""llm_review:Tricompartmental osteophytes support lateral degenerative disease, but lateral cartilage loss depth and extent are not reported.""]",KEEP,PASS,PASS,PASS,PASS,PASS,PASS,PASS,GPT-6.1 Sol independent text reviewer A,三间室骨赘涵盖外侧，但无外侧软骨双阈值，保持未知。
1.2.826.0.1.3680043.8.498.10147180484860577398303524379319212586,PF OA,11cb3bba6623f22527640f68aad4a63e38db100063015bf3b756597f82daee6c,PRESENT,"[""Diz eklemini oluşturan her üç kompartmanda santral-marjinal osteofit formasyonu izlenmiştir."",""Gonartroz""]",UNKNOWN,"[""criteria_anatomy_severity_extent_or_timing_insufficient"",""llm_review:Tricompartmental osteophytes support patellofemoral degenerative disease, but patellofemoral cartilage loss depth and extent are not reported.""]",KEEP,PASS,PASS,PASS,PASS,PASS,PASS,PASS,GPT-6.1 Sol independent text reviewer A,三间室骨赘涵盖髌股，但无髌股软骨深度及范围，保持未知。
1.2.826.0.1.3680043.8.498.10147180484860577398303524379319212586,Effusion,11cb3bba6623f22527640f68aad4a63e38db100063015bf3b756597f82daee6c,PRESENT,"[""Suprapatellar bursa ve diz eklem mesafesinde sıvı artışı izlenmektedir.""]",UNKNOWN,"[""criteria_anatomy_severity_extent_or_timing_insufficient"",""llm_review:Intra-articular fluid is increased, but volume severity and joint distension are unspecified."",""llm_review:Timing is unspecified.""]",KEEP,PASS,PASS,PASS,PASS,PASS,PASS,PASS,GPT-6.1 Sol independent text reviewer A,关节液增多但未量化及未说明膨胀，未强行达标。
1.2.826.0.1.3680043.8.498.10147180484860577398303524379319212586,Synovitis,11cb3bba6623f22527640f68aad4a63e38db100063015bf3b756597f82daee6c,PRESENT,"[""diz ekleminde sinovit""]",YES,"[""llm_review:Severity and timing are unspecified.""]",KEEP,PASS,PASS,PASS,PASS,PASS,PASS,PASS,GPT-6.1 Sol independent text reviewer A,结论直接诊断膝滑膜炎，阳性来自直接文字而非由积液推断。
1.2.826.0.1.3680043.8.498.10147180484860577398303524379319212586,Baker's,11cb3bba6623f22527640f68aad4a63e38db100063015bf3b756597f82daee6c,NOT_MENTIONED,[],UNKNOWN,[],KEEP,PASS,PASS,PASS,PASS,PASS,PASS,PASS,GPT-6.1 Sol independent text reviewer A,未提及腘窝囊肿，保持未知。
1.2.826.0.1.3680043.8.498.10147180484860577398303524379319212586,Contusion,11cb3bba6623f22527640f68aad4a63e38db100063015bf3b756597f82daee6c,UNCERTAIN,"[""Tibia interkondiler eminens anterior çapraz bağ yapışma düzeyinde medüller kemik iliğinde ödem ile uyumlu sinyal değişikliği izlenmiştir."",""Tibiofemoral eklem medialde eklem aralığında daralma, ekleme komşu femur medial kondilde subkondral milimetrik kistler ve ödem izlenmiştir."",""bulgular dejeneratif artrit lehine yorumlandı.""]",UNKNOWN,"[""llm_review:Medial femoral subchondral edema accompanies degenerative arthritis; the cause of tibial edema is unspecified."",""llm_review:Tibial marrow edema is reported without a traumatic attribution or explicit exclusion of a fracture line."",""llm_review:Timing is unspecified."",""uncertain_report""]",KEEP,PASS,PASS,PASS,PASS,PASS,PASS,PASS,GPT-6.1 Sol independent text reviewer A,胫骨骨髓水肿原因不详，股骨退行性软骨下水肿未误作创伤挫伤；UNKNOWN合理。
1.2.826.0.1.3680043.8.498.10147180484860577398303524379319212586,Fracture,11cb3bba6623f22527640f68aad4a63e38db100063015bf3b756597f82daee6c,NOT_MENTIONED,[],UNKNOWN,[],KEEP,PASS,PASS,PASS,PASS,PASS,PASS,PASS,GPT-6.1 Sol independent text reviewer A,原文未描述骨折线或骨折诊断，保持未提及而不填阴性。
1.2.826.0.1.3680043.8.498.10603952065748622499432940419853732241,ACL,2e0fc967fca966dd40866015156c6053967baf754a927f950019b6890ee2f5d1,ABSENT,"[""Kruisbanden en laterale banden intact.""]",NO,[],KEEP,PASS,PASS,PASS,PASS,PASS,PASS,PASS,GPT-6.1 Sol independent text reviewer A,交叉韧带完整，支持ACL全面阴性。
1.2.826.0.1.3680043.8.498.10603952065748622499432940419853732241,MCL,2e0fc967fca966dd40866015156c6053967baf754a927f950019b6890ee2f5d1,NOT_MENTIONED,[],UNKNOWN,"[""llm_review:The statement about lateral ligaments does not explicitly identify the MCL.""]",KEEP,PASS,PASS,PASS,PASS,PASS,PASS,PASS,GPT-6.1 Sol independent text reviewer A,laterale banden未单独指明内侧副韧带，保守保留未知，未扩大解剖范围。
1.2.826.0.1.3680043.8.498.10603952065748622499432940419853732241,Medial Meniscus,2e0fc967fca966dd40866015156c6053967baf754a927f950019b6890ee2f5d1,ABSENT,"[""Normaal voorkomen menisci.""]",NO,[],KEEP,PASS,PASS,PASS,PASS,PASS,PASS,PASS,GPT-6.1 Sol independent text reviewer A,半月板正常外观，涵盖内侧半月板阴性。
1.2.826.0.1.3680043.8.498.10603952065748622499432940419853732241,Lateral Meniscus,2e0fc967fca966dd40866015156c6053967baf754a927f950019b6890ee2f5d1,ABSENT,"[""Normaal voorkomen menisci.""]",NO,[],KEEP,PASS,PASS,PASS,PASS,PASS,PASS,PASS,GPT-6.1 Sol independent text reviewer A,半月板正常外观，涵盖外侧半月板阴性。
1.2.826.0.1.3680043.8.498.10603952065748622499432940419853732241,Medial OA,2e0fc967fca966dd40866015156c6053967baf754a927f950019b6890ee2f5d1,NOT_MENTIONED,[],UNKNOWN,[],KEEP,PASS,PASS,PASS,PASS,PASS,PASS,PASS,GPT-6.1 Sol independent text reviewer A,仅髌股软骨病变，未讨论内侧胫股软骨，维持未知。
1.2.826.0.1.3680043.8.498.10603952065748622499432940419853732241,Lateral OA,2e0fc967fca966dd40866015156c6053967baf754a927f950019b6890ee2f5d1,NOT_MENTIONED,[],UNKNOWN,[],KEEP,PASS,PASS,PASS,PASS,PASS,PASS,PASS,GPT-6.1 Sol independent text reviewer A,髌骨外侧面属髌股间室，未误放到外侧胫股OA。
1.2.826.0.1.3680043.8.498.10603952065748622499432940419853732241,PF OA,2e0fc967fca966dd40866015156c6053967baf754a927f950019b6890ee2f5d1,PRESENT,"[""Meerdere diepe kraakbeen fissuren centraal op de crista patellaris en laterale facet van de patella"",""Matig femoropatellair kraakbeenlijden graad 3.""]",UNKNOWN,"[""criteria_anatomy_severity_extent_or_timing_insufficient"",""llm_review:Cartilage lesion extent is not measured."",""llm_review:Grade 3 grading convention is unspecified; deep fissures do not quantify percentage thickness loss."",""llm_review:Timing is unspecified.""]",KEEP,PASS,PASS,PASS,PASS,PASS,PASS,PASS,GPT-6.1 Sol independent text reviewer A,髌股中度三级病变及深裂隙，分级体系和病变长度不详，未强行双阈值达标。
1.2.826.0.1.3680043.8.498.10603952065748622499432940419853732241,Effusion,2e0fc967fca966dd40866015156c6053967baf754a927f950019b6890ee2f5d1,PRESENT,"[""Matige opzetting van suprapatellaire recessus."",""Matige hydrops.""]",YES,[],KEEP,PASS,PASS,PASS,PASS,PASS,PASS,PASS,GPT-6.1 Sol independent text reviewer A,中量积液并明确髌上隐窝扩张，两个条件均由当前原文支持。
1.2.826.0.1.3680043.8.498.10603952065748622499432940419853732241,Synovitis,2e0fc967fca966dd40866015156c6053967baf754a927f950019b6890ee2f5d1,NOT_MENTIONED,[],UNKNOWN,[],KEEP,PASS,PASS,PASS,PASS,PASS,PASS,PASS,GPT-6.1 Sol independent text reviewer A,未描述滑膜炎或增厚，未由hydrops推出滑膜炎。
1.2.826.0.1.3680043.8.498.10603952065748622499432940419853732241,Baker's,2e0fc967fca966dd40866015156c6053967baf754a927f950019b6890ee2f5d1,PRESENT,"[""Volumineuze Bakerse cyste, met recente ruptuur en vochtinfiltratie langsheen de oppervlakte van de musculus gastrocnemius medialis"",""Volumineuze bakercyste, met recente ruptuur.""]",YES,[],KEEP,PASS,PASS,PASS,PASS,PASS,PASS,PASS,GPT-6.1 Sol independent text reviewer A,明确大体积Baker囊肿且近期破裂，命名支持典型部位，量级及时效正确。
1.2.826.0.1.3680043.8.498.10603952065748622499432940419853732241,Contusion,2e0fc967fca966dd40866015156c6053967baf754a927f950019b6890ee2f5d1,UNCERTAIN,"[""Meerdere diepe kraakbeen fissuren centraal op de crista patellaris en laterale facet van de patella, gepaard gaand met beperkt botoedeem op de onderpool van de patella.""]",UNKNOWN,"[""llm_review:Edema etiology, timing, and absence of a fracture line at the lesion are not explicitly established."",""llm_review:Patellar bone edema accompanies cartilage fissures; traumatic contusion is not diagnosed."",""uncertain_report""]",KEEP,PASS,PASS,PASS,PASS,PASS,PASS,PASS,GPT-6.1 Sol independent text reviewer A,髌骨下极有限骨水肿伴软骨裂隙，未直接确诊创伤挫伤，UNKNOWN已屏蔽。
1.2.826.0.1.3680043.8.498.10603952065748622499432940419853732241,Fracture,2e0fc967fca966dd40866015156c6053967baf754a927f950019b6890ee2f5d1,NOT_MENTIONED,[],UNKNOWN,[],KEEP,PASS,PASS,PASS,PASS,PASS,PASS,PASS,GPT-6.1 Sol independent text reviewer A,未谈骨折，未把骨水肿或囊肿破裂视为骨折。
1.2.826.0.1.3680043.8.498.11282706861378379965012380644125662529,ACL,9b84079cdb32c3038678a3b76fe0ec88bf4b77fbfe1ce319a56234cd3c725926,UNCERTAIN,"[""There is thickening hyperintense strands in the proximal to distal ACL."",""Probably intrasubstance partial tear ACL""]",UNKNOWN,"[""llm_review:Partial tear is described as probable; high-grade involvement and timing are unspecified."",""uncertain_report""]",KEEP,PASS,PASS,PASS,PASS,PASS,PASS,PASS,GPT-6.1 Sol independent text reviewer A,可能ACL实质内部分撕裂，未指定高级别，保留UNCERTAIN并屏蔽。
1.2.826.0.1.3680043.8.498.11282706861378379965012380644125662529,MCL,9b84079cdb32c3038678a3b76fe0ec88bf4b77fbfe1ce319a56234cd3c725926,ABSENT,"[""MCL is intact.""]",NO,[],KEEP,PASS,PASS,PASS,PASS,PASS,PASS,PASS,GPT-6.1 Sol independent text reviewer A,MCL明确完整，全面阴性支持未越界。
1.2.826.0.1.3680043.8.498.11282706861378379965012380644125662529,Medial Meniscus,9b84079cdb32c3038678a3b76fe0ec88bf4b77fbfe1ce319a56234cd3c725926,UNCERTAIN,"[""Hyperintense along posterior meniscocapsular region is noted."",""Probably posterior meniscocapsular injury of the medial meniscus""]",UNKNOWN,"[""history_or_postoperative_scope_review"",""llm_review:Probable meniscocapsular injury does not establish a definite meniscal tear; severity and timing are unspecified."",""uncertain_report""]",KEEP,PASS,PASS,PASS,PASS,PASS,PASS,PASS,GPT-6.1 Sol independent text reviewer A,可能内侧后方半月板囊连接损伤，未扩大为确定半月板撕裂。
1.2.826.0.1.3680043.8.498.11282706861378379965012380644125662529,Lateral Meniscus,9b84079cdb32c3038678a3b76fe0ec88bf4b77fbfe1ce319a56234cd3c725926,ABSENT,"[""Lateral meniscus is not torn.""]",NO,[],KEEP,PASS,PASS,PASS,PASS,PASS,PASS,PASS,GPT-6.1 Sol independent text reviewer A,明确外侧半月板未撕裂，支持阴性。
1.2.826.0.1.3680043.8.498.11282706861378379965012380644125662529,Medial OA,9b84079cdb32c3038678a3b76fe0ec88bf4b77fbfe1ce319a56234cd3c725926,NOT_MENTIONED,[],UNKNOWN,[],KEEP,PASS,PASS,PASS,PASS,PASS,PASS,PASS,GPT-6.1 Sol independent text reviewer A,未单独描述内侧胫股软骨；未将无骨软骨病变硬推全面OA阴性。
1.2.826.0.1.3680043.8.498.11282706861378379965012380644125662529,Lateral OA,9b84079cdb32c3038678a3b76fe0ec88bf4b77fbfe1ce319a56234cd3c725926,NOT_MENTIONED,[],UNKNOWN,[],KEEP,PASS,PASS,PASS,PASS,PASS,PASS,PASS,GPT-6.1 Sol independent text reviewer A,未单独描述外侧胫股软骨；骨挫伤部位不等于OA。
1.2.826.0.1.3680043.8.498.11282706861378379965012380644125662529,PF OA,9b84079cdb32c3038678a3b76fe0ec88bf4b77fbfe1ce319a56234cd3c725926,ABSENT,"[""The PF joint and joint surface are preserved.""]",NO,[],KEEP,PASS,PASS,PASS,PASS,PASS,PASS,PASS,GPT-6.1 Sol independent text reviewer A,髌股关节及关节面保持正常，直接支持该间室阴性。
1.2.826.0.1.3680043.8.498.11282706861378379965012380644125662529,Effusion,9b84079cdb32c3038678a3b76fe0ec88bf4b77fbfe1ce319a56234cd3c725926,PRESENT,"[""Minimal joint effusion is seen.""]",NO,"[""explicit_subthreshold_or_alternative"",""llm_review:Minimal effusion is below the moderate/large threshold.""]",KEEP,PASS,PASS,PASS,PASS,PASS,PASS,PASS,GPT-6.1 Sol independent text reviewer A,仅极少量积液，低于中大量阈值。
1.2.826.0.1.3680043.8.498.11282706861378379965012380644125662529,Synovitis,9b84079cdb32c3038678a3b76fe0ec88bf4b77fbfe1ce319a56234cd3c725926,NOT_MENTIONED,[],UNKNOWN,[],KEEP,PASS,PASS,PASS,PASS,PASS,PASS,PASS,GPT-6.1 Sol independent text reviewer A,未讨论滑膜炎，未由液体或邻近信号推断。
1.2.826.0.1.3680043.8.498.11282706861378379965012380644125662529,Baker's,9b84079cdb32c3038678a3b76fe0ec88bf4b77fbfe1ce319a56234cd3c725926,NOT_MENTIONED,[],UNKNOWN,[],KEEP,PASS,PASS,PASS,PASS,PASS,PASS,PASS,GPT-6.1 Sol independent text reviewer A,未提及腘窝囊肿，保持未知。
1.2.826.0.1.3680043.8.498.11282706861378379965012380644125662529,Contusion,9b84079cdb32c3038678a3b76fe0ec88bf4b77fbfe1ce319a56234cd3c725926,PRESENT,"[""Mild focal bone contusion at posterior lateral proximal tibia and mid lateral femoral condyle is noted."",""no definite fracture line noted.""]",YES,"[""history_or_postoperative_scope_review"",""llm_review:Timing is unspecified."",""negation_scope_review"",""timing_or_trauma_review""]",KEEP,PASS,PASS,PASS,PASS,PASS,PASS,PASS,GPT-6.1 Sol independent text reviewer A,明确轻度局灶骨挫伤且全报告无骨折线，骨挫伤无需中重度阈值；未误用ACL疑似诊断。
1.2.826.0.1.3680043.8.498.11282706861378379965012380644125662529,Fracture,9b84079cdb32c3038678a3b76fe0ec88bf4b77fbfe1ce319a56234cd3c725926,ABSENT,"[""no definite fracture line noted.""]",NO,[],KEEP,PASS,PASS,PASS,PASS,PASS,PASS,PASS,GPT-6.1 Sol independent text reviewer A,当前检查明确未见骨折线，未仅否定移位型骨折；阴性有文字支持。
1.2.826.0.1.3680043.8.498.11440217845998767853986099058965644463,ACL,1e86d4b01c6376b7af3e6b10d2156080d496e8026da1da1e18dd48e628bd53f2,ABSENT,"[""Prednji križni ligament se prati u kontinuitetu, bez znakova rupture, održane napetosti.""]",NO,[],KEEP,PASS,PASS,PASS,PASS,PASS,PASS,PASS,GPT-6.1 Sol independent text reviewer A,前交叉韧带连续且无撕裂征、张力保持，支持全面阴性。
1.2.826.0.1.3680043.8.498.11440217845998767853986099058965644463,MCL,1e86d4b01c6376b7af3e6b10d2156080d496e8026da1da1e18dd48e628bd53f2,PRESENT,"[""Medijalni kolateralni ligament je smanjene napetosti i izmjenjenog intenziteta signala pri\nfemoralnom hvatištu u smislu parcijalne rupture uz vidjiv formirani manji kalcifikat.""]",UNKNOWN,"[""criteria_anatomy_severity_extent_or_timing_insufficient"",""llm_review:Associated calcification is described; it does not establish injury age."",""llm_review:Partial tear is described without a high-grade designation or explicit acute timing."",""timing_or_trauma_review""]",KEEP,PASS,PASS,PASS,PASS,PASS,PASS,PASS,GPT-6.1 Sol independent text reviewer A,MCL股骨附着部分撕裂及钙化，未给高级别或急性，UNKNOWN未被修成阴性。
1.2.826.0.1.3680043.8.498.11440217845998767853986099058965644463,Medial Meniscus,1e86d4b01c6376b7af3e6b10d2156080d496e8026da1da1e18dd48e628bd53f2,PRESENT,"[""Kompleksna ruptura medijalnog mensika na prijelazu prednjeg roga u korupus, seže do obje\nartikulacijske povrišne uz vidljiv veći radijalni defekt meniska."",""Ekstruzija meniska van zglobne\npovršine za do 3mm.""]",YES,[],KEEP,PASS,PASS,PASS,PASS,PASS,PASS,PASS,GPT-6.1 Sol independent text reviewer A,明确内侧复杂撕裂达两关节面及径向缺损，直接满足撕裂诊断。
1.2.826.0.1.3680043.8.498.11440217845998767853986099058965644463,Lateral Meniscus,1e86d4b01c6376b7af3e6b10d2156080d496e8026da1da1e18dd48e628bd53f2,PRESENT,"[""Kompleksna ruptura prijelaza korupusa u stražnji rog lateralnog meniska koja seže u obje\nartikualcijske površine."",""Degenerativne promjene meniska.""]",YES,[],KEEP,PASS,PASS,PASS,PASS,PASS,PASS,PASS,GPT-6.1 Sol independent text reviewer A,明确外侧体后角交界复杂撕裂达两关节面，未被后续退变描述覆盖。
1.2.826.0.1.3680043.8.498.11440217845998767853986099058965644463,Medial OA,1e86d4b01c6376b7af3e6b10d2156080d496e8026da1da1e18dd48e628bd53f2,PRESENT,"[""Obostrano hondromalacija IV. femoralnih kondila\nuz manje zone priležećeg koštanog edema."",""Obostrano OA promjene FT""]",UNKNOWN,"[""criteria_anatomy_severity_extent_or_timing_insufficient"",""llm_review:Both femoral condyles and both FT compartments are described; compartment-specific lesion extent is missing."",""llm_review:The 7 x5mm measurement describes an intercondylar osteochondral lesion/subchondral cyst and cannot establish medial cartilage extent."",""llm_review:The cartilage grading convention is unspecified, so grade IV alone does not establish the required depth threshold.""]",KEEP,PASS,PASS,PASS,PASS,PASS,PASS,PASS,GPT-6.1 Sol independent text reviewer A,双侧股骨髁IV级软骨病变涉及内侧，但无面积长度；7x5mm为髁间骨软骨病变或囊肿。
1.2.826.0.1.3680043.8.498.11440217845998767853986099058965644463,Lateral OA,1e86d4b01c6376b7af3e6b10d2156080d496e8026da1da1e18dd48e628bd53f2,PRESENT,"[""Hondromalacija III° lateralnog tibijalnog platoa."",""Obostrano hondromalacija IV. femoralnih kondila\nuz manje zone priležećeg koštanog edema."",""Obostrano OA promjene FT""]",UNKNOWN,"[""criteria_anatomy_severity_extent_or_timing_insufficient"",""llm_review:Lateral cartilage lesion extent is not reported."",""llm_review:The cartilage grading convention is unspecified, so grades III/IV alone do not establish the required depth threshold.""]",KEEP,PASS,PASS,PASS,PASS,PASS,PASS,PASS,GPT-6.1 Sol independent text reviewer A,外侧胫骨平台III级及股骨髁IV级病变，分级体系和长度不明，保守UNKNOWN。
1.2.826.0.1.3680043.8.498.11440217845998767853986099058965644463,PF OA,1e86d4b01c6376b7af3e6b10d2156080d496e8026da1da1e18dd48e628bd53f2,PRESENT,"[""Stanjenje patelarne i trohlearne hrskavice uz vidljivu hondromalaciju II° trohlearne hrskavice."",""početne OA promjene FP zgloba.""]",UNKNOWN,"[""criteria_anatomy_severity_extent_or_timing_insufficient"",""llm_review:Early PF OA and cartilage thinning are reported without quantified thickness loss or lesion extent."",""llm_review:The grading convention for trochlear grade II chondromalacia is unspecified.""]",KEEP,PASS,PASS,PASS,PASS,PASS,PASS,PASS,GPT-6.1 Sol independent text reviewer A,髌骨滑车变薄、滑车II级及早期髌股OA，未凭初期病变强行NO或双阈值YES。
1.2.826.0.1.3680043.8.498.11440217845998767853986099058965644463,Effusion,1e86d4b01c6376b7af3e6b10d2156080d496e8026da1da1e18dd48e628bd53f2,PRESENT,"[""Umjereni Izljev u koljenu.""]",UNKNOWN,"[""criteria_anatomy_severity_extent_or_timing_insufficient"",""llm_review:Moderate knee effusion is explicit; joint distension is not explicitly described.""]",KEEP,PASS,PASS,PASS,PASS,PASS,PASS,PASS,GPT-6.1 Sol independent text reviewer A,明确中量膝积液但未直接描述关节扩张，UNKNOWN已屏蔽。
1.2.826.0.1.3680043.8.498.11440217845998767853986099058965644463,Synovitis,1e86d4b01c6376b7af3e6b10d2156080d496e8026da1da1e18dd48e628bd53f2,PRESENT,"[""Sinovitis medijalnog kompartmenta FT zgloba.""]",YES,[],KEEP,PASS,PASS,PASS,PASS,PASS,PASS,PASS,GPT-6.1 Sol independent text reviewer A,直接诊断内侧胫股间室滑膜炎，解剖及阳性正确。
1.2.826.0.1.3680043.8.498.11440217845998767853986099058965644463,Baker's,1e86d4b01c6376b7af3e6b10d2156080d496e8026da1da1e18dd48e628bd53f2,PRESENT,"[""Kolabirana poplitealna cista veličine 21x9mm.""]",UNKNOWN,"[""criteria_anatomy_severity_extent_or_timing_insufficient"",""llm_review:A collapsed popliteal cyst is reported with dimensions, but moderate/large severity is not established.""]",KEEP,PASS,PASS,PASS,PASS,PASS,PASS,PASS,GPT-6.1 Sol independent text reviewer A,塌陷腘窝囊肿21x9mm，未将二维尺寸自动等同中大量，保留未知。
1.2.826.0.1.3680043.8.498.11440217845998767853986099058965644463,Contusion,1e86d4b01c6376b7af3e6b10d2156080d496e8026da1da1e18dd48e628bd53f2,UNCERTAIN,"[""Koštani edem medijalnog tibijalnog platoa s medijalne strane."",""Obostrano hondromalacija IV. femoralnih kondila\nuz manje zone priležećeg koštanog edema.""]",UNKNOWN,"[""llm_review:Femoral condylar edema accompanies chondromalacia; it does not establish a traumatic contusion."",""llm_review:Femoral metaphyseal signal is explicitly attributed to red marrow reconversion."",""llm_review:Medial tibial plateau marrow edema has no specified traumatic cause or timing, and fracture-line status is not reported."",""uncertain_report""]",KEEP,PASS,PASS,PASS,PASS,PASS,PASS,PASS,GPT-6.1 Sol independent text reviewer A,胫骨内侧平台水肿原因未说明，股骨软骨病变伴水肿及红骨髓再转化未误作创伤挫伤。
1.2.826.0.1.3680043.8.498.11440217845998767853986099058965644463,Fracture,1e86d4b01c6376b7af3e6b10d2156080d496e8026da1da1e18dd48e628bd53f2,NOT_MENTIONED,[],UNKNOWN,[],KEEP,PASS,PASS,PASS,PASS,PASS,PASS,PASS,GPT-6.1 Sol independent text reviewer A,未报告当前骨折，骨软骨病变和软组织部分断裂未误作骨折。
1.2.826.0.1.3680043.8.498.11574480940878399452466699512074769686,ACL,e4c4ab91517fb9ba26f4a57afad055a4d465081cf789e17777cd59e15a665c97,PRESENT,"[""Vidi se kompletna ruptura prednjeg križnog ligamenta pri femoralnom hvatištu uz vidljivu\ngraničnu prednju tibijalnu translaciju (7.3mm).""]",YES,"[""llm_review:Tear timing is unspecified.""]",KEEP,PASS,PASS,PASS,PASS,PASS,PASS,PASS,GPT-6.1 Sol independent text reviewer A,前交叉韧带股骨附着处完全撕裂，当前完整断裂直接支持YES，未凭胫骨前移单独推断。
1.2.826.0.1.3680043.8.498.11574480940878399452466699512074769686,MCL,e4c4ab91517fb9ba26f4a57afad055a4d465081cf789e17777cd59e15a665c97,NOT_MENTIONED,[],UNKNOWN,"[""llm_review:The MCL is referenced as an anatomical landmark for probable meniscocapsular separation; no MCL injury or normality is stated.""]",KEEP,PASS,PASS,PASS,PASS,PASS,PASS,PASS,GPT-6.1 Sol independent text reviewer A,MCL仅作半月板囊分离的解剖参照，未实际评价MCL完整性或损伤，未知合理。
1.2.826.0.1.3680043.8.498.11574480940878399452466699512074769686,Medial Meniscus,e4c4ab91517fb9ba26f4a57afad055a4d465081cf789e17777cd59e15a665c97,PRESENT,"[""Kompleksna \""parrot beak\"" ruptura trupa medijanog meniska sa širenjem u stražnji rog te manjim\nflapom interkondilarno."",""Tanka hiperintenzivna linija između trupa medijalnog meniska i medijalnog\nkolateralnog ligamenta, vjerojatno u sklopu meniskokapsularne separacije.""]",YES,"[""llm_review:Associated meniscocapsular separation is probable rather than definite."",""llm_review:Tear timing and severity grade are unspecified.""]",KEEP,PASS,PASS,PASS,PASS,PASS,PASS,PASS,GPT-6.1 Sol independent text reviewer A,内侧鹦鹉嘴复杂撕裂延至后角带瓣，确定撕裂不因旁侧可能囊分离而变不确定。
1.2.826.0.1.3680043.8.498.11574480940878399452466699512074769686,Lateral Meniscus,e4c4ab91517fb9ba26f4a57afad055a4d465081cf789e17777cd59e15a665c97,PRESENT,"[""Longitudinalna ruptura prednjeg roga i anteriornog dijela trupa lateralnog meniska koja se širi u\nobje zglobne površine.""]",YES,"[""llm_review:Tear timing and severity grade are unspecified.""]",KEEP,PASS,PASS,PASS,PASS,PASS,PASS,PASS,GPT-6.1 Sol independent text reviewer A,外侧前角及体前部纵裂达双面，直接满足撕裂文字标准。
1.2.826.0.1.3680043.8.498.11574480940878399452466699512074769686,Medial OA,e4c4ab91517fb9ba26f4a57afad055a4d465081cf789e17777cd59e15a665c97,ABSENT,"[""Zglobne hrskavice su primjerenog intenziteta signala, primjerene debljine.""]",UNKNOWN,"[""anatomy_missing_or_wrong"",""llm_review:The unrestricted normal cartilage statement supports absence across compartments; the medial compartment is not separately named.""]",MASK,PASS,PASS,PASS,PASS,PASS,PASS,PASS,GPT-6.1 Sol independent text reviewer A,原文泛称关节软骨信号及厚度正常，未单列Medial OA间室，保守anatomy UNKNOWN忠实于原文；critical合同要求MASK，非语义错侧。
1.2.826.0.1.3680043.8.498.11574480940878399452466699512074769686,Lateral OA,e4c4ab91517fb9ba26f4a57afad055a4d465081cf789e17777cd59e15a665c97,ABSENT,"[""Zglobne hrskavice su primjerenog intenziteta signala, primjerene debljine.""]",UNKNOWN,"[""anatomy_missing_or_wrong"",""llm_review:The unrestricted normal cartilage statement supports absence across compartments; the lateral compartment is not separately named.""]",MASK,PASS,PASS,PASS,PASS,PASS,PASS,PASS,GPT-6.1 Sol independent text reviewer A,原文泛称关节软骨信号及厚度正常，未单列Lateral OA间室，保守anatomy UNKNOWN忠实于原文；critical合同要求MASK，非语义错侧。
1.2.826.0.1.3680043.8.498.11574480940878399452466699512074769686,PF OA,e4c4ab91517fb9ba26f4a57afad055a4d465081cf789e17777cd59e15a665c97,ABSENT,"[""Zglobne hrskavice su primjerenog intenziteta signala, primjerene debljine.""]",UNKNOWN,"[""anatomy_missing_or_wrong"",""llm_review:The unrestricted normal cartilage statement supports absence across compartments; the patellofemoral compartment is not separately named.""]",MASK,PASS,PASS,PASS,PASS,PASS,PASS,PASS,GPT-6.1 Sol independent text reviewer A,原文泛称关节软骨信号及厚度正常，未单列PF OA间室，保守anatomy UNKNOWN忠实于原文；critical合同要求MASK，非语义错侧。
1.2.826.0.1.3680043.8.498.11574480940878399452466699512074769686,Effusion,e4c4ab91517fb9ba26f4a57afad055a4d465081cf789e17777cd59e15a665c97,PRESENT,"[""Izljev u suprapatelarnom recessusu s lateralne strane.""]",UNKNOWN,"[""criteria_anatomy_severity_extent_or_timing_insufficient"",""llm_review:Effusion volume, joint distension and timing are unspecified.""]",KEEP,PASS,PASS,PASS,PASS,PASS,PASS,PASS,GPT-6.1 Sol independent text reviewer A,髌上隐窝外侧积液未定量且无扩张，未强行中大量YES。
1.2.826.0.1.3680043.8.498.11574480940878399452466699512074769686,Synovitis,e4c4ab91517fb9ba26f4a57afad055a4d465081cf789e17777cd59e15a665c97,NOT_MENTIONED,[],UNKNOWN,[],KEEP,PASS,PASS,PASS,PASS,PASS,PASS,PASS,GPT-6.1 Sol independent text reviewer A,未提及滑膜炎，维持未知而不从积液推断。
1.2.826.0.1.3680043.8.498.11574480940878399452466699512074769686,Baker's,e4c4ab91517fb9ba26f4a57afad055a4d465081cf789e17777cd59e15a665c97,NOT_MENTIONED,[],UNKNOWN,[],KEEP,PASS,PASS,PASS,PASS,PASS,PASS,PASS,GPT-6.1 Sol independent text reviewer A,未提及典型腘窝囊肿，保留未知。
1.2.826.0.1.3680043.8.498.11574480940878399452466699512074769686,Contusion,e4c4ab91517fb9ba26f4a57afad055a4d465081cf789e17777cd59e15a665c97,UNCERTAIN,"[""Koštani edem posteriornog aspekta medijalnog femoralnog kondila te manji koštani edem\nposteromedijalnog apsekta lateralnog tibijalnog platoa.""]",UNKNOWN,"[""history_or_postoperative_scope_review"",""llm_review:Bone edema is present, but traumatic etiology, absence of a fracture line and timing are not stated."",""llm_review:The smaller tibial edema description does not establish overall contusion severity."",""uncertain_report""]",KEEP,PASS,PASS,PASS,PASS,PASS,PASS,PASS,GPT-6.1 Sol independent text reviewer A,内侧股骨髁与外侧胫骨平台骨水肿但创伤归因和局部无骨折线均未明确，不凭ACL断裂推成挫伤。
1.2.826.0.1.3680043.8.498.11574480940878399452466699512074769686,Fracture,e4c4ab91517fb9ba26f4a57afad055a4d465081cf789e17777cd59e15a665c97,NOT_MENTIONED,[],UNKNOWN,[],KEEP,PASS,PASS,PASS,PASS,PASS,PASS,PASS,GPT-6.1 Sol independent text reviewer A,未提及骨折线或骨折诊断，保留未知。
1.2.826.0.1.3680043.8.498.11905397531490569218559534495408776672,ACL,25538a9d8ad25d21d8d012249688c4fe30f5c8aa8071859430f6b1390ef1b826,ABSENT,"[""Kreuzbänder intakt.""]",NO,[],KEEP,PASS,PASS,PASS,PASS,PASS,PASS,PASS,GPT-6.1 Sol independent text reviewer A,交叉韧带完整，ACL全面否定合理。
1.2.826.0.1.3680043.8.498.11905397531490569218559534495408776672,MCL,25538a9d8ad25d21d8d012249688c4fe30f5c8aa8071859430f6b1390ef1b826,ABSENT,"[""Kollateralbänder intakt.""]",NO,[],KEEP,PASS,PASS,PASS,PASS,PASS,PASS,PASS,GPT-6.1 Sol independent text reviewer A,侧副韧带完整，MCL阴性支持充分。
1.2.826.0.1.3680043.8.498.11905397531490569218559534495408776672,Medial Meniscus,25538a9d8ad25d21d8d012249688c4fe30f5c8aa8071859430f6b1390ef1b826,ABSENT,"[""Menisci intakt.""]",NO,[],KEEP,PASS,PASS,PASS,PASS,PASS,PASS,PASS,GPT-6.1 Sol independent text reviewer A,半月板完整泛称涵盖内侧，未误用局部否定。
1.2.826.0.1.3680043.8.498.11905397531490569218559534495408776672,Lateral Meniscus,25538a9d8ad25d21d8d012249688c4fe30f5c8aa8071859430f6b1390ef1b826,ABSENT,"[""Menisci intakt.""]",NO,[],KEEP,PASS,PASS,PASS,PASS,PASS,PASS,PASS,GPT-6.1 Sol independent text reviewer A,半月板完整泛称涵盖外侧，阴性正确。
1.2.826.0.1.3680043.8.498.11905397531490569218559534495408776672,Medial OA,25538a9d8ad25d21d8d012249688c4fe30f5c8aa8071859430f6b1390ef1b826,ABSENT,"[""Keine höhergradige Chondropathie""]",UNKNOWN,"[""anatomy_missing_or_wrong"",""llm_review:General negative for higher-grade chondropathy; compartment, grading convention, cartilage-loss depth and extent are unspecified. The negative cannot be mapped confidently to both competition thresholds."",""negative_scope_insufficient""]",MASK,PASS,PASS,PASS,PASS,PASS,PASS,PASS,GPT-6.1 Sol independent text reviewer A,未见高级别软骨病泛称未指内侧间室和分级，保守UNKNOWN；critical合同排除。
1.2.826.0.1.3680043.8.498.11905397531490569218559534495408776672,Lateral OA,25538a9d8ad25d21d8d012249688c4fe30f5c8aa8071859430f6b1390ef1b826,ABSENT,"[""Keine höhergradige Chondropathie""]",UNKNOWN,"[""anatomy_missing_or_wrong"",""llm_review:General negative for higher-grade chondropathy; compartment, grading convention, cartilage-loss depth and extent are unspecified. The negative cannot be mapped confidently to both competition thresholds."",""negative_scope_insufficient""]",MASK,PASS,PASS,PASS,PASS,PASS,PASS,PASS,GPT-6.1 Sol independent text reviewer A,未见高级别软骨病未单指外侧，未强制完整阴性，保守UNKNOWN；critical合同排除。
1.2.826.0.1.3680043.8.498.11905397531490569218559534495408776672,PF OA,25538a9d8ad25d21d8d012249688c4fe30f5c8aa8071859430f6b1390ef1b826,ABSENT,"[""Keine höhergradige Chondropathie""]",UNKNOWN,"[""anatomy_missing_or_wrong"",""llm_review:General negative for higher-grade chondropathy; compartment, grading convention, cartilage-loss depth and extent are unspecified. The negative cannot be mapped confidently to both competition thresholds."",""negative_scope_insufficient""]",MASK,PASS,PASS,PASS,PASS,PASS,PASS,PASS,GPT-6.1 Sol independent text reviewer A,泛称无高级别软骨病未单列髌股，UNKNOWN合理；critical合同排除。
1.2.826.0.1.3680043.8.498.11905397531490569218559534495408776672,Effusion,25538a9d8ad25d21d8d012249688c4fe30f5c8aa8071859430f6b1390ef1b826,ABSENT,"[""Kein Gelenkerguss.""]",NO,[],KEEP,PASS,PASS,PASS,PASS,PASS,PASS,PASS,GPT-6.1 Sol independent text reviewer A,明确无关节积液，阴性范围充分。
1.2.826.0.1.3680043.8.498.11905397531490569218559534495408776672,Synovitis,25538a9d8ad25d21d8d012249688c4fe30f5c8aa8071859430f6b1390ef1b826,NOT_MENTIONED,[],UNKNOWN,[],KEEP,PASS,PASS,PASS,PASS,PASS,PASS,PASS,GPT-6.1 Sol independent text reviewer A,未谈滑膜炎，软组织无异常不硬推滑膜全面阴性。
1.2.826.0.1.3680043.8.498.11905397531490569218559534495408776672,Baker's,25538a9d8ad25d21d8d012249688c4fe30f5c8aa8071859430f6b1390ef1b826,NOT_MENTIONED,[],UNKNOWN,[],KEEP,PASS,PASS,PASS,PASS,PASS,PASS,PASS,GPT-6.1 Sol independent text reviewer A,未谈Baker囊肿，保持未知。
1.2.826.0.1.3680043.8.498.11905397531490569218559534495408776672,Contusion,25538a9d8ad25d21d8d012249688c4fe30f5c8aa8071859430f6b1390ef1b826,NOT_MENTIONED,[],UNKNOWN,[],KEEP,PASS,PASS,PASS,PASS,PASS,PASS,PASS,GPT-6.1 Sol independent text reviewer A,胫骨两处硬化骨岛不是骨挫伤；未谈创伤性骨髓水肿。
1.2.826.0.1.3680043.8.498.11905397531490569218559534495408776672,Fracture,25538a9d8ad25d21d8d012249688c4fe30f5c8aa8071859430f6b1390ef1b826,ABSENT,"[""Kein frischer Frakturnachweis.""]",NO,[],KEEP,PASS,PASS,PASS,PASS,PASS,PASS,PASS,GPT-6.1 Sol independent text reviewer A,明确未见新鲜骨折，当前急性骨折阴性充分，不借既往片推断旧病。
1.2.826.0.1.3680043.8.498.12015406188790105426257083591807220760,ACL,a8bc92dcde1c6372904fa714e84413ce68cf6f83635eca077f4061f0fd97a579,ABSENT,"[""Ön çapraz bağ ve arka çapraz bağ, lateral ve medial kollateral ligaman normaldir.""]",NO,[],KEEP,PASS,PASS,PASS,PASS,PASS,PASS,PASS,GPT-6.1 Sol independent text reviewer A,前交叉韧带明确正常，ACL阴性有直接支持。
1.2.826.0.1.3680043.8.498.12015406188790105426257083591807220760,MCL,a8bc92dcde1c6372904fa714e84413ce68cf6f83635eca077f4061f0fd97a579,ABSENT,"[""Ön çapraz bağ ve arka çapraz bağ, lateral ve medial kollateral ligaman normaldir.""]",NO,[],KEEP,PASS,PASS,PASS,PASS,PASS,PASS,PASS,GPT-6.1 Sol independent text reviewer A,明确内侧副韧带正常，未由外侧韧带正常代替。
1.2.826.0.1.3680043.8.498.12015406188790105426257083591807220760,Medial Meniscus,a8bc92dcde1c6372904fa714e84413ce68cf6f83635eca077f4061f0fd97a579,PRESENT,"[""Medial menisküste grade II dejenerasyon izlendi.""]",NO,"[""explicit_subthreshold_or_alternative"",""llm_review:Grade II degeneration is subthreshold; no definite tear diagnosis.""]",KEEP,PASS,PASS,PASS,PASS,PASS,PASS,PASS,GPT-6.1 Sol independent text reviewer A,内侧II级内部退变，低于确定半月板撕裂阈值。
1.2.826.0.1.3680043.8.498.12015406188790105426257083591807220760,Lateral Meniscus,a8bc92dcde1c6372904fa714e84413ce68cf6f83635eca077f4061f0fd97a579,PRESENT,"[""Lateral menisküste grade I dejenerasyon izlendi.""]",NO,"[""explicit_subthreshold_or_alternative"",""llm_review:Grade I degeneration is subthreshold; no definite tear diagnosis.""]",KEEP,PASS,PASS,PASS,PASS,PASS,PASS,PASS,GPT-6.1 Sol independent text reviewer A,外侧I级内部退变，未扩成撕裂阳性。
1.2.826.0.1.3680043.8.498.12015406188790105426257083591807220760,Medial OA,a8bc92dcde1c6372904fa714e84413ce68cf6f83635eca077f4061f0fd97a579,NOT_MENTIONED,[],UNKNOWN,[],KEEP,PASS,PASS,PASS,PASS,PASS,PASS,PASS,GPT-6.1 Sol independent text reviewer A,髌股内侧面软骨损伤不属于内侧胫股间室，未误配内侧OA。
1.2.826.0.1.3680043.8.498.12015406188790105426257083591807220760,Lateral OA,a8bc92dcde1c6372904fa714e84413ce68cf6f83635eca077f4061f0fd97a579,NOT_MENTIONED,[],UNKNOWN,[],KEEP,PASS,PASS,PASS,PASS,PASS,PASS,PASS,GPT-6.1 Sol independent text reviewer A,未提及外侧胫股软骨，保持未知。
1.2.826.0.1.3680043.8.498.12015406188790105426257083591807220760,PF OA,a8bc92dcde1c6372904fa714e84413ce68cf6f83635eca077f4061f0fd97a579,PRESENT,"[""Patellofemoral eklem medial faset düzeyinde patellar düzeyde kıkırdakta bütünlük kaybı ve komşu kemikte subkondral kemik iliği ödemi izlenmektedir.""]",UNKNOWN,"[""criteria_anatomy_severity_extent_or_timing_insufficient"",""llm_review:Cartilage integrity loss is reported, but thickness-loss percentage, grade and lesion extent are unspecified.""]",KEEP,PASS,PASS,PASS,PASS,PASS,PASS,PASS,GPT-6.1 Sol independent text reviewer A,髌股内侧髌面软骨完整性受损及邻骨髓水肿，但深度比例及长度均未给，UNKNOWN正确。
1.2.826.0.1.3680043.8.498.12015406188790105426257083591807220760,Effusion,a8bc92dcde1c6372904fa714e84413ce68cf6f83635eca077f4061f0fd97a579,PRESENT,"[""Suprapatellar bursada sıvı artışı izlenmektedir.""]",UNKNOWN,"[""criteria_anatomy_severity_extent_or_timing_insufficient"",""llm_review:Increased suprapatellar fluid is reported without size grade or explicit joint distension.""]",KEEP,PASS,PASS,PASS,PASS,PASS,PASS,PASS,GPT-6.1 Sol independent text reviewer A,髌上液体增多未定量或说明扩张，未强推中大量YES。
1.2.826.0.1.3680043.8.498.12015406188790105426257083591807220760,Synovitis,a8bc92dcde1c6372904fa714e84413ce68cf6f83635eca077f4061f0fd97a579,NOT_MENTIONED,[],UNKNOWN,[],KEEP,PASS,PASS,PASS,PASS,PASS,PASS,PASS,GPT-6.1 Sol independent text reviewer A,未讨论滑膜炎，未由髌上液体推断。
1.2.826.0.1.3680043.8.498.12015406188790105426257083591807220760,Baker's,a8bc92dcde1c6372904fa714e84413ce68cf6f83635eca077f4061f0fd97a579,PRESENT,"[""Popliteal fossada 40x14 mm boyutlarında Baker kisti izlendi.""]",UNKNOWN,"[""criteria_anatomy_severity_extent_or_timing_insufficient"",""llm_mapper_disagreement"",""llm_review:Measured 40x14 mm cyst supports a moderate-sized lesion; no explicit size grade is stated.""]",MASK,PASS,PASS,PASS,PASS,PASS,PASS,FAIL,GPT-6.1 Sol independent text reviewer A,Baker囊肿40x14mm支持命名与部位，但无定义的中大量尺寸门槛；模型自行称中等并提案YES缺支持，虽然最终mapper UNKNOWN仍有0.8软监督，保守MASK。
1.2.826.0.1.3680043.8.498.12015406188790105426257083591807220760,Contusion,a8bc92dcde1c6372904fa714e84413ce68cf6f83635eca077f4061f0fd97a579,ABSENT,"[""Diz eklemini oluşturan kemik yapıların sinyal intensiteleri doğaldır."",""Patellofemoral eklem medial faset düzeyinde patellar düzeyde kıkırdakta bütünlük kaybı ve komşu kemikte subkondral kemik iliği ödemi izlenmektedir.""]",UNKNOWN,"[""llm_review:General normal bone-signal statement conflicts with focal subchondral marrow edema. The focal edema accompanies cartilage damage and is not described as traumatic; the general negative cannot confidently exclude qualifying contusion."",""unresolved_contradiction""]",MASK,PASS,PASS,PASS,PASS,PASS,PASS,PASS,GPT-6.1 Sol independent text reviewer A,局灶软骨下水肿与泛称骨信号正常相冲突，两者均保留且contradiction=true，critical要求MASK；未擅自消解。
1.2.826.0.1.3680043.8.498.12015406188790105426257083591807220760,Fracture,a8bc92dcde1c6372904fa714e84413ce68cf6f83635eca077f4061f0fd97a579,NOT_MENTIONED,[],UNKNOWN,[],KEEP,PASS,PASS,PASS,PASS,PASS,PASS,PASS,GPT-6.1 Sol independent text reviewer A,未谈骨折，骨髓信号正常未被强行当骨折全面阴性。
1.2.826.0.1.3680043.8.498.12257484608743859456600273083454447341,ACL,d7743f3a099e7486d317c3691e4209eafd4040ffe50592c0db9477f9253a47b6,ABSENT,"[""the anterior and posterior cruciate ligaments are intact.""]",NO,"[""history_or_postoperative_scope_review""]",KEEP,PASS,PASS,PASS,PASS,PASS,PASS,PASS,GPT-6.1 Sol independent text reviewer A,ACL及PCL明确完整，ACL全面阴性充分。
1.2.826.0.1.3680043.8.498.12257484608743859456600273083454447341,MCL,d7743f3a099e7486d317c3691e4209eafd4040ffe50592c0db9477f9253a47b6,PRESENT,"[""There is grade II ligamentous sprain (partial tear) of the medial collateral ligament, at mid substance (deep and superficial fibers).""]",UNKNOWN,"[""criteria_anatomy_severity_extent_or_timing_insufficient"",""llm_review:Acute versus chronic timing is unspecified."",""llm_review:Grade II partial tear does not specify whether the tear is high-grade."",""timing_or_trauma_review""]",KEEP,PASS,PASS,PASS,PASS,PASS,PASS,PASS,GPT-6.1 Sol independent text reviewer A,MCL中段深浅纤维II级部分撕裂，未明高级别和急性时效，UNKNOWN合理。
1.2.826.0.1.3680043.8.498.12257484608743859456600273083454447341,Medial Meniscus,d7743f3a099e7486d317c3691e4209eafd4040ffe50592c0db9477f9253a47b6,ABSENT,"[""In the medial compartment, the meniscus is not torn""]",NO,[],KEEP,PASS,PASS,PASS,PASS,PASS,PASS,PASS,GPT-6.1 Sol independent text reviewer A,内侧间室半月板未撕裂，明确阴性。
1.2.826.0.1.3680043.8.498.12257484608743859456600273083454447341,Lateral Meniscus,d7743f3a099e7486d317c3691e4209eafd4040ffe50592c0db9477f9253a47b6,UNCERTAIN,"[""there is suspected small radial free edge tear at the body of the lateral meniscus.""]",UNKNOWN,"[""llm_review:The tear is suspected rather than definite."",""uncertain_report""]",KEEP,PASS,PASS,PASS,PASS,PASS,PASS,PASS,GPT-6.1 Sol independent text reviewer A,外侧半月板体部小径向自由缘撕裂仅怀疑，未改成确定阳性。
1.2.826.0.1.3680043.8.498.12257484608743859456600273083454447341,Medial OA,d7743f3a099e7486d317c3691e4209eafd4040ffe50592c0db9477f9253a47b6,ABSENT,"[""In the medial compartment, the meniscus is not torn and there is no focal chondrosis or chondral injury.""]",UNKNOWN,"[""llm_review:The negative is limited to focal chondrosis or chondral injury and does not explicitly exclude all qualifying cartilage loss."",""negative_scope_insufficient""]",KEEP,PASS,PASS,PASS,PASS,PASS,PASS,PASS,GPT-6.1 Sol independent text reviewer A,仅否定局灶软骨病/损伤，class_absence_supported=null且UNKNOWN，未把有限否定变全面NO。
1.2.826.0.1.3680043.8.498.12257484608743859456600273083454447341,Lateral OA,d7743f3a099e7486d317c3691e4209eafd4040ffe50592c0db9477f9253a47b6,NOT_MENTIONED,[],UNKNOWN,[],MASK,FAIL,PASS,PASS,PASS,PASS,PASS,PASS,GPT-6.1 Sol independent text reviewer A,外侧股骨髁负重区明确骨软骨骨折，已有该间室骨软骨病变信息，NOT_MENTIONED遗漏；深度长度可仍UNKNOWN，乱码尺寸不解释。
1.2.826.0.1.3680043.8.498.12257484608743859456600273083454447341,PF OA,d7743f3a099e7486d317c3691e4209eafd4040ffe50592c0db9477f9253a47b6,ABSENT,"[""The patellofemoral joint, the patellar and trochlear cartilage appears congruent without chondral lesion.""]",NO,[],KEEP,PASS,PASS,PASS,PASS,PASS,PASS,PASS,GPT-6.1 Sol independent text reviewer A,髌骨滑车软骨平整且无软骨病灶，全面髌股阴性有支持。
1.2.826.0.1.3680043.8.498.12257484608743859456600273083454447341,Effusion,d7743f3a099e7486d317c3691e4209eafd4040ffe50592c0db9477f9253a47b6,PRESENT,"[""Some amount of right knee effusion with synovitis is present.""]",UNKNOWN,"[""criteria_anatomy_severity_extent_or_timing_insufficient"",""llm_review:Effusion size and joint distension are unspecified.""]",KEEP,PASS,PASS,PASS,PASS,PASS,PASS,PASS,GPT-6.1 Sol independent text reviewer A,Some amount积液未给量级及扩张，保留UNKNOWN。
1.2.826.0.1.3680043.8.498.12257484608743859456600273083454447341,Synovitis,d7743f3a099e7486d317c3691e4209eafd4040ffe50592c0db9477f9253a47b6,PRESENT,"[""Some amount of right knee effusion with synovitis is present.""]",YES,[],KEEP,PASS,PASS,PASS,PASS,PASS,PASS,PASS,GPT-6.1 Sol independent text reviewer A,直接文字诊断effusion with synovitis，滑膜炎YES来源明确。
1.2.826.0.1.3680043.8.498.12257484608743859456600273083454447341,Baker's,d7743f3a099e7486d317c3691e4209eafd4040ffe50592c0db9477f9253a47b6,NOT_MENTIONED,[],UNKNOWN,[],KEEP,PASS,PASS,PASS,PASS,PASS,PASS,PASS,GPT-6.1 Sol independent text reviewer A,未谈Baker囊肿，后内侧斜韧带完整不是囊肿阴性。
1.2.826.0.1.3680043.8.498.12257484608743859456600273083454447341,Contusion,d7743f3a099e7486d317c3691e4209eafd4040ffe50592c0db9477f9253a47b6,NOT_MENTIONED,[],UNKNOWN,[],KEEP,PASS,PASS,PASS,PASS,PASS,PASS,PASS,GPT-6.1 Sol independent text reviewer A,未描述创伤性骨髓水肿，不从骨软骨骨折推另有挫伤。
1.2.826.0.1.3680043.8.498.12257484608743859456600273083454447341,Fracture,d7743f3a099e7486d317c3691e4209eafd4040ffe50592c0db9477f9253a47b6,PRESENT,"[""There is focal osteochondral fracture at mid weight-baring lateral femoral condyle (about intact6* intact7 cm).""]",UNKNOWN,"[""criteria_anatomy_severity_extent_or_timing_insufficient"",""llm_review:A fracture line or cortical disruption is not explicitly described."",""llm_review:Fracture age is unspecified."",""llm_review:The reported dimensions contain malformed text and cannot be reliably interpreted."",""timing_or_trauma_review""]",KEEP,PASS,PASS,PASS,PASS,PASS,PASS,PASS,GPT-6.1 Sol independent text reviewer A,明确骨软骨骨折但未给急性时效；原文intact6* intact7 cm为乱码，不擅自恢复尺寸或强推YES。
1.2.826.0.1.3680043.8.498.12525752631743097782762806859112218620,ACL,a0575c3a509f40a16ed88508d7713c0883caed1d5100a380b229c76ed3d216b0,ABSENT,"[""The contour of ACL & PCL appear to be within normal, no abnormal signal intensity is noted.""]",NO,[],KEEP,PASS,PASS,PASS,PASS,PASS,PASS,PASS,GPT-6.1 Sol independent text reviewer A,ACL形态正常且无异常信号，全面阴性有当前检查支持。
1.2.826.0.1.3680043.8.498.12525752631743097782762806859112218620,MCL,a0575c3a509f40a16ed88508d7713c0883caed1d5100a380b229c76ed3d216b0,ABSENT,"[""Both medial & lateral collateral ligaments appear to be within normal.""]",NO,[],KEEP,PASS,PASS,PASS,PASS,PASS,PASS,PASS,GPT-6.1 Sol independent text reviewer A,内外侧副韧带均正常，MCL未误配。
1.2.826.0.1.3680043.8.498.12525752631743097782762806859112218620,Medial Meniscus,a0575c3a509f40a16ed88508d7713c0883caed1d5100a380b229c76ed3d216b0,PRESENT,"[""Linear signal intensity in posterior horn of medial meniscus, without significant extending into the surface, in favor of  grade 2 intrasubstance signal of posterior horn of medial meniscus, maybe due to degeneration."",""R/O grade 2 intrasubstance signal of posterior horn of medial meniscus, maybe due to contusion or degeneration.""]",UNKNOWN,"[""criteria_anatomy_severity_extent_or_timing_insufficient"",""history_or_postoperative_scope_review"",""llm_mapper_disagreement"",""llm_review:Etiology is uncertain: meniscal contusion or degeneration."",""llm_review:Grade 2 describes intrasubstance signal, not tear severity; timing is unspecified."",""llm_review:Intrasubstance signal is described without a definite tear diagnosis."",""negation_scope_review""]",KEEP,PASS,PASS,PASS,PASS,PASS,PASS,PASS,GPT-6.1 Sol independent text reviewer A,内侧后角II级实质内信号不明显达表面，病因为挫伤或退变不确定；无确定撕裂，最终UNKNOWN保守、低软分有文本依据。
1.2.826.0.1.3680043.8.498.12525752631743097782762806859112218620,Lateral Meniscus,a0575c3a509f40a16ed88508d7713c0883caed1d5100a380b229c76ed3d216b0,ABSENT,"[""Lateral meniscus appears to be normal.""]",NO,[],KEEP,PASS,PASS,PASS,PASS,PASS,PASS,PASS,GPT-6.1 Sol independent text reviewer A,外侧半月板外观正常，支持撕裂阴性。
1.2.826.0.1.3680043.8.498.12525752631743097782762806859112218620,Medial OA,a0575c3a509f40a16ed88508d7713c0883caed1d5100a380b229c76ed3d216b0,NOT_MENTIONED,[],UNKNOWN,[],KEEP,PASS,PASS,PASS,PASS,PASS,PASS,PASS,GPT-6.1 Sol independent text reviewer A,未描述内侧胫股软骨，半月板内侧不代表内侧OA。
1.2.826.0.1.3680043.8.498.12525752631743097782762806859112218620,Lateral OA,a0575c3a509f40a16ed88508d7713c0883caed1d5100a380b229c76ed3d216b0,NOT_MENTIONED,[],UNKNOWN,[],KEEP,PASS,PASS,PASS,PASS,PASS,PASS,PASS,GPT-6.1 Sol independent text reviewer A,未描述外侧胫股软骨病变，保持未知。
1.2.826.0.1.3680043.8.498.12525752631743097782762806859112218620,PF OA,a0575c3a509f40a16ed88508d7713c0883caed1d5100a380b229c76ed3d216b0,NOT_MENTIONED,[],UNKNOWN,[],KEEP,PASS,PASS,PASS,PASS,PASS,PASS,PASS,GPT-6.1 Sol independent text reviewer A,髌骨内下极和内侧滑车体积较小、轮廓低陷未直接描述软骨病变或缺损，未推OA。
1.2.826.0.1.3680043.8.498.12525752631743097782762806859112218620,Effusion,a0575c3a509f40a16ed88508d7713c0883caed1d5100a380b229c76ed3d216b0,NOT_MENTIONED,[],UNKNOWN,[],KEEP,PASS,PASS,PASS,PASS,PASS,PASS,PASS,GPT-6.1 Sol independent text reviewer A,未谈积液，保持未知。
1.2.826.0.1.3680043.8.498.12525752631743097782762806859112218620,Synovitis,a0575c3a509f40a16ed88508d7713c0883caed1d5100a380b229c76ed3d216b0,NOT_MENTIONED,[],UNKNOWN,[],KEEP,PASS,PASS,PASS,PASS,PASS,PASS,PASS,GPT-6.1 Sol independent text reviewer A,未谈滑膜炎，保持未知。
1.2.826.0.1.3680043.8.498.12525752631743097782762806859112218620,Baker's,a0575c3a509f40a16ed88508d7713c0883caed1d5100a380b229c76ed3d216b0,NOT_MENTIONED,[],UNKNOWN,[],KEEP,PASS,PASS,PASS,PASS,PASS,PASS,PASS,GPT-6.1 Sol independent text reviewer A,未谈典型后内侧腘窝囊肿，保持未知。
1.2.826.0.1.3680043.8.498.12525752631743097782762806859112218620,Contusion,a0575c3a509f40a16ed88508d7713c0883caed1d5100a380b229c76ed3d216b0,ABSENT,"[""No significant bone marrow edema of distal femur and patella.""]",UNKNOWN,"[""llm_review:Negative is limited to significant marrow edema in the distal femur and patella; it does not exclude all qualifying bone contusions."",""llm_review:Possible contusion in the impression refers to the medial meniscus, not bone."",""negative_scope_insufficient""]",KEEP,PASS,PASS,PASS,PASS,PASS,PASS,PASS,GPT-6.1 Sol independent text reviewer A,仅否定股骨远端及髌骨显著骨髓水肿，不涵盖所有骨/轻度水肿；UNKNOWN正确，半月板contusion未混成骨挫伤。
1.2.826.0.1.3680043.8.498.12525752631743097782762806859112218620,Fracture,a0575c3a509f40a16ed88508d7713c0883caed1d5100a380b229c76ed3d216b0,NOT_MENTIONED,[],UNKNOWN,[],KEEP,PASS,PASS,PASS,PASS,PASS,PASS,PASS,GPT-6.1 Sol independent text reviewer A,复位后髌骨脱位病史不等于当前骨折，未明确骨折，保持未知。
1.2.826.0.1.3680043.8.498.12568337973304376222940287737691898395,ACL,05636226bf4634775fc77f364ed2b878a59be82aecb68f25bfc801c3f2ea831f,ABSENT,"[""uredna morfologija i intenziteti signala kolateralnih ligamenata, prednjeg i stražnjeg križnog ligamenta"",""Sitne cistične degenerativne promjene na tibijalnom hvatištu prednjeg križnog ligamenta.""]",NO,"[""llm_review:Small cystic degenerative changes are localized to the tibial attachment; the ligament itself is described as normal.""]",KEEP,PASS,PASS,PASS,PASS,PASS,PASS,PASS,GPT-6.1 Sol independent text reviewer A,ACL形态及信号正常；胫骨附着小囊性退变为附着部改变，未误作韧带撕裂或矛盾。
1.2.826.0.1.3680043.8.498.12568337973304376222940287737691898395,MCL,05636226bf4634775fc77f364ed2b878a59be82aecb68f25bfc801c3f2ea831f,ABSENT,"[""uredna morfologija i intenziteti signala kolateralnih ligamenata""]",NO,[],KEEP,PASS,PASS,PASS,PASS,PASS,PASS,PASS,GPT-6.1 Sol independent text reviewer A,侧副韧带形态信号正常，涵盖MCL阴性。
1.2.826.0.1.3680043.8.498.12568337973304376222940287737691898395,Medial Meniscus,05636226bf4634775fc77f364ed2b878a59be82aecb68f25bfc801c3f2ea831f,ABSENT,"[""Medijalni i lateralni menisk uredne su morfologije i intenziteta signala.""]",NO,[],KEEP,PASS,PASS,PASS,PASS,PASS,PASS,PASS,GPT-6.1 Sol independent text reviewer A,明确内侧半月板形态信号正常，撕裂阴性正确。
1.2.826.0.1.3680043.8.498.12568337973304376222940287737691898395,Lateral Meniscus,05636226bf4634775fc77f364ed2b878a59be82aecb68f25bfc801c3f2ea831f,ABSENT,"[""Medijalni i lateralni menisk uredne su morfologije i intenziteta signala.""]",NO,[],KEEP,PASS,PASS,PASS,PASS,PASS,PASS,PASS,GPT-6.1 Sol independent text reviewer A,明确外侧半月板正常，与内侧独立对应。
1.2.826.0.1.3680043.8.498.12568337973304376222940287737691898395,Medial OA,05636226bf4634775fc77f364ed2b878a59be82aecb68f25bfc801c3f2ea831f,PRESENT,"[""Blago je reducirana debljina artikulacijske hrskavice medijalnog i lateralnog kompartmenta femorotibijalnog zgloba uz hondromalaciju II. stupnja.""]",NO,"[""explicit_subthreshold_or_alternative"",""llm_review:Mild cartilage thinning with grade II chondromalacia is subthreshold; extent is not reported.""]",KEEP,PASS,PASS,PASS,PASS,PASS,PASS,PASS,GPT-6.1 Sol independent text reviewer A,内侧胫股软骨轻度变薄伴II级软化，直接轻度支持低于深度标准，不需补造长度。
1.2.826.0.1.3680043.8.498.12568337973304376222940287737691898395,Lateral OA,05636226bf4634775fc77f364ed2b878a59be82aecb68f25bfc801c3f2ea831f,PRESENT,"[""Blago je reducirana debljina artikulacijske hrskavice medijalnog i lateralnog kompartmenta femorotibijalnog zgloba uz hondromalaciju II. stupnja.""]",NO,"[""explicit_subthreshold_or_alternative"",""llm_review:Mild cartilage thinning with grade II chondromalacia is subthreshold; extent is not reported.""]",KEEP,PASS,PASS,PASS,PASS,PASS,PASS,PASS,GPT-6.1 Sol independent text reviewer A,同句明确外侧胫股轻度软骨变薄，低于双阈值病变，未误当严重OA。
1.2.826.0.1.3680043.8.498.12568337973304376222940287737691898395,PF OA,05636226bf4634775fc77f364ed2b878a59be82aecb68f25bfc801c3f2ea831f,NOT_MENTIONED,[],UNKNOWN,[],KEEP,PASS,PASS,PASS,PASS,PASS,PASS,PASS,GPT-6.1 Sol independent text reviewer A,髌骨轻度外侧半脱位和滑车发育不良未描述软骨病变，未自动转换髌股OA。
1.2.826.0.1.3680043.8.498.12568337973304376222940287737691898395,Effusion,05636226bf4634775fc77f364ed2b878a59be82aecb68f25bfc801c3f2ea831f,NOT_MENTIONED,[],UNKNOWN,[],KEEP,PASS,PASS,PASS,PASS,PASS,PASS,PASS,GPT-6.1 Sol independent text reviewer A,无积液描述，未由皮下髌前水肿推断关节积液。
1.2.826.0.1.3680043.8.498.12568337973304376222940287737691898395,Synovitis,05636226bf4634775fc77f364ed2b878a59be82aecb68f25bfc801c3f2ea831f,NOT_MENTIONED,[],UNKNOWN,[],KEEP,PASS,PASS,PASS,PASS,PASS,PASS,PASS,GPT-6.1 Sol independent text reviewer A,未提及滑膜炎，保持未知。
1.2.826.0.1.3680043.8.498.12568337973304376222940287737691898395,Baker's,05636226bf4634775fc77f364ed2b878a59be82aecb68f25bfc801c3f2ea831f,ABSENT,"[""Ne nalazi se poplitealne (Bakerove) ciste.""]",NO,[],KEEP,PASS,PASS,PASS,PASS,PASS,PASS,PASS,GPT-6.1 Sol independent text reviewer A,明确无腘窝Baker囊肿，充分阴性。
1.2.826.0.1.3680043.8.498.12568337973304376222940287737691898395,Contusion,05636226bf4634775fc77f364ed2b878a59be82aecb68f25bfc801c3f2ea831f,ABSENT,"[""Ostale prikazane koštane, mekotkivne i neurovaskularne strukture uredne su morfologije i intenziteta signala.""]",NO,"[""llm_review:Absence is supported by the general normal bone morphology and signal statement.""]",KEEP,PASS,PASS,PASS,PASS,PASS,PASS,PASS,GPT-6.1 Sol independent text reviewer A,其余骨形态信号正常，已提的附着部小囊性退变非创伤骨水肿，支持无骨挫伤。
1.2.826.0.1.3680043.8.498.12568337973304376222940287737691898395,Fracture,05636226bf4634775fc77f364ed2b878a59be82aecb68f25bfc801c3f2ea831f,ABSENT,"[""Ostale prikazane koštane, mekotkivne i neurovaskularne strukture uredne su morfologije i intenziteta signala.""]",NO,"[""llm_review:Absence is supported by the general normal bone morphology and signal statement.""]",KEEP,PASS,PASS,PASS,PASS,PASS,PASS,PASS,GPT-6.1 Sol independent text reviewer A,骨结构形态信号正常，附着部退变和髌骨位置异常非骨折，阴性有支持。
1.2.826.0.1.3680043.8.498.12957252711278416684461267069498115130,ACL,3af3a1cc168b15113aba7c7ecb26d4f068e0baaf61d6e21e0f7ecaee904c155f,ABSENT,"[""Vorderes und hinteres Kreuzband intakt.""]",NO,[],KEEP,PASS,PASS,PASS,PASS,PASS,PASS,PASS,GPT-6.1 Sol independent text reviewer A,前后交叉韧带完整，ACL阴性明确。
1.2.826.0.1.3680043.8.498.12957252711278416684461267069498115130,MCL,3af3a1cc168b15113aba7c7ecb26d4f068e0baaf61d6e21e0f7ecaee904c155f,PRESENT,"[""Kollateralbänder intakt, geringer Reizzustand des MCL.""]",NO,"[""explicit_subthreshold_or_alternative"",""llm_review:Mild irritation with intact collateral ligaments; injury timing unspecified."",""timing_or_trauma_review""]",KEEP,PASS,PASS,PASS,PASS,PASS,PASS,PASS,GPT-6.1 Sol independent text reviewer A,MCL轻度刺激而韧带完整，PRESENT低阈值NO，未推成高级别急性撕裂。
1.2.826.0.1.3680043.8.498.12957252711278416684461267069498115130,Medial Meniscus,3af3a1cc168b15113aba7c7ecb26d4f068e0baaf61d6e21e0f7ecaee904c155f,PRESENT,"[""Der Innenmeniskus ab Pars intermedia bis ins Hinterhorn deutlich signalalteriert und aufgetrieben mit schräger Risskomponente (z. B. 5/9) und kleiner meniscealer Zyste (4/19).""]",YES,[],KEEP,PASS,PASS,PASS,PASS,PASS,PASS,PASS,GPT-6.1 Sol independent text reviewer A,内侧体至后角明确斜向撕裂组件，旁半月板小囊肿不替代直接撕裂证据。
1.2.826.0.1.3680043.8.498.12957252711278416684461267069498115130,Lateral Meniscus,3af3a1cc168b15113aba7c7ecb26d4f068e0baaf61d6e21e0f7ecaee904c155f,ABSENT,"[""Der Außenmeniskus ist intakt.""]",NO,[],KEEP,PASS,PASS,PASS,PASS,PASS,PASS,PASS,GPT-6.1 Sol independent text reviewer A,外侧半月板完整，直接支持阴性。
1.2.826.0.1.3680043.8.498.12957252711278416684461267069498115130,Medial OA,3af3a1cc168b15113aba7c7ecb26d4f068e0baaf61d6e21e0f7ecaee904c155f,PRESENT,"[""Medialseitig teils fokal tief greifende Chondropathie (z. B. 6/10 oder 4/23) in der Hauptbelastungszone der Femurkondyle."",""Ansonsten vorwiegend oberflächliche Chondropathie."",""Diskrete osteophytäre Anbauten (1005/73).""]",UNKNOWN,"[""criteria_anatomy_severity_extent_or_timing_insufficient"",""llm_review:Deep focal chondropathy is reported, but cartilage loss greater than 50% and extent of at least 10 mm are not established.""]",KEEP,PASS,PASS,PASS,PASS,PASS,PASS,PASS,GPT-6.1 Sol independent text reviewer A,内侧局灶深软骨病但未定百分比及长度，未由深字直接达双阈值。
1.2.826.0.1.3680043.8.498.12957252711278416684461267069498115130,Lateral OA,3af3a1cc168b15113aba7c7ecb26d4f068e0baaf61d6e21e0f7ecaee904c155f,ABSENT,"[""Femorotibial lateralseitig erhaltener Knorpelbelag ohne tief greifende Chondropathie jedoch mit auffallender chondraler Calcinosis (z. B. 4/25).""]",NO,"[""llm_review:Chondral calcinosis is reported with preserved cartilage; it does not establish qualifying cartilage loss.""]",KEEP,PASS,PASS,PASS,PASS,PASS,PASS,PASS,GPT-6.1 Sol independent text reviewer A,外侧胫股软骨覆盖保持且无深层软骨病，钙化不等于深度丧失；阴性指竞争软骨损失，钙化已保留说明。
1.2.826.0.1.3680043.8.498.12957252711278416684461267069498115130,PF OA,3af3a1cc168b15113aba7c7ecb26d4f068e0baaf61d6e21e0f7ecaee904c155f,PRESENT,"[""Patella zentriert stehend. Mehrere oberflächliche, teils bis zur Hälfte der Knorpelschicht erreichenden chondralen Läsionen (siehe z. B. 7/9)."",""Chondrale Calcinosis femoropatellar, führend retropatellar (z. B. 3/46 und 3/57)."",""Ansonsten erhaltene Knorpelbelag.""]",NO,"[""explicit_subthreshold_or_alternative"",""llm_review:Reported lesions reach at most half the cartilage thickness; numerical lesion extent is unspecified.""]",KEEP,PASS,PASS,PASS,PASS,PASS,PASS,PASS,GPT-6.1 Sol independent text reviewer A,髌股病灶表浅且最深仅一半，严格大于50%不满足，NO有明示深度依据。
1.2.826.0.1.3680043.8.498.12957252711278416684461267069498115130,Effusion,3af3a1cc168b15113aba7c7ecb26d4f068e0baaf61d6e21e0f7ecaee904c155f,PRESENT,"[""Geringer Gelenkerguss.""]",NO,"[""explicit_subthreshold_or_alternative"",""llm_review:Mild effusion is subthreshold; joint distension is not reported.""]",KEEP,PASS,PASS,PASS,PASS,PASS,PASS,PASS,GPT-6.1 Sol independent text reviewer A,少量积液，未扩大成中大量，髌前囊扩大非关节液量级。
1.2.826.0.1.3680043.8.498.12957252711278416684461267069498115130,Synovitis,3af3a1cc168b15113aba7c7ecb26d4f068e0baaf61d6e21e0f7ecaee904c155f,ABSENT,"[""Synovialis nicht verdickt.""]",UNKNOWN,"[""llm_review:The negative addresses synovial thickening only; it does not explicitly exclude all synovial inflammation."",""negative_scope_insufficient""]",KEEP,PASS,PASS,PASS,PASS,PASS,PASS,PASS,GPT-6.1 Sol independent text reviewer A,仅滑膜未增厚，不全面排除炎症，class_absence_supported=null且UNKNOWN。
1.2.826.0.1.3680043.8.498.12957252711278416684461267069498115130,Baker's,3af3a1cc168b15113aba7c7ecb26d4f068e0baaf61d6e21e0f7ecaee904c155f,NOT_MENTIONED,[],UNKNOWN,[],KEEP,PASS,PASS,PASS,PASS,PASS,PASS,PASS,GPT-6.1 Sol independent text reviewer A,髌前滑囊增大非Baker典型后内侧囊肿，未提及Baker保留未知。
1.2.826.0.1.3680043.8.498.12957252711278416684461267069498115130,Contusion,3af3a1cc168b15113aba7c7ecb26d4f068e0baaf61d6e21e0f7ecaee904c155f,UNCERTAIN,"[""Als anatomische Normvariante Patella tripartita am superolateralen Pol (4/7) mit geringem Knochenmarködem in dem kleinerem akzessorischen Fragment (4/7)."",""Ansonsten altersentsprechendes Knochenmarkssignal.""]",UNKNOWN,"[""llm_review:Marrow edema is localized to an accessory fragment of a stated anatomical variant; traumatic origin, timing and absence of a fracture line at this lesion are not established."",""uncertain_report""]",KEEP,PASS,PASS,PASS,PASS,PASS,PASS,PASS,GPT-6.1 Sol independent text reviewer A,明确三分髌骨正常变异小副骨块骨髓水肿，无创伤归因或无骨折线描述，UNKNOWN合理。
1.2.826.0.1.3680043.8.498.12957252711278416684461267069498115130,Fracture,3af3a1cc168b15113aba7c7ecb26d4f068e0baaf61d6e21e0f7ecaee904c155f,NOT_MENTIONED,[],UNKNOWN,[],KEEP,PASS,PASS,PASS,PASS,PASS,PASS,PASS,GPT-6.1 Sol independent text reviewer A,三分髌骨为明确解剖变异，不误作急性骨折，未提及骨折保持未知。
1.2.826.0.1.3680043.8.498.14061227335828384505403558788548348446,ACL,9fd9343722563f757d0cf2e63bd654fecdff4b3d658d169662e9928fa15cf589,ABSENT,"[""Autrement le ligament croisé antérieur, le ligament croisé postérieur, le mécanisme des extenseurs, le ligament collatéral interne, le semi-membraneux, le muscle et tendon du poplité, le biceps femoris distal, le ligament collatéral externe et la bandelette ilio-tibiale sont sans particularité.""]",NO,"[""history_or_postoperative_scope_review""]",KEEP,PASS,PASS,PASS,PASS,PASS,PASS,PASS,GPT-6.1 Sol independent text reviewer A,前交叉韧带被明确列于无异常结构，非病史描述，阴性正确。
1.2.826.0.1.3680043.8.498.14061227335828384505403558788548348446,MCL,9fd9343722563f757d0cf2e63bd654fecdff4b3d658d169662e9928fa15cf589,ABSENT,"[""Autrement le ligament croisé antérieur, le ligament croisé postérieur, le mécanisme des extenseurs, le ligament collatéral interne, le semi-membraneux, le muscle et tendon du poplité, le biceps femoris distal, le ligament collatéral externe et la bandelette ilio-tibiale sont sans particularité.""]",NO,"[""history_or_postoperative_scope_review""]",KEEP,PASS,PASS,PASS,PASS,PASS,PASS,PASS,GPT-6.1 Sol independent text reviewer A,内侧副韧带明确无异常，当前阴性充分。
1.2.826.0.1.3680043.8.498.14061227335828384505403558788548348446,Medial Meniscus,9fd9343722563f757d0cf2e63bd654fecdff4b3d658d169662e9928fa15cf589,PRESENT,"[""Il y a des changements dégénératifs intrasubstance impliquant le corps et la corne postérieure du ménisque interne."",""Il y a une déchirure radiale complète de la racine postérieure avec extrusion du ménisque."",""Changements dégénératifs intrasubstance du ménisque interne, avec déchirure radiale complète de la racine postérieure avec extrusion du ménisque.""]",YES,"[""history_or_postoperative_scope_review"",""llm_review:Tear timing is unspecified.""]",KEEP,PASS,PASS,PASS,PASS,PASS,PASS,PASS,GPT-6.1 Sol independent text reviewer A,内侧后根完整径向撕裂伴挤出，虽合并内部退变仍确定撕裂YES。
1.2.826.0.1.3680043.8.498.14061227335828384505403558788548348446,Lateral Meniscus,9fd9343722563f757d0cf2e63bd654fecdff4b3d658d169662e9928fa15cf589,ABSENT,"[""Le ménisque externe est sans particularité.""]",NO,[],KEEP,PASS,PASS,PASS,PASS,PASS,PASS,PASS,GPT-6.1 Sol independent text reviewer A,外侧半月板无异常，未由内侧撕裂推外侧病变。
1.2.826.0.1.3680043.8.498.14061227335828384505403558788548348446,Medial OA,9fd9343722563f757d0cf2e63bd654fecdff4b3d658d169662e9928fa15cf589,PRESENT,"[""Il y a des changements dégénératifs modérés du compartiment interne avec amincissement modéré du cartilage à la partie centrale du condyle fémoral interne et du plafond tibial avec légers changements réactifs sous-chondraux.""]",UNKNOWN,"[""criteria_anatomy_severity_extent_or_timing_insufficient"",""llm_review:Cartilage lesion extent in millimeters is unspecified."",""llm_review:Moderate cartilage thinning does not quantify loss greater than 50%.""]",KEEP,PASS,PASS,PASS,PASS,PASS,PASS,PASS,GPT-6.1 Sol independent text reviewer A,内侧中度软骨变薄但无大于50%比例及长度，UNKNOWN正确。
1.2.826.0.1.3680043.8.498.14061227335828384505403558788548348446,Lateral OA,9fd9343722563f757d0cf2e63bd654fecdff4b3d658d169662e9928fa15cf589,PRESENT,"[""Il y a un léger amincissement du cartilage des compartiments externes et patello-fémoral.""]",NO,"[""explicit_subthreshold_or_alternative"",""llm_review:Only mild cartilage thinning is described; numerical depth and extent are unspecified.""]",KEEP,PASS,PASS,PASS,PASS,PASS,PASS,PASS,GPT-6.1 Sol independent text reviewer A,外侧轻度软骨变薄，亚阈值改变已保留PRESENT并NO。
1.2.826.0.1.3680043.8.498.14061227335828384505403558788548348446,PF OA,9fd9343722563f757d0cf2e63bd654fecdff4b3d658d169662e9928fa15cf589,PRESENT,"[""Il y a un léger amincissement du cartilage des compartiments externes et patello-fémoral.""]",NO,"[""explicit_subthreshold_or_alternative"",""llm_review:Only mild cartilage thinning is described; numerical depth and extent are unspecified.""]",KEEP,PASS,PASS,PASS,PASS,PASS,PASS,PASS,GPT-6.1 Sol independent text reviewer A,髌股轻度软骨变薄，与轻度髌骨外侧半脱位分开，PRESENT低阈值NO。
1.2.826.0.1.3680043.8.498.14061227335828384505403558788548348446,Effusion,9fd9343722563f757d0cf2e63bd654fecdff4b3d658d169662e9928fa15cf589,PRESENT,"[""Il y a un épanchement intra-articulaire modéré sans kyste poplité.""]",UNKNOWN,"[""criteria_anatomy_severity_extent_or_timing_insufficient"",""llm_review:Moderate intra-articular effusion is explicit, but joint distension is not described."",""negation_scope_review""]",KEEP,PASS,PASS,PASS,PASS,PASS,PASS,PASS,GPT-6.1 Sol independent text reviewer A,中量关节积液明确但无扩张，最终UNKNOWN正确；0.75仅低权重假设，未断言标准满足。
1.2.826.0.1.3680043.8.498.14061227335828384505403558788548348446,Synovitis,9fd9343722563f757d0cf2e63bd654fecdff4b3d658d169662e9928fa15cf589,NOT_MENTIONED,[],UNKNOWN,[],KEEP,PASS,PASS,PASS,PASS,PASS,PASS,PASS,GPT-6.1 Sol independent text reviewer A,未谈滑膜炎，未由中量积液推断。
1.2.826.0.1.3680043.8.498.14061227335828384505403558788548348446,Baker's,9fd9343722563f757d0cf2e63bd654fecdff4b3d658d169662e9928fa15cf589,ABSENT,"[""Il y a un épanchement intra-articulaire modéré sans kyste poplité."",""Épanchement intra-articulaire sans kyste poplité.""]",NO,[],KEEP,PASS,PASS,PASS,PASS,PASS,PASS,PASS,GPT-6.1 Sol independent text reviewer A,两处明确无腘窝囊肿，否定仅作用Baker而非积液。
1.2.826.0.1.3680043.8.498.14061227335828384505403558788548348446,Contusion,9fd9343722563f757d0cf2e63bd654fecdff4b3d658d169662e9928fa15cf589,NOT_MENTIONED,[],UNKNOWN,[],KEEP,PASS,PASS,PASS,PASS,PASS,PASS,PASS,GPT-6.1 Sol independent text reviewer A,轻度软骨下反应性改变未直接描述骨髓水肿或创伤挫伤，NOT_MENTIONED合理。
1.2.826.0.1.3680043.8.498.14061227335828384505403558788548348446,Fracture,9fd9343722563f757d0cf2e63bd654fecdff4b3d658d169662e9928fa15cf589,NOT_MENTIONED,[],UNKNOWN,[],KEEP,PASS,PASS,PASS,PASS,PASS,PASS,PASS,GPT-6.1 Sol independent text reviewer A,未提及骨折，保持未知。
1.2.826.0.1.3680043.8.498.15133818248365103660456294775831248835,ACL,fb7cfddf6ddae2b5b738a5c711aff027d288e19b7c34c1dc7c5227662ab176f4,ABSENT,"[""Intact voorkomen van de voorste / achtste kruisband en de beide collaterale ligamenten.""]",NO,[],KEEP,PASS,PASS,PASS,PASS,PASS,PASS,PASS,GPT-6.1 Sol independent text reviewer A,前交叉韧带完整，扫描目的半月板疑问非当前ACL病变。
1.2.826.0.1.3680043.8.498.15133818248365103660456294775831248835,MCL,fb7cfddf6ddae2b5b738a5c711aff027d288e19b7c34c1dc7c5227662ab176f4,ABSENT,"[""Intact voorkomen van de voorste / achtste kruisband en de beide collaterale ligamenten.""]",NO,[],KEEP,PASS,PASS,PASS,PASS,PASS,PASS,PASS,GPT-6.1 Sol independent text reviewer A,双侧副韧带完整，MCL阴性有明确支持。
1.2.826.0.1.3680043.8.498.15133818248365103660456294775831248835,Medial Meniscus,fb7cfddf6ddae2b5b738a5c711aff027d288e19b7c34c1dc7c5227662ab176f4,NOT_MENTIONED,[],UNKNOWN,[],KEEP,PASS,PASS,PASS,PASS,PASS,PASS,PASS,GPT-6.1 Sol independent text reviewer A,仅外侧半月板病变，未提及内侧，保持未知。
1.2.826.0.1.3680043.8.498.15133818248365103660456294775831248835,Lateral Meniscus,fb7cfddf6ddae2b5b738a5c711aff027d288e19b7c34c1dc7c5227662ab176f4,PRESENT,"[""Aberrante horizontaal verlopende lineaire signaalalteratie corpusgedeelte laterale meniscus (zone 1>3 ) deels overgrijpend op de achterhoorn en de voorhoorn: horizontale scheur met kleine aanliggende parameniscale cyste nabij het corpus"",""Horizontale scheur laterale meniscus.""]",YES,[],KEEP,PASS,PASS,PASS,PASS,PASS,PASS,PASS,GPT-6.1 Sol independent text reviewer A,外侧体部横裂伸及前后角并旁半月板小囊肿，结论确定撕裂YES。
1.2.826.0.1.3680043.8.498.15133818248365103660456294775831248835,Medial OA,fb7cfddf6ddae2b5b738a5c711aff027d288e19b7c34c1dc7c5227662ab176f4,NOT_MENTIONED,[],UNKNOWN,[],KEEP,PASS,PASS,PASS,PASS,PASS,PASS,PASS,GPT-6.1 Sol independent text reviewer A,胫股内侧关节关系保持未评价软骨厚度，NOT_MENTIONED不补陰性。
1.2.826.0.1.3680043.8.498.15133818248365103660456294775831248835,Lateral OA,fb7cfddf6ddae2b5b738a5c711aff027d288e19b7c34c1dc7c5227662ab176f4,NOT_MENTIONED,[],UNKNOWN,[],KEEP,PASS,PASS,PASS,PASS,PASS,PASS,PASS,GPT-6.1 Sol independent text reviewer A,髌骨外侧面软骨损伤属髌股而非外侧胫股，未误归外侧OA。
1.2.826.0.1.3680043.8.498.15133818248365103660456294775831248835,PF OA,fb7cfddf6ddae2b5b738a5c711aff027d288e19b7c34c1dc7c5227662ab176f4,PRESENT,"[""oppervlakkige kraakbeen letseltje laterale patellaire facet alsook een graad 4 kraakbeenletsel mediale patellaire facet met ge ïsoleerde focus van botoedeem nabij de subchondrale beenplaat."",""Patellaire chondromalacie.""]",UNKNOWN,"[""criteria_anatomy_severity_extent_or_timing_insufficient"",""llm_review:Cartilage lesion extent is not reported."",""llm_review:Grade 4 is reported without an identified grading convention or explicit cartilage-loss depth."",""llm_review:Timing is unspecified.""]",KEEP,PASS,PASS,PASS,PASS,PASS,PASS,PASS,GPT-6.1 Sol independent text reviewer A,髌骨内侧面四级病变和外侧表浅灶，分级体系及长度不明，UNKNOWN合理。
1.2.826.0.1.3680043.8.498.15133818248365103660456294775831248835,Effusion,fb7cfddf6ddae2b5b738a5c711aff027d288e19b7c34c1dc7c5227662ab176f4,ABSENT,"[""Geen opzetting van suprapatellaire bursa""]",UNKNOWN,"[""llm_review:The negative statement is limited to suprapatellar bursal distension; it does not explicitly exclude effusion throughout the joint."",""negative_scope_insufficient""]",KEEP,PASS,PASS,PASS,PASS,PASS,PASS,PASS,GPT-6.1 Sol independent text reviewer A,仅无髌上滑囊扩张，未全面否定其他关节液，absence=null且UNKNOWN。
1.2.826.0.1.3680043.8.498.15133818248365103660456294775831248835,Synovitis,fb7cfddf6ddae2b5b738a5c711aff027d288e19b7c34c1dc7c5227662ab176f4,NOT_MENTIONED,[],UNKNOWN,[],KEEP,PASS,PASS,PASS,PASS,PASS,PASS,PASS,GPT-6.1 Sol independent text reviewer A,未直接讨论滑膜炎，保持未知。
1.2.826.0.1.3680043.8.498.15133818248365103660456294775831248835,Baker's,fb7cfddf6ddae2b5b738a5c711aff027d288e19b7c34c1dc7c5227662ab176f4,UNCERTAIN,"[""een (niet met ruptuur verwikkelde Baker-cyste )/ multiloculaire T2-hyperintense structuur posterieur van de achterste kruisband (nabij de tibiale insertie interface posterieure capsuloligamentaire structuren) : ganglioncyste, afmetingen 1,9 x 1,2 x 0,6\\~cm.""]",UNKNOWN,"[""anatomy_missing_or_wrong"",""history_or_postoperative_scope_review"",""llm_review:Moderate or large Baker cyst size and typical posteromedial location are not established."",""llm_review:Slash-separated wording ambiguously mentions a Baker cyst and a posterior cruciate ganglion cyst."",""llm_review:The reported dimensions cannot confidently be assigned to a separate Baker cyst."",""uncertain_report""]",MASK,PASS,PASS,PASS,PASS,PASS,PASS,PASS,GPT-6.1 Sol independent text reviewer A,Baker/后交叉附近多房ganglion斜线措辞存在歧义，未知解剖和大小归属合理；critical合同MASK。
1.2.826.0.1.3680043.8.498.15133818248365103660456294775831248835,Contusion,fb7cfddf6ddae2b5b738a5c711aff027d288e19b7c34c1dc7c5227662ab176f4,PRESENT,"[""graad 4 kraakbeenletsel mediale patellaire facet met ge ïsoleerde focus van botoedeem nabij de subchondrale beenplaat.""]",NO,"[""explicit_subthreshold_or_alternative"",""llm_review:Fracture-line absence and injury timing are not stated."",""llm_review:Reported marrow edema accompanies patellar cartilage disease; a traumatic contusion is not diagnosed."",""timing_or_trauma_review""]",MASK,PASS,PASS,PASS,PASS,PASS,PASS,FAIL,GPT-6.1 Sol independent text reviewer A,软骨下骨水肿伴髌骨软骨病只证明伴随关系，不明确全部为退变性；degenerative_only=true缺充分证据且mapper因此NO，应保持UNKNOWN，MASK。
1.2.826.0.1.3680043.8.498.15133818248365103660456294775831248835,Fracture,fb7cfddf6ddae2b5b738a5c711aff027d288e19b7c34c1dc7c5227662ab176f4,NOT_MENTIONED,[],UNKNOWN,[],KEEP,PASS,PASS,PASS,PASS,PASS,PASS,PASS,GPT-6.1 Sol independent text reviewer A,无骨折描述，未从软骨下水肿推骨折。
1.2.826.0.1.3680043.8.498.12331841096593105748526634055968654914,ACL,42ced12e453c3835d8e2e376e17a1e46834e102b3043e584f3a0a35a8921e3bc,PRESENT,"[""Engrosamiento, alteración de señal y disrupción completa de las fibras del ligamento cruzado\nanterior en tercio medio / distal."",""Rotura completa del LCA con contusiones óseas en cóndilo femoral lateral y platillo tibial lateral,\nsugerentes de evento de inestabilidad reciente.""]",YES,[],KEEP,PASS,PASS,PASS,PASS,PASS,PASS,PASS,GPT-6.1 Sol independent text reviewer A,当前ACL中远段纤维完整断裂，结论结合骨挫伤提示近期不稳定事件；不是仅引用临床排除LCA问题。
1.2.826.0.1.3680043.8.498.12331841096593105748526634055968654914,MCL,42ced12e453c3835d8e2e376e17a1e46834e102b3043e584f3a0a35a8921e3bc,PRESENT,"[""Ligamentos cruzado posterior y colaterales continuos."",""Engrosamiento con leve alteración de señal\ndel componente superficial del ligamento colateral medial."",""Esguince grado I del componente superficial del LCM.""]",NO,"[""explicit_subthreshold_or_alternative"",""history_or_postoperative_scope_review"",""llm_review:MCL injury timing is not explicitly specified."",""timing_or_trauma_review""]",KEEP,PASS,PASS,PASS,PASS,PASS,PASS,PASS,GPT-6.1 Sol independent text reviewer A,表层MCL一级扭伤且连续，低阈值NO；未由ACL完全断裂推MCL高级别。
1.2.826.0.1.3680043.8.498.12331841096593105748526634055968654914,Medial Meniscus,42ced12e453c3835d8e2e376e17a1e46834e102b3043e584f3a0a35a8921e3bc,UNCERTAIN,"[""Menisco medial de morfología conservada con alteración de señal del cuerno posterior que no\ncumple criterios de rotura."",""Destaca leve edema en la interfase meniscocapsular del cuerno\nposterior del menisco medial."",""Edema la interfase meniscocapsular del cuerno posterior del menisco medial, pudiera traducir\nlesión a este nivel.""]",UNKNOWN,"[""history_or_postoperative_scope_review"",""llm_review:Internal signal does not meet tear criteria, but a separate meniscocapsular injury is suggested without a definite tear diagnosis."",""uncertain_report""]",KEEP,PASS,PASS,PASS,PASS,PASS,PASS,PASS,GPT-6.1 Sol independent text reviewer A,内侧后角信号明确不达撕裂标准，另可能半月板囊损伤，保留两信息与UNCERTAIN。
1.2.826.0.1.3680043.8.498.12331841096593105748526634055968654914,Lateral Meniscus,42ced12e453c3835d8e2e376e17a1e46834e102b3043e584f3a0a35a8921e3bc,PRESENT,"[""Rotura longitudinal vertical en la periferia del cuerno posterior del menisco lateral en sitio inserción\ndel ligamento menisco femoral de Wrisberg.""]",YES,"[""history_or_postoperative_scope_review""]",KEEP,PASS,PASS,PASS,PASS,PASS,PASS,PASS,GPT-6.1 Sol independent text reviewer A,外侧后角Wrisberg附着区明确纵行垂直周缘撕裂，YES。
1.2.826.0.1.3680043.8.498.12331841096593105748526634055968654914,Medial OA,42ced12e453c3835d8e2e376e17a1e46834e102b3043e584f3a0a35a8921e3bc,UNCERTAIN,"[""Alteración de señal e irregularidad superficial del cartílago femorotibial, sin defectos condrales\nprofundos."",""Condropatía femorotibial superficial.""]",UNKNOWN,"[""anatomy_missing_or_wrong"",""llm_mapper_disagreement"",""llm_review:Cartilage abnormality is superficial; extent is not specified."",""llm_review:Tibiofemoral chondropathy is not localized to the medial or lateral compartment."",""uncertain_report""]",MASK,PASS,PASS,PASS,PASS,PASS,PASS,PASS,GPT-6.1 Sol independent text reviewer A,泛称胫股表浅软骨病未侧别，UNKNOWN解剖为保守，不假定内侧；critical要求MASK。
1.2.826.0.1.3680043.8.498.12331841096593105748526634055968654914,Lateral OA,42ced12e453c3835d8e2e376e17a1e46834e102b3043e584f3a0a35a8921e3bc,UNCERTAIN,"[""Alteración de señal e irregularidad superficial del cartílago femorotibial, sin defectos condrales\nprofundos."",""Condropatía femorotibial superficial.""]",UNKNOWN,"[""anatomy_missing_or_wrong"",""llm_mapper_disagreement"",""llm_review:Cartilage abnormality is superficial; extent is not specified."",""llm_review:Tibiofemoral chondropathy is not localized to the medial or lateral compartment."",""uncertain_report""]",MASK,PASS,PASS,PASS,PASS,PASS,PASS,PASS,GPT-6.1 Sol independent text reviewer A,同样胫股表浅病变未侧别，未擅自指定外侧；critical安全MASK。
1.2.826.0.1.3680043.8.498.12331841096593105748526634055968654914,PF OA,42ced12e453c3835d8e2e376e17a1e46834e102b3043e584f3a0a35a8921e3bc,PRESENT,"[""Cartílago rotuliano con alteración de señal e irregularidad superficial en faceta lateral y medial."",""Úlcera condral de espesor subtotal con componente delaminativo, sin cambios óseos reactivos en\nvertiente medial, región central y vertiente lateral de la tróclea, se extiende 13 mm medio lateral y\n10 mm craneocaudal."",""Defecto condral grado 2-3 que compromete vertiente medial, región central y vertiente lateral de la\ntróclea.""]",YES,"[""llm_review:Grading convention for grade 2-3 is unspecified; depth is supported independently by the subtotal-thickness description."",""negation_scope_review""]",KEEP,PASS,PASS,PASS,PASS,PASS,PASS,PASS,GPT-6.1 Sol independent text reviewer A,滑车近全层软骨溃疡独立支持大于50%，13x10mm独立满足长度，不依赖2-3级分级推阈值。
1.2.826.0.1.3680043.8.498.12331841096593105748526634055968654914,Effusion,42ced12e453c3835d8e2e376e17a1e46834e102b3043e584f3a0a35a8921e3bc,PRESENT,"[""Acentuado derrame articular.""]",UNKNOWN,"[""criteria_anatomy_severity_extent_or_timing_insufficient"",""llm_review:Marked effusion is reported, but joint distension is not explicitly described.""]",KEEP,PASS,PASS,PASS,PASS,PASS,PASS,PASS,GPT-6.1 Sol independent text reviewer A,明显积液未直接描述扩张，最终UNKNOWN；0.9为低权重估计而非虚构扩张。
1.2.826.0.1.3680043.8.498.12331841096593105748526634055968654914,Synovitis,42ced12e453c3835d8e2e376e17a1e46834e102b3043e584f3a0a35a8921e3bc,NOT_MENTIONED,[],UNKNOWN,[],KEEP,PASS,PASS,PASS,PASS,PASS,PASS,PASS,GPT-6.1 Sol independent text reviewer A,未提及滑膜炎，不由明显积液推出。
1.2.826.0.1.3680043.8.498.12331841096593105748526634055968654914,Baker's,42ced12e453c3835d8e2e376e17a1e46834e102b3043e584f3a0a35a8921e3bc,ABSENT,"[""No se observa quiste de Baker.""]",NO,[],KEEP,PASS,PASS,PASS,PASS,PASS,PASS,PASS,GPT-6.1 Sol independent text reviewer A,明确未见Baker囊肿，阴性充分。
1.2.826.0.1.3680043.8.498.12331841096593105748526634055968654914,Contusion,42ced12e453c3835d8e2e376e17a1e46834e102b3043e584f3a0a35a8921e3bc,PRESENT,"[""Focos de edema óseo post contusionales en tercio medio de carga del cóndilo femoral lateral y\naspecto posterior del platillo tibial lateral."",""Rotura completa del LCA con contusiones óseas en cóndilo femoral lateral y platillo tibial lateral,\nsugerentes de evento de inestabilidad reciente.""]",UNKNOWN,"[""criteria_anatomy_severity_extent_or_timing_insufficient"",""history_or_postoperative_scope_review"",""llm_review:Recent bone contusions are explicitly diagnosed, but absence of a fracture line at these lesions is not explicitly documented.""]",KEEP,PASS,PASS,PASS,PASS,PASS,PASS,PASS,GPT-6.1 Sol independent text reviewer A,局灶挫伤后骨水肿和近期事件明确，未有无骨折线证据故最终UNKNOWN；高软分仅低权重。
1.2.826.0.1.3680043.8.498.12331841096593105748526634055968654914,Fracture,42ced12e453c3835d8e2e376e17a1e46834e102b3043e584f3a0a35a8921e3bc,NOT_MENTIONED,[],UNKNOWN,[],KEEP,PASS,PASS,PASS,PASS,PASS,PASS,PASS,GPT-6.1 Sol independent text reviewer A,未提及骨折，未由骨挫伤推骨折。
1.2.826.0.1.3680043.8.498.17070139245390396445395414066427036835,ACL,117a84a6ad3dab626e29c1a352c8dcc4fa83e26a40380a93c4a1d7fc1314264b,ABSENT,"[""Χωρίς παθολογικά ευρήµατα από τον έλεγχο των χιαστών και του έσω πλαγίου συνδέσµου, του εσω µηνίσκου.""]",NO,[],KEEP,PASS,PASS,PASS,PASS,PASS,PASS,PASS,GPT-6.1 Sol independent text reviewer A,交叉韧带无病理发现，ACL阴性充分；同句内侧半月板矛盾不影响ACL。
1.2.826.0.1.3680043.8.498.17070139245390396445395414066427036835,MCL,117a84a6ad3dab626e29c1a352c8dcc4fa83e26a40380a93c4a1d7fc1314264b,ABSENT,"[""Χωρίς παθολογικά ευρήµατα από τον έλεγχο των χιαστών και του έσω πλαγίου συνδέσµου, του εσω µηνίσκου.""]",NO,[],KEEP,PASS,PASS,PASS,PASS,PASS,PASS,PASS,GPT-6.1 Sol independent text reviewer A,内侧副韧带无病理发现，直接阴性支持。
1.2.826.0.1.3680043.8.498.17070139245390396445395414066427036835,Medial Meniscus,117a84a6ad3dab626e29c1a352c8dcc4fa83e26a40380a93c4a1d7fc1314264b,PRESENT,"[""Παθολογικό σήµα αναγνωρίζεται στο οπίσθιο κέρας του έσω µηνίσκου ο οποίος παρουσιάζει ήπιο υπεξάρθρηµα."",""Χωρίς παθολογικά ευρήµατα από τον έλεγχο των χιαστών και του έσω πλαγίου συνδέσµου, του εσω µηνίσκου."",""Απλή εκφύλιση χωρίς ρήξη, έσω µηνίσκου.""]",UNKNOWN,"[""llm_mapper_disagreement"",""llm_review:Medial meniscal abnormal signal, mild subluxation and degeneration conflict with the statement of no pathological medial meniscal findings."",""llm_review:The conclusion explicitly excludes a medial meniscal tear."",""negation_scope_review"",""unresolved_contradiction""]",MASK,PASS,PASS,PASS,PASS,PASS,PASS,PASS,GPT-6.1 Sol independent text reviewer A,内侧后角异常信号轻度半脱位/单纯退变与另一句无病理冲突，两类证据都保留；critical安全MASK。
1.2.826.0.1.3680043.8.498.17070139245390396445395414066427036835,Lateral Meniscus,117a84a6ad3dab626e29c1a352c8dcc4fa83e26a40380a93c4a1d7fc1314264b,PRESENT,"[""Σηµειώνεται παθολογικό σήµα κατά το σώµα και οπίσθιο κέρας ευµεγέθους έξω µηνίσκου."",""Συνυπάρχει παθολογικό σήµα και στο πρόσθιο κέρας."",""Σύµπλοκη ρήξη, κάθετη σώµατος και ακτινωτή οπισθίου κέρατος δισκοειδούς έξω µηνίσκου µε ύδραρθρο.""]",YES,[],KEEP,PASS,PASS,PASS,PASS,PASS,PASS,PASS,GPT-6.1 Sol independent text reviewer A,盘状外侧半月板体垂直裂及后角径向复杂裂直接确诊，YES。
1.2.826.0.1.3680043.8.498.17070139245390396445395414066427036835,Medial OA,117a84a6ad3dab626e29c1a352c8dcc4fa83e26a40380a93c4a1d7fc1314264b,ABSENT,"[""Από τον έλεγχο του εκτατικού µηχανισµού, του αρθρικού χόνδρου και του οστικού µυελού δεν σηµειώθηκε αξιοσηµείωτη παθολογία.""]",UNKNOWN,"[""anatomy_missing_or_wrong"",""llm_review:General articular cartilage negative; compartments are not individually named.""]",MASK,PASS,PASS,PASS,PASS,PASS,PASS,PASS,GPT-6.1 Sol independent text reviewer A,泛称关节软骨无值得注意病理但未单列内侧间室，保守UNKNOWN解剖忠实；critical要求MASK。
1.2.826.0.1.3680043.8.498.17070139245390396445395414066427036835,Lateral OA,117a84a6ad3dab626e29c1a352c8dcc4fa83e26a40380a93c4a1d7fc1314264b,ABSENT,"[""Από τον έλεγχο του εκτατικού µηχανισµού, του αρθρικού χόνδρου και του οστικού µυελού δεν σηµειώθηκε αξιοσηµείωτη παθολογία.""]",UNKNOWN,"[""anatomy_missing_or_wrong"",""llm_review:General articular cartilage negative; compartments are not individually named.""]",MASK,PASS,PASS,PASS,PASS,PASS,PASS,PASS,GPT-6.1 Sol independent text reviewer A,软骨泛称负面信息未单列外侧胫股，UNKNOWN为保守排除；critical要求MASK。
1.2.826.0.1.3680043.8.498.17070139245390396445395414066427036835,PF OA,117a84a6ad3dab626e29c1a352c8dcc4fa83e26a40380a93c4a1d7fc1314264b,ABSENT,"[""Από τον έλεγχο του εκτατικού µηχανισµού, του αρθρικού χόνδρου και του οστικού µυελού δεν σηµειώθηκε αξιοσηµείωτη παθολογία.""]",UNKNOWN,"[""anatomy_missing_or_wrong"",""llm_review:General articular cartilage negative; compartments are not individually named.""]",MASK,PASS,PASS,PASS,PASS,PASS,PASS,PASS,GPT-6.1 Sol independent text reviewer A,泛称软骨无显著病理未单列髌股，保守UNKNOWN；critical合同MASK。
1.2.826.0.1.3680043.8.498.17070139245390396445395414066427036835,Effusion,117a84a6ad3dab626e29c1a352c8dcc4fa83e26a40380a93c4a1d7fc1314264b,PRESENT,"[""Αναγνωρίζεται µέτρια ποσότητα υγρού ενδαρθρικά."",""Σύµπλοκη ρήξη, κάθετη σώµατος και ακτινωτή οπισθίου κέρατος δισκοειδούς έξω µηνίσκου µε ύδραρθρο.""]",UNKNOWN,"[""criteria_anatomy_severity_extent_or_timing_insufficient"",""llm_review:Moderate intra-articular fluid is explicit; joint distension is not explicitly described.""]",KEEP,PASS,PASS,PASS,PASS,PASS,PASS,PASS,GPT-6.1 Sol independent text reviewer A,中量关节液明确而未描述扩张，UNKNOWN与低权重0.8符合未校准估计。
1.2.826.0.1.3680043.8.498.17070139245390396445395414066427036835,Synovitis,117a84a6ad3dab626e29c1a352c8dcc4fa83e26a40380a93c4a1d7fc1314264b,NOT_MENTIONED,[],UNKNOWN,[],KEEP,PASS,PASS,PASS,PASS,PASS,PASS,PASS,GPT-6.1 Sol independent text reviewer A,未谈滑膜炎，不从hydrops推断。
1.2.826.0.1.3680043.8.498.17070139245390396445395414066427036835,Baker's,117a84a6ad3dab626e29c1a352c8dcc4fa83e26a40380a93c4a1d7fc1314264b,NOT_MENTIONED,[],UNKNOWN,[],KEEP,PASS,PASS,PASS,PASS,PASS,PASS,PASS,GPT-6.1 Sol independent text reviewer A,未提及Baker囊肿，保持未知。
1.2.826.0.1.3680043.8.498.17070139245390396445395414066427036835,Contusion,117a84a6ad3dab626e29c1a352c8dcc4fa83e26a40380a93c4a1d7fc1314264b,ABSENT,"[""Από τον έλεγχο του εκτατικού µηχανισµού, του αρθρικού χόνδρου και του οστικού µυελού δεν σηµειώθηκε αξιοσηµείωτη παθολογία.""]",NO,[],MASK,PASS,PASS,FAIL,PASS,PASS,PASS,FAIL,GPT-6.1 Sol independent text reviewer A,骨髓未见值得注意/显著病理只是否定显著异常，不能排除轻度骨挫伤；class_absence_supported=true与NO范围过强，MASK。
1.2.826.0.1.3680043.8.498.17070139245390396445395414066427036835,Fracture,117a84a6ad3dab626e29c1a352c8dcc4fa83e26a40380a93c4a1d7fc1314264b,NOT_MENTIONED,[],UNKNOWN,[],KEEP,PASS,PASS,PASS,PASS,PASS,PASS,PASS,GPT-6.1 Sol independent text reviewer A,未直接描述骨折，泛称骨髓无显著病理未硬推骨折阴性。
1.2.826.0.1.3680043.8.498.18114567737638963627123562895002602285,ACL,586ab04319352e2252f4c7953070eb09ca2d49e7015b9ec32f68841401bf9205,ABSENT,"[""Ligamentos cruzados y colateral lateral sin alteraciones.""]",NO,[],KEEP,PASS,PASS,PASS,PASS,PASS,PASS,PASS,GPT-6.1 Sol independent text reviewer A,交叉韧带无改变，ACL阴性直接支持。
1.2.826.0.1.3680043.8.498.18114567737638963627123562895002602285,MCL,586ab04319352e2252f4c7953070eb09ca2d49e7015b9ec32f68841401bf9205,PRESENT,"[""Engrosamiento y aumento de señal del componente superficial y profundo del complejo\nligamentario medial con pérdida parcial de la continuidad ambos componentes en su tercio\nproximal, con edema las partes blandas regionales."",""Esguince grado II del componente superficial y profundo del complejo ligamentario medial en su\naspecto proximal, con edema las partes blandas adyacentes.""]",UNKNOWN,"[""criteria_anatomy_severity_extent_or_timing_insufficient"",""llm_review:Acute timing is not explicitly stated."",""llm_review:Grade II sprain and partial continuity loss establish partial injury but do not specify a high-grade partial tear."",""timing_or_trauma_review""]",KEEP,PASS,PASS,PASS,PASS,PASS,PASS,PASS,GPT-6.1 Sol independent text reviewer A,内侧浅深纤维近端部分连续性丧失、II级扭伤伴邻软组织水肿，不自动推高级别或急性，UNKNOWN合理。
1.2.826.0.1.3680043.8.498.18114567737638963627123562895002602285,Medial Meniscus,586ab04319352e2252f4c7953070eb09ca2d49e7015b9ec32f68841401bf9205,ABSENT,"[""Meniscos impresionan de morfología y señal conservada, sin signos de rotura.""]",NO,[],KEEP,PASS,PASS,PASS,PASS,PASS,PASS,PASS,GPT-6.1 Sol independent text reviewer A,半月板形态信号保持无裂征，内侧阴性明确。
1.2.826.0.1.3680043.8.498.18114567737638963627123562895002602285,Lateral Meniscus,586ab04319352e2252f4c7953070eb09ca2d49e7015b9ec32f68841401bf9205,ABSENT,"[""Meniscos impresionan de morfología y señal conservada, sin signos de rotura.""]",NO,[],KEEP,PASS,PASS,PASS,PASS,PASS,PASS,PASS,GPT-6.1 Sol independent text reviewer A,半月板泛称无裂征涵盖外侧，未误借内侧MCL病变。
1.2.826.0.1.3680043.8.498.18114567737638963627123562895002602285,Medial OA,586ab04319352e2252f4c7953070eb09ca2d49e7015b9ec32f68841401bf9205,ABSENT,"[""Cartílagos de los compartimentos femorotibiales y patelofemoral sin alteraciones.""]",NO,[],KEEP,PASS,PASS,PASS,PASS,PASS,PASS,PASS,GPT-6.1 Sol independent text reviewer A,复数胫股间室软骨无改变涵盖内侧，全面阴性支持充分。
1.2.826.0.1.3680043.8.498.18114567737638963627123562895002602285,Lateral OA,586ab04319352e2252f4c7953070eb09ca2d49e7015b9ec32f68841401bf9205,ABSENT,"[""Cartílagos de los compartimentos femorotibiales y patelofemoral sin alteraciones.""]",NO,[],KEEP,PASS,PASS,PASS,PASS,PASS,PASS,PASS,GPT-6.1 Sol independent text reviewer A,复数胫股间室软骨无改变涵盖外侧，阴性有支持。
1.2.826.0.1.3680043.8.498.18114567737638963627123562895002602285,PF OA,586ab04319352e2252f4c7953070eb09ca2d49e7015b9ec32f68841401bf9205,ABSENT,"[""Cartílagos de los compartimentos femorotibiales y patelofemoral sin alteraciones.""]",NO,[],KEEP,PASS,PASS,PASS,PASS,PASS,PASS,PASS,GPT-6.1 Sol independent text reviewer A,明确髌股软骨无改变，阴性正确。
1.2.826.0.1.3680043.8.498.18114567737638963627123562895002602285,Effusion,586ab04319352e2252f4c7953070eb09ca2d49e7015b9ec32f68841401bf9205,ABSENT,"[""No hay significativo derrame articular.""]",NO,"[""llm_review:The negative excludes significant effusion but does not assert complete absence of joint fluid.""]",KEEP,PASS,PASS,PASS,PASS,PASS,PASS,PASS,GPT-6.1 Sol independent text reviewer A,未见显著积液可排除本类中大量门槛，但并非声称完全无微量液体；notes保留限定。
1.2.826.0.1.3680043.8.498.18114567737638963627123562895002602285,Synovitis,586ab04319352e2252f4c7953070eb09ca2d49e7015b9ec32f68841401bf9205,NOT_MENTIONED,[],UNKNOWN,[],KEEP,PASS,PASS,PASS,PASS,PASS,PASS,PASS,GPT-6.1 Sol independent text reviewer A,未提及滑膜炎，邻软组织水肿不作为滑膜证据。
1.2.826.0.1.3680043.8.498.18114567737638963627123562895002602285,Baker's,586ab04319352e2252f4c7953070eb09ca2d49e7015b9ec32f68841401bf9205,PRESENT,"[""Pequeño quiste poplíteo no complicado""]",NO,"[""explicit_subthreshold_or_alternative"",""llm_review:Small popliteal cyst is below the moderate/large size threshold."",""negation_scope_review""]",KEEP,PASS,PASS,PASS,PASS,PASS,PASS,PASS,GPT-6.1 Sol independent text reviewer A,明确小型不复杂腘窝囊肿，量级低于中大量，PRESENT/NO正确。
1.2.826.0.1.3680043.8.498.18114567737638963627123562895002602285,Contusion,586ab04319352e2252f4c7953070eb09ca2d49e7015b9ec32f68841401bf9205,ABSENT,"[""No hay alteraciones de señal significativas de la médula ósea.""]",UNKNOWN,"[""llm_review:The negative is limited to significant marrow signal abnormalities; it does not explicitly exclude all traumatic marrow edema."",""negative_scope_insufficient""]",KEEP,PASS,PASS,PASS,PASS,PASS,PASS,PASS,GPT-6.1 Sol independent text reviewer A,仅无显著骨髓信号异常，不能全面排除轻微创伤水肿；absence=null、最终UNKNOWN且mask0正确。
1.2.826.0.1.3680043.8.498.18114567737638963627123562895002602285,Fracture,586ab04319352e2252f4c7953070eb09ca2d49e7015b9ec32f68841401bf9205,NOT_MENTIONED,[],UNKNOWN,[],KEEP,PASS,PASS,PASS,PASS,PASS,PASS,PASS,GPT-6.1 Sol independent text reviewer A,未提及骨折，未以显著骨髓异常否定作全面骨折阴性。
1.2.826.0.1.3680043.8.498.17107696939614797679012793547913769707,ACL,39ec626ccdd8c52cc01fd056193306ae75952291097314da38dd8275b7373bf2,PRESENT,"[""Ruptura prednjeg križnog ligamenta.""]",UNKNOWN,"[""criteria_anatomy_severity_extent_or_timing_insufficient"",""llm_review:ACL rupture is diagnosed, but partial versus complete rupture and tear grade are unspecified."",""llm_review:Injury timing is unspecified.""]",KEEP,PASS,PASS,PASS,PASS,PASS,PASS,PASS,GPT-6.1 Sol independent text reviewer A,仅ACL断裂未写部分/完全或高级别，PRESENT但UNKNOWN不补全程度。
1.2.826.0.1.3680043.8.498.17107696939614797679012793547913769707,MCL,39ec626ccdd8c52cc01fd056193306ae75952291097314da38dd8275b7373bf2,ABSENT,"[""Uredna je morfologija i intenziteti signala kolateralnih ligamenata""]",NO,[],KEEP,PASS,PASS,PASS,PASS,PASS,PASS,PASS,GPT-6.1 Sol independent text reviewer A,侧副韧带形态信号正常，MCL当前损伤阴性有支持。
1.2.826.0.1.3680043.8.498.17107696939614797679012793547913769707,Medial Meniscus,39ec626ccdd8c52cc01fd056193306ae75952291097314da38dd8275b7373bf2,PRESENT,"[""Vidi se vertikalna ruptura stražnjeg roga medijalnog meniska.""]",YES,[],KEEP,PASS,PASS,PASS,PASS,PASS,PASS,PASS,GPT-6.1 Sol independent text reviewer A,内侧后角确定垂直撕裂，足以支持YES。
1.2.826.0.1.3680043.8.498.17107696939614797679012793547913769707,Lateral Meniscus,39ec626ccdd8c52cc01fd056193306ae75952291097314da38dd8275b7373bf2,PRESENT,"[""Radijalna ruptura stražnjeg roga lateralnog meniska.""]",YES,[],KEEP,PASS,PASS,PASS,PASS,PASS,PASS,PASS,GPT-6.1 Sol independent text reviewer A,外侧后角确定径向撕裂，足以支持YES。
1.2.826.0.1.3680043.8.498.17107696939614797679012793547913769707,Medial OA,39ec626ccdd8c52cc01fd056193306ae75952291097314da38dd8275b7373bf2,ABSENT,"[""Prikazane artikulacijske hrskavice urednih su intenziteta signala.""]",UNKNOWN,"[""anatomy_missing_or_wrong"",""llm_review:Medial compartment localization, cartilage depth and extent are unspecified."",""llm_review:The general cartilage negative describes normal signal only; it does not explicitly exclude qualifying cartilage thickness loss."",""negative_scope_insufficient""]",MASK,PASS,PASS,PASS,PASS,PASS,PASS,PASS,GPT-6.1 Sol independent text reviewer A,泛称关节软骨信号正常未保证厚度、无内侧单列，UNKNOWN解剖和否定范围正确；critical MASK。
1.2.826.0.1.3680043.8.498.17107696939614797679012793547913769707,Lateral OA,39ec626ccdd8c52cc01fd056193306ae75952291097314da38dd8275b7373bf2,ABSENT,"[""Prikazane artikulacijske hrskavice urednih su intenziteta signala.""]",UNKNOWN,"[""anatomy_missing_or_wrong"",""llm_review:Lateral compartment localization, cartilage depth and extent are unspecified."",""llm_review:The general cartilage negative describes normal signal only; it does not explicitly exclude qualifying cartilage thickness loss."",""negative_scope_insufficient""]",MASK,PASS,PASS,PASS,PASS,PASS,PASS,PASS,GPT-6.1 Sol independent text reviewer A,软骨泛称正常信号未单列外侧及厚度，保守UNKNOWN；critical安全MASK。
1.2.826.0.1.3680043.8.498.17107696939614797679012793547913769707,PF OA,39ec626ccdd8c52cc01fd056193306ae75952291097314da38dd8275b7373bf2,ABSENT,"[""Prikazane artikulacijske hrskavice urednih su intenziteta signala.""]",UNKNOWN,"[""anatomy_missing_or_wrong"",""llm_review:Patellofemoral compartment localization, cartilage depth and extent are unspecified."",""llm_review:The general cartilage negative describes normal signal only; it does not explicitly exclude qualifying cartilage thickness loss."",""negative_scope_insufficient""]",MASK,PASS,PASS,PASS,PASS,PASS,PASS,PASS,GPT-6.1 Sol independent text reviewer A,泛称软骨信号正常未单列髌股厚度或范围，未全面NO；critical MASK。
1.2.826.0.1.3680043.8.498.17107696939614797679012793547913769707,Effusion,39ec626ccdd8c52cc01fd056193306ae75952291097314da38dd8275b7373bf2,PRESENT,"[""Manja količina slobodne tekućine u zglobnom prostoru.""]",NO,"[""explicit_subthreshold_or_alternative""]",KEEP,PASS,PASS,PASS,PASS,PASS,PASS,PASS,GPT-6.1 Sol independent text reviewer A,少量游离关节液，低于中大量门槛，PRESENT/NO合理。
1.2.826.0.1.3680043.8.498.17107696939614797679012793547913769707,Synovitis,39ec626ccdd8c52cc01fd056193306ae75952291097314da38dd8275b7373bf2,NOT_MENTIONED,[],UNKNOWN,[],KEEP,PASS,PASS,PASS,PASS,PASS,PASS,PASS,GPT-6.1 Sol independent text reviewer A,无滑膜炎提及，未由少量液体推断。
1.2.826.0.1.3680043.8.498.17107696939614797679012793547913769707,Baker's,39ec626ccdd8c52cc01fd056193306ae75952291097314da38dd8275b7373bf2,NOT_MENTIONED,[],UNKNOWN,[],KEEP,PASS,PASS,PASS,PASS,PASS,PASS,PASS,GPT-6.1 Sol independent text reviewer A,未谈Baker囊肿，保持未知。
1.2.826.0.1.3680043.8.498.17107696939614797679012793547913769707,Contusion,39ec626ccdd8c52cc01fd056193306ae75952291097314da38dd8275b7373bf2,NOT_MENTIONED,[],UNKNOWN,[],KEEP,PASS,PASS,PASS,PASS,PASS,PASS,PASS,GPT-6.1 Sol independent text reviewer A,未描述骨髓水肿，不从ACL或半月板撕裂推骨挫伤。
1.2.826.0.1.3680043.8.498.17107696939614797679012793547913769707,Fracture,39ec626ccdd8c52cc01fd056193306ae75952291097314da38dd8275b7373bf2,NOT_MENTIONED,[],UNKNOWN,[],KEEP,PASS,PASS,PASS,PASS,PASS,PASS,PASS,GPT-6.1 Sol independent text reviewer A,未提及骨折，保留未知。
1.2.826.0.1.3680043.8.498.21584859831565112159503971937497384030,ACL,a1482c9453ac29877754a0011e893a73be54aae5e687ea6de57a7c0b368d0e7e,ABSENT,"[""Από τον έλεγχο, των µηνίσκων των χιαστών και πλαγίων συνδέσµων, του αρθρικού χόνδρου και του εκτατικού µηχανισµού δεν παρατηρούνται αξιόλογα ευρήµατα.""]",NO,[],KEEP,PASS,PASS,PASS,PASS,PASS,PASS,PASS,GPT-6.1 Sol independent text reviewer A,本次交叉韧带检查无值得注意发现，全面ACL负面描述。
1.2.826.0.1.3680043.8.498.21584859831565112159503971937497384030,MCL,a1482c9453ac29877754a0011e893a73be54aae5e687ea6de57a7c0b368d0e7e,ABSENT,"[""Από τον έλεγχο, των µηνίσκων των χιαστών και πλαγίων συνδέσµων, του αρθρικού χόνδρου και του εκτατικού µηχανισµού δεν παρατηρούνται αξιόλογα ευρήµατα.""]",NO,[],KEEP,PASS,PASS,PASS,PASS,PASS,PASS,PASS,GPT-6.1 Sol independent text reviewer A,侧副韧带检查无异常发现涵盖MCL，不从其他韧带推断。
1.2.826.0.1.3680043.8.498.21584859831565112159503971937497384030,Medial Meniscus,a1482c9453ac29877754a0011e893a73be54aae5e687ea6de57a7c0b368d0e7e,ABSENT,"[""Από τον έλεγχο, των µηνίσκων των χιαστών και πλαγίων συνδέσµων, του αρθρικού χόνδρου και του εκτατικού µηχανισµού δεν παρατηρούνται αξιόλογα ευρήµατα.""]",NO,[],KEEP,PASS,PASS,PASS,PASS,PASS,PASS,PASS,GPT-6.1 Sol independent text reviewer A,半月板整体无病理发现，内侧阴性对应正确。
1.2.826.0.1.3680043.8.498.21584859831565112159503971937497384030,Lateral Meniscus,a1482c9453ac29877754a0011e893a73be54aae5e687ea6de57a7c0b368d0e7e,ABSENT,"[""Από τον έλεγχο, των µηνίσκων των χιαστών και πλαγίων συνδέσµων, του αρθρικού χόνδρου και του εκτατικού µηχανισµού δεν παρατηρούνται αξιόλογα ευρήµατα.""]",NO,[],KEEP,PASS,PASS,PASS,PASS,PASS,PASS,PASS,GPT-6.1 Sol independent text reviewer A,半月板整体无病理发现，外侧阴性对应正确。
1.2.826.0.1.3680043.8.498.21584859831565112159503971937497384030,Medial OA,a1482c9453ac29877754a0011e893a73be54aae5e687ea6de57a7c0b368d0e7e,ABSENT,"[""Από τον έλεγχο, των µηνίσκων των χιαστών και πλαγίων συνδέσµων, του αρθρικού χόνδρου και του εκτατικού µηχανισµού δεν παρατηρούνται αξιόλογα ευρήµατα.""]",UNKNOWN,"[""anatomy_missing_or_wrong"",""llm_review:The global cartilage negative applies across compartments; no individual compartment is named.""]",MASK,PASS,PASS,PASS,PASS,PASS,PASS,PASS,GPT-6.1 Sol independent text reviewer A,软骨泛称无异常未单列内侧，UNKNOWN解剖保守；critical合同MASK。
1.2.826.0.1.3680043.8.498.21584859831565112159503971937497384030,Lateral OA,a1482c9453ac29877754a0011e893a73be54aae5e687ea6de57a7c0b368d0e7e,ABSENT,"[""Από τον έλεγχο, των µηνίσκων των χιαστών και πλαγίων συνδέσµων, του αρθρικού χόνδρου και του εκτατικού µηχανισµού δεν παρατηρούνται αξιόλογα ευρήµατα.""]",UNKNOWN,"[""anatomy_missing_or_wrong"",""llm_review:The global cartilage negative applies across compartments; no individual compartment is named.""]",MASK,PASS,PASS,PASS,PASS,PASS,PASS,PASS,GPT-6.1 Sol independent text reviewer A,泛称软骨无显著病理未单列外侧，UNKNOWN解剖保守；critical合同MASK。
1.2.826.0.1.3680043.8.498.21584859831565112159503971937497384030,PF OA,a1482c9453ac29877754a0011e893a73be54aae5e687ea6de57a7c0b368d0e7e,ABSENT,"[""Από τον έλεγχο, των µηνίσκων των χιαστών και πλαγίων συνδέσµων, του αρθρικού χόνδρου και του εκτατικού µηχανισµού δεν παρατηρούνται αξιόλογα ευρήµατα.""]",UNKNOWN,"[""anatomy_missing_or_wrong"",""llm_review:The global cartilage negative applies across compartments; the patellofemoral plicae description does not describe cartilage disease.""]",MASK,PASS,PASS,PASS,PASS,PASS,PASS,PASS,GPT-6.1 Sol independent text reviewer A,泛称软骨负面未单列髌股，滑膜皱襞不代表软骨病变；critical MASK。
1.2.826.0.1.3680043.8.498.21584859831565112159503971937497384030,Effusion,a1482c9453ac29877754a0011e893a73be54aae5e687ea6de57a7c0b368d0e7e,PRESENT,"[""Μικρή συλλογή υγρού παρατηρείται ενδαρθρικά""]",NO,"[""explicit_subthreshold_or_alternative"",""llm_review:Small effusion is subthreshold; joint distension and acute/chronic timing are not stated.""]",KEEP,PASS,PASS,PASS,PASS,PASS,PASS,PASS,GPT-6.1 Sol independent text reviewer A,小量关节液明确，PRESENT而低于中大量标准。
1.2.826.0.1.3680043.8.498.21584859831565112159503971937497384030,Synovitis,a1482c9453ac29877754a0011e893a73be54aae5e687ea6de57a7c0b368d0e7e,NOT_MENTIONED,[],UNKNOWN,"[""llm_review:Synovial plicae are described without synovial inflammation or thickening.""]",KEEP,PASS,PASS,PASS,PASS,PASS,PASS,PASS,GPT-6.1 Sol independent text reviewer A,仅内外侧滑膜皱襞可见，无炎症/增厚诊断，未当滑膜炎。
1.2.826.0.1.3680043.8.498.21584859831565112159503971937497384030,Baker's,a1482c9453ac29877754a0011e893a73be54aae5e687ea6de57a7c0b368d0e7e,NOT_MENTIONED,[],UNKNOWN,[],KEEP,PASS,PASS,PASS,PASS,PASS,PASS,PASS,GPT-6.1 Sol independent text reviewer A,未谈Baker囊肿，保持未知。
1.2.826.0.1.3680043.8.498.21584859831565112159503971937497384030,Contusion,a1482c9453ac29877754a0011e893a73be54aae5e687ea6de57a7c0b368d0e7e,NOT_MENTIONED,[],UNKNOWN,[],KEEP,PASS,PASS,PASS,PASS,PASS,PASS,PASS,GPT-6.1 Sol independent text reviewer A,骨髓良性增生非创伤水肿，未描述骨挫伤，NOT_MENTIONED合理。
1.2.826.0.1.3680043.8.498.21584859831565112159503971937497384030,Fracture,a1482c9453ac29877754a0011e893a73be54aae5e687ea6de57a7c0b368d0e7e,NOT_MENTIONED,[],UNKNOWN,[],KEEP,PASS,PASS,PASS,PASS,PASS,PASS,PASS,GPT-6.1 Sol independent text reviewer A,骨髓良性增生非骨折，未描述骨折，保持未知。
1.2.826.0.1.3680043.8.498.19124879088354547836118593585646705198,ACL,5f3a45d54f2cee7d1d0c583d4f12852990efa707313cc3d34aa7202cd2ea1418,ABSENT,"[""Intact voorkomen van de anterieur en posterieure kruisband.""]",NO,"[""history_or_postoperative_scope_review""]",KEEP,PASS,PASS,PASS,PASS,PASS,PASS,PASS,GPT-6.1 Sol independent text reviewer A,前后交叉韧带完整，ACL直接阴性。
1.2.826.0.1.3680043.8.498.19124879088354547836118593585646705198,MCL,5f3a45d54f2cee7d1d0c583d4f12852990efa707313cc3d34aa7202cd2ea1418,ABSENT,"[""Intact voorkomen van het mediale collaterale ligament.""]",NO,[],KEEP,PASS,PASS,PASS,PASS,PASS,PASS,PASS,GPT-6.1 Sol independent text reviewer A,内侧副韧带明确完整，未借外侧完整。
1.2.826.0.1.3680043.8.498.19124879088354547836118593585646705198,Medial Meniscus,5f3a45d54f2cee7d1d0c583d4f12852990efa707313cc3d34aa7202cd2ea1418,PRESENT,"[""Muco ïde degeneratie op de overgang van corpus naar de posterieure hoorn van de mediale meniscus (zone 4)."",""Beginnende muco ïde degeneratie op de overgang van corpus naar posterieure hoorn van de mediale meniscus.""]",NO,"[""explicit_subthreshold_or_alternative"",""history_or_postoperative_scope_review"",""llm_review:Mucoid degeneration is described without a definite tear diagnosis.""]",KEEP,PASS,PASS,PASS,PASS,PASS,PASS,PASS,GPT-6.1 Sol independent text reviewer A,内侧体后角交界早期黏液样退变，描述保留PRESENT、低于撕裂NO。
1.2.826.0.1.3680043.8.498.19124879088354547836118593585646705198,Lateral Meniscus,5f3a45d54f2cee7d1d0c583d4f12852990efa707313cc3d34aa7202cd2ea1418,ABSENT,"[""Intact voorkomen van de laterale meniscus.""]",NO,[],KEEP,PASS,PASS,PASS,PASS,PASS,PASS,PASS,GPT-6.1 Sol independent text reviewer A,外侧半月板完整，支持阴性。
1.2.826.0.1.3680043.8.498.19124879088354547836118593585646705198,Medial OA,5f3a45d54f2cee7d1d0c583d4f12852990efa707313cc3d34aa7202cd2ea1418,ABSENT,"[""Intact voorkomen van het mediaal femorotibiaal kraakbeen.""]",NO,[],KEEP,PASS,PASS,PASS,PASS,PASS,PASS,PASS,GPT-6.1 Sol independent text reviewer A,内侧胫股软骨完整，全面阴性充分。
1.2.826.0.1.3680043.8.498.19124879088354547836118593585646705198,Lateral OA,5f3a45d54f2cee7d1d0c583d4f12852990efa707313cc3d34aa7202cd2ea1418,ABSENT,"[""Intact voorkomen van het lateraal femorotibiaal kraakbeen.""]",NO,[],KEEP,PASS,PASS,PASS,PASS,PASS,PASS,PASS,GPT-6.1 Sol independent text reviewer A,外侧胫股软骨完整，阴性充分。
1.2.826.0.1.3680043.8.498.19124879088354547836118593585646705198,PF OA,5f3a45d54f2cee7d1d0c583d4f12852990efa707313cc3d34aa7202cd2ea1418,PRESENT,"[""Sterk onregelmatige aflijning van het patellair kraakbeen met focaal kraakbeendefect aan de mediale zijde."",""Schuine fissurale doorloop van het kraakbeendefect naar laterocraniaal tot meer dan 50\\~% van de kraakbeendikte (graad 3)."",""Patellair kraakbeenlijden met kraakbeendefect mediaal en fissurale uitloper tot graad 3 .""]",UNKNOWN,"[""criteria_anatomy_severity_extent_or_timing_insufficient"",""llm_review:Depth exceeds 50%, but lesion extent of approximately 10 mm or more is not established.""]",KEEP,PASS,PASS,PASS,PASS,PASS,PASS,PASS,GPT-6.1 Sol independent text reviewer A,髌骨内侧缺损裂隙明确超过50%但未给长度，UNKNOWN没有补造10mm。
1.2.826.0.1.3680043.8.498.19124879088354547836118593585646705198,Effusion,5f3a45d54f2cee7d1d0c583d4f12852990efa707313cc3d34aa7202cd2ea1418,ABSENT,"[""Geen significante hydrops van het kniegewricht.""]",NO,"[""llm_review:The negative excludes significant effusion; trace fluid is not explicitly excluded.""]",MASK,PASS,PASS,PASS,PASS,FAIL,PASS,PASS,GPT-6.1 Sol independent text reviewer A,原文仅无显著hydrops，标准NO可支持，但severity NONE断言无液体过强，报告notes也承认未排除微量，程度应未指定，保守MASK。
1.2.826.0.1.3680043.8.498.19124879088354547836118593585646705198,Synovitis,5f3a45d54f2cee7d1d0c583d4f12852990efa707313cc3d34aa7202cd2ea1418,NOT_MENTIONED,[],UNKNOWN,[],KEEP,PASS,PASS,PASS,PASS,PASS,PASS,PASS,GPT-6.1 Sol independent text reviewer A,髌下脂肪垫撞击及浸润非滑膜炎直接证据，未误推。
1.2.826.0.1.3680043.8.498.19124879088354547836118593585646705198,Baker's,5f3a45d54f2cee7d1d0c583d4f12852990efa707313cc3d34aa7202cd2ea1418,PRESENT,"[""Beperkte hoeveelheid vocht in de bursa semimembranosus gastrocnemius.""]",NO,"[""explicit_subthreshold_or_alternative"",""llm_review:Limited fluid in the typical bursa is subthreshold; a moderate or large cyst is not described.""]",KEEP,PASS,PASS,PASS,PASS,PASS,PASS,PASS,GPT-6.1 Sol independent text reviewer A,半膜肌腓肠肌典型滑囊有限液体，部位正确且小量亚阈值NO。
1.2.826.0.1.3680043.8.498.19124879088354547836118593585646705198,Contusion,5f3a45d54f2cee7d1d0c583d4f12852990efa707313cc3d34aa7202cd2ea1418,ABSENT,"[""Geen zones van botoedeem.""]",NO,[],KEEP,PASS,PASS,PASS,PASS,PASS,PASS,PASS,GPT-6.1 Sol independent text reviewer A,明确无骨水肿区域，支持骨挫伤阴性；未由软骨缺损推挫伤。
1.2.826.0.1.3680043.8.498.19124879088354547836118593585646705198,Fracture,5f3a45d54f2cee7d1d0c583d4f12852990efa707313cc3d34aa7202cd2ea1418,NOT_MENTIONED,[],UNKNOWN,[],KEEP,PASS,PASS,PASS,PASS,PASS,PASS,PASS,GPT-6.1 Sol independent text reviewer A,无骨折提及，无骨水肿不能自动当全面骨折阴性，未知合理。
1.2.826.0.1.3680043.8.498.25505153402978560400776672230220616863,ACL,f0e6c8915cbc6512c8cb352292112a95bb95896f00bd5f1fd79af329e3a6237f,ABSENT,"[""Ligament croisé antérieur : Normal.""]",NO,[],KEEP,PASS,PASS,PASS,PASS,PASS,PASS,PASS,GPT-6.1 Sol independent text reviewer A,ACL单独明确正常，阴性正确。
1.2.826.0.1.3680043.8.498.25505153402978560400776672230220616863,MCL,f0e6c8915cbc6512c8cb352292112a95bb95896f00bd5f1fd79af329e3a6237f,ABSENT,"[""Ligament collatéral médial : Normal.""]",NO,[],KEEP,PASS,PASS,PASS,PASS,PASS,PASS,PASS,GPT-6.1 Sol independent text reviewer A,内侧副韧带单独正常，阴性正确。
1.2.826.0.1.3680043.8.498.25505153402978560400776672230220616863,Medial Meniscus,f0e6c8915cbc6512c8cb352292112a95bb95896f00bd5f1fd79af329e3a6237f,ABSENT,"[""Ménisque médial : Normal.""]",NO,[],KEEP,PASS,PASS,PASS,PASS,PASS,PASS,PASS,GPT-6.1 Sol independent text reviewer A,内侧半月板单列正常，撕裂阴性充分。
1.2.826.0.1.3680043.8.498.25505153402978560400776672230220616863,Lateral Meniscus,f0e6c8915cbc6512c8cb352292112a95bb95896f00bd5f1fd79af329e3a6237f,ABSENT,"[""Ménisque latéral : Normal.""]",NO,[],KEEP,PASS,PASS,PASS,PASS,PASS,PASS,PASS,GPT-6.1 Sol independent text reviewer A,外侧半月板单列正常，未借内侧阴性。
1.2.826.0.1.3680043.8.498.25505153402978560400776672230220616863,Medial OA,f0e6c8915cbc6512c8cb352292112a95bb95896f00bd5f1fd79af329e3a6237f,ABSENT,"[""Changements dégénératifs :\nAucune.""]",UNKNOWN,"[""anatomy_missing_or_wrong"",""llm_review:Global negative for degenerative changes; compartments are not individually named.""]",MASK,PASS,PASS,PASS,PASS,PASS,PASS,PASS,GPT-6.1 Sol independent text reviewer A,全局无退变改变但未列内侧间室，保守UNKNOWN结构；critical安全MASK。
1.2.826.0.1.3680043.8.498.25505153402978560400776672230220616863,Lateral OA,f0e6c8915cbc6512c8cb352292112a95bb95896f00bd5f1fd79af329e3a6237f,ABSENT,"[""Changements dégénératifs :\nAucune.""]",UNKNOWN,"[""anatomy_missing_or_wrong"",""llm_review:Global negative for degenerative changes; compartments are not individually named.""]",MASK,PASS,PASS,PASS,PASS,PASS,PASS,PASS,GPT-6.1 Sol independent text reviewer A,泛称无退变未点名外侧间室，UNKNOWN解剖合理；critical MASK。
1.2.826.0.1.3680043.8.498.25505153402978560400776672230220616863,PF OA,f0e6c8915cbc6512c8cb352292112a95bb95896f00bd5f1fd79af329e3a6237f,ABSENT,"[""Changements dégénératifs :\nAucune.""]",UNKNOWN,"[""anatomy_missing_or_wrong"",""llm_review:Global negative for degenerative changes; compartments are not individually named.""]",MASK,PASS,PASS,PASS,PASS,PASS,PASS,PASS,GPT-6.1 Sol independent text reviewer A,泛称无退变未单列髌股间室，UNKNOWN合理；critical MASK。
1.2.826.0.1.3680043.8.498.25505153402978560400776672230220616863,Effusion,f0e6c8915cbc6512c8cb352292112a95bb95896f00bd5f1fd79af329e3a6237f,ABSENT,"[""Épanchement articulaire : Pas de liquide significatif.""]",NO,"[""llm_review:No significant fluid excludes qualifying effusion but does not explicitly exclude trace fluid.""]",KEEP,PASS,PASS,PASS,PASS,PASS,PASS,PASS,GPT-6.1 Sol independent text reviewer A,无显著液体仅排中大量，程度UNSPECIFIED正确，不断言微量液体完全不存在。
1.2.826.0.1.3680043.8.498.25505153402978560400776672230220616863,Synovitis,f0e6c8915cbc6512c8cb352292112a95bb95896f00bd5f1fd79af329e3a6237f,NOT_MENTIONED,[],UNKNOWN,[],KEEP,PASS,PASS,PASS,PASS,PASS,PASS,PASS,GPT-6.1 Sol independent text reviewer A,无直接滑膜评估，正常总体结论未硬推滑膜阴性。
1.2.826.0.1.3680043.8.498.25505153402978560400776672230220616863,Baker's,f0e6c8915cbc6512c8cb352292112a95bb95896f00bd5f1fd79af329e3a6237f,ABSENT,"[""Kyste de Baker : Aucun.""]",NO,[],KEEP,PASS,PASS,PASS,PASS,PASS,PASS,PASS,GPT-6.1 Sol independent text reviewer A,Baker明确无，直接支持NO。
1.2.826.0.1.3680043.8.498.25505153402978560400776672230220616863,Contusion,f0e6c8915cbc6512c8cb352292112a95bb95896f00bd5f1fd79af329e3a6237f,ABSENT,"[""Signal de la moelle osseuse :\nNormal.""]",NO,[],KEEP,PASS,PASS,PASS,PASS,PASS,PASS,PASS,GPT-6.1 Sol independent text reviewer A,骨髓信号明确正常且无骨折，充分排除创伤水肿，不是仅显著限定否定。
1.2.826.0.1.3680043.8.498.25505153402978560400776672230220616863,Fracture,f0e6c8915cbc6512c8cb352292112a95bb95896f00bd5f1fd79af329e3a6237f,ABSENT,"[""Fractures :\nAucune.""]",NO,[],KEEP,PASS,PASS,PASS,PASS,PASS,PASS,PASS,GPT-6.1 Sol independent text reviewer A,骨折条目明确无，阴性有直接支持。
1.2.826.0.1.3680043.8.498.13162479706670045075896993021883562680,ACL,4113972cb871449b387563daf21956146439c29e2514aa46ad9e9579a0021ac7,ABSENT,"[""ACL normal.""]",NO,[],KEEP,PASS,PASS,PASS,PASS,PASS,PASS,PASS,GPT-6.1 Sol independent text reviewer A,ACL明确正常，阴性正确。
1.2.826.0.1.3680043.8.498.13162479706670045075896993021883562680,MCL,4113972cb871449b387563daf21956146439c29e2514aa46ad9e9579a0021ac7,ABSENT,"[""MCL normal.""]",NO,[],KEEP,PASS,PASS,PASS,PASS,PASS,PASS,PASS,GPT-6.1 Sol independent text reviewer A,MCL明确正常，当前阴性有支持。
1.2.826.0.1.3680043.8.498.13162479706670045075896993021883562680,Medial Meniscus,4113972cb871449b387563daf21956146439c29e2514aa46ad9e9579a0021ac7,PRESENT,"[""Medial meniscus: incipient degeneration of posterior horn.""]",NO,"[""explicit_subthreshold_or_alternative"",""history_or_postoperative_scope_review"",""llm_review:Only degeneration is reported; no definite tear diagnosis.""]",KEEP,PASS,PASS,PASS,PASS,PASS,PASS,PASS,GPT-6.1 Sol independent text reviewer A,内侧后角初期退变，PRESENT内部退变NO不抹成无异常。
1.2.826.0.1.3680043.8.498.13162479706670045075896993021883562680,Lateral Meniscus,4113972cb871449b387563daf21956146439c29e2514aa46ad9e9579a0021ac7,ABSENT,"[""Lateral meniscus normal.""]",NO,[],KEEP,PASS,PASS,PASS,PASS,PASS,PASS,PASS,GPT-6.1 Sol independent text reviewer A,外侧半月板正常，直接阴性。
1.2.826.0.1.3680043.8.498.13162479706670045075896993021883562680,Medial OA,4113972cb871449b387563daf21956146439c29e2514aa46ad9e9579a0021ac7,ABSENT,"[""Cartilages normal.""]",UNKNOWN,"[""anatomy_missing_or_wrong"",""llm_review:Global cartilage normality statement; compartment not individually named.""]",MASK,PASS,PASS,PASS,PASS,PASS,PASS,PASS,GPT-6.1 Sol independent text reviewer A,软骨泛称正常未逐名内侧，保守UNKNOWN；critical要求MASK。
1.2.826.0.1.3680043.8.498.13162479706670045075896993021883562680,Lateral OA,4113972cb871449b387563daf21956146439c29e2514aa46ad9e9579a0021ac7,ABSENT,"[""Cartilages normal.""]",UNKNOWN,"[""anatomy_missing_or_wrong"",""llm_review:Global cartilage normality statement; compartment not individually named.""]",MASK,PASS,PASS,PASS,PASS,PASS,PASS,PASS,GPT-6.1 Sol independent text reviewer A,软骨泛称正常未点名外侧，UNKNOWN解剖合理；critical MASK。
1.2.826.0.1.3680043.8.498.13162479706670045075896993021883562680,PF OA,4113972cb871449b387563daf21956146439c29e2514aa46ad9e9579a0021ac7,ABSENT,"[""Cartilages normal.""]",UNKNOWN,"[""anatomy_missing_or_wrong"",""llm_review:Global cartilage normality statement; compartment not individually named.""]",MASK,PASS,PASS,PASS,PASS,PASS,PASS,PASS,GPT-6.1 Sol independent text reviewer A,软骨泛称正常未单列髌股，骨片未指明软骨供区且可来自支持结构，UNKNOWN解剖；critical MASK。
1.2.826.0.1.3680043.8.498.13162479706670045075896993021883562680,Effusion,4113972cb871449b387563daf21956146439c29e2514aa46ad9e9579a0021ac7,ABSENT,"[""No effusion.""]",NO,[],KEEP,PASS,PASS,PASS,PASS,PASS,PASS,PASS,GPT-6.1 Sol independent text reviewer A,明确无积液，没有显著/重要限定，阴性及NONE程度正确。
1.2.826.0.1.3680043.8.498.13162479706670045075896993021883562680,Synovitis,4113972cb871449b387563daf21956146439c29e2514aa46ad9e9579a0021ac7,NOT_MENTIONED,[],UNKNOWN,[],KEEP,PASS,PASS,PASS,PASS,PASS,PASS,PASS,GPT-6.1 Sol independent text reviewer A,未提及滑膜炎，保持未知。
1.2.826.0.1.3680043.8.498.13162479706670045075896993021883562680,Baker's,4113972cb871449b387563daf21956146439c29e2514aa46ad9e9579a0021ac7,ABSENT,"[""No baker's cyst.""]",NO,[],KEEP,PASS,PASS,PASS,PASS,PASS,PASS,PASS,GPT-6.1 Sol independent text reviewer A,明确无Baker囊肿，否定范围充分。
1.2.826.0.1.3680043.8.498.13162479706670045075896993021883562680,Contusion,4113972cb871449b387563daf21956146439c29e2514aa46ad9e9579a0021ac7,NOT_MENTIONED,[],UNKNOWN,[],KEEP,PASS,PASS,PASS,PASS,PASS,PASS,PASS,GPT-6.1 Sol independent text reviewer A,未描述骨髓水肿，骨片及反复脱位提示不自动推骨挫伤。
1.2.826.0.1.3680043.8.498.13162479706670045075896993021883562680,Fracture,4113972cb871449b387563daf21956146439c29e2514aa46ad9e9579a0021ac7,UNCERTAIN,"[""bone fragment adjacent to medial border of patella and medial retinaculum suggestive of repeated patellar luxations.""]",UNKNOWN,"[""llm_review:Bone fragment is described without a definite fracture diagnosis, fracture line, cortical disruption, or acute timing."",""uncertain_report""]",KEEP,PASS,PASS,PASS,PASS,PASS,PASS,PASS,GPT-6.1 Sol independent text reviewer A,髌骨内缘及内侧支持带旁骨片提示反复脱位，但无明确骨折线或急性时间，UNCERTAIN/UNKNOWN正确。
